date,value
1996-03-18,4.350104
1996-03-19,4.376467
1996-03-20,4.376467
1996-03-21,4.376467
1996-03-22,4.376467
1996-03-25,4.376467
1996-03-26,4.376467
1996-03-27,4.376467
1996-03-28,4.376467
1996-03-29,4.402833
1996-04-01,4.402833
1996-04-02,4.429197
1996-04-03,4.429197
1996-04-04,4.429197
1996-04-08,4.429197
1996-04-09,4.429197
1996-04-10,4.481926
1996-04-11,4.429197
1996-04-12,4.429197
1996-04-15,4.429197
1996-04-16,4.481926
1996-04-17,4.534655
1996-04-18,4.481926
1996-04-19,4.534655
1996-04-22,4.534655
1996-04-23,4.534655
1996-04-24,4.534655
1996-04-25,4.534655
1996-04-26,4.561019
1996-04-29,4.587382
1996-04-30,4.561019
1996-05-01,4.534655
1996-05-02,4.481926
1996-05-03,4.508291
1996-05-06,4.508291
1996-05-07,4.508291
1996-05-08,4.508291
1996-05-09,4.508291
1996-05-10,4.508291
1996-05-13,4.508291
1996-05-14,4.508291
1996-05-15,4.534655
1996-05-16,4.587382
1996-05-17,4.613748
1996-05-20,4.587382
1996-05-21,4.613748
1996-05-22,4.587382
1996-05-23,4.587382
1996-05-24,4.587382
1996-05-28,4.613748
1996-05-29,4.587382
1996-05-30,4.534655
1996-05-31,4.534655
1996-06-03,4.561019
1996-06-04,4.561019
1996-06-05,4.561019
1996-06-06,4.561019
1996-06-07,4.561019
1996-06-10,4.534655
1996-06-11,4.534655
1996-06-12,4.534655
1996-06-13,4.534655
1996-06-14,4.534655
1996-06-17,4.455561
1996-06-18,4.455561
1996-06-19,4.455561
1996-06-20,4.455561
1996-06-21,4.481926
1996-06-24,4.481926
1996-06-25,4.481926
1996-06-26,4.455561
1996-06-27,4.455561
1996-06-28,4.455561
1996-07-01,4.481926
1996-07-02,4.534655
1996-07-03,4.534655
1996-07-05,4.534655
1996-07-08,4.508291
1996-07-09,4.587382
1996-07-10,4.534655
1996-07-11,4.455561
1996-07-12,4.455561
1996-07-15,4.508291
1996-07-16,4.323740
1996-07-17,4.402833
1996-07-18,4.376467
1996-07-19,4.376467
1996-07-22,4.376467
1996-07-23,4.376467
1996-07-24,4.376467
1996-07-25,4.376467
1996-07-26,4.376467
1996-07-29,4.376467
1996-07-30,4.376467
1996-07-31,4.376467
1996-08-01,4.376467
1996-08-02,4.429197
1996-08-05,4.429197
1996-08-06,4.429197
1996-08-07,4.429197
1996-08-08,4.455561
1996-08-09,4.429197
1996-08-12,4.429197
1996-08-13,4.429197
1996-08-14,4.429197
1996-08-15,4.429197
1996-08-16,4.534655
1996-08-19,4.534655
1996-08-20,4.534655
1996-08-21,4.534655
1996-08-22,4.534655
1996-08-23,4.534655
1996-08-26,4.552016
1996-08-27,4.578483
1996-08-28,4.578483
1996-08-29,4.499086
1996-08-30,4.499086
1996-09-03,4.446155
1996-09-04,4.499086
1996-09-05,4.499086
1996-09-06,4.499086
1996-09-09,4.525552
1996-09-10,4.525552
1996-09-11,4.525552
1996-09-12,4.552016
1996-09-13,4.525552
1996-09-16,4.631411
1996-09-17,4.631411
1996-09-18,4.631411
1996-09-19,4.631411
1996-09-20,4.631411
1996-09-23,4.631411
1996-09-24,4.631411
1996-09-25,4.631411
1996-09-26,4.631411
1996-09-27,4.631411
1996-09-30,4.684341
1996-10-01,4.710806
1996-10-02,4.710806
1996-10-03,4.763738
1996-10-04,4.843133
1996-10-07,4.843133
1996-10-08,4.843133
1996-10-09,4.816668
1996-10-10,4.843133
1996-10-11,4.816668
1996-10-14,4.869598
1996-10-15,4.843133
1996-10-16,4.896064
1996-10-17,4.896064
1996-10-18,4.922528
1996-10-21,4.948994
1996-10-22,4.975459
1996-10-23,5.001925
1996-10-24,5.001925
1996-10-25,5.001925
1996-10-28,4.975459
1996-10-29,4.975459
1996-10-30,5.081320
1996-10-31,5.081320
1996-11-01,5.081320
1996-11-04,5.081320
1996-11-05,5.107785
1996-11-06,5.240112
1996-11-07,5.240112
1996-11-08,5.187181
1996-11-11,5.240112
1996-11-12,5.266575
1996-11-13,5.240112
1996-11-14,5.266575
1996-11-15,5.266575
1996-11-18,5.293042
1996-11-19,5.293042
1996-11-20,5.319508
1996-11-21,5.372438
1996-11-22,5.345973
1996-11-25,5.319508
1996-11-26,5.425370
1996-11-27,5.372438
1996-11-29,5.372438
1996-12-02,5.372438
1996-12-03,5.345973
1996-12-04,5.240112
1996-12-05,5.266575
1996-12-06,5.160714
1996-12-09,5.213646
1996-12-10,5.266575
1996-12-11,5.134251
1996-12-12,5.054854
1996-12-13,5.028387
1996-12-16,5.028387
1996-12-17,5.001925
1996-12-18,5.028387
1996-12-19,5.054854
1996-12-20,5.134251
1996-12-23,5.144009
1996-12-24,5.170522
1996-12-26,5.117492
1996-12-27,5.197040
1996-12-30,5.223555
1996-12-31,5.197040
1997-01-02,5.170522
1997-01-03,5.223555
1997-01-06,5.250072
1997-01-07,5.250072
1997-01-08,5.329618
1997-01-09,5.329618
1997-01-10,5.382648
1997-01-13,5.382648
1997-01-14,5.409161
1997-01-15,5.462194
1997-01-16,5.462194
1997-01-17,5.541741
1997-01-20,5.541741
1997-01-21,5.515224
1997-01-22,5.488710
1997-01-23,5.435681
1997-01-24,5.382648
1997-01-27,5.356134
1997-01-28,5.462194
1997-01-29,5.462194
1997-01-30,5.462194
1997-01-31,5.462194
1997-02-03,5.515224
1997-02-04,5.488710
1997-02-05,5.515224
1997-02-06,5.409161
1997-02-07,5.435681
1997-02-10,5.435681
1997-02-11,5.435681
1997-02-12,5.488710
1997-02-13,5.515224
1997-02-14,5.568256
1997-02-18,5.541741
1997-02-19,5.515224
1997-02-20,5.541741
1997-02-21,5.515224
1997-02-24,5.515224
1997-02-25,5.568256
1997-02-26,5.462194
1997-02-27,5.462194
1997-02-28,5.409161
1997-03-03,5.356134
1997-03-04,5.356134
1997-03-05,5.409161
1997-03-06,5.435681
1997-03-07,5.488710
1997-03-10,5.541741
1997-03-11,5.541741
1997-03-12,5.568256
1997-03-13,5.462194
1997-03-14,5.462194
1997-03-17,5.356134
1997-03-18,5.356134
1997-03-19,5.329618
1997-03-20,5.223555
1997-03-21,5.276584
1997-03-24,5.382648
1997-03-25,5.356134
1997-03-26,5.356134
1997-03-27,5.276584
1997-03-31,5.090977
1997-04-01,5.144009
1997-04-02,5.090977
1997-04-03,5.037943
1997-04-04,5.064461
1997-04-07,5.064461
1997-04-08,5.037943
1997-04-09,5.037943
1997-04-10,5.037943
1997-04-11,4.852338
1997-04-14,4.878852
1997-04-15,4.958400
1997-04-16,5.037943
1997-04-17,5.037943
1997-04-18,5.064461
1997-04-21,5.064461
1997-04-22,5.090977
1997-04-23,5.090977
1997-04-24,5.117492
1997-04-25,5.144009
1997-04-28,5.064461
1997-04-29,5.090977
1997-04-30,5.170522
1997-05-01,5.223555
1997-05-02,5.409161
1997-05-05,5.462194
1997-05-06,5.409161
1997-05-07,5.462194
1997-05-08,5.462194
1997-05-09,5.488710
1997-05-12,5.462194
1997-05-13,5.541741
1997-05-14,5.515224
1997-05-15,5.515224
1997-05-16,5.568256
1997-05-19,5.568256
1997-05-20,5.541741
1997-05-21,5.647802
1997-05-22,5.674318
1997-05-23,5.700834
1997-05-27,5.727348
1997-05-28,5.621287
1997-05-29,5.674318
1997-05-30,5.621287
1997-06-02,5.753864
1997-06-03,5.833411
1997-06-04,5.806896
1997-06-05,5.753864
1997-06-06,5.753864
1997-06-09,5.806896
1997-06-10,5.806896
1997-06-11,5.780381
1997-06-12,5.806896
1997-06-13,5.886442
1997-06-16,5.886442
1997-06-17,5.886442
1997-06-18,5.806896
1997-06-19,5.859929
1997-06-20,5.780381
1997-06-23,5.780381
1997-06-24,5.700834
1997-06-25,5.780381
1997-06-26,5.859929
1997-06-27,5.780381
1997-06-30,5.674318
1997-07-01,5.700834
1997-07-02,5.859929
1997-07-03,5.965990
1997-07-07,5.859929
1997-07-08,5.886442
1997-07-09,5.939473
1997-07-10,5.939473
1997-07-11,5.965990
1997-07-14,5.992505
1997-07-15,6.045536
1997-07-16,6.045536
1997-07-17,6.098567
1997-07-18,6.072051
1997-07-21,5.939473
1997-07-22,5.965990
1997-07-23,6.072051
1997-07-24,6.045536
1997-07-25,6.072051
1997-07-28,6.098567
1997-07-29,6.072051
1997-07-30,6.125082
1997-07-31,6.151599
1997-08-01,6.098567
1997-08-04,6.045536
1997-08-05,6.098567
1997-08-06,6.178112
1997-08-07,6.178112
1997-08-08,6.045536
1997-08-11,6.045536
1997-08-12,6.045536
1997-08-13,5.965990
1997-08-14,6.019019
1997-08-15,5.886442
1997-08-18,5.780381
1997-08-19,5.939473
1997-08-20,5.939473
1997-08-21,5.912958
1997-08-22,5.859929
1997-08-25,5.905669
1997-08-26,5.825136
1997-08-27,5.825136
1997-08-28,5.798292
1997-08-29,5.771450
1997-09-02,5.851982
1997-09-03,5.878825
1997-09-04,5.878825
1997-09-05,5.959356
1997-09-08,5.905669
1997-09-09,5.905669
1997-09-10,5.878825
1997-09-11,5.771450
1997-09-12,5.798292
1997-09-15,5.825136
1997-09-16,5.932515
1997-09-17,5.905669
1997-09-18,6.013044
1997-09-19,6.066732
1997-09-22,6.066732
1997-09-23,6.039889
1997-09-24,6.120420
1997-09-25,6.066732
1997-09-26,6.147264
1997-09-29,6.093576
1997-09-30,6.093576
1997-10-01,6.120420
1997-10-02,6.227798
1997-10-03,6.174109
1997-10-06,6.227798
1997-10-07,6.254639
1997-10-08,6.254639
1997-10-09,6.227798
1997-10-10,6.174109
1997-10-13,6.200953
1997-10-14,6.174109
1997-10-15,6.174109
1997-10-16,6.120420
1997-10-17,6.120420
1997-10-20,6.093576
1997-10-21,6.093576
1997-10-22,6.200953
1997-10-23,6.174109
1997-10-24,6.066732
1997-10-27,5.664073
1997-10-28,5.717760
1997-10-29,5.851982
1997-10-30,5.744606
1997-10-31,5.744606
1997-11-03,5.851982
1997-11-04,5.905669
1997-11-05,5.905669
1997-11-06,5.959356
1997-11-07,5.825136
1997-11-10,5.825136
1997-11-11,5.798292
1997-11-12,5.664073
1997-11-13,5.744606
1997-11-14,5.717760
1997-11-17,5.825136
1997-11-18,5.825136
1997-11-19,5.851982
1997-11-20,5.851982
1997-11-21,5.878825
1997-11-24,5.744606
1997-11-25,5.717760
1997-11-26,5.664073
1997-11-28,5.583541
1997-12-01,5.771450
1997-12-02,5.851982
1997-12-03,5.851982
1997-12-04,5.798292
1997-12-05,5.744606
1997-12-08,5.851982
1997-12-09,5.851982
1997-12-10,5.825136
1997-12-11,5.744606
1997-12-12,5.771450
1997-12-15,5.798292
1997-12-16,5.717760
1997-12-17,5.690917
1997-12-18,5.690917
1997-12-19,5.690917
1997-12-22,5.664073
1997-12-23,5.640324
1997-12-24,5.640324
1997-12-26,5.613337
1997-12-29,5.613337
1997-12-30,5.775262
1997-12-31,5.748274
1998-01-02,5.829236
1998-01-05,5.829236
1998-01-06,5.748274
1998-01-07,5.721286
1998-01-08,5.721286
1998-01-09,5.451415
1998-01-12,5.343466
1998-01-13,5.451415
1998-01-14,5.559361
1998-01-15,5.451415
1998-01-16,5.505389
1998-01-20,5.559361
1998-01-21,5.559361
1998-01-22,5.478400
1998-01-23,5.451415
1998-01-26,5.532377
1998-01-27,5.775262
1998-01-28,5.748274
1998-01-29,5.721286
1998-01-30,5.694298
1998-02-02,5.721286
1998-02-03,5.721286
1998-02-04,5.748274
1998-02-05,5.802247
1998-02-06,5.829236
1998-02-09,5.856222
1998-02-10,5.937185
1998-02-11,5.937185
1998-02-12,5.991158
1998-02-13,5.991158
1998-02-17,5.991158
1998-02-18,5.991158
1998-02-19,5.991158
1998-02-20,5.991158
1998-02-23,5.991158
1998-02-24,5.991158
1998-02-25,6.099108
1998-02-26,6.180067
1998-02-27,6.234043
1998-03-02,6.099108
1998-03-03,6.099108
1998-03-04,6.153080
1998-03-05,6.099108
1998-03-06,6.153080
1998-03-09,6.261029
1998-03-10,6.288016
1998-03-11,6.422952
1998-03-12,6.395965
1998-03-13,6.530902
1998-03-16,6.503916
1998-03-17,6.503916
1998-03-18,6.449940
1998-03-19,6.530902
1998-03-20,6.530902
1998-03-23,6.530902
1998-03-24,6.584876
1998-03-25,6.584876
1998-03-26,6.665836
1998-03-27,6.638849
1998-03-30,6.638849
1998-03-31,6.584876
1998-04-01,6.584876
1998-04-02,6.584876
1998-04-03,6.584876
1998-04-06,6.638849
1998-04-07,6.638849
1998-04-08,6.503916
1998-04-09,6.557890
1998-04-13,6.503916
1998-04-14,6.584876
1998-04-15,6.638849
1998-04-16,6.638849
1998-04-17,6.611862
1998-04-20,6.746802
1998-04-21,6.746802
1998-04-22,6.638849
1998-04-23,6.692824
1998-04-24,6.611862
1998-04-27,6.395965
1998-04-28,6.557890
1998-04-29,6.557890
1998-04-30,6.584876
1998-05-01,6.584876
1998-05-04,6.692824
1998-05-05,6.638849
1998-05-06,6.638849
1998-05-07,6.557890
1998-05-08,6.638849
1998-05-11,6.638849
1998-05-12,6.638849
1998-05-13,6.638849
1998-05-14,6.584876
1998-05-15,6.557890
1998-05-18,6.557890
1998-05-19,6.611862
1998-05-20,6.557890
1998-05-21,6.611862
1998-05-22,6.611862
1998-05-26,6.719811
1998-05-27,6.422952
1998-05-28,6.503916
1998-05-29,6.476927
1998-06-01,6.503916
1998-06-02,6.503916
1998-06-03,6.530902
1998-06-04,6.476927
1998-06-05,6.476927
1998-06-08,6.449940
1998-06-09,6.557890
1998-06-10,6.395965
1998-06-11,6.315003
1998-06-12,6.126094
1998-06-15,6.045134
1998-06-16,6.099108
1998-06-17,6.126094
1998-06-18,6.099108
1998-06-19,6.072120
1998-06-22,5.991158
1998-06-23,5.991158
1998-06-24,6.153080
1998-06-25,6.207056
1998-06-26,6.180067
1998-06-29,6.180067
1998-06-30,6.341991
1998-07-01,6.261029
1998-07-02,6.261029
1998-07-06,6.234043
1998-07-07,6.234043
1998-07-08,6.288016
1998-07-09,6.288016
1998-07-10,6.288016
1998-07-13,6.288016
1998-07-14,6.234043
1998-07-15,6.288016
1998-07-16,6.207056
1998-07-17,6.207056
1998-07-20,6.234043
1998-07-21,6.234043
1998-07-22,6.180067
1998-07-23,6.180067
1998-07-24,6.045134
1998-07-27,6.045134
1998-07-28,5.937185
1998-07-29,5.991158
1998-07-30,5.883211
1998-07-31,5.883211
1998-08-03,5.748274
1998-08-04,5.667311
1998-08-05,5.559361
1998-08-06,5.532377
1998-08-07,5.478400
1998-08-10,5.478400
1998-08-11,5.262504
1998-08-12,5.397439
1998-08-13,5.397439
1998-08-14,5.316478
1998-08-17,5.262504
1998-08-18,5.451415
1998-08-19,5.397439
1998-08-20,5.424428
1998-08-21,5.154555
1998-08-24,5.127567
1998-08-25,5.249446
1998-08-26,5.106799
1998-08-27,4.678854
1998-08-28,4.707385
1998-08-31,4.564735
1998-09-01,4.707385
1998-09-02,4.821503
1998-09-03,4.735914
1998-09-04,4.907092
1998-09-08,5.135327
1998-09-09,5.106799
1998-09-10,4.964149
1998-09-11,5.021208
1998-09-14,5.192386
1998-09-15,5.163857
1998-09-16,5.135327
1998-09-17,4.992680
1998-09-18,4.850031
1998-09-21,4.878562
1998-09-22,4.964149
1998-09-23,5.106799
1998-09-24,5.078268
1998-09-25,4.878562
1998-09-28,4.992680
1998-09-29,4.992680
1998-09-30,4.764442
1998-10-01,4.536207
1998-10-02,4.507677
1998-10-05,4.507677
1998-10-06,4.507677
1998-10-07,4.564735
1998-10-08,4.564735
1998-10-09,4.593266
1998-10-12,4.707385
1998-10-13,4.564735
1998-10-14,4.707385
1998-10-15,4.821503
1998-10-16,4.992680
1998-10-19,4.907092
1998-10-20,4.964149
1998-10-21,4.907092
1998-10-22,4.935622
1998-10-23,4.878562
1998-10-26,4.935622
1998-10-27,5.049739
1998-10-28,5.021208
1998-10-29,4.992680
1998-10-30,5.192386
1998-11-02,5.392095
1998-11-03,5.363564
1998-11-04,5.420623
1998-11-05,5.335035
1998-11-06,5.363564
1998-11-09,5.363564
1998-11-10,5.306507
1998-11-11,5.249446
1998-11-12,5.249446
1998-11-13,5.192386
1998-11-16,5.277975
1998-11-17,5.249446
1998-11-18,5.277975
1998-11-19,5.363564
1998-11-20,5.420623
1998-11-23,5.534742
1998-11-24,5.420623
1998-11-25,5.392095
1998-11-27,5.449152
1998-11-30,5.363564
1998-12-01,5.449152
1998-12-02,5.420623
1998-12-03,5.306507
1998-12-04,5.420623
1998-12-07,5.392095
1998-12-08,5.392095
1998-12-09,5.363564
1998-12-10,5.306507
1998-12-11,5.249446
1998-12-14,5.135327
1998-12-15,5.249446
1998-12-16,5.277975
1998-12-17,5.277975
1998-12-18,5.306507
1998-12-21,5.392095
1998-12-22,5.274002
1998-12-23,5.331328
1998-12-24,5.274002
1998-12-28,5.417318
1998-12-29,5.445980
1998-12-30,5.388654
1998-12-31,5.302665
1999-01-04,5.531969
1999-01-05,5.617959
1999-01-06,5.933252
1999-01-07,5.847265
1999-01-08,5.933252
1999-01-11,5.875927
1999-01-12,5.789937
1999-01-13,5.617959
1999-01-14,5.503307
1999-01-15,5.703949
1999-01-19,5.675284
1999-01-20,5.703949
1999-01-21,5.703949
1999-01-22,5.589296
1999-01-25,5.675284
1999-01-26,5.789937
1999-01-27,5.675284
1999-01-28,5.703949
1999-01-29,5.761273
1999-02-01,5.732612
1999-02-02,5.646624
1999-02-03,5.675284
1999-02-04,5.732612
1999-02-05,5.675284
1999-02-08,5.675284
1999-02-09,5.560632
1999-02-10,5.560632
1999-02-11,5.675284
1999-02-12,5.531969
1999-02-16,5.589296
1999-02-17,5.560632
1999-02-18,5.589296
1999-02-19,5.560632
1999-02-22,5.703949
1999-02-23,5.675284
1999-02-24,5.617959
1999-02-25,5.503307
1999-02-26,5.474643
1999-03-01,5.417318
1999-03-02,5.274002
1999-03-03,5.331328
1999-03-04,5.388654
1999-03-05,5.445980
1999-03-08,5.531969
1999-03-09,5.531969
1999-03-10,5.560632
1999-03-11,5.675284
1999-03-12,5.675284
1999-03-15,5.589296
1999-03-16,5.589296
1999-03-17,5.589296
1999-03-18,5.531969
1999-03-19,5.646624
1999-03-22,5.675284
1999-03-23,5.560632
1999-03-24,5.589296
1999-03-25,5.761273
1999-03-26,5.761273
1999-03-29,5.818600
1999-03-30,5.675284
1999-03-31,5.703949
1999-04-01,5.789937
1999-04-05,5.789937
1999-04-06,5.847265
1999-04-07,5.933252
1999-04-08,6.047904
1999-04-09,5.961916
1999-04-12,6.019241
1999-04-13,6.219883
1999-04-14,6.162558
1999-04-15,6.191219
1999-04-16,6.248547
1999-04-19,6.191219
1999-04-20,6.133895
1999-04-21,6.133895
1999-04-22,6.219883
1999-04-23,6.305873
1999-04-26,6.363200
1999-04-27,6.305873
1999-04-28,6.248547
1999-04-29,6.305873
1999-04-30,6.277209
1999-05-03,6.334538
1999-05-04,6.305873
1999-05-05,6.277209
1999-05-06,6.248547
1999-05-07,6.191219
1999-05-10,6.277209
1999-05-11,6.305873
1999-05-12,6.277209
1999-05-13,6.305873
1999-05-14,6.305873
1999-05-17,6.162558
1999-05-18,6.133895
1999-05-19,6.162558
1999-05-20,6.248547
1999-05-21,6.277209
1999-05-24,6.219883
1999-05-25,6.219883
1999-05-26,6.219883
1999-05-27,5.961916
1999-05-28,6.019241
1999-06-01,6.019241
1999-06-02,6.019241
1999-06-03,6.133895
1999-06-04,6.248547
1999-06-07,6.305873
1999-06-08,6.305873
1999-06-09,6.248547
1999-06-10,6.248547
1999-06-11,6.305873
1999-06-14,6.334538
1999-06-15,6.391860
1999-06-16,6.391860
1999-06-17,6.363200
1999-06-18,6.420525
1999-06-21,6.449186
1999-06-22,6.334538
1999-06-23,6.363200
1999-06-24,6.363200
1999-06-25,6.391860
1999-06-28,6.334538
1999-06-29,6.334538
1999-06-30,6.449186
1999-07-01,6.391860
1999-07-02,6.592502
1999-07-06,6.707156
1999-07-07,6.592502
1999-07-08,6.621165
1999-07-09,6.563839
1999-07-12,6.563839
1999-07-13,6.563839
1999-07-14,6.621165
1999-07-15,6.592502
1999-07-16,6.678493
1999-07-19,6.649828
1999-07-20,6.535175
1999-07-21,6.391860
1999-07-22,6.277209
1999-07-23,6.277209
1999-07-26,6.219883
1999-07-27,6.334538
1999-07-28,6.363200
1999-07-29,6.334538
1999-07-30,6.391860
1999-08-02,6.363200
1999-08-03,6.477849
1999-08-04,6.391860
1999-08-05,6.277209
1999-08-06,6.277209
1999-08-09,6.076569
1999-08-10,6.076569
1999-08-11,6.248547
1999-08-12,6.219883
1999-08-13,6.363200
1999-08-16,6.420525
1999-08-17,6.449186
1999-08-18,6.506515
1999-08-19,6.305873
1999-08-20,6.420525
1999-08-23,6.477849
1999-08-24,6.420525
1999-08-25,6.541681
1999-08-26,6.481939
1999-08-27,6.422198
1999-08-30,6.452066
1999-08-31,6.422198
1999-09-01,6.392327
1999-09-02,6.302714
1999-09-03,6.452066
1999-09-07,6.452066
1999-09-08,6.481939
1999-09-09,6.511808
1999-09-10,6.661161
1999-09-13,6.661161
1999-09-14,6.481939
1999-09-15,6.481939
1999-09-16,6.452066
1999-09-17,6.571550
1999-09-20,6.601422
1999-09-21,6.511808
1999-09-22,6.362455
1999-09-23,6.362455
1999-09-24,6.183231
1999-09-27,6.362455
1999-09-28,6.392327
1999-09-29,6.422198
1999-09-30,6.422198
1999-10-01,6.422198
1999-10-04,6.541681
1999-10-05,6.571550
1999-10-06,6.541681
1999-10-07,6.631294
1999-10-08,6.631294
1999-10-11,6.631294
1999-10-12,6.691033
1999-10-13,6.511808
1999-10-14,6.511808
1999-10-15,6.272843
1999-10-18,6.332586
1999-10-19,6.362455
1999-10-20,6.422198
1999-10-21,6.452066
1999-10-22,6.452066
1999-10-25,6.601422
1999-10-26,6.661161
1999-10-27,6.691033
1999-10-28,6.661161
1999-10-29,6.780646
1999-11-01,6.870256
1999-11-02,6.929999
1999-11-03,6.840386
1999-11-04,6.870256
1999-11-05,6.929999
1999-11-08,6.900127
1999-11-09,6.900127
1999-11-10,6.929999
1999-11-11,7.079353
1999-11-12,7.109220
1999-11-15,7.258576
1999-11-16,7.288449
1999-11-17,7.228705
1999-11-18,7.258576
1999-11-19,7.198834
1999-11-22,7.378060
1999-11-23,7.198834
1999-11-24,7.318318
1999-11-26,7.467672
1999-11-29,7.407930
1999-11-30,7.198834
1999-12-01,7.109220
1999-12-02,7.109220
1999-12-03,7.348189
1999-12-06,7.407930
1999-12-07,7.437799
1999-12-08,7.378060
1999-12-09,7.348189
1999-12-10,7.348189
1999-12-13,7.497540
1999-12-14,7.437799
1999-12-15,7.437799
1999-12-16,7.557280
1999-12-17,7.617025
1999-12-20,7.617025
1999-12-21,7.648813
1999-12-22,7.798204
1999-12-23,7.828084
1999-12-27,7.887843
1999-12-28,8.007352
1999-12-29,7.977476
1999-12-30,8.007352
1999-12-31,7.887843
2000-01-03,7.947598
2000-01-04,7.589057
2000-01-05,7.738451
2000-01-06,7.648813
2000-01-07,7.768329
2000-01-10,8.037232
2000-01-11,8.007352
2000-01-12,7.857960
2000-01-13,7.857960
2000-01-14,8.007352
2000-01-18,7.947598
2000-01-19,8.067113
2000-01-20,8.067113
2000-01-21,8.037232
2000-01-24,7.977476
2000-01-25,7.768329
2000-01-26,8.156744
2000-01-27,8.156744
2000-01-28,8.007352
2000-01-31,7.977476
2000-02-01,8.007352
2000-02-02,8.306134
2000-02-03,8.246374
2000-02-04,8.634795
2000-02-07,8.485404
2000-02-08,8.485404
2000-02-09,8.575039
2000-02-10,8.425650
2000-02-11,8.395770
2000-02-14,8.455525
2000-02-15,8.545160
2000-02-16,8.664672
2000-02-17,8.724430
2000-02-18,8.694550
2000-02-22,8.455525
2000-02-23,8.365891
2000-02-24,8.365891
2000-02-25,8.306134
2000-02-28,8.306134
2000-02-29,8.306134
2000-03-01,8.365891
2000-03-02,8.545160
2000-03-03,8.545160
2000-03-06,8.455525
2000-03-07,8.604918
2000-03-08,8.425650
2000-03-09,8.276255
2000-03-10,8.306134
2000-03-13,8.186623
2000-03-14,8.246374
2000-03-15,8.365891
2000-03-16,8.425650
2000-03-17,8.515283
2000-03-20,8.545160
2000-03-21,8.604918
2000-03-22,8.754308
2000-03-23,9.082966
2000-03-24,9.112848
2000-03-27,9.053087
2000-03-28,9.053087
2000-03-29,8.843943
2000-03-30,8.664672
2000-03-31,8.814063
2000-04-03,8.814063
2000-04-04,8.365891
2000-04-05,8.604918
2000-04-06,8.784187
2000-04-07,8.694550
2000-04-10,8.724430
2000-04-11,8.634795
2000-04-12,8.604918
2000-04-13,8.485404
2000-04-14,8.126867
2000-04-17,8.067113
2000-04-18,8.306134
2000-04-19,8.485404
2000-04-20,8.485404
2000-04-24,8.216499
2000-04-25,8.395770
2000-04-26,8.634795
2000-04-27,8.545160
2000-04-28,8.634795
2000-05-01,8.694550
2000-05-02,8.485404
2000-05-03,8.395770
2000-05-04,8.485404
2000-05-05,8.634795
2000-05-08,8.604918
2000-05-09,8.515283
2000-05-10,8.336013
2000-05-11,8.485404
2000-05-12,8.425650
2000-05-15,8.485404
2000-05-16,8.724430
2000-05-17,8.814063
2000-05-18,8.814063
2000-05-19,8.694550
2000-05-22,8.664672
2000-05-23,8.485404
2000-05-24,8.485404
2000-05-25,8.694550
2000-05-26,8.455525
2000-05-30,8.694550
2000-05-31,8.664672
2000-06-01,8.933578
2000-06-02,9.202481
2000-06-05,9.082966
2000-06-06,9.023212
2000-06-07,9.082966
2000-06-08,9.082966
2000-06-09,9.053087
2000-06-12,9.202481
2000-06-13,9.292116
2000-06-14,9.471385
2000-06-15,9.441506
2000-06-16,9.471385
2000-06-19,9.441506
2000-06-20,9.561018
2000-06-21,9.531140
2000-06-22,9.441506
2000-06-23,9.321992
2000-06-26,9.351872
2000-06-27,9.232360
2000-06-28,9.561018
2000-06-29,9.351872
2000-06-30,9.531140
2000-07-03,9.441506
2000-07-05,9.471385
2000-07-06,9.471385
2000-07-07,9.590898
2000-07-10,9.620774
2000-07-11,9.620774
2000-07-12,9.740291
2000-07-13,9.859800
2000-07-14,9.949435
2000-07-17,10.009192
2000-07-18,9.949435
2000-07-19,9.859800
2000-07-20,10.039072
2000-07-21,10.158580
2000-07-24,10.128699
2000-07-25,10.278096
2000-07-26,10.278096
2000-07-27,10.098828
2000-07-28,9.710412
2000-07-31,9.800047
2000-08-01,9.561018
2000-08-02,9.829922
2000-08-03,9.770164
2000-08-04,9.859800
2000-08-07,10.009192
2000-08-08,10.128699
2000-08-09,10.188462
2000-08-10,10.158580
2000-08-11,10.098828
2000-08-14,10.188462
2000-08-15,10.248214
2000-08-16,10.278096
2000-08-17,10.367732
2000-08-18,10.307974
2000-08-21,10.307974
2000-08-22,10.397609
2000-08-23,10.337852
2000-08-24,10.373420
2000-08-25,10.451410
2000-08-28,10.451410
2000-08-29,10.412415
2000-08-30,10.490412
2000-08-31,10.607406
2000-09-01,10.763391
2000-09-05,10.802392
2000-09-06,10.607406
2000-09-07,10.490412
2000-09-08,10.295424
2000-09-11,10.373420
2000-09-12,10.295424
2000-09-13,10.373420
2000-09-14,10.607406
2000-09-15,10.685399
2000-09-18,10.451410
2000-09-19,10.490412
2000-09-20,10.295424
2000-09-21,10.139432
2000-09-22,10.061439
2000-09-25,10.217427
2000-09-26,10.217427
2000-09-27,9.905443
2000-09-28,10.061439
2000-09-29,10.061439
2000-10-02,10.061439
2000-10-03,10.061439
2000-10-04,10.217427
2000-10-05,10.256422
2000-10-06,10.139432
2000-10-09,10.061439
2000-10-10,10.022434
2000-10-11,9.827451
2000-10-12,9.593459
2000-10-13,9.827451
2000-10-16,9.866443
2000-10-17,9.710454
2000-10-18,9.515466
2000-10-19,9.827451
2000-10-20,9.944440
2000-10-23,9.983440
2000-10-24,9.983440
2000-10-25,9.164484
2000-10-26,9.086491
2000-10-27,9.164484
2000-10-30,8.930500
2000-10-31,9.281476
2000-11-01,9.242479
2000-11-02,9.203485
2000-11-03,9.398473
2000-11-06,9.359476
2000-11-07,9.281476
2000-11-08,9.047493
2000-11-09,8.930500
2000-11-10,8.735511
2000-11-13,8.657516
2000-11-14,8.735511
2000-11-15,8.657516
2000-11-16,8.501523
2000-11-17,8.384530
2000-11-20,8.384530
2000-11-21,8.462523
2000-11-22,8.267532
2000-11-24,8.462523
2000-11-27,8.657516
2000-11-28,8.462523
2000-11-29,8.267532
2000-11-30,8.228535
2000-12-01,8.384530
2000-12-04,8.423527
2000-12-05,8.657516
2000-12-06,8.891500
2000-12-07,8.735511
2000-12-08,9.047493
2000-12-11,9.047493
2000-12-12,8.930500
2000-12-13,8.696511
2000-12-14,8.657516
2000-12-15,8.462523
2000-12-18,8.462523
2000-12-19,8.306533
2000-12-20,8.054223
2000-12-21,8.133968
2000-12-22,8.133968
2000-12-26,8.253582
2000-12-27,8.293457
2000-12-28,8.452942
2000-12-29,8.532690
2001-01-02,8.333327
2001-01-03,8.492815
2001-01-04,8.572562
2001-01-05,8.413070
2001-01-08,8.133968
2001-01-09,8.253582
2001-01-10,8.094092
2001-01-11,8.452942
2001-01-12,8.253582
2001-01-16,8.293457
2001-01-17,8.492815
2001-01-18,8.532690
2001-01-19,8.771922
2001-01-22,8.771922
2001-01-23,8.851669
2001-01-24,8.931415
2001-01-25,8.891541
2001-01-26,8.771922
2001-01-29,9.027108
2001-01-30,8.995212
2001-01-31,8.995212
2001-02-01,9.020727
2001-02-02,9.059003
2001-02-05,8.995212
2001-02-06,8.963311
2001-02-07,8.931415
2001-02-08,8.759168
2001-02-09,8.676229
2001-02-12,8.593297
2001-02-13,8.612434
2001-02-14,8.370008
2001-02-15,8.542257
2001-02-16,7.974474
2001-02-20,7.719294
2001-02-21,7.591702
2001-02-22,7.655499
2001-02-23,7.515146
2001-02-26,7.687393
2001-02-27,7.687393
2001-02-28,7.572565
2001-03-01,7.527906
2001-03-02,7.540664
2001-03-05,7.502389
2001-03-06,7.795850
2001-03-07,7.681015
2001-03-08,7.661877
2001-03-09,7.591702
2001-03-12,7.336520
2001-03-13,7.432211
2001-03-14,7.145130
2001-03-15,7.240824
2001-03-16,7.145130
2001-03-19,7.272723
2001-03-20,7.081334
2001-03-21,7.081334
2001-03-22,6.858050
2001-03-23,6.998399
2001-03-26,7.113233
2001-03-27,7.113233
2001-03-28,6.921843
2001-03-29,6.826148
2001-03-30,6.921843
2001-04-02,6.921843
2001-04-03,6.730458
2001-04-04,6.858050
2001-04-05,6.953742
2001-04-06,6.762357
2001-04-09,6.985640
2001-04-10,7.208927
2001-04-11,7.177027
2001-04-12,7.259964
2001-04-16,7.081334
2001-04-17,7.272723
2001-04-18,7.432211
2001-04-19,7.591702
2001-04-20,7.496006
2001-04-23,7.527906
2001-04-24,7.464109
2001-04-25,7.400317
2001-04-26,7.496006
2001-04-27,7.496006
2001-04-30,7.527906
2001-05-01,7.559801
2001-05-02,7.534288
2001-05-03,7.623600
2001-05-04,7.623600
2001-05-07,7.655499
2001-05-08,7.655499
2001-05-09,7.591702
2001-05-10,7.719294
2001-05-11,7.496006
2001-05-14,7.496006
2001-05-15,7.527906
2001-05-16,7.655499
2001-05-17,7.814987
2001-05-18,7.846883
2001-05-21,7.910680
2001-05-22,7.980857
2001-05-23,7.942578
2001-05-24,7.878786
2001-05-25,7.878786
2001-05-29,7.878786
2001-05-30,7.719294
2001-05-31,7.783086
2001-06-01,7.814987
2001-06-04,7.846883
2001-06-05,7.846883
2001-06-06,7.814987
2001-06-07,7.725672
2001-06-08,7.668256
2001-06-11,7.655499
2001-06-12,7.655499
2001-06-13,7.744812
2001-06-14,7.534288
2001-06-15,7.413073
2001-06-18,7.208927
2001-06-19,7.208927
2001-06-20,7.145130
2001-06-21,7.368416
2001-06-22,7.368416
2001-06-25,7.272723
2001-06-26,7.113233
2001-06-27,7.125992
2001-06-28,7.145130
2001-06-29,7.336520
2001-07-02,7.317382
2001-07-03,7.393936
2001-07-05,7.240824
2001-07-06,7.145130
2001-07-09,7.094095
2001-07-10,7.113233
2001-07-11,7.062195
2001-07-12,7.304622
2001-07-13,7.272723
2001-07-16,7.049440
2001-07-17,7.113233
2001-07-18,7.208927
2001-07-19,7.106852
2001-07-20,7.145130
2001-07-23,7.145130
2001-07-24,7.081334
2001-07-25,7.208927
2001-07-26,7.208927
2001-07-27,7.240824
2001-07-30,7.157891
2001-07-31,7.247202
2001-08-01,7.285482
2001-08-02,7.304622
2001-08-03,7.368416
2001-08-06,7.362036
2001-08-07,7.330138
2001-08-08,7.177027
2001-08-09,7.157891
2001-08-10,7.145130
2001-08-13,7.272723
2001-08-14,7.049440
2001-08-15,7.170650
2001-08-16,7.055818
2001-08-17,6.960124
2001-08-20,7.081334
2001-08-21,6.972882
2001-08-22,6.985640
2001-08-23,6.992022
2001-08-24,7.072314
2001-08-27,7.104433
2001-08-28,7.072314
2001-08-29,7.001656
2001-08-30,7.033772
2001-08-31,6.879609
2001-09-04,7.033772
2001-09-05,6.796104
2001-09-06,6.808952
2001-09-07,6.821798
2001-09-10,6.841070
2001-09-17,6.519890
2001-09-18,6.423538
2001-09-19,6.102362
2001-09-20,6.102362
2001-09-21,6.102362
2001-09-24,6.192291
2001-09-25,6.166598
2001-09-26,6.038126
2001-09-27,6.038126
2001-09-28,6.198715
2001-10-01,6.166598
2001-10-02,6.230829
2001-10-03,6.327184
2001-10-04,6.423538
2001-10-05,6.359301
2001-10-08,6.352880
2001-10-09,6.269373
2001-10-10,6.519890
2001-10-11,6.423538
2001-10-12,6.359301
2001-10-15,6.391420
2001-10-16,6.359301
2001-10-17,6.397845
2001-10-18,6.327184
2001-10-19,6.327184
2001-10-22,6.243680
2001-10-23,6.327184
2001-10-24,6.301489
2001-10-25,6.301489
2001-10-26,6.410690
2001-10-29,6.410690
2001-10-30,6.327184
2001-10-31,6.179444
2001-11-01,6.327184
2001-11-02,6.327184
2001-11-05,6.340030
2001-11-06,6.487773
2001-11-07,6.532740
2001-11-08,6.487773
2001-11-09,6.455657
2001-11-12,6.423538
2001-11-13,6.744716
2001-11-14,6.622670
2001-11-15,6.622670
2001-11-16,6.796104
2001-11-19,6.873181
2001-11-20,6.834645
2001-11-21,6.616246
2001-11-23,6.808952
2001-11-26,6.808952
2001-11-27,6.873181
2001-11-28,6.744716
2001-11-29,6.744716
2001-11-30,6.808952
2001-12-03,6.866762
2001-12-04,6.866762
2001-12-05,7.091586
2001-12-06,7.033772
2001-12-07,7.001656
2001-12-10,7.033772
2001-12-11,7.027350
2001-12-12,6.943846
2001-12-13,6.776832
2001-12-14,6.905304
2001-12-17,6.905304
2001-12-18,6.905304
2001-12-19,6.930999
2001-12-20,7.001656
2001-12-21,7.033772
2001-12-24,6.905185
2001-12-26,6.783026
2001-12-27,6.783026
2001-12-28,6.885898
2001-12-31,6.828034
2002-01-02,6.892326
2002-01-03,6.975910
2002-01-04,7.297379
2002-01-07,7.297379
2002-01-08,7.059491
2002-01-09,7.181651
2002-01-10,7.053062
2002-01-11,7.104500
2002-01-14,6.802315
2002-01-15,6.943762
2002-01-16,6.789459
2002-01-17,6.815175
2002-01-18,6.815175
2002-01-22,6.879467
2002-01-23,6.905185
2002-01-24,6.963051
2002-01-25,6.873041
2002-01-28,6.873041
2002-01-29,6.860180
2002-01-30,6.873041
2002-01-31,6.815175
2002-02-01,6.847322
2002-02-04,6.911616
2002-02-05,6.693015
2002-02-06,6.622293
2002-02-07,6.815175
2002-02-08,6.847322
2002-02-11,6.879467
2002-02-12,6.866609
2002-02-13,6.898757
2002-02-14,6.757309
2002-02-15,6.873041
2002-02-19,6.763740
2002-02-20,6.808743
2002-02-21,6.635150
2002-02-22,6.648009
2002-02-25,6.635150
2002-02-26,6.635150
2002-02-27,6.808743
2002-02-28,6.879467
2002-03-01,6.879467
2002-03-04,7.136644
2002-03-05,7.072349
2002-03-06,7.297379
2002-03-07,7.297379
2002-03-08,7.200939
2002-03-11,7.233085
2002-03-12,7.175220
2002-03-13,7.136644
2002-03-14,7.046636
2002-03-15,7.053062
2002-03-18,7.226658
2002-03-19,7.258803
2002-03-20,7.290951
2002-03-21,7.290951
2002-03-22,7.200939
2002-03-25,7.130215
2002-03-26,7.104500
2002-03-27,7.136644
2002-03-28,7.110929
2002-04-01,7.072349
2002-04-02,7.085209
2002-04-03,7.085209
2002-04-04,7.072349
2002-04-05,7.072349
2002-04-08,6.995196
2002-04-09,7.130215
2002-04-10,7.168792
2002-04-11,7.033772
2002-04-12,7.008056
2002-04-15,6.975910
2002-04-16,7.200939
2002-04-17,7.258803
2002-04-18,7.265233
2002-04-19,7.361671
2002-04-22,7.265233
2002-04-23,7.278091
2002-04-24,7.200939
2002-04-25,7.188081
2002-04-26,7.104500
2002-04-29,6.982339
2002-04-30,7.162363
2002-05-01,7.155932
2002-05-02,7.168792
2002-05-03,7.168792
2002-05-06,7.130215
2002-05-07,7.104500
2002-05-08,7.149504
2002-05-09,7.104500
2002-05-10,7.104500
2002-05-13,7.162363
2002-05-14,7.168792
2002-05-15,7.104500
2002-05-16,7.258803
2002-05-17,7.303809
2002-05-20,7.168792
2002-05-21,7.290951
2002-05-22,7.297379
2002-05-23,7.329527
2002-05-24,7.265233
2002-05-28,7.342386
2002-05-29,7.342386
2002-05-30,7.297379
2002-05-31,7.271661
2002-06-03,7.297379
2002-06-04,7.200939
2002-06-05,7.258803
2002-06-06,7.104500
2002-06-07,7.136644
2002-06-10,7.136644
2002-06-11,7.040205
2002-06-12,7.104500
2002-06-13,6.879467
2002-06-14,6.866609
2002-06-17,6.975910
2002-06-18,6.975910
2002-06-19,6.911616
2002-06-20,6.847322
2002-06-21,6.770169
2002-06-24,6.847322
2002-06-25,6.776596
2002-06-26,6.815175
2002-06-27,6.834461
2002-06-28,6.828034
2002-07-01,6.866609
2002-07-02,6.622293
2002-07-03,6.622293
2002-07-05,6.693015
2002-07-08,6.828034
2002-07-09,6.879467
2002-07-10,6.667299
2002-07-11,6.590145
2002-07-12,6.525850
2002-07-15,6.493704
2002-07-16,6.326539
2002-07-17,6.300823
2002-07-18,6.397264
2002-07-19,6.191523
2002-07-22,5.863622
2002-07-23,5.786469
2002-07-24,5.818614
2002-07-25,5.850762
2002-07-26,5.773610
2002-07-29,6.101509
2002-07-30,6.017929
2002-07-31,5.953633
2002-08-01,6.011500
2002-08-02,5.927915
2002-08-05,5.760751
2002-08-06,5.960063
2002-08-07,5.915057
2002-08-08,6.017929
2002-08-09,6.107939
2002-08-12,6.114368
2002-08-13,6.140085
2002-08-14,6.133658
2002-08-15,6.217240
2002-08-16,6.197951
2002-08-19,6.197951
2002-08-20,6.204380
2002-08-21,6.236527
2002-08-22,6.300823
2002-08-23,6.197951
2002-08-26,6.287963
2002-08-27,6.320109
2002-08-28,6.300823
2002-08-29,6.204380
2002-08-30,6.236527
2002-09-03,5.979351
2002-09-04,5.979351
2002-09-05,5.857192
2002-09-06,5.940775
2002-09-09,5.902197
2002-09-10,5.979351
2002-09-11,5.992209
2002-09-12,5.915057
2002-09-13,5.857192
2002-09-16,5.857192
2002-09-17,5.882910
2002-09-18,5.812186
2002-09-19,5.715745
2002-09-20,5.625733
2002-09-23,5.516431
2002-09-24,5.477857
2002-09-25,5.503575
2002-09-26,5.632164
2002-09-27,5.619304
2002-09-30,5.529294
2002-10-01,5.722174
2002-10-02,5.600015
2002-10-03,5.657880
2002-10-04,5.426422
2002-10-07,5.368557
2002-10-08,5.310693
2002-10-09,5.214251
2002-10-10,5.336410
2002-10-11,5.432850
2002-10-14,5.394275
2002-10-15,5.690028
2002-10-16,5.587157
2002-10-17,5.857192
2002-10-18,5.786469
2002-10-21,5.972921
2002-10-22,5.902197
2002-10-23,5.722174
2002-10-24,6.030786
2002-10-25,5.940775
2002-10-28,5.895769
2002-10-29,5.850762
2002-10-30,5.799328
2002-10-31,5.850762
2002-11-01,5.895769
2002-11-04,6.107939
2002-11-05,5.921486
2002-11-06,5.953633
2002-11-07,5.947204
2002-11-08,5.972921
2002-11-11,5.805756
2002-11-12,5.850762
2002-11-13,5.812186
2002-11-14,5.876481
2002-11-15,5.902197
2002-11-18,5.927915
2002-11-19,5.876481
2002-11-20,6.017929
2002-11-21,6.043645
2002-11-22,6.011500
2002-11-25,6.050075
2002-11-26,5.947204
2002-11-27,6.204380
2002-11-29,6.191523
2002-12-02,6.223668
2002-12-03,6.262245
2002-12-04,6.268676
2002-12-05,6.159374
2002-12-06,6.204380
2002-12-09,6.191523
2002-12-10,6.127227
2002-12-11,6.178660
2002-12-12,6.262245
2002-12-13,6.230098
2002-12-16,6.332970
2002-12-17,6.255817
2002-12-18,6.140085
2002-12-19,6.127227
2002-12-20,6.127227
2002-12-23,6.288471
2002-12-24,6.288471
2002-12-26,6.198173
2002-12-27,6.101428
2002-12-30,6.049830
2002-12-31,6.088531
2003-01-02,6.249771
2003-01-03,6.262672
2003-01-06,6.417465
2003-01-07,6.423915
2003-01-08,6.282021
2003-01-09,6.333619
2003-01-10,6.372316
2003-01-13,6.423915
2003-01-14,6.481962
2003-01-15,6.443263
2003-01-16,6.423915
2003-01-17,6.443263
2003-01-21,6.320720
2003-01-22,6.307820
2003-01-23,6.430364
2003-01-24,6.320720
2003-01-27,6.198173
2003-01-28,6.191726
2003-01-29,6.256221
2003-01-30,6.256221
2003-01-31,6.346518
2003-02-03,6.275572
2003-02-04,6.288471
2003-02-05,6.230422
2003-02-06,6.211075
2003-02-07,6.191726
2003-02-10,6.223973
2003-02-11,6.140126
2003-02-12,6.114328
2003-02-13,6.133678
2003-02-14,6.133678
2003-02-18,6.352967
2003-02-19,6.346518
2003-02-20,6.320720
2003-02-21,6.269121
2003-02-24,6.340068
2003-02-25,6.398116
2003-02-26,6.436813
2003-02-27,6.443263
2003-02-28,6.449714
2003-03-03,6.385215
2003-03-04,6.385215
2003-03-05,6.378767
2003-03-06,6.288471
2003-03-07,6.346518
2003-03-10,6.385215
2003-03-11,6.282021
2003-03-12,6.204626
2003-03-13,6.191726
2003-03-14,6.230422
2003-03-17,6.385215
2003-03-18,6.449714
2003-03-19,6.359416
2003-03-20,6.514210
2003-03-21,6.475513
2003-03-24,6.359416
2003-03-25,6.449714
2003-03-26,6.372316
2003-03-27,6.352967
2003-03-28,6.385215
2003-03-31,6.294920
2003-04-01,6.340068
2003-04-02,6.423915
2003-04-03,6.385215
2003-04-04,6.417465
2003-04-07,6.352967
2003-04-08,6.449714
2003-04-09,6.443263
2003-04-10,6.481962
2003-04-11,6.604506
2003-04-14,6.591608
2003-04-15,6.623856
2003-04-16,6.578709
2003-04-17,6.643204
2003-04-21,6.675452
2003-04-22,6.669003
2003-04-23,6.701254
2003-04-24,6.662554
2003-04-25,6.585159
2003-04-28,6.643204
2003-04-29,6.675452
2003-04-30,6.772199
2003-05-01,6.739949
2003-05-02,6.856045
2003-05-05,6.894743
2003-05-06,6.985039
2003-05-07,6.997940
2003-05-08,6.946342
2003-05-09,7.010838
2003-05-12,7.075335
2003-05-13,7.146282
2003-05-14,7.178529
2003-05-15,7.223679
2003-05-16,7.236579
2003-05-19,7.204329
2003-05-20,7.352672
2003-05-21,7.326873
2003-05-22,7.268826
2003-05-23,7.281726
2003-05-27,7.275275
2003-05-28,7.249478
2003-05-29,7.365571
2003-05-30,7.417171
2003-06-02,7.526814
2003-06-03,7.494566
2003-06-04,7.578413
2003-06-05,7.739659
2003-06-06,7.668709
2003-06-09,7.597762
2003-06-10,7.546165
2003-06-11,7.739659
2003-06-12,7.726758
2003-06-13,7.662262
2003-06-16,7.752556
2003-06-17,7.791254
2003-06-18,7.797703
2003-06-19,7.707404
2003-06-20,7.610663
2003-06-23,7.584862
2003-06-24,7.597762
2003-06-25,7.578413
2003-06-26,7.533265
2003-06-27,7.481667
2003-06-30,7.610663
2003-07-01,7.475219
2003-07-02,7.642908
2003-07-03,7.681609
2003-07-07,7.675158
2003-07-08,7.578413
2003-07-09,7.552616
2003-07-10,7.436520
2003-07-11,7.455866
2003-07-14,7.520362
2003-07-15,7.417171
2003-07-16,7.423621
2003-07-17,7.339773
2003-07-18,7.442970
2003-07-21,7.417171
2003-07-22,7.391370
2003-07-23,7.513914
2003-07-24,7.675158
2003-07-25,7.688059
2003-07-28,7.649362
2003-07-29,7.655811
2003-07-30,7.533265
2003-07-31,7.520362
2003-08-01,7.565512
2003-08-04,7.449419
2003-08-05,7.436520
2003-08-06,7.378471
2003-08-07,7.475219
2003-08-08,7.578413
2003-08-11,7.720305
2003-08-12,7.739659
2003-08-13,7.759006
2003-08-14,7.739659
2003-08-15,7.771904
2003-08-18,7.771904
2003-08-19,7.797703
2003-08-20,7.797703
2003-08-21,7.810603
2003-08-22,7.778353
2003-08-25,7.720305
2003-08-26,7.778353
2003-08-27,7.752556
2003-08-28,7.862199
2003-08-29,7.946046
2003-09-02,7.920251
2003-09-03,7.984745
2003-09-04,8.126638
2003-09-05,8.075042
2003-09-08,8.184686
2003-09-09,8.152437
2003-09-10,8.100840
2003-09-11,7.997645
2003-09-12,8.152437
2003-09-15,8.113738
2003-09-16,8.068593
2003-09-17,8.178237
2003-09-18,8.107291
2003-09-19,8.191135
2003-09-22,8.210485
2003-09-23,8.242734
2003-09-24,8.229836
2003-09-25,8.191135
2003-09-26,7.965400
2003-09-29,8.042791
2003-09-30,8.004092
2003-10-01,8.081488
2003-10-02,8.197584
2003-10-03,8.204036
2003-10-06,8.223384
2003-10-07,8.326581
2003-10-08,8.223384
2003-10-09,8.294333
2003-10-10,8.442677
2003-10-13,8.468474
2003-10-14,8.532971
2003-10-15,8.578122
2003-10-16,8.578122
2003-10-17,8.539420
2003-10-20,8.520067
2003-10-21,8.532971
2003-10-22,8.603915
2003-10-23,8.539420
2003-10-24,8.474924
2003-10-27,8.507171
2003-10-28,8.571669
2003-10-29,8.532971
2003-10-30,8.500723
2003-10-31,8.526520
2003-11-03,8.558771
2003-11-04,8.578122
2003-11-05,8.610369
2003-11-06,8.597466
2003-11-07,8.603915
2003-11-10,8.649065
2003-11-11,8.610369
2003-11-12,8.694213
2003-11-13,8.707109
2003-11-14,8.642617
2003-11-17,8.591017
2003-11-18,8.642617
2003-11-19,8.726461
2003-11-20,8.732911
2003-11-21,8.771612
2003-11-24,8.661963
2003-11-25,8.765157
2003-11-26,8.803860
2003-11-28,8.881257
2003-12-01,8.900603
2003-12-02,8.965102
2003-12-03,8.990900
2003-12-04,8.952200
2003-12-05,8.965102
2003-12-08,9.042498
2003-12-09,8.965102
2003-12-10,8.836108
2003-12-11,8.881257
2003-12-12,8.849005
2003-12-15,8.829659
2003-12-16,8.797337
2003-12-17,8.874905
2003-12-18,8.971860
2003-12-19,8.946008
2003-12-22,9.006359
2003-12-23,9.052272
2003-12-24,9.117869
2003-12-26,9.183465
2003-12-29,9.268742
2003-12-30,9.314656
2003-12-31,9.347458
2004-01-02,9.531125
2004-01-05,9.577044
2004-01-06,9.557363
2004-01-07,9.563925
2004-01-08,9.603283
2004-01-09,9.636078
2004-01-12,9.629521
2004-01-13,9.642638
2004-01-14,9.590159
2004-01-15,9.557363
2004-01-16,9.524565
2004-01-20,9.800068
2004-01-21,9.773831
2004-01-22,9.727912
2004-01-23,9.577044
2004-01-26,9.603283
2004-01-27,9.609839
2004-01-28,9.419612
2004-01-29,9.288419
2004-01-30,9.386815
2004-02-02,9.504885
2004-02-03,9.518006
2004-02-04,9.380255
2004-02-05,9.419612
2004-02-06,9.570482
2004-02-09,9.596721
2004-02-10,9.675438
2004-02-11,9.806629
2004-02-12,9.747593
2004-02-13,9.708237
2004-02-17,9.786947
2004-02-18,9.603283
2004-02-19,9.577044
2004-02-20,9.445849
2004-02-23,9.386815
2004-02-24,9.432732
2004-02-25,9.478649
2004-02-26,9.511447
2004-02-27,9.636078
2004-03-01,9.721354
2004-03-02,9.609839
2004-03-03,9.563925
2004-03-04,9.642638
2004-03-05,9.754150
2004-03-08,9.741034
2004-03-09,9.662314
2004-03-10,9.432732
2004-03-11,9.380255
2004-03-12,9.334334
2004-03-15,9.150669
2004-03-16,9.275299
2004-03-17,9.406492
2004-03-18,9.426171
2004-03-19,9.327775
2004-03-22,9.262182
2004-03-23,9.281860
2004-03-24,9.183465
2004-03-25,9.340894
2004-03-26,9.406492
2004-03-29,9.550805
2004-03-30,9.675438
2004-03-31,9.570482
2004-04-01,9.708237
2004-04-02,9.819749
2004-04-05,9.898463
2004-04-06,9.885343
2004-04-07,9.839428
2004-04-08,9.760710
2004-04-12,9.806629
2004-04-13,9.649197
2004-04-14,9.406492
2004-04-15,9.452410
2004-04-16,9.472087
2004-04-19,9.498325
2004-04-20,9.249063
2004-04-21,9.222823
2004-04-22,9.399934
2004-04-23,9.334334
2004-04-26,9.380255
2004-04-27,9.301538
2004-04-28,8.888282
2004-04-29,8.763650
2004-04-30,8.763650
2004-05-03,8.835805
2004-05-04,9.026034
2004-05-05,9.032595
2004-05-06,8.980118
2004-05-07,8.783328
2004-05-10,8.560300
2004-05-11,8.671816
2004-05-12,8.612779
2004-05-13,8.652135
2004-05-14,8.652135
2004-05-17,8.527502
2004-05-18,8.573421
2004-05-19,8.652135
2004-05-20,8.717732
2004-05-21,8.684936
2004-05-24,8.730852
2004-05-25,8.888282
2004-05-26,8.875163
2004-05-27,8.960439
2004-05-28,8.914522
2004-06-01,8.953878
2004-06-02,8.907961
2004-06-03,8.914522
2004-06-04,8.999795
2004-06-07,9.117869
2004-06-08,9.130989
2004-06-09,8.927642
2004-06-10,8.980118
2004-06-14,8.809566
2004-06-15,8.980118
2004-06-16,9.006359
2004-06-17,9.085072
2004-06-18,9.104750
2004-06-21,9.130989
2004-06-22,9.235944
2004-06-23,9.268742
2004-06-24,9.308098
2004-06-25,9.281860
2004-06-28,9.216267
2004-06-29,9.294980
2004-06-30,9.426171
2004-07-01,9.439291
2004-07-02,9.367137
2004-07-06,9.354014
2004-07-07,9.419612
2004-07-08,9.399934
2004-07-09,9.426171
2004-07-12,9.380255
2004-07-13,9.406492
2004-07-14,9.432732
2004-07-15,9.327775
2004-07-16,9.386815
2004-07-19,9.458968
2004-07-20,9.452410
2004-07-21,9.413054
2004-07-22,9.432732
2004-07-23,9.426171
2004-07-26,9.249063
2004-07-27,9.196582
2004-07-28,9.255619
2004-07-29,9.399934
2004-07-30,9.419612
2004-08-02,9.452410
2004-08-03,9.485207
2004-08-04,9.445849
2004-08-05,9.314656
2004-08-06,9.216267
2004-08-09,9.242504
2004-08-10,9.275299
2004-08-11,9.111311
2004-08-12,8.999795
2004-08-13,9.183465
2004-08-16,9.340894
2004-08-17,9.288419
2004-08-18,9.340894
2004-08-19,9.399934
2004-08-20,9.511447
2004-08-23,9.406492
2004-08-24,9.386815
2004-08-25,9.465528
2004-08-26,9.426171
2004-08-27,9.380255
2004-08-30,9.268742
2004-08-31,9.367137
2004-09-01,9.504885
2004-09-02,9.511447
2004-09-03,9.485207
2004-09-07,9.577044
2004-09-08,9.590159
2004-09-09,9.642638
2004-09-10,9.616398
2004-09-13,9.636078
2004-09-14,9.727912
2004-09-15,9.636078
2004-09-16,9.708237
2004-09-17,9.727912
2004-09-20,9.741034
2004-09-21,9.957500
2004-09-22,9.905025
2004-09-23,9.878786
2004-09-24,9.950938
2004-09-27,9.885343
2004-09-28,10.003418
2004-09-29,10.055891
2004-09-30,10.141170
2004-10-01,10.259242
2004-10-04,10.259242
2004-10-05,10.305160
2004-10-06,10.436354
2004-10-07,10.318277
2004-10-08,10.416676
2004-10-11,10.410116
2004-10-12,10.337959
2004-10-13,10.252684
2004-10-14,10.292042
2004-10-15,10.377317
2004-10-18,10.331397
2004-10-19,10.265803
2004-10-20,10.396997
2004-10-21,10.515068
2004-10-22,10.528186
2004-10-25,10.613462
2004-10-26,10.672499
2004-10-27,10.646260
2004-10-28,10.600343
2004-10-29,10.790572
2004-11-01,10.744656
2004-11-02,10.692179
2004-11-03,10.875849
2004-11-04,10.941443
2004-11-05,11.020157
2004-11-08,11.007040
2004-11-09,10.961122
2004-11-10,10.987361
2004-11-11,11.000478
2004-11-12,11.066074
2004-11-15,11.013598
2004-11-16,11.066074
2004-11-17,11.138232
2004-11-18,11.007040
2004-11-19,11.098871
2004-11-22,11.256307
2004-11-23,11.269422
2004-11-24,11.348139
2004-11-26,11.426856
2004-11-29,11.354697
2004-11-30,11.328464
2004-12-01,11.361259
2004-12-02,11.184148
2004-12-03,11.197268
2004-12-06,11.164473
2004-12-07,10.954562
2004-12-08,10.941443
2004-12-09,10.948004
2004-12-10,10.764335
2004-12-13,10.895528
2004-12-14,10.810250
2004-12-15,11.020157
2004-12-16,10.934881
2004-12-17,10.967681
2004-12-20,11.046397
2004-12-21,11.105431
2004-12-22,11.105431
2004-12-23,11.124017
2004-12-27,11.323133
2004-12-28,11.369592
2004-12-29,11.296589
2004-12-30,11.402780
2004-12-31,11.475791
2005-01-03,11.362961
2005-01-04,11.031096
2005-01-05,10.885076
2005-01-06,10.825344
2005-01-07,10.798793
2005-01-10,10.865165
2005-01-11,10.984631
2005-01-12,11.117381
2005-01-13,11.110744
2005-01-14,11.017825
2005-01-18,10.991273
2005-01-19,10.971362
2005-01-20,10.825344
2005-01-21,10.964725
2005-01-24,10.938174
2005-01-25,10.885076
2005-01-26,10.977998
2005-01-27,10.951451
2005-01-28,10.904985
2005-01-31,10.951451
2005-02-01,11.057647
2005-02-02,11.104104
2005-02-03,11.077559
2005-02-04,11.057647
2005-02-07,11.004549
2005-02-08,11.064281
2005-02-09,11.024461
2005-02-10,11.336409
2005-02-11,11.416057
2005-02-14,11.455881
2005-02-15,11.522249
2005-02-16,11.502342
2005-02-17,11.535525
2005-02-18,11.555438
2005-02-22,11.621811
2005-02-23,11.581985
2005-02-24,11.581985
2005-02-25,11.701459
2005-02-28,11.681544
2005-03-01,11.635087
2005-03-02,11.734643
2005-03-03,11.741280
2005-03-04,12.013408
2005-03-07,11.980222
2005-03-08,12.159424
2005-03-09,12.099692
2005-03-10,11.940395
2005-03-11,11.980222
2005-03-14,11.966947
2005-03-15,11.953671
2005-03-16,11.913850
2005-03-17,12.046594
2005-03-18,12.020045
2005-03-21,11.867390
2005-03-22,11.814289
2005-03-23,11.588622
2005-03-24,11.615173
2005-03-28,11.489064
2005-03-29,11.455881
2005-03-30,11.548799
2005-03-31,11.847476
2005-04-01,11.794379
2005-04-04,11.734643
2005-04-05,11.781106
2005-04-06,11.840840
2005-04-07,11.747921
2005-04-08,11.688181
2005-04-11,11.635087
2005-04-12,11.562077
2005-04-13,11.442606
2005-04-14,11.223577
2005-04-15,11.104104
2005-04-18,11.210302
2005-04-19,11.283315
2005-04-20,11.270038
2005-04-21,11.303225
2005-04-22,11.289951
2005-04-25,11.356323
2005-04-26,11.316497
2005-04-27,11.170480
2005-04-28,11.044374
2005-04-29,11.124017
2005-05-02,11.223577
2005-05-03,11.177115
2005-05-04,11.389509
2005-05-05,11.382871
2005-05-06,11.462520
2005-05-09,11.535525
2005-05-10,11.462520
2005-05-11,11.316497
2005-05-12,11.150565
2005-05-13,10.944814
2005-05-16,10.984631
2005-05-17,11.090831
2005-05-18,11.203661
2005-05-19,11.230211
2005-05-20,11.170480
2005-05-23,11.349683
2005-05-24,11.283315
2005-05-25,11.263401
2005-05-26,11.270038
2005-05-27,11.462520
2005-05-31,11.429332
2005-06-01,11.522249
2005-06-02,11.455881
2005-06-03,11.535525
2005-06-06,11.542160
2005-06-07,11.542160
2005-06-08,11.542160
2005-06-09,11.595263
2005-06-10,11.694817
2005-06-13,11.708094
2005-06-14,11.747921
2005-06-15,11.920485
2005-06-16,12.026681
2005-06-17,12.093059
2005-06-20,12.119607
2005-06-21,12.086417
2005-06-22,12.152789
2005-06-23,12.132878
2005-06-24,12.139516
2005-06-27,12.146155
2005-06-28,12.212524
2005-06-29,12.245714
2005-06-30,12.046594
2005-07-01,11.960310
2005-07-05,12.086417
2005-07-06,12.239074
2005-07-07,12.338632
2005-07-08,12.537751
2005-07-11,12.604123
2005-07-12,12.776692
2005-07-13,12.683770
2005-07-14,12.524473
2005-07-15,12.411643
2005-07-18,12.491291
2005-07-19,12.624033
2005-07-20,12.683770
2005-07-21,12.723593
2005-07-22,12.756780
2005-07-25,12.776692
2005-07-26,12.637310
2005-07-27,12.763420
2005-07-28,12.836425
2005-07-29,12.750141
2005-08-01,12.856340
2005-08-02,13.055455
2005-08-03,13.088641
2005-08-04,13.108556
2005-08-05,13.015632
2005-08-08,13.128464
2005-08-09,13.135105
2005-08-10,13.267843
2005-08-11,13.440415
2005-08-12,13.427143
2005-08-15,13.393955
2005-08-16,13.208111
2005-08-17,12.995720
2005-08-18,12.803239
2005-08-19,12.995720
2005-08-22,13.168283
2005-08-23,13.121829
2005-08-24,13.234661
2005-08-25,13.294399
2005-08-26,13.148376
2005-08-29,13.221387
2005-08-30,13.301036
2005-08-31,13.539977
2005-09-01,13.765642
2005-09-02,13.652805
2005-09-06,13.652805
2005-09-07,13.659444
2005-09-08,13.672721
2005-09-09,13.938211
2005-09-12,13.792190
2005-09-13,13.772279
2005-09-14,13.898383
2005-09-15,13.931568
2005-09-16,13.997943
2005-09-19,14.210338
2005-09-20,14.070954
2005-09-21,14.097504
2005-09-22,14.004579
2005-09-23,14.024493
2005-09-26,14.183788
2005-09-27,14.243525
2005-09-28,14.243525
2005-09-29,14.223607
2005-09-30,14.316530
2005-10-03,14.402817
2005-10-04,14.097504
2005-10-05,13.639531
2005-10-06,13.387317
2005-10-07,13.579793
2005-10-10,13.466968
2005-10-11,13.559883
2005-10-12,13.413862
2005-10-13,13.181564
2005-10-14,13.247931
2005-10-17,13.413862
2005-10-18,13.141736
2005-10-19,13.274485
2005-10-20,12.975807
2005-10-21,12.969172
2005-10-24,13.155012
2005-10-25,13.307668
2005-10-26,13.208111
2005-10-27,13.101916
2005-10-28,13.148376
2005-10-31,13.274485
2005-11-01,13.320945
2005-11-02,13.546607
2005-11-03,13.639531
2005-11-04,13.619623
2005-11-07,13.533334
2005-11-08,13.473601
2005-11-09,13.546607
2005-11-10,13.360764
2005-11-11,13.486872
2005-11-14,13.493511
2005-11-15,13.473601
2005-11-16,13.566525
2005-11-17,13.639531
2005-11-18,13.559883
2005-11-21,13.818738
2005-11-22,14.004579
2005-11-23,14.051045
2005-11-25,14.236885
2005-11-28,14.130695
2005-11-29,14.084224
2005-11-30,13.971392
2005-12-01,14.236885
2005-12-02,14.329808
2005-12-05,14.362991
2005-12-06,14.482462
2005-12-07,14.482462
2005-12-08,14.568746
2005-12-09,14.542192
2005-12-12,14.542192
2005-12-13,14.641749
2005-12-14,14.548841
2005-12-15,14.436003
2005-12-16,14.495736
2005-12-19,14.429361
2005-12-20,14.422728
2005-12-21,14.575384
2005-12-22,14.582019
2005-12-23,14.608083
2005-12-27,14.360828
2005-12-28,14.634809
2005-12-29,14.688269
2005-12-30,14.634809
2006-01-03,15.002357
2006-01-04,15.182782
2006-01-05,14.955572
2006-01-06,15.102592
2006-01-09,14.995673
2006-01-10,15.062496
2006-01-11,15.149365
2006-01-12,15.042452
2006-01-13,15.122643
2006-01-17,15.209517
2006-01-18,14.928845
2006-01-19,15.182782
2006-01-20,15.229560
2006-01-23,15.483499
2006-01-24,15.389947
2006-01-25,15.343166
2006-01-26,15.496861
2006-01-27,15.663923
2006-01-30,15.837670
2006-01-31,15.957956
2006-02-01,15.931231
2006-02-02,15.830992
2006-02-03,15.824312
2006-02-06,15.998054
2006-02-07,15.496861
2006-02-08,15.463449
2006-02-09,15.470134
2006-02-10,15.303064
2006-02-13,15.102592
2006-02-14,15.309752
2006-02-15,15.149365
2006-02-16,15.356531
2006-02-17,15.523587
2006-02-21,15.610463
2006-02-22,15.570371
2006-02-23,15.436722
2006-02-24,15.583737
2006-02-27,15.536958
2006-02-28,15.597098
2006-03-01,15.770853
2006-03-02,15.957956
2006-03-03,16.018101
2006-03-06,15.837670
2006-03-07,15.536958
2006-03-08,15.369893
2006-03-09,15.369893
2006-03-10,15.476816
2006-03-13,15.557010
2006-03-14,15.724068
2006-03-15,15.871082
2006-03-16,15.937913
2006-03-17,15.717382
2006-03-20,15.603784
2006-03-21,15.623826
2006-03-22,15.610463
2006-03-23,15.637199
2006-03-24,15.744118
2006-03-27,15.690658
2006-03-28,15.650563
2006-03-29,15.784213
2006-03-30,16.011421
2006-03-31,15.790895
2006-04-03,15.864405
2006-04-04,15.957956
2006-04-05,16.118345
2006-04-06,16.312138
2006-04-07,16.205215
2006-04-10,16.272039
2006-04-11,16.185167
2006-04-12,16.178482
2006-04-13,16.205215
2006-04-17,16.358913
2006-04-18,16.652948
2006-04-19,16.753180
2006-04-20,16.439104
2006-04-21,16.646269
2006-04-24,16.546024
2006-04-25,16.572760
2006-04-26,16.619532
2006-04-27,16.505932
2006-04-28,16.612848
2006-05-01,16.686352
2006-05-02,16.866791
2006-05-03,16.733137
2006-05-04,16.659626
2006-05-05,16.873472
2006-05-08,16.806644
2006-05-09,17.013807
2006-05-10,17.027170
2006-05-11,16.766556
2006-05-12,16.492561
2006-05-15,16.118345
2006-05-16,16.178482
2006-05-17,15.844356
2006-05-18,15.630510
2006-05-19,15.683977
2006-05-22,15.550327
2006-05-23,15.563693
2006-05-24,15.416672
2006-05-25,15.978005
2006-05-26,16.118345
2006-05-30,16.051519
2006-05-31,16.238632
2006-06-01,16.238632
2006-06-02,16.385645
2006-06-05,16.044832
2006-06-06,15.891139
2006-06-07,15.610463
2006-06-08,15.343166
2006-06-09,15.530278
2006-06-12,15.329796
2006-06-13,14.801880
2006-06-14,14.922163
2006-06-15,15.316436
2006-06-16,15.169419
2006-06-19,14.862020
2006-06-20,14.841971
2006-06-21,15.196150
2006-06-22,15.089227
2006-06-23,15.169419
2006-06-26,15.376575
2006-06-27,15.283025
2006-06-28,15.269656
2006-06-29,15.737433
2006-06-30,15.871082
2006-07-03,16.031466
2006-07-05,15.911180
2006-07-06,15.864405
2006-07-07,15.864405
2006-07-10,15.744118
2006-07-11,15.851037
2006-07-12,15.764162
2006-07-13,15.570371
2006-07-14,15.590413
2006-07-17,15.316436
2006-07-18,15.356531
2006-07-19,15.597098
2006-07-20,15.376575
2006-07-21,15.269656
2006-07-24,15.510231
2006-07-25,15.690658
2006-07-26,15.917862
2006-07-27,15.717382
2006-07-28,15.871082
2006-07-31,15.891139
2006-08-01,15.971323
2006-08-02,16.145069
2006-08-03,16.138391
2006-08-04,16.091612
2006-08-07,16.111660
2006-08-08,16.258680
2006-08-09,16.272039
2006-08-10,16.158442
2006-08-11,16.171801
2006-08-14,15.991375
2006-08-15,16.225267
2006-08-16,16.338871
2006-08-17,16.285410
2006-08-18,16.251995
2006-08-21,16.532660
2006-08-22,16.659626
2006-08-23,16.679676
2006-08-24,16.552713
2006-08-25,16.566076
2006-08-28,16.612848
2006-08-29,16.572760
2006-08-30,16.532660
2006-08-31,16.539341
2006-09-01,16.686352
2006-09-05,16.672997
2006-09-06,16.405691
2006-09-07,16.198532
2006-09-08,16.038153
2006-09-11,15.677294
2006-09-12,15.730750
2006-09-13,15.857722
2006-09-14,15.704020
2006-09-15,15.717382
2006-09-18,15.931231
2006-09-19,15.704020
2006-09-20,15.590413
2006-09-21,15.717382
2006-09-22,15.657248
2006-09-25,15.710704
2006-09-26,15.857722
2006-09-27,16.064880
2006-09-28,16.158442
2006-09-29,16.038153
2006-10-02,15.991375
2006-10-03,15.536958
2006-10-04,15.630510
2006-10-05,15.844356
2006-10-06,15.770853
2006-10-09,15.757482
2006-10-10,15.750797
2006-10-11,15.476816
2006-10-12,15.643876
2006-10-13,15.897817
2006-10-16,16.145069
2006-10-17,15.957956
2006-10-18,15.944595
2006-10-19,16.231947
2006-10-20,16.251995
2006-10-23,16.318817
2006-10-24,16.465837
2006-10-25,16.679676
2006-10-26,16.773233
2006-10-27,16.532660
2006-10-30,16.579443
2006-10-31,16.799965
2006-11-01,16.312138
2006-11-02,16.572760
2006-11-03,16.672997
2006-11-06,16.813324
2006-11-07,16.773233
2006-11-08,16.880152
2006-11-09,16.980389
2006-11-10,16.840061
2006-11-13,16.719774
2006-11-14,16.719774
2006-11-15,16.860104
2006-11-16,16.719774
2006-11-17,16.699730
2006-11-20,16.766556
2006-11-21,17.000441
2006-11-22,17.033852
2006-11-24,17.227644
2006-11-27,17.080631
2006-11-28,17.094002
2006-11-29,17.200918
2006-11-30,17.220968
2006-12-01,17.220968
2006-12-04,17.414759
2006-12-05,17.488270
2006-12-06,17.388033
2006-12-07,17.354620
2006-12-08,17.361301
2006-12-11,17.334574
2006-12-12,17.274426
2006-12-13,17.247698
2006-12-14,17.401392
2006-12-15,17.140776
2006-12-18,16.980389
2006-12-19,17.067270
2006-12-20,17.185530
2006-12-21,16.976028
2006-12-22,16.921972
2006-12-26,16.820597
2006-12-27,17.077398
2006-12-28,17.131468
2006-12-29,17.111195
2007-01-03,16.725988
2007-01-04,16.455667
2007-01-05,16.401608
2007-01-08,16.293478
2007-01-09,16.327267
2007-01-10,16.306993
2007-01-11,16.381330
2007-01-12,16.746260
2007-01-16,16.516493
2007-01-17,16.692202
2007-01-18,16.509727
2007-01-19,16.739510
2007-01-22,16.550280
2007-01-23,16.881420
2007-01-24,17.050367
2007-01-25,16.874662
2007-01-26,16.996307
2007-01-29,16.881420
2007-01-30,17.063890
2007-01-31,17.124701
2007-02-01,17.246351
2007-02-02,17.138226
2007-02-05,17.212564
2007-02-06,17.266628
2007-02-07,17.192287
2007-02-08,17.280146
2007-02-09,17.253113
2007-02-12,17.185530
2007-02-13,17.503157
2007-02-14,17.536938
2007-02-15,17.692385
2007-02-16,17.712650
2007-02-20,17.584251
2007-02-21,17.773472
2007-02-22,17.719404
2007-02-23,17.759956
2007-02-26,17.854567
2007-02-27,17.226076
2007-02-28,17.226076
2007-03-01,17.063890
2007-03-02,16.813843
2007-03-05,16.638138
2007-03-06,16.874662
2007-03-07,16.996307
2007-03-08,17.077398
2007-03-09,17.219318
2007-03-12,17.172012
2007-03-13,16.800322
2007-03-14,16.854387
2007-03-15,16.935490
2007-03-16,16.894934
2007-03-19,17.050367
2007-03-20,17.300417
2007-03-21,17.591011
2007-03-22,17.543701
2007-03-23,17.638317
2007-03-26,17.692385
2007-03-27,17.645075
2007-03-28,17.577494
2007-03-29,17.719404
2007-03-30,17.672104
2007-04-02,17.807264
2007-04-03,18.010000
2007-04-04,17.962700
2007-04-05,18.084341
2007-04-09,18.111376
2007-04-10,18.077581
2007-04-11,18.192469
2007-04-12,18.422239
2007-04-13,18.476305
2007-04-16,18.753384
2007-04-17,18.645250
2007-04-18,18.733105
2007-04-19,18.516850
2007-04-20,18.766895
2007-04-23,18.712831
2007-04-24,18.645250
2007-04-25,18.935846
2007-04-26,18.685799
2007-04-27,18.841234
2007-04-30,18.753384
2007-05-01,18.584429
2007-05-02,18.895294
2007-05-03,19.043970
2007-05-04,19.172373
2007-05-07,19.415659
2007-05-08,19.395390
2007-05-09,19.388632
2007-05-10,19.192648
2007-05-11,19.483236
2007-05-14,19.415659
2007-05-15,19.645435
2007-05-16,19.685978
2007-05-17,19.936026
2007-05-18,20.091465
2007-05-21,20.192829
2007-05-22,20.057673
2007-05-23,20.023882
2007-05-24,19.902231
2007-05-25,20.138769
2007-05-29,20.145525
2007-05-30,20.321228
2007-05-31,20.341505
2007-06-01,20.584795
2007-06-04,20.638857
2007-06-05,20.557758
2007-06-06,20.294201
2007-06-07,19.821142
2007-06-08,20.037395
2007-06-11,19.949539
2007-06-12,19.841417
2007-06-13,20.138769
2007-06-14,20.361774
2007-06-15,20.665886
2007-06-18,20.719950
2007-06-19,20.557758
2007-06-20,20.260403
2007-06-21,20.307720
2007-06-22,20.159040
2007-06-25,19.983330
2007-06-26,19.699493
2007-06-27,19.861687
2007-06-28,20.104975
2007-06-29,20.179317
2007-07-02,20.429361
2007-07-03,20.490187
2007-07-05,20.638857
2007-07-06,20.841595
2007-07-09,20.882141
2007-07-10,20.760498
2007-07-11,20.780771
2007-07-12,21.240314
2007-07-13,21.422781
2007-07-16,21.287617
2007-07-17,21.355200
2007-07-18,21.625521
2007-07-19,21.753920
2007-07-20,21.571455
2007-07-23,21.422781
2007-07-24,21.071365
2007-07-25,21.024059
2007-07-26,20.382053
2007-07-27,20.071192
2007-07-30,20.159040
2007-07-31,20.179317
2007-08-01,19.996847
2007-08-02,20.395563
2007-08-03,20.003607
2007-08-06,19.908993
2007-08-07,19.956301
2007-08-08,20.409081
2007-08-09,19.794111
2007-08-10,19.848169
2007-08-13,19.800869
2007-08-14,19.294018
2007-08-15,18.834475
2007-08-16,18.597942
2007-08-17,19.206163
2007-08-20,19.381870
2007-08-21,19.456213
2007-08-22,19.787350
2007-08-23,19.922508
2007-08-24,20.118498
2007-08-27,19.936026
2007-08-28,19.422419
2007-08-29,20.165796
2007-08-30,19.881962
2007-08-31,20.206343
2007-09-04,20.469908
2007-09-05,20.321228
2007-09-06,20.436113
2007-09-07,20.253654
2007-09-10,20.165796
2007-09-11,20.483419
2007-09-12,20.733469
2007-09-13,20.882141
2007-09-14,21.010542
2007-09-17,21.003786
2007-09-18,21.578215
2007-09-19,21.463326
2007-09-20,21.584972
2007-09-21,21.733643
2007-09-24,21.740404
2007-09-25,21.807993
2007-09-26,21.875561
2007-09-27,22.078308
2007-09-28,22.118853
2007-10-01,22.402683
2007-10-02,22.226980
2007-10-03,22.003963
2007-10-04,22.267527
2007-10-05,22.693279
2007-10-08,22.591911
2007-10-09,22.700037
2007-10-10,22.821676
2007-10-11,22.787891
2007-10-12,23.132553
2007-10-15,22.794653
2007-10-16,22.585148
2007-10-17,22.841953
2007-10-18,23.294741
2007-10-19,22.679768
2007-10-22,22.740587
2007-10-23,22.828442
2007-10-24,22.855473
2007-10-25,22.909536
2007-10-26,23.342052
2007-10-29,23.754278
2007-10-30,23.524513
2007-10-31,24.382776
2007-11-01,23.740768
2007-11-02,24.267887
2007-11-05,24.092182
2007-11-06,24.612539
2007-11-07,24.024605
2007-11-08,23.652908
2007-11-09,23.139313
2007-11-12,22.078308
2007-11-13,22.612185
2007-11-14,22.477022
2007-11-15,21.557941
2007-11-16,21.848537
2007-11-19,21.301136
2007-11-20,21.632275
2007-11-21,21.091640
2007-11-23,21.524147
2007-11-26,21.578215
2007-11-27,21.233557
2007-11-28,21.828259
2007-11-29,21.902592
2007-11-30,21.564697
2007-12-03,21.490358
2007-12-04,21.084885
2007-12-05,21.361961
2007-12-06,21.584972
2007-12-07,21.672827
2007-12-10,21.807993
2007-12-11,21.220041
2007-12-12,21.429535
2007-12-13,21.253830
2007-12-14,21.138943
2007-12-17,20.969994
2007-12-18,20.949728
2007-12-19,21.064608
2007-12-20,21.152460
2007-12-21,21.598488
2007-12-24,21.960390
2007-12-26,22.042486
2007-12-27,22.028805
2007-12-28,22.261410
2007-12-31,21.974072
2008-01-02,22.165628
2008-01-03,22.261410
2008-01-04,21.707262
2008-01-07,21.399405
2008-01-08,21.269424
2008-01-09,21.324156
2008-01-10,21.413088
2008-01-11,21.071026
2008-01-14,21.255741
2008-01-15,20.681078
2008-01-16,20.120096
2008-01-17,19.538595
2008-01-18,19.518063
2008-01-22,19.401764
2008-01-23,19.600161
2008-01-24,20.236393
2008-01-25,20.277443
2008-01-28,20.236393
2008-01-29,20.660557
2008-01-30,20.694763
2008-01-31,20.715284
2008-02-01,21.153122
2008-02-04,20.797377
2008-02-05,20.359541
2008-02-06,20.414261
2008-02-07,20.222712
2008-02-08,20.551094
2008-02-11,20.763170
2008-02-12,20.722132
2008-02-13,21.091553
2008-02-14,20.920517
2008-02-15,20.783691
2008-02-19,20.913677
2008-02-20,21.228376
2008-02-21,21.214697
2008-02-22,21.324156
2008-02-25,21.857773
2008-02-26,22.254559
2008-02-27,22.254559
2008-02-28,22.541895
2008-02-29,21.898817
2008-03-03,21.734625
2008-03-04,21.481503
2008-03-05,21.898817
2008-03-06,21.460979
2008-03-07,21.228376
2008-03-10,20.694763
2008-03-11,21.296787
2008-03-12,21.303633
2008-03-13,21.645699
2008-03-14,21.358358
2008-03-17,20.612661
2008-03-18,20.995771
2008-03-19,19.853289
2008-03-20,19.853289
2008-03-24,20.318495
2008-03-25,20.824741
2008-03-26,20.865795
2008-03-27,20.865795
2008-03-28,20.701607
2008-03-31,20.735802
2008-04-01,20.988935
2008-04-02,21.276264
2008-04-03,21.556757
2008-04-04,21.632006
2008-04-07,21.638849
2008-04-08,21.673056
2008-04-09,21.604643
2008-04-10,21.830408
2008-04-11,21.372040
2008-04-14,21.536232
2008-04-15,21.734625
2008-04-16,22.562420
2008-04-17,22.398232
2008-04-18,22.678719
2008-04-21,22.856602
2008-04-22,22.870274
2008-04-23,22.240881
2008-04-24,22.117744
2008-04-25,22.336658
2008-04-28,22.322969
2008-04-29,21.885138
2008-04-30,22.206680
2008-05-01,22.138258
2008-05-02,22.514528
2008-05-05,22.603470
2008-05-06,23.089195
2008-05-07,22.911331
2008-05-08,23.089195
2008-05-09,23.212336
2008-05-12,23.568079
2008-05-13,23.444941
2008-05-14,23.438093
2008-05-15,23.855413
2008-05-16,24.163269
2008-05-19,24.211155
2008-05-20,24.457445
2008-05-21,24.176954
2008-05-22,24.224842
2008-05-23,24.033289
2008-05-27,23.561237
2008-05-28,23.923828
2008-05-29,23.725428
2008-05-30,23.951181
2008-06-02,23.882780
2008-06-03,23.533880
2008-06-04,23.362846
2008-06-05,23.869099
2008-06-06,23.711744
2008-06-09,23.684381
2008-06-10,23.232857
2008-06-11,23.410738
2008-06-12,23.068666
2008-06-13,23.239700
2008-06-16,23.622805
2008-06-17,23.951181
2008-06-18,23.930668
2008-06-19,23.527035
2008-06-20,23.130241
2008-06-23,23.301271
2008-06-24,22.986572
2008-06-25,22.970781
2008-06-26,22.723639
2008-06-27,22.819757
2008-06-30,22.764833
2008-07-01,22.819757
2008-07-02,22.332327
2008-07-03,22.174425
2008-07-07,21.844906
2008-07-08,21.927282
2008-07-09,21.735060
2008-07-10,21.989069
2008-07-11,21.879230
2008-07-14,21.995934
2008-07-15,21.391800
2008-07-16,21.735060
2008-07-17,21.597755
2008-07-18,21.707600
2008-07-21,22.057724
2008-07-22,21.872360
2008-07-23,21.638948
2008-07-24,20.979891
2008-07-25,21.185843
2008-07-28,20.966164
2008-07-29,21.034811
2008-07-30,21.645817
2008-07-31,21.522242
2008-08-01,21.144657
2008-08-04,20.458139
2008-08-05,20.526794
2008-08-06,20.767075
2008-08-07,20.478737
2008-08-08,20.149212
2008-08-11,20.025635
2008-08-12,19.970716
2008-08-13,20.286510
2008-08-14,20.313974
2008-08-15,19.991312
2008-08-18,19.888332
2008-08-19,19.888332
2008-08-20,20.334568
2008-08-21,20.938702
2008-08-22,20.760214
2008-08-25,20.430679
2008-08-26,20.471874
2008-08-27,20.876913
2008-08-28,21.103464
2008-08-29,20.856316
2008-09-02,20.114880
2008-09-03,19.970716
2008-09-04,19.304796
2008-09-05,19.455830
2008-09-08,19.208685
2008-09-09,18.329948
2008-09-10,18.837969
2008-09-11,19.126301
2008-09-12,19.503889
2008-09-15,18.508438
2008-09-16,18.618284
2008-09-17,18.062206
2008-09-18,18.515301
2008-09-19,19.915792
2008-09-22,19.998171
2008-09-23,19.819685
2008-09-24,19.709835
2008-09-25,19.675512
2008-09-26,19.064514
2008-09-29,17.712078
2008-09-30,18.082802
2008-10-01,17.952362
2008-10-02,16.483219
2008-10-03,16.153694
2008-10-06,15.329879
2008-10-07,14.444276
2008-10-08,14.801258
2008-10-09,13.675374
2008-10-10,12.940803
2008-10-13,14.540378
2008-10-14,14.004904
2008-10-15,12.872152
2008-10-16,12.906480
2008-10-17,13.091838
2008-10-20,13.929385
2008-10-21,13.167353
2008-10-22,12.055201
2008-10-23,12.123852
2008-10-24,11.801189
2008-10-27,10.840067
2008-10-28,11.801189
2008-10-29,12.446515
2008-10-30,13.215415
2008-10-31,13.167353
2008-11-03,13.435099
2008-11-04,14.471735
2008-11-05,13.853868
2008-11-06,13.194812
2008-11-07,13.194812
2008-11-10,13.263471
2008-11-11,12.776041
2008-11-12,11.718808
2008-11-13,12.604411
2008-11-14,12.034607
2008-11-17,11.773729
2008-11-18,11.691347
2008-11-19,11.162730
2008-11-20,9.933869
2008-11-21,10.435024
2008-11-24,11.107811
2008-11-25,11.320630
2008-11-26,11.499125
2008-11-28,11.746270
2008-12-01,11.217653
2008-12-02,11.004832
2008-12-03,10.970507
2008-12-04,10.476216
2008-12-05,10.599788
2008-12-08,11.203920
2008-12-09,11.025425
2008-12-10,11.203920
2008-12-11,11.251974
2008-12-12,11.306898
2008-12-15,11.327497
2008-12-16,11.917896
2008-12-17,11.876709
2008-12-18,11.547180
2008-12-19,11.533448
2008-12-22,11.217653
2008-12-23,11.411703
2008-12-24,11.362663
2008-12-26,11.341645
2008-12-29,11.691915
2008-12-30,11.972127
2008-12-31,12.210307
2009-01-02,12.525552
2009-01-05,12.903838
2009-01-06,13.226084
2009-01-07,12.693678
2009-01-08,12.966887
2009-01-09,12.637637
2009-01-12,12.014160
2009-01-13,12.126245
2009-01-14,11.572822
2009-01-15,11.712928
2009-01-16,11.867047
2009-01-20,11.033411
2009-01-21,11.537794
2009-01-22,11.173521
2009-01-23,11.551811
2009-01-26,11.663893
2009-01-27,11.818009
2009-01-28,12.168279
2009-01-29,11.853037
2009-01-30,11.698919
2009-02-02,11.467743
2009-02-03,11.607849
2009-02-04,11.670898
2009-02-05,11.979135
2009-02-06,12.231324
2009-02-09,12.329399
2009-02-10,11.754964
2009-02-11,11.705921
2009-02-12,11.712928
2009-02-13,11.614856
2009-02-17,10.872291
2009-02-18,10.760202
2009-02-19,10.711165
2009-02-20,10.550043
2009-02-23,10.094697
2009-02-24,10.430954
2009-02-25,10.430954
2009-02-26,10.753199
2009-02-27,10.571060
2009-03-02,9.786461
2009-03-03,9.793468
2009-03-04,10.157743
2009-03-05,9.821489
2009-03-06,9.828492
2009-03-09,9.660366
2009-03-10,10.220791
2009-03-11,10.374911
2009-03-12,10.823250
2009-03-13,10.844270
2009-03-16,11.026406
2009-03-17,11.250576
2009-03-18,11.586834
2009-03-19,11.789990
2009-03-20,11.446727
2009-03-23,12.231324
2009-03-24,12.014160
2009-03-25,12.007154
2009-03-26,12.266353
2009-03-27,11.951114
2009-03-30,11.348655
2009-03-31,11.530787
2009-04-01,11.902073
2009-04-02,12.196300
2009-04-03,12.427474
2009-04-06,12.294374
2009-04-07,11.958117
2009-04-08,12.077210
2009-04-09,12.616620
2009-04-13,12.791754
2009-04-14,12.665653
2009-04-15,12.882821
2009-04-16,12.980898
2009-04-17,13.057955
2009-04-20,12.385443
2009-04-21,12.581595
2009-04-22,12.581595
2009-04-23,12.952876
2009-04-24,13.261107
2009-04-27,12.924853
2009-04-28,12.812768
2009-04-29,13.177047
2009-04-30,13.128009
2009-05-01,13.555335
2009-05-04,14.178809
2009-05-05,14.178809
2009-05-06,14.669184
2009-05-07,14.290895
2009-05-08,14.956407
2009-05-11,14.655176
2009-05-12,14.683191
2009-05-13,13.884586
2009-05-14,14.234853
2009-05-15,14.017685
2009-05-18,14.634158
2009-05-19,14.718222
2009-05-20,15.166567
2009-05-21,14.809290
2009-05-22,15.068488
2009-05-26,15.544852
2009-05-27,15.362714
2009-05-28,15.811053
2009-05-29,16.182337
2009-06-01,16.462553
2009-06-02,16.560621
2009-06-03,15.797041
2009-06-04,16.175335
2009-06-05,15.958164
2009-06-08,15.951166
2009-06-09,16.168324
2009-06-10,16.119289
2009-06-11,16.371479
2009-06-12,16.133299
2009-06-15,15.495811
2009-06-16,15.348699
2009-06-17,15.019448
2009-06-18,15.040468
2009-06-19,15.250628
2009-06-22,14.402983
2009-06-23,14.473337
2009-06-24,14.804043
2009-06-25,15.198064
2009-06-26,15.183995
2009-06-29,15.373972
2009-06-30,15.071412
2009-07-01,15.289532
2009-07-02,14.958838
2009-07-06,14.670350
2009-07-07,14.283369
2009-07-08,13.980817
2009-07-09,14.241144
2009-07-10,14.093390
2009-07-13,14.445198
2009-07-14,14.860332
2009-07-15,15.507658
2009-07-16,15.641343
2009-07-17,15.767990
2009-07-20,16.140909
2009-07-21,16.070547
2009-07-22,16.140909
2009-07-23,16.668619
2009-07-24,16.760084
2009-07-27,16.879702
2009-07-28,16.591223
2009-07-29,16.288664
2009-07-30,16.717873
2009-07-31,17.027460
2009-08-03,17.477776
2009-08-04,17.386307
2009-08-05,17.414454
2009-08-06,17.006355
2009-08-07,16.971174
2009-08-10,16.781200
2009-08-11,16.316809
2009-08-12,16.549004
2009-08-13,16.788235
2009-08-14,16.619360
2009-08-17,16.021290
2009-08-18,16.253487
2009-08-19,16.415318
2009-08-20,16.541965
2009-08-21,16.837486
2009-08-24,16.851555
2009-08-25,16.935995
2009-08-26,16.830446
2009-08-27,17.020422
2009-08-28,16.992283
2009-08-31,16.731945
2009-09-01,16.302742
2009-09-02,16.316809
2009-09-03,16.774162
2009-09-04,17.062637
2009-09-08,17.322983
2009-09-09,17.203373
2009-09-10,17.449631
2009-09-11,17.597387
2009-09-14,17.702929
2009-09-15,18.132135
2009-09-16,18.329145
2009-09-17,18.258781
2009-09-18,18.223610
2009-09-21,17.899950
2009-09-22,18.322113
2009-09-23,18.082882
2009-09-24,17.541100
2009-09-25,17.365194
2009-09-28,17.625536
2009-09-29,17.702929
2009-09-30,17.928087
2009-10-01,17.182262
2009-10-02,17.083752
2009-10-05,17.470737
2009-10-06,17.843653
2009-10-07,17.963270
2009-10-08,18.329145
2009-10-09,18.371368
2009-10-12,18.526161
2009-10-13,18.490980
2009-10-14,18.856859
2009-10-15,18.687988
2009-10-16,18.645771
2009-10-19,18.849815
2009-10-20,18.469868
2009-10-21,18.343220
2009-10-22,18.483944
2009-10-23,18.181389
2009-10-26,17.667747
2009-10-27,17.386307
2009-10-28,16.795271
2009-10-29,17.344088
2009-10-30,16.781200
2009-11-02,16.851555
2009-11-03,17.210402
2009-11-04,17.337051
2009-11-05,17.534071
2009-11-06,17.519989
2009-11-09,18.237677
2009-11-10,18.223610
2009-11-11,18.301006
2009-11-12,17.998455
2009-11-13,18.202497
2009-11-16,18.371368
2009-11-17,18.561335
2009-11-18,18.519123
2009-11-19,18.237677
2009-11-20,18.132135
2009-11-23,18.469868
2009-11-24,18.308041
2009-11-25,18.631702
2009-11-27,18.075848
2009-11-30,18.230642
2009-12-01,18.807604
2009-12-02,18.814642
2009-12-03,18.469868
2009-12-04,18.230642
2009-12-07,18.279892
2009-12-08,17.871798
2009-12-09,18.061777
2009-12-10,18.209534
2009-12-11,18.019562
2009-12-14,18.301006
2009-12-15,18.216570
2009-12-16,18.392479
2009-12-17,18.005482
2009-12-18,18.082882
2009-12-21,18.188423
2009-12-22,18.423512
2009-12-23,18.657887
2009-12-24,18.736013
2009-12-28,18.821241
2009-12-29,18.785734
2009-12-30,18.601074
2009-12-31,18.700506
2010-01-04,19.119545
2010-01-05,19.226080
2010-01-06,19.375229
2010-01-07,19.311308
2010-01-08,19.410738
2010-01-11,19.353918
2010-01-12,19.013010
2010-01-13,19.204769
2010-01-14,19.261587
2010-01-15,18.977501
2010-01-19,18.998804
2010-01-20,18.565563
2010-01-21,18.182039
2010-01-22,17.812710
2010-01-25,17.862423
2010-01-26,17.805607
2010-01-27,17.720379
2010-01-28,17.535723
2010-01-29,17.358156
2010-02-01,17.684868
2010-02-02,17.897936
2010-02-03,17.819817
2010-02-04,17.280033
2010-02-05,17.407877
2010-02-08,17.223211
2010-02-09,17.564133
2010-02-10,17.699080
2010-02-11,18.103909
2010-02-12,18.111013
2010-02-16,18.522947
2010-02-17,18.544254
2010-02-18,18.764423
2010-02-19,18.778633
2010-02-22,18.664997
2010-02-23,18.196239
2010-02-24,18.267260
2010-02-25,18.345387
2010-02-26,18.402206
2010-03-01,18.778633
2010-03-02,19.055622
2010-03-03,19.197666
2010-03-04,19.140852
2010-03-05,19.432049
2010-03-08,19.474659
2010-03-09,19.432049
2010-03-10,19.467558
2010-03-11,19.538584
2010-03-12,19.666424
2010-03-15,19.638014
2010-03-16,19.922110
2010-03-17,20.021542
2010-03-18,19.829781
2010-03-19,19.694836
2010-03-22,19.652220
2010-03-23,19.829781
2010-03-24,19.510172
2010-03-25,19.545683
2010-03-26,19.517275
2010-03-29,19.758755
2010-03-30,19.822680
2010-03-31,19.822680
2010-04-01,20.184898
2010-04-05,20.334045
2010-04-06,20.319841
2010-04-07,20.149387
2010-04-08,20.213308
2010-04-09,20.326944
2010-04-12,20.291428
2010-04-13,20.227507
2010-04-14,20.440584
2010-04-15,20.412172
2010-04-16,19.936310
2010-04-19,19.964727
2010-04-20,20.341152
2010-04-21,20.291428
2010-04-22,20.348253
2010-04-23,20.433477
2010-04-26,20.490297
2010-04-27,19.915007
2010-04-28,19.964727
2010-04-29,20.326944
2010-04-30,20.049952
2010-05-03,20.213308
2010-05-04,19.623816
2010-05-05,19.275797
2010-05-06,18.743114
2010-05-07,18.721809
2010-05-10,19.538584
2010-05-11,19.652220
2010-05-12,20.000238
2010-05-13,19.787167
2010-05-14,19.432049
2010-05-17,19.204769
2010-05-18,19.041416
2010-05-19,18.814140
2010-05-20,17.897936
2010-05-21,18.238853
2010-05-24,18.025778
2010-05-25,18.061293
2010-05-26,18.089699
2010-05-27,18.743114
2010-05-28,18.586864
2010-06-01,18.366692
2010-06-02,18.977501
2010-06-03,18.941986
2010-06-04,18.253054
2010-06-07,18.096802
2010-06-08,18.402206
2010-06-09,18.316977
2010-06-10,18.885164
2010-06-11,18.885164
2010-06-14,18.934883
2010-06-15,19.446253
2010-06-16,19.481764
2010-06-17,19.481764
2010-06-18,19.616711
2010-06-21,19.538584
2010-06-22,19.233177
2010-06-23,19.054432
2010-06-24,18.732691
2010-06-25,18.897141
2010-06-28,18.768440
2010-06-29,17.896152
2010-06-30,17.781757
2010-07-01,17.595860
2010-07-02,17.595860
2010-07-06,17.746004
2010-07-07,18.189302
2010-07-08,18.339449
2010-07-09,18.739834
2010-07-12,18.689791
2010-07-13,18.904289
2010-07-14,18.811340
2010-07-15,18.925737
2010-07-16,18.360897
2010-07-19,18.289394
2010-07-20,18.632586
2010-07-21,18.339449
2010-07-22,18.754145
2010-07-23,18.868534
2010-07-26,19.004377
2010-07-27,18.904289
2010-07-28,18.832790
2010-07-29,18.961479
2010-07-30,19.061584
2010-08-02,19.404783
2010-08-03,19.297529
2010-08-04,19.469126
2010-08-05,19.369026
2010-08-06,19.218887
2010-08-09,19.290382
2010-08-10,19.183130
2010-08-11,18.518198
2010-08-12,18.446692
2010-08-13,18.425245
2010-08-16,18.396641
2010-08-17,18.918587
2010-08-18,19.075882
2010-08-19,18.811340
2010-08-20,18.654039
2010-08-23,18.546797
2010-08-24,18.182146
2010-08-25,18.282248
2010-08-26,18.332294
2010-08-27,18.818489
2010-08-30,18.739834
2010-08-31,18.661194
2010-09-01,19.047285
2010-09-02,19.204584
2010-09-03,19.469126
2010-09-07,19.311831
2010-09-08,19.390476
2010-09-09,19.440525
2010-09-10,19.476276
2010-09-13,19.740824
2010-09-14,19.798023
2010-09-15,19.733669
2010-09-16,19.783722
2010-09-17,19.690775
2010-09-20,19.862370
2010-09-21,19.812321
2010-09-22,19.655027
2010-09-23,19.519175
2010-09-24,19.876671
2010-09-27,19.776569
2010-09-28,19.883823
2010-09-29,19.941017
2010-09-30,20.041119
2010-10-01,20.255615
2010-10-04,20.126913
2010-10-05,20.534460
2010-10-06,20.663160
2010-10-07,20.412910
2010-10-08,20.670309
2010-10-11,20.734653
2010-10-12,20.741806
2010-10-13,21.020657
2010-10-14,20.927710
2010-10-15,20.791857
2010-10-18,20.741806
2010-10-19,20.312820
2010-10-20,20.598806
2010-10-21,20.477261
2010-10-22,20.441515
2010-10-25,20.648865
2010-10-26,20.598806
2010-10-27,20.355713
2010-10-28,20.448656
2010-10-29,20.677460
2010-11-01,20.756109
2010-11-02,20.891951
2010-11-03,20.934856
2010-11-04,21.399599
2010-11-05,21.456795
2010-11-08,21.556889
2010-11-09,21.342392
2010-11-10,21.492546
2010-11-11,21.421045
2010-11-12,21.013504
2010-11-15,20.999203
2010-11-16,20.484415
2010-11-17,20.534460
2010-11-18,20.906252
2010-11-19,21.127899
2010-11-22,21.127899
2010-11-23,20.770407
2010-11-24,21.177950
2010-11-26,21.006350
2010-11-29,21.049252
2010-11-30,20.970604
2010-12-01,21.478247
2010-12-02,21.764240
2010-12-03,21.807140
2010-12-06,21.850037
2010-12-07,21.742790
2010-12-08,21.599792
2010-12-09,21.642696
2010-12-10,21.807140
2010-12-13,21.914387
2010-12-14,21.900087
2010-12-15,21.857191
2010-12-16,21.778542
2010-12-17,21.721338
2010-12-20,21.614096
2010-12-21,21.836649
2010-12-22,21.923363
2010-12-23,22.038973
2010-12-27,22.010071
2010-12-28,22.161816
2010-12-29,22.364138
2010-12-30,22.349682
2010-12-31,22.400269
2011-01-03,22.580912
2011-01-04,22.342461
2011-01-05,22.385820
2011-01-06,22.277426
2011-01-07,22.291878
2011-01-10,22.205170
2011-01-11,22.530334
2011-01-12,22.718206
2011-01-13,22.573689
2011-01-14,22.631500
2011-01-18,22.754339
2011-01-19,22.494205
2011-01-20,22.291878
2011-01-21,22.342461
2011-01-24,22.400269
2011-01-25,22.197945
2011-01-26,22.573689
2011-01-27,22.537563
2011-01-28,22.407495
2011-01-31,22.609819
2011-02-01,23.065052
2011-02-02,23.101177
2011-02-03,23.274599
2011-02-04,23.274599
2011-02-07,23.260143
2011-02-08,23.289051
2011-02-09,23.130079
2011-02-10,23.209566
2011-02-11,23.281828
2011-02-14,23.469704
2011-02-15,23.462479
2011-02-16,23.809322
2011-02-17,23.924931
2011-02-18,23.924931
2011-02-22,23.556406
2011-02-23,23.592543
2011-02-24,23.563641
2011-02-25,23.975515
2011-02-28,24.329578
2011-03-01,24.185061
2011-03-02,24.300674
2011-03-03,24.488550
2011-03-04,24.553587
2011-03-07,24.228424
2011-03-08,24.134483
2011-03-09,24.004416
2011-03-10,23.375763
2011-03-11,23.549189
2011-03-14,23.448027
2011-03-15,23.065052
2011-03-16,22.855499
2011-03-17,23.346859
2011-03-18,23.469704
2011-03-21,23.975515
2011-03-22,23.953835
2011-03-23,24.026094
2011-03-24,24.069452
2011-03-25,23.939383
2011-03-28,23.758741
2011-03-29,23.896032
2011-03-30,24.235647
2011-03-31,24.286228
2011-04-01,24.517456
2011-04-04,24.568043
2011-04-05,24.712551
2011-04-06,24.719780
2011-04-07,24.546354
2011-04-08,24.777580
2011-04-11,24.394611
2011-04-12,23.932159
2011-04-13,23.968283
2011-04-14,23.982740
2011-04-15,23.924931
2011-04-18,23.672026
2011-04-19,23.924931
2011-04-20,24.264547
2011-04-21,24.452423
2011-04-25,24.293455
2011-04-26,24.365713
2011-04-27,24.372934
2011-04-28,24.358482
2011-04-29,24.351257
2011-05-02,24.430744
2011-05-03,23.953835
2011-05-04,23.672026
2011-05-05,23.151766
2011-05-06,23.325180
2011-05-09,23.592543
2011-05-10,23.693699
2011-05-11,23.224012
2011-05-12,23.151766
2011-05-13,22.956665
2011-05-16,22.949438
2011-05-17,23.057825
2011-05-18,23.411890
2011-05-19,23.462479
2011-05-20,23.368536
2011-05-23,22.949438
2011-05-24,23.187893
2011-05-25,23.426346
2011-05-26,23.520281
2011-05-27,23.541967
2011-05-31,23.773188
2011-06-01,23.101177
2011-06-02,23.079504
2011-06-03,23.014467
2011-06-06,22.631500
2011-06-07,22.660400
2011-06-08,22.458073
2011-06-09,22.682079
2011-06-10,22.284653
2011-06-13,22.190718
2011-06-14,22.595367
2011-06-15,22.132910
2011-06-16,21.894455
2011-06-17,21.851099
2011-06-20,21.916132
2011-06-21,22.436396
2011-06-22,22.389837
2011-06-23,22.135248
2011-06-24,21.822460
2011-06-27,21.931566
2011-06-28,22.309832
2011-06-29,22.731726
2011-06-30,23.037245
2011-07-01,23.204550
2011-07-05,23.270020
2011-07-06,23.160904
2011-07-07,23.299109
2011-07-08,23.233646
2011-07-11,22.746277
2011-07-12,22.840836
2011-07-13,23.153627
2011-07-14,22.979052
2011-07-15,23.248194
2011-07-18,22.986320
2011-07-19,23.350031
2011-07-20,23.451872
2011-07-21,23.706467
2011-07-22,23.721016
2011-07-25,23.691914
2011-07-26,23.488243
2011-07-27,22.840836
2011-07-28,22.811747
2011-07-29,22.506229
2011-08-01,22.549877
2011-08-02,21.997038
2011-08-03,22.106155
2011-08-04,21.044125
2011-08-05,20.680420
2011-08-08,19.552923
2011-08-09,20.644045
2011-08-10,20.316713
2011-08-11,21.145964
2011-08-12,21.109594
2011-08-15,21.596960
2011-08-16,21.284172
2011-08-17,21.415108
2011-08-18,20.534935
2011-08-19,20.222145
2011-08-22,20.294889
2011-08-23,20.818626
2011-08-24,20.920471
2011-08-25,20.745884
2011-08-26,20.876822
2011-08-29,21.305992
2011-08-30,21.495121
2011-08-31,21.742449
2011-09-01,21.713350
2011-09-02,21.327814
2011-09-06,21.073221
2011-09-07,21.487846
2011-09-08,21.342363
2011-09-09,20.687695
2011-09-12,20.360357
2011-09-13,20.556759
2011-09-14,20.600397
2011-09-15,21.015030
2011-09-16,20.862272
2011-09-19,20.440374
2011-09-20,20.425825
2011-09-21,19.698404
2011-09-22,18.650925
2011-09-23,18.498169
2011-09-26,18.934622
2011-09-27,19.291054
2011-09-28,18.738222
2011-09-29,18.854601
2011-09-30,18.541819
2011-10-03,17.865324
2011-10-04,17.719841
2011-10-05,18.490904
2011-10-06,19.051008
2011-10-07,18.730942
2011-10-10,19.480181
2011-10-11,19.341976
2011-10-12,19.785702
2011-10-13,19.516552
2011-10-14,20.011196
2011-10-17,19.502007
2011-10-18,19.822067
2011-10-19,19.400167
2011-10-20,19.451088
2011-10-21,19.807518
2011-10-24,20.251238
2011-10-25,19.894806
2011-10-26,20.265791
2011-10-27,21.058676
2011-10-28,21.087774
2011-10-31,20.542212
2011-11-01,19.872986
2011-11-02,20.134861
2011-11-03,20.651327
2011-11-04,20.403999
2011-11-07,20.542212
2011-11-08,20.665874
2011-11-09,19.851164
2011-11-10,19.865713
2011-11-11,20.280342
2011-11-14,20.062117
2011-11-15,19.945728
2011-11-16,19.843887
2011-11-17,19.320156
2011-11-18,19.349249
2011-11-21,18.905525
2011-11-22,18.920074
2011-11-23,18.374510
2011-11-25,18.156282
2011-11-28,18.723673
2011-11-29,19.014641
2011-11-30,19.974821
2011-12-01,19.931179
2011-12-02,19.778425
2011-12-05,19.938456
2011-12-06,19.945728
2011-12-07,20.062117
2011-12-08,19.458359
2011-12-09,19.720232
2011-12-12,19.312874
2011-12-13,18.934622
2011-12-14,18.498169
2011-12-15,18.505447
2011-12-16,18.738222
2011-12-19,18.476349
2011-12-20,18.899035
2011-12-21,19.076077
2011-12-22,19.385893
2011-12-23,19.474415
2011-12-27,19.408022
2011-12-28,19.105583
2011-12-29,19.319504
2011-12-30,19.621950
2012-01-03,20.212076
2012-01-04,20.175196
2012-01-05,20.049797
2012-01-06,19.843243
2012-01-09,19.902262
2012-01-10,20.160440
2012-01-11,20.064543
2012-01-12,20.167820
2012-01-13,20.012913
2012-01-17,20.130936
2012-01-18,20.381742
2012-01-19,20.499769
2012-01-20,20.470263
2012-01-23,20.831720
2012-01-24,20.551409
2012-01-25,20.912863
2012-01-26,20.794838
2012-01-27,20.846478
2012-01-30,20.706318
2012-01-31,20.735821
2012-02-01,20.920240
2012-02-02,20.994009
2012-02-03,21.230062
2012-02-06,21.104658
2012-02-07,21.023518
2012-02-08,21.030888
2012-02-09,20.979256
2012-02-10,20.654680
2012-02-13,20.757956
2012-02-14,20.676815
2012-02-15,20.721069
2012-02-16,21.008760
2012-02-17,20.934992
2012-02-21,21.207926
2012-02-22,21.296455
2012-02-23,21.392344
2012-02-24,21.318581
2012-02-27,21.281698
2012-02-28,21.466114
2012-02-29,21.407099
2012-03-01,21.628397
2012-03-02,21.429230
2012-03-05,21.119413
2012-03-06,20.588289
2012-03-07,20.647303
2012-03-08,21.008760
2012-03-09,21.089905
2012-03-12,20.905485
2012-03-13,21.237444
2012-03-14,20.890736
2012-03-15,21.045647
2012-03-16,21.185802
2012-03-19,21.215309
2012-03-20,21.045647
2012-03-21,21.060396
2012-03-22,20.735821
2012-03-23,20.927616
2012-03-26,21.296455
2012-03-27,21.119413
2012-03-28,20.920240
2012-03-29,20.875982
2012-03-30,20.905485
2012-04-02,21.244814
2012-04-03,20.927616
2012-04-04,20.558790
2012-04-05,20.440758
2012-04-09,20.256338
2012-04-10,19.939140
2012-04-11,20.094053
2012-04-12,20.625174
2012-04-13,20.241589
2012-04-16,20.219456
2012-04-17,20.617800
2012-04-18,20.580915
2012-04-19,20.529276
2012-04-20,20.595665
2012-04-23,20.337481
2012-04-24,20.389124
2012-04-25,20.713694
2012-04-26,20.735821
2012-04-27,20.986628
2012-04-30,20.920240
2012-05-01,21.038267
2012-05-02,20.846478
2012-05-03,20.418629
2012-05-04,19.998158
2012-05-07,20.064543
2012-05-08,19.666206
2012-05-09,19.555557
2012-05-10,19.629324
2012-05-11,19.614573
2012-05-14,19.223602
2012-05-15,18.943295
2012-05-16,18.803135
2012-05-17,18.640850
2012-05-18,18.530199
2012-05-21,18.906406
2012-05-22,18.817892
2012-05-23,18.980177
2012-05-24,18.943295
2012-05-25,18.840015
2012-05-29,19.090830
2012-05-30,18.633469
2012-05-31,18.677740
2012-06-01,18.331028
2012-06-04,18.294144
2012-06-05,18.574461
2012-06-06,19.002308
2012-06-07,18.958046
2012-06-08,18.817892
2012-06-11,18.515442
2012-06-12,18.825266
2012-06-13,18.766254
2012-06-14,18.862144
2012-06-15,19.009684
2012-06-18,19.076077
2012-06-19,19.481792
2012-06-20,19.430155
2012-06-21,18.683413
2012-06-22,18.817289
2012-06-25,18.534660
2012-06-26,18.646227
2012-06-27,18.772665
2012-06-28,18.661102
2012-06-29,19.218924
2012-07-02,19.300741
2012-07-03,19.776751
2012-07-05,19.702375
2012-07-06,19.308174
2012-07-09,19.256107
2012-07-10,19.003231
2012-07-11,19.107355
2012-07-12,18.921419
2012-07-13,19.151987
2012-07-16,19.159424
2012-07-17,19.278425
2012-07-18,19.337925
2012-07-19,19.538744
2012-07-20,19.360239
2012-07-23,19.151987
2012-07-24,18.951166
2012-07-25,19.077606
2012-07-26,19.434614
2012-07-27,19.732122
2012-07-30,19.784193
2012-07-31,19.553616
2012-08-01,19.464367
2012-08-02,19.263552
2012-08-03,19.635431
2012-08-06,19.680058
2012-08-07,20.037066
2012-08-08,19.970127
2012-08-09,20.133757
2012-08-10,20.223011
2012-08-13,20.074251
2012-08-14,20.163507
2012-08-15,20.275072
2012-08-16,20.565136
2012-08-17,20.609766
2012-08-20,20.646950
2012-08-21,20.676706
2012-08-22,20.632084
2012-08-23,20.453577
2012-08-24,20.550268
2012-08-27,20.520514
2012-08-28,20.513084
2012-08-29,20.490765
2012-08-30,20.267633
2012-08-31,20.453577
2012-09-04,20.475887
2012-09-05,20.468452
2012-09-06,20.870085
2012-09-07,21.227089
2012-09-10,21.145281
2012-09-11,21.241970
2012-09-12,21.256847
2012-09-13,21.636166
2012-09-14,21.859297
2012-09-17,21.695671
2012-09-18,21.658482
2012-09-19,21.651037
2012-09-20,21.554352
2012-09-21,21.479975
2012-09-24,21.316349
2012-09-25,21.137846
2012-09-26,21.056025
2012-09-27,21.346094
2012-09-28,21.189907
2012-10-01,21.346094
2012-10-02,21.368410
2012-10-03,21.219654
2012-10-04,21.539474
2012-10-05,21.494848
2012-10-08,21.442781
2012-10-09,21.294031
2012-10-10,21.100653
2012-10-11,21.212217
2012-10-12,21.093214
2012-10-15,21.152718
2012-10-16,21.346094
2012-10-17,21.613852
2012-10-18,21.509724
2012-10-19,21.249405
2012-10-22,21.241970
2012-10-23,20.922148
2012-10-24,20.840330
2012-10-25,21.048590
2012-10-26,20.966776
2012-10-31,21.189907
2012-11-01,21.338659
2012-11-02,21.115532
2012-11-05,21.063465
2012-11-06,21.182465
2012-11-07,20.892397
2012-11-08,20.691582
2012-11-09,20.713896
2012-11-12,20.736206
2012-11-13,20.609766
2012-11-14,20.208134
2012-11-15,20.037066
2012-11-16,20.156071
2012-11-19,20.557707
2012-11-20,20.542830
2012-11-21,20.661829
2012-11-23,20.959339
2012-11-26,20.892397
2012-11-27,20.736206
2012-11-28,20.862644
2012-11-29,20.959339
2012-11-30,20.907270
2012-12-03,20.862644
2012-12-04,20.825459
2012-12-05,20.899836
2012-12-06,20.922148
2012-12-07,20.937023
2012-12-10,21.130405
2012-12-11,21.227089
2012-12-12,21.390718
2012-12-13,21.286591
2012-12-14,21.197346
2012-12-17,21.286591
2012-12-18,21.389851
2012-12-19,21.427540
2012-12-20,21.465221
2012-12-21,21.344633
2012-12-24,21.299412
2012-12-26,21.261723
2012-12-27,21.254189
2012-12-28,21.103447
2012-12-31,21.404924
2013-01-02,21.766703
2013-01-03,21.570736
2013-01-04,21.691332
2013-01-07,21.646109
2013-01-08,21.631035
2013-01-09,21.691332
2013-01-10,21.879757
2013-01-11,21.894829
2013-01-14,21.947588
2013-01-15,21.992811
2013-01-16,21.887293
2013-01-17,21.977732
2013-01-18,22.000347
2013-01-22,22.143541
2013-01-23,21.940046
2013-01-24,21.917437
2013-01-25,21.842064
2013-01-28,21.857140
2013-01-29,21.977732
2013-01-30,21.902361
2013-01-31,21.759163
2013-02-01,21.917437
2013-02-04,21.796844
2013-02-05,21.909897
2013-02-06,21.970198
2013-02-07,21.842064
2013-02-08,21.842064
2013-02-11,21.766703
2013-02-12,21.864677
2013-02-13,21.834530
2013-02-14,21.781769
2013-02-15,21.578276
2013-02-19,21.661177
2013-02-20,21.404924
2013-02-21,21.269253
2013-02-22,21.322020
2013-02-25,21.073301
2013-02-26,21.141129
2013-02-27,21.329556
2013-02-28,21.269253
2013-03-01,21.329556
2013-03-04,21.246653
2013-03-05,21.269253
2013-03-06,21.322020
2013-03-07,21.382315
2013-03-08,21.389851
2013-03-11,21.495369
2013-03-12,21.533054
2013-03-13,21.269253
2013-03-14,21.502905
2013-03-15,21.608421
2013-03-18,21.412464
2013-03-19,21.306946
2013-03-20,21.442610
2013-03-21,21.329556
2013-03-22,21.389851
2013-03-25,21.254189
2013-03-26,21.412464
2013-03-27,21.389851
2013-03-28,21.487831
2013-04-01,21.412464
2013-04-02,21.450146
2013-04-03,20.990387
2013-04-04,20.884876
2013-04-05,20.756752
2013-04-08,20.756752
2013-04-09,21.028076
2013-04-10,21.171282
2013-04-11,21.148663
2013-04-12,20.847189
2013-04-15,19.995516
2013-04-16,20.327143
2013-04-17,19.935217
2013-04-18,19.995516
2013-04-19,20.116108
2013-04-22,20.131180
2013-04-23,20.138720
2013-04-24,20.477882
2013-04-25,20.643692
2013-04-26,20.538176
2013-04-29,20.817045
2013-04-30,21.118519
2013-05-01,20.930098
2013-05-02,20.997934
2013-05-03,21.110983
2013-05-06,21.178816
2013-05-07,21.269253
2013-05-08,21.563204
2013-05-09,21.367241
2013-05-10,21.344633
2013-05-13,21.291872
2013-05-14,21.239115
2013-05-15,21.058231
2013-05-16,21.043150
2013-05-17,21.050690
2013-05-20,21.284336
2013-05-21,21.306946
2013-05-22,21.171282
2013-05-23,21.118519
2013-05-24,21.103447
2013-05-28,21.118519
2013-05-29,21.201426
2013-05-30,21.322020
2013-05-31,20.899952
2013-06-03,21.110983
2013-06-04,20.945171
2013-06-05,20.658770
2013-06-06,20.786900
2013-06-07,20.847189
2013-06-10,20.907486
2013-06-11,20.643692
2013-06-12,20.417587
2013-06-13,20.824581
2013-06-14,20.636158
2013-06-17,20.809507
2013-06-18,20.892416
2013-06-19,20.590937
2013-06-20,19.912609
2013-06-21,19.837242
2013-06-24,19.528227
2013-06-25,19.739264
2013-06-26,19.822165
2013-06-27,19.901474
2013-06-28,19.939590
2013-07-01,19.992970
2013-07-02,19.962471
2013-07-03,19.909100
2013-07-05,19.855719
2013-07-08,20.023468
2013-07-09,20.259844
2013-07-10,20.275097
2013-07-11,20.869852
2013-07-12,20.770727
2013-07-15,20.869852
2013-07-16,20.930853
2013-07-17,20.953726
2013-07-18,21.174854
2013-07-19,21.281605
2013-07-22,21.441738
2013-07-23,21.487486
2013-07-24,21.304487
2013-07-25,21.434105
2013-07-26,21.380737
2013-07-29,21.464607
2013-07-30,21.174854
2013-07-31,21.068108
2013-08-01,21.121481
2013-08-02,21.045225
2013-08-05,20.976604
2013-08-06,20.831728
2013-08-07,20.633476
2013-08-08,21.075735
2013-08-09,21.113859
2013-08-12,21.174854
2013-08-13,21.205360
2013-08-14,21.235853
2013-08-15,21.373112
2013-08-16,21.373112
2013-08-19,21.090977
2013-08-20,21.129107
2013-08-21,20.808847
2013-08-22,20.915606
2013-08-23,21.106236
2013-08-26,21.098606
2013-08-27,20.862226
2013-08-28,20.900354
2013-08-29,20.930853
2013-08-30,20.885103
2013-09-03,21.029982
2013-09-04,21.136734
2013-09-05,21.281605
2013-09-06,21.418858
2013-09-09,21.540863
2013-09-10,21.548489
2013-09-11,21.655237
2013-09-12,21.403610
2013-09-13,21.403610
2013-09-16,21.617111
2013-09-17,21.693359
2013-09-18,22.005991
2013-09-19,21.883989
2013-09-20,21.647614
2013-09-23,21.639984
2013-09-24,21.647614
2013-09-25,21.617111
2013-09-26,21.655237
2013-09-27,21.678114
2013-09-30,21.586609
2013-10-01,21.678114
2013-10-02,21.639984
2013-10-03,21.479858
2013-10-04,21.586609
2013-10-07,21.578987
2013-10-08,21.319736
2013-10-09,21.342607
2013-10-10,21.655237
2013-10-11,21.739113
2013-10-14,21.784863
2013-10-15,21.723867
2013-10-16,21.861115
2013-10-17,22.066994
2013-10-18,22.249994
2013-10-21,22.295746
2013-10-22,22.448246
2013-10-23,22.257620
2013-10-24,22.295746
2013-10-25,22.356741
2013-10-28,22.356741
2013-10-29,22.402493
2013-10-30,22.402493
2013-10-31,22.387241
2013-11-01,22.318623
2013-11-04,22.387241
2013-11-05,22.295746
2013-11-06,22.448246
2013-11-07,22.219494
2013-11-08,22.356741
2013-11-11,22.326244
2013-11-12,22.234743
2013-11-13,22.387241
2013-11-14,22.478746
2013-11-15,22.577871
2013-11-18,22.593119
2013-11-19,22.471121
2013-11-20,22.501619
2013-11-21,22.448246
2013-11-22,22.455872
2013-11-25,22.379618
2013-11-26,22.211866
2013-11-27,22.097490
2013-11-29,22.181366
2013-12-02,22.097490
2013-12-03,21.883989
2013-12-04,21.800116
2013-12-05,21.716234
2013-12-06,21.815365
2013-12-09,21.929739
2013-12-10,21.998363
2013-12-11,21.670492
2013-12-12,21.571360
2013-12-13,21.647614
2013-12-16,21.807737
2013-12-17,21.746737
2013-12-18,21.868876
2013-12-19,22.023478
2013-12-20,22.093054
2013-12-23,22.247658
2013-12-24,22.355881
2013-12-26,22.471832
2013-12-27,22.309500
2013-12-30,22.433182
2013-12-31,22.541407
2014-01-02,22.386803
2014-01-03,22.371342
2014-01-06,22.224463
2014-01-07,22.139431
2014-01-08,22.123974
2014-01-09,22.062132
2014-01-10,22.162628
2014-01-13,22.139431
2014-01-14,21.992558
2014-01-15,22.093054
2014-01-16,22.216736
2014-01-17,22.209007
2014-01-21,22.332687
2014-01-22,22.185818
2014-01-23,22.108509
2014-01-24,21.760653
2014-01-27,21.443712
2014-01-28,21.567394
2014-01-29,21.443712
2014-01-30,21.606050
2014-01-31,21.590588
2014-02-03,21.312296
2014-02-04,21.374138
2014-02-05,21.459167
2014-02-06,21.752916
2014-02-07,21.915257
2014-02-10,21.915257
2014-02-11,22.116245
2014-02-12,22.209007
2014-02-13,22.371342
2014-02-14,22.464106
2014-02-18,22.541407
2014-02-19,22.371342
2014-02-20,22.464106
2014-02-21,22.409992
2014-02-24,22.525949
2014-02-25,22.502756
2014-02-26,22.402260
2014-02-27,22.433182
2014-02-28,22.556866
2014-03-03,22.502756
2014-03-04,22.595516
2014-03-05,22.719206
2014-03-06,22.796503
2014-03-07,22.634169
2014-03-10,22.626442
2014-03-11,22.572327
2014-03-12,22.680555
2014-03-13,22.634169
2014-03-14,22.518213
2014-03-17,22.610977
2014-03-18,22.672819
2014-03-19,22.409992
2014-03-20,22.440914
2014-03-21,22.487297
2014-03-24,22.440914
2014-03-25,22.549137
2014-03-26,22.518213
2014-03-27,22.595516
2014-03-28,22.696011
2014-03-31,22.842882
2014-04-01,22.958841
2014-04-02,23.067060
2014-04-03,22.943378
2014-04-04,23.067060
2014-04-07,22.850616
2014-04-08,23.136637
2014-04-09,23.345352
2014-04-10,22.997486
2014-04-11,22.804235
2014-04-14,22.920191
2014-04-15,22.927917
2014-04-16,23.059334
2014-04-17,23.144369
2014-04-21,23.136637
2014-04-22,23.206211
2014-04-23,23.175287
2014-04-24,23.190750
2014-04-25,23.159824
2014-04-28,23.190750
2014-04-29,23.484493
2014-04-30,23.608183
2014-05-01,23.569529
2014-05-02,23.677753
2014-05-05,23.615913
2014-05-06,23.631372
2014-05-07,23.670023
2014-05-08,23.654562
2014-05-09,23.492229
2014-05-12,23.685478
2014-05-13,23.700945
2014-05-14,23.739597
2014-05-15,23.615913
2014-05-16,23.546343
2014-05-19,23.592722
2014-05-20,23.453577
2014-05-21,23.654562
2014-05-22,23.770517
2014-05-23,23.855547
2014-05-27,23.762789
2014-05-28,23.670023
2014-05-29,23.693213
2014-05-30,23.731865
2014-06-02,23.708675
2014-06-03,23.770517
2014-06-04,23.785973
2014-06-05,23.809170
2014-06-06,23.886465
2014-06-09,24.002422
2014-06-10,24.048805
2014-06-11,24.141571
2014-06-12,24.195681
2014-06-13,24.365744
2014-06-16,24.466238
2014-06-17,24.404394
2014-06-18,24.520350
2014-06-19,24.613111
2014-06-20,24.767717
2014-06-23,24.829557
2014-06-24,24.574465
2014-06-25,24.632872
2014-06-26,24.811991
2014-06-27,25.014477
2014-06-30,25.084560
2014-07-01,25.209171
2014-07-02,25.224745
2014-07-03,25.341564
2014-07-07,25.139080
2014-07-08,25.139080
2014-07-09,25.287052
2014-07-10,25.146872
2014-07-11,24.975534
2014-07-14,25.092354
2014-07-15,24.921019
2014-07-16,25.146872
2014-07-17,25.084560
2014-07-18,25.271467
2014-07-21,25.248108
2014-07-22,25.372717
2014-07-23,25.497320
2014-07-24,25.481745
2014-07-25,25.427229
2014-07-28,25.450590
2014-07-29,25.318195
2014-07-30,25.396078
2014-07-31,25.045626
2014-08-01,24.804203
2014-08-04,24.952175
2014-08-05,24.648447
2014-08-06,24.780844
2014-08-07,24.609507
2014-08-08,24.617294
2014-08-11,24.850931
2014-08-12,24.858719
2014-08-13,24.858719
2014-08-14,24.944382
2014-08-15,25.014477
2014-08-18,25.076777
2014-08-19,25.185802
2014-08-20,25.248108
2014-08-21,25.310413
2014-08-22,25.263681
2014-08-25,25.287052
2014-08-26,25.396078
2014-08-27,25.582983
2014-08-28,25.567417
2014-08-29,25.590775
2014-09-02,25.489531
2014-09-03,25.660862
2014-09-04,25.544043
2014-09-05,25.575197
2014-09-08,25.248108
2014-09-09,25.302624
2014-09-10,25.263681
2014-09-11,25.154655
2014-09-12,25.061199
2014-09-15,25.084560
2014-09-16,25.325989
2014-09-17,25.170233
2014-09-18,25.287052
2014-09-19,24.983326
2014-09-22,24.617294
2014-09-23,24.500479
2014-09-24,24.477114
2014-09-25,23.978693
2014-09-26,24.134449
2014-09-29,24.033213
2014-09-30,23.900816
2014-10-01,23.713909
2014-10-02,23.659391
2014-10-03,23.573725
2014-10-06,23.729485
2014-10-07,23.355669
2014-10-08,23.636032
2014-10-09,23.145395
2014-10-10,22.709278
2014-10-13,22.460070
2014-10-14,22.234226
2014-10-15,22.039526
2014-10-16,22.374411
2014-10-17,22.608042
2014-10-20,22.732649
2014-10-21,23.207703
2014-10-22,22.763800
2014-10-23,23.083097
2014-10-24,23.223276
2014-10-27,23.075308
2014-10-28,23.456909
2014-10-29,23.270006
2014-10-30,23.176556
2014-10-31,23.301157
2014-11-03,22.942915
2014-11-04,22.615828
2014-11-05,22.919554
2014-11-06,22.849463
2014-11-07,23.246641
2014-11-10,23.207703
2014-11-11,23.371246
2014-11-12,23.558149
2014-11-13,23.363461
2014-11-14,23.612663
2014-11-17,23.620457
2014-11-18,23.768423
2014-11-19,23.706123
2014-11-20,23.931967
2014-11-21,24.165600
2014-11-24,23.908607
2014-11-25,24.072147
2014-11-26,24.095512
2014-11-28,23.316729
2014-12-01,23.246641
2014-12-02,23.137609
2014-12-03,23.386824
2014-12-04,22.942915
2014-12-05,22.802732
2014-12-08,22.195286
2014-12-09,22.319893
2014-12-10,21.728014
2014-12-11,21.696863
2014-12-12,21.338621
2014-12-15,21.151716
2014-12-16,21.455441
2014-12-17,22.004364
2014-12-18,22.304499
2014-12-19,22.557236
2014-12-22,22.391382
2014-12-23,22.675713
2014-12-24,22.715202
2014-12-26,22.809980
2014-12-29,22.794186
2014-12-30,22.794186
2014-12-31,22.794186
2015-01-02,22.659916
2015-01-05,22.051754
2015-01-06,21.727934
2015-01-07,21.751629
2015-01-08,22.020163
2015-01-09,21.830606
2015-01-12,21.483089
2015-01-13,21.388309
2015-01-14,21.254038
2015-01-15,21.135563
2015-01-16,21.530474
2015-01-20,21.277733
2015-01-21,21.340919
2015-01-22,21.522577
2015-01-23,21.530474
2015-01-26,21.475185
2015-01-27,21.633150
2015-01-28,21.088177
2015-01-29,20.993397
2015-01-30,20.882824
2015-02-02,21.435696
2015-02-03,22.012264
2015-02-04,21.601561
2015-02-05,22.028059
2015-02-06,21.806913
2015-02-09,21.956978
2015-02-10,21.799017
2015-02-11,21.735830
2015-02-12,22.099146
2015-02-13,22.178125
2015-02-17,22.407175
2015-02-18,22.162333
2015-02-19,21.980673
2015-02-20,21.885893
2015-02-23,21.885893
2015-02-24,22.012264
2015-02-25,22.233412
2015-02-26,22.083344
2015-02-27,22.130735
2015-03-02,22.138639
2015-03-03,22.012264
2015-03-04,22.028059
2015-03-05,21.917486
2015-03-06,21.538372
2015-03-09,21.451496
2015-03-10,21.001297
2015-03-11,21.009197
2015-03-12,21.159262
2015-03-13,20.977598
2015-03-16,21.246140
2015-03-17,21.269835
2015-03-18,21.727934
2015-03-19,21.206650
2015-03-20,21.680544
2015-03-23,21.791115
2015-03-24,21.964870
2015-03-25,21.743727
2015-03-26,21.696341
2015-03-27,21.380405
2015-03-30,21.396208
2015-03-31,21.467287
2015-04-01,21.562067
2015-04-02,21.822710
2015-04-06,22.035961
2015-04-07,22.114943
2015-04-08,22.114943
2015-04-09,22.209721
2015-04-10,22.312401
2015-04-13,22.280802
2015-04-14,22.486156
2015-04-15,22.928455
2015-04-16,23.031130
2015-04-17,22.912657
2015-04-20,22.999538
2015-04-21,22.809980
2015-04-22,22.857370
2015-04-23,23.157501
2015-04-24,23.125912
2015-04-27,23.133810
2015-04-28,23.299671
2015-04-29,23.331266
2015-04-30,22.999538
2015-05-01,23.015335
2015-05-04,23.165400
2015-05-05,22.904757
2015-05-06,22.730997
2015-05-07,22.644121
2015-05-08,22.849478
2015-05-11,22.794186
2015-05-12,22.778385
2015-05-13,22.754694
2015-05-14,22.786287
2015-05-15,22.849478
2015-05-18,22.675713
2015-05-19,22.494051
2015-05-20,22.478256
2015-05-21,22.659916
2015-05-22,22.494051
2015-05-26,22.035961
2015-05-27,22.067549
2015-05-28,22.107040
2015-05-29,21.941179
2015-06-01,21.870102
2015-06-02,22.099146
2015-06-03,22.122837
2015-06-04,21.838503
2015-06-05,21.877998
2015-06-08,21.601561
2015-06-09,21.814814
2015-06-10,22.059650
2015-06-11,22.012264
2015-06-12,21.767420
2015-06-15,21.791115
2015-06-16,21.814814
2015-06-17,21.901690
2015-06-18,21.964870
2015-06-19,21.696341
2015-06-22,21.854301
2015-06-23,21.996468
2015-06-24,21.941179
2015-06-25,21.966652
2015-06-26,21.910936
2015-06-29,21.290136
2015-06-30,21.226469
2015-07-01,21.138918
2015-07-02,21.250345
2015-07-06,21.019535
2015-07-07,20.971785
2015-07-08,20.613634
2015-07-09,20.510166
2015-07-10,20.725056
2015-07-13,20.820562
2015-07-14,20.900150
2015-07-15,20.725056
2015-07-16,20.748930
2015-07-17,20.613634
2015-07-20,20.327110
2015-07-21,20.295271
2015-07-22,20.104261
2015-07-23,20.000792
2015-07-24,19.921206
2015-07-27,19.698355
2015-07-28,20.000792
2015-07-29,20.295271
2015-07-30,20.319149
2015-07-31,20.335070
2015-08-03,20.088341
2015-08-04,20.215687
2015-08-05,20.223640
2015-08-06,20.207726
2015-08-07,20.024673
2015-08-10,20.438540
2015-08-11,20.183846
2015-08-12,20.271393
2015-08-13,20.016714
2015-08-14,20.024673
2015-08-17,19.992836
2015-08-18,19.929163
2015-08-19,19.626722
2015-08-20,19.220819
2015-08-21,18.711449
2015-08-24,18.026976
2015-08-25,18.082689
2015-08-26,18.464722
2015-08-27,19.133270
2015-08-28,19.260612
2015-08-31,19.316324
2015-09-01,18.703485
2015-09-02,18.743280
2015-09-03,18.894499
2015-09-04,18.600021
2015-09-08,18.918377
2015-09-09,18.751240
2015-09-10,18.838787
2015-09-11,18.655735
2015-09-14,18.504513
2015-09-15,18.655735
2015-09-16,19.228777
2015-09-17,19.220819
2015-09-18,18.974089
2015-09-21,19.069593
2015-09-22,18.600021
2015-09-23,18.345335
2015-09-24,18.337379
2015-09-25,18.369213
2015-09-28,17.764334
2015-09-29,17.772293
2015-09-30,18.305544
2015-10-01,18.305544
2015-10-02,18.584103
2015-10-05,18.974089
2015-10-06,19.196939
2015-10-07,19.491421
2015-10-08,19.722231
2015-10-09,19.833658
2015-10-12,19.658560
2015-10-13,19.491421
2015-10-14,19.722231
2015-10-15,19.762028
2015-10-16,19.698355
2015-10-19,19.395914
2015-10-20,19.578974
2015-10-21,19.125311
2015-10-22,19.443666
2015-10-23,19.443666
2015-10-26,19.228777
2015-10-27,18.997967
2015-10-28,19.332245
2015-10-29,19.268570
2015-10-30,18.942249
2015-11-02,19.077559
2015-11-03,19.324286
2015-11-04,19.085514
2015-11-05,18.902460
2015-11-06,18.719404
2015-11-09,18.631859
2015-11-10,18.560228
2015-11-11,18.472673
2015-11-12,18.130444
2015-11-13,17.971266
2015-11-16,18.329420
2015-11-17,18.313501
2015-11-18,18.488596
2015-11-19,18.631859
2015-11-20,18.496553
2015-11-23,18.361252
2015-11-24,18.520432
2015-11-25,18.496553
2015-11-27,18.393091
2015-11-30,18.520432
2015-12-01,18.783075
2015-12-02,18.528391
2015-12-03,18.353300
2015-12-04,18.385134
2015-12-07,17.756371
2015-12-08,17.485767
2015-12-09,17.573318
2015-12-10,17.573318
2015-12-11,17.167414
2015-12-14,17.055988
2015-12-15,17.374344
2015-12-16,17.613111
2015-12-17,17.215164
2015-12-18,17.215164
2015-12-21,17.207104
2015-12-22,17.303905
2015-12-23,17.683062
2015-12-24,17.731459
2015-12-28,17.465248
2015-12-29,17.666924
2015-12-30,17.473310
2015-12-31,17.344242
2016-01-04,17.094158
2016-01-05,17.013494
2016-01-06,16.642403
2016-01-07,16.247118
2016-01-08,16.174513
2016-01-11,15.956704
2016-01-12,15.988967
2016-01-13,15.634014
2016-01-14,15.835692
2016-01-15,15.303267
2016-01-19,15.238729
2016-01-20,15.045120
2016-01-21,15.529145
2016-01-22,16.142246
2016-01-25,15.714686
2016-01-26,16.158375
2016-01-27,16.182579
2016-01-28,16.569799
2016-01-29,16.868280
2016-02-01,16.787611
2016-02-02,16.376186
2016-02-03,16.860214
2016-02-04,17.150631
2016-02-05,16.924753
2016-02-08,16.602070
2016-02-09,16.295519
2016-02-10,16.126110
2016-02-11,15.972836
2016-02-12,16.464930
2016-02-16,16.715008
2016-02-17,17.384581
2016-02-18,17.376509
2016-02-19,17.182901
2016-02-22,17.303905
2016-02-23,17.086092
2016-02-24,17.126427
2016-02-25,17.336174
2016-02-26,17.449110
2016-02-29,17.449110
2016-03-01,17.836332
2016-03-02,17.868603
2016-03-03,18.062206
2016-03-04,18.247757
2016-03-07,18.586575
2016-03-08,18.296160
2016-03-09,18.634975
2016-03-10,18.489767
2016-03-11,18.868919
2016-03-14,18.772114
2016-03-15,18.546234
2016-03-16,18.949591
2016-03-17,19.320675
2016-03-18,19.127062
2016-03-21,19.127062
2016-03-22,19.118998
2016-03-23,18.715649
2016-03-24,18.626907
2016-03-28,18.739849
2016-03-29,18.933455
2016-03-30,19.199669
2016-03-31,19.127062
2016-04-01,19.046398
2016-04-04,18.812450
2016-04-05,18.618841
2016-04-06,18.780182
2016-04-07,18.570440
2016-04-08,18.957659
2016-04-11,19.135132
2016-04-12,19.586893
2016-04-13,19.667562
2016-04-14,19.619160
2016-04-15,19.554619
2016-04-18,19.724031
2016-04-19,20.151583
2016-04-20,20.264530
2016-04-21,20.111254
2016-04-22,20.216129
2016-04-25,20.078985
2016-04-26,20.216129
2016-04-27,20.312927
2016-04-28,20.377466
2016-04-29,20.490408
2016-05-02,20.369398
2016-05-03,19.869240
2016-05-04,19.490086
2016-05-05,19.482023
2016-05-06,19.506222
2016-05-09,19.199669
2016-05-10,19.554619
2016-05-11,19.635290
2016-05-12,19.691761
2016-05-13,19.473957
2016-05-16,19.764368
2016-05-17,19.804705
2016-05-18,19.522354
2016-05-19,19.377144
2016-05-20,19.490086
2016-05-23,19.457819
2016-05-24,19.490086
2016-05-25,19.853102
2016-05-26,19.949909
2016-05-27,19.949909
2016-05-31,19.748230
2016-06-01,19.796633
2016-06-02,19.853102
2016-06-03,20.208055
2016-06-06,20.482342
2016-06-07,20.692081
2016-06-08,20.708223
2016-06-09,20.554945
2016-06-10,20.208055
2016-06-13,20.087046
2016-06-14,19.828901
2016-06-15,19.764368
2016-06-16,19.667562
2016-06-17,19.828901
2016-06-20,20.103186
2016-06-21,20.119320
2016-06-22,20.042889
2016-06-23,20.368128
2016-06-24,19.628210
2016-06-27,19.205395
2016-06-28,19.498110
2016-06-29,19.815220
2016-06-30,19.929056
2016-07-01,20.189247
2016-07-05,19.985970
2016-07-06,20.107935
2016-07-07,19.912796
2016-07-08,20.034754
2016-07-11,20.051018
2016-07-12,20.384386
2016-07-13,20.449438
2016-07-14,20.660841
2016-07-15,20.555140
2016-07-18,20.636448
2016-07-19,20.490093
2016-07-20,20.490093
2016-07-21,20.441305
2016-07-22,20.416918
2016-07-25,20.156725
2016-07-26,20.294949
2016-07-27,20.286818
2016-07-28,20.311209
2016-07-29,20.522612
2016-08-01,20.270555
2016-08-02,20.246157
2016-08-03,20.408779
2016-08-04,20.433174
2016-08-05,20.416918
2016-08-08,20.595795
2016-08-09,20.717764
2016-08-10,20.758413
2016-08-11,20.994217
2016-08-12,20.921034
2016-08-15,21.026737
2016-08-16,21.051130
2016-08-17,21.026737
2016-08-18,21.173098
2016-08-19,21.034868
2016-08-22,20.969822
2016-08-23,21.091778
2016-08-24,20.921034
2016-08-25,20.888514
2016-08-26,20.815332
2016-08-29,20.855988
2016-08-30,20.758413
2016-08-31,20.579535
2016-09-01,20.725887
2016-09-02,21.026737
2016-09-06,21.278797
2016-09-07,21.197485
2016-09-08,21.156834
2016-09-09,20.612057
2016-09-12,20.685234
2016-09-13,20.140461
2016-09-14,20.124199
2016-09-15,20.400652
2016-09-16,20.254295
2016-09-19,20.327471
2016-09-20,20.343739
2016-09-21,20.766544
2016-09-22,20.953558
2016-09-23,20.677103
2016-09-26,20.490093
2016-09-27,20.473829
2016-09-28,20.880384
2016-09-29,20.823463
2016-09-30,20.888514
2016-10-03,20.847855
2016-10-04,20.514486
2016-10-05,20.693365
2016-10-06,20.612057
2016-10-07,20.441305
2016-10-10,20.660841
2016-10-11,20.506353
2016-10-12,20.547007
2016-10-13,20.636448
2016-10-14,20.668974
2016-10-17,20.725887
2016-10-18,20.929167
2016-10-19,21.075525
2016-10-20,20.929167
2016-10-21,20.896643
2016-10-24,20.799070
2016-10-25,20.782804
2016-10-26,20.709629
2016-10-27,20.742151
2016-10-28,20.693365
2016-10-31,20.612057
2016-11-01,20.636448
2016-11-02,20.408779
2016-11-03,20.384386
2016-11-04,20.270555
2016-11-07,20.530746
2016-11-08,20.660841
2016-11-09,20.693365
2016-11-10,20.571398
2016-11-11,20.205507
2016-11-14,20.238033
2016-11-15,20.628321
2016-11-16,20.587669
2016-11-17,20.668974
2016-11-18,20.701492
2016-11-21,21.124310
2016-11-22,21.124310
2016-11-23,21.083654
2016-11-25,21.042999
2016-11-28,21.059261
2016-11-29,21.018608
2016-11-30,21.148701
2016-12-01,21.230011
2016-12-02,21.327581
2016-12-05,21.400768
2016-12-06,21.433289
2016-12-07,21.669086
2016-12-08,21.839842
2016-12-09,21.904882
2016-12-12,21.953667
2016-12-13,22.091896
2016-12-14,21.612169
2016-12-15,21.571514
2016-12-16,21.620302
2016-12-19,21.498337
2016-12-20,21.612169
2016-12-21,21.598206
2016-12-22,21.524294
2016-12-23,21.409325
2016-12-27,21.409325
2016-12-28,21.368263
2016-12-29,21.491449
2016-12-30,21.475023
2017-01-03,21.598206
2017-01-04,21.959547
2017-01-05,22.123791
2017-01-06,22.082731
2017-01-09,21.926699
2017-01-10,21.959547
2017-01-11,22.164856
2017-01-12,22.173065
2017-01-13,22.279819
2017-01-17,22.304461
2017-01-18,21.934914
2017-01-19,21.861002
2017-01-20,22.033457
2017-01-23,22.025240
2017-01-24,22.419432
2017-01-25,22.616528
2017-01-26,22.559044
2017-01-27,22.386583
2017-01-30,22.181276
2017-01-31,22.320881
2017-02-01,22.255188
2017-02-02,22.312674
2017-02-03,22.394796
2017-02-06,22.238764
2017-02-07,22.173065
2017-02-08,22.255188
2017-02-09,22.411224
2017-02-10,22.657583
2017-02-13,22.731501
2017-02-14,22.805410
2017-02-15,22.854685
2017-02-16,22.862896
2017-02-17,22.813622
2017-02-21,22.854685
2017-02-22,22.731501
2017-02-23,22.665798
2017-02-24,22.353733
2017-02-27,22.312674
2017-02-28,21.918488
2017-03-01,22.074518
2017-03-02,21.910276
2017-03-03,22.041668
2017-03-06,22.074518
2017-03-07,22.033457
2017-03-08,21.762455
2017-03-09,21.762455
2017-03-10,21.787090
2017-03-13,21.893848
2017-03-14,21.614637
2017-03-15,22.049887
2017-03-16,22.066309
2017-03-17,21.934914
2017-03-20,21.852789
2017-03-21,21.606421
2017-03-22,21.737814
2017-03-23,21.819939
2017-03-24,21.787090
2017-03-27,21.861002
2017-03-28,22.033457
2017-03-29,22.205910
2017-03-30,22.074518
2017-03-31,22.074518
2017-04-03,21.992393
2017-04-04,22.074518
2017-04-05,21.984182
2017-04-06,22.099155
2017-04-07,22.066309
2017-04-10,22.255188
2017-04-11,22.230549
2017-04-12,22.214127
2017-04-13,21.918488
2017-04-17,22.197702
2017-04-18,22.008823
2017-04-19,21.754242
2017-04-20,21.885637
2017-04-21,21.819939
2017-04-24,22.017033
2017-04-25,21.992393
2017-04-26,21.754242
2017-04-27,21.524294
2017-04-28,21.565355
2017-05-01,21.532511
2017-05-02,21.532511
2017-05-03,21.458599
2017-05-04,21.195807
2017-05-05,21.589998
2017-05-08,21.614637
2017-05-09,21.458599
2017-05-10,21.655693
2017-05-11,21.475023
2017-05-12,21.442177
2017-05-15,21.655693
2017-05-16,21.631058
2017-05-17,21.187593
2017-05-18,21.195807
2017-05-19,21.581787
2017-05-22,21.704969
2017-05-23,21.672119
2017-05-24,21.688541
2017-05-25,21.606421
2017-05-26,21.663902
2017-05-30,21.589998
2017-05-31,21.483234
2017-06-01,21.639267
2017-06-02,21.631058
2017-06-05,21.639267
2017-06-06,21.754242
2017-06-07,21.499660
2017-06-08,21.598206
2017-06-09,21.770670
2017-06-12,21.828152
2017-06-13,21.967758
2017-06-14,21.696753
2017-06-15,21.614637
2017-06-16,21.803511
2017-06-19,21.869213
2017-06-20,21.608421
2017-06-21,21.509071
2017-06-22,21.740887
2017-06-23,21.823679
2017-06-26,21.881632
2017-06-27,21.972702
2017-06-28,22.328701
2017-06-29,22.179678
2017-06-30,22.154839
2017-07-03,22.303865
2017-07-05,22.154839
2017-07-06,22.063772
2017-07-07,22.154839
2017-07-10,22.270746
2017-07-11,22.254189
2017-07-12,22.593636
2017-07-13,22.626751
2017-07-14,22.808886
2017-07-17,22.709539
2017-07-18,22.800613
2017-07-19,23.007591
2017-07-20,23.065538
2017-07-21,23.015865
2017-07-24,23.032425
2017-07-25,23.131777
2017-07-26,23.164890
2017-07-27,22.991028
2017-07-28,23.098656
2017-07-31,23.098656
2017-08-01,23.040703
2017-08-02,23.098656
2017-08-03,22.991028
2017-08-04,22.991028
2017-08-07,22.966194
2017-08-08,22.933077
2017-08-09,22.808886
2017-08-10,22.494282
2017-08-11,22.527403
2017-08-14,22.601910
2017-08-15,22.527403
2017-08-16,22.692982
2017-08-17,22.535677
2017-08-18,22.577078
2017-08-21,22.610191
2017-08-22,22.684704
2017-08-23,22.833731
2017-08-24,22.883402
2017-08-25,22.949635
2017-08-28,22.866842
2017-08-29,22.891678
2017-08-30,22.792326
2017-08-31,23.073820
2017-09-01,23.272524
2017-09-05,23.090380
2017-09-06,23.355309
2017-09-07,23.496054
2017-09-08,23.413261
2017-09-11,23.578844
2017-09-12,23.595400
2017-09-13,23.587122
2017-09-14,23.678194
2017-09-15,23.669914
2017-09-18,23.587122
2017-09-19,23.711309
2017-09-20,23.752705
2017-09-21,23.868612
2017-09-22,23.852055
2017-09-25,23.876894
2017-09-26,23.852055
2017-09-27,23.868612
2017-09-28,23.959686
2017-09-29,23.959686
2017-10-02,23.976238
2017-10-03,24.075590
2017-10-04,24.100428
2017-10-05,24.001080
2017-10-06,23.967962
2017-10-09,23.976238
2017-10-10,24.100428
2017-10-11,24.241173
2017-10-12,24.158382
2017-10-13,24.224615
2017-10-16,24.150101
2017-10-17,24.141823
2017-10-18,24.241173
2017-10-19,24.282568
2017-10-20,24.092154
2017-10-23,24.034193
2017-10-24,24.042475
2017-10-25,23.777548
2017-10-26,23.719589
2017-10-27,23.868612
2017-10-30,23.943121
2017-10-31,23.835499
2017-11-01,23.918283
2017-11-02,23.984516
2017-11-03,24.100428
2017-11-06,24.282568
2017-11-07,24.232891
2017-11-08,24.299128
2017-11-09,24.348801
2017-11-10,24.274290
2017-11-13,24.174940
2017-11-14,24.017635
2017-11-15,23.926567
2017-11-16,24.025917
2017-11-17,24.050753
2017-11-20,24.042475
2017-11-21,24.158382
2017-11-22,24.332241
2017-11-24,24.348801
2017-11-27,24.141823
2017-11-28,24.067308
2017-11-29,23.893452
2017-11-30,23.959686
2017-12-01,24.315683
2017-12-04,24.183214
2017-12-05,24.116982
2017-12-06,23.934843
2017-12-07,24.042475
2017-12-08,24.125263
2017-12-11,24.141823
2017-12-12,24.174940
2017-12-13,24.241173
2017-12-14,24.166660
2017-12-15,24.009357
2017-12-18,24.166660
2017-12-19,24.140669
2017-12-20,24.241283
2017-12-21,24.442532
2017-12-22,24.459299
2017-12-26,24.534765
2017-12-27,24.635384
2017-12-28,24.836626
2017-12-29,24.853397
2018-01-02,25.079794
2018-01-03,25.172033
2018-01-04,25.348120
2018-01-05,25.440353
2018-01-08,25.356506
2018-01-09,25.289423
2018-01-10,25.037870
2018-01-11,25.163645
2018-01-12,25.247498
2018-01-16,25.348120
2018-01-17,25.406811
2018-01-18,25.348120
2018-01-19,25.272655
2018-01-22,25.373272
2018-01-23,25.431969
2018-01-24,25.507435
2018-01-25,25.322962
2018-01-26,25.423582
2018-01-29,25.188801
2018-01-30,25.029486
2018-01-31,25.054638
2018-02-01,24.970789
2018-02-02,24.283209
2018-02-05,23.604023
2018-02-06,23.704641
2018-02-07,23.528553
2018-02-08,22.991911
2018-02-09,23.033836
2018-02-12,23.318926
2018-02-13,23.335695
2018-02-14,23.662716
2018-02-15,23.813650
2018-02-16,23.704641
2018-02-20,23.578865
2018-02-21,23.612406
2018-02-22,23.562090
2018-02-23,23.863960
2018-02-26,23.981348
2018-02-27,23.754951
2018-02-28,23.302162
2018-03-01,23.151230
2018-03-02,23.042215
2018-03-05,23.109297
2018-03-06,23.260233
2018-03-07,23.168001
2018-03-08,23.260233
2018-03-09,23.495014
2018-03-12,23.478241
2018-03-13,23.285389
2018-03-14,23.360855
2018-03-15,23.235075
2018-03-16,23.201536
2018-03-19,23.058989
2018-03-20,23.142841
2018-03-21,23.495014
2018-03-22,23.025446
2018-03-23,22.799051
2018-03-26,22.958368
2018-03-27,22.790670
2018-03-28,22.706814
2018-03-29,23.109297
2018-04-02,22.782278
2018-04-03,22.924829
2018-04-04,23.000292
2018-04-05,23.310541
2018-04-06,23.058989
2018-04-09,23.218307
2018-04-10,23.453089
2018-04-11,23.486628
2018-04-12,23.486628
2018-04-13,23.436321
2018-04-16,23.536938
2018-04-17,23.679487
2018-04-18,23.796877
2018-04-19,23.612406
2018-04-20,23.511786
2018-04-23,23.427933
2018-04-24,23.377625
2018-04-25,23.394392
2018-04-26,23.553711
2018-04-27,23.654333
2018-04-30,23.587252
2018-05-01,23.587252
2018-05-02,23.553711
2018-05-03,23.570486
2018-05-04,23.738180
2018-05-07,23.805260
2018-05-08,23.780107
2018-05-09,24.031662
2018-05-10,24.350298
2018-05-11,24.333523
2018-05-14,24.467686
2018-05-15,24.383837
2018-05-16,24.509609
2018-05-17,24.585073
2018-05-18,24.434141
2018-05-21,24.660540
2018-05-22,24.534765
2018-05-23,24.459299
2018-05-24,24.291595
2018-05-25,24.115513
2018-05-29,23.754951
2018-05-30,24.207747
2018-05-31,24.098740
2018-06-01,24.065201
2018-06-04,23.629177
2018-06-05,24.149052
2018-06-06,24.266445
2018-06-07,24.249672
2018-06-08,24.358675
2018-06-11,24.350298
2018-06-12,24.325140
2018-06-13,24.358675
2018-06-14,24.291595
2018-06-15,24.065201
2018-06-18,24.165817
2018-06-19,23.881876
2018-06-20,24.017088
2018-06-21,23.864971
2018-06-22,24.093145
2018-06-25,23.645256
2018-06-26,23.822723
2018-06-27,23.628353
2018-06-28,23.763569
2018-06-29,24.093145
2018-07-02,23.966385
2018-07-03,24.033995
2018-07-05,24.093145
2018-07-06,24.321316
2018-07-09,24.448078
2018-07-10,24.608643
2018-07-11,24.270611
2018-07-12,24.557938
2018-07-13,24.566387
2018-07-16,24.498781
2018-07-17,24.448078
2018-07-18,24.405821
2018-07-19,24.363565
2018-07-20,24.422722
2018-07-23,24.321316
2018-07-24,24.388922
2018-07-25,24.608643
2018-07-26,24.617092
2018-07-27,24.541035
2018-07-30,24.566387
2018-07-31,24.684700
2018-08-01,24.600191
2018-08-02,24.676249
2018-08-03,24.710052
2018-08-06,24.794559
2018-08-07,24.388922
2018-08-08,24.490332
2018-08-09,24.608643
2018-08-10,24.321316
2018-08-13,24.236809
2018-08-14,24.490332
2018-08-15,24.050894
2018-08-16,24.143848
2018-08-17,24.464979
2018-08-20,24.464979
2018-08-21,24.405821
2018-08-22,24.583292
2018-08-23,24.372017
2018-08-24,24.498781
2018-08-27,24.777658
2018-08-28,24.693150
2018-08-29,24.777658
2018-08-30,24.650896
2018-08-31,24.338213
2018-09-04,23.941031
2018-09-05,23.907230
2018-09-06,23.890326
2018-09-07,23.797367
2018-09-10,23.772015
2018-09-11,23.924126
2018-09-12,24.033995
2018-09-13,24.008636
2018-09-14,23.949480
2018-09-17,24.033995
2018-09-18,24.346663
2018-09-19,24.397373
2018-09-20,24.524134
2018-09-21,24.549486
2018-09-24,24.448078
2018-09-25,24.346663
2018-09-26,24.253708
2018-09-27,24.312864
2018-09-28,24.321316
2018-10-01,24.608643
2018-10-02,24.405821
2018-10-03,24.464979
2018-10-04,24.253708
2018-10-05,24.110046
2018-10-08,24.025539
2018-10-09,23.983288
2018-10-10,23.239618
2018-10-11,22.926937
2018-10-12,23.045250
2018-10-15,23.053701
2018-10-16,23.408636
2018-10-17,23.248070
2018-10-18,22.901585
2018-10-19,22.977646
2018-10-22,22.935387
2018-10-23,22.749470
2018-10-24,22.267776
2018-10-25,22.276230
2018-10-26,22.191715
2018-10-29,21.929749
2018-10-30,22.250872
2018-10-31,22.402992
2018-11-01,22.639614
2018-11-02,22.597361
2018-11-05,22.724117
2018-11-06,22.783274
2018-11-07,22.926937
2018-11-08,22.825529
2018-11-09,22.631165
2018-11-12,22.402992
2018-11-13,22.377636
2018-11-14,22.445244
2018-11-15,22.555107
2018-11-16,22.605810
2018-11-19,22.436794
2018-11-20,21.912846
2018-11-21,22.411442
2018-11-23,22.107212
2018-11-26,22.276230
2018-11-27,22.098764
2018-11-28,22.470598
2018-11-29,22.504400
2018-11-30,22.512852
2018-12-03,22.741020
2018-12-04,22.343834
2018-12-06,21.921297
2018-12-07,21.802984
2018-12-10,21.583267
2018-12-11,21.498758
2018-12-12,21.735376
2018-12-13,21.693123
2018-12-14,21.439604
2018-12-17,21.008614
2018-12-18,21.007759
2018-12-19,20.758583
2018-12-20,20.560961
2018-12-21,20.131355
2018-12-24,19.847820
2018-12-26,20.466450
2018-12-27,20.371935
2018-12-28,20.492228
2018-12-31,20.586737
2019-01-02,20.775768
2019-01-03,20.646885
2019-01-04,21.179600
2019-01-07,21.411585
2019-01-08,21.643570
2019-01-09,22.047400
2019-01-10,22.141916
2019-01-11,22.098955
2019-01-14,22.184875
2019-01-15,22.305164
2019-01-16,22.373905
2019-01-17,22.554338
2019-01-18,22.700403
2019-01-22,22.477009
2019-01-23,22.434048
2019-01-24,22.562931
2019-01-25,22.872248
2019-01-28,22.829288
2019-01-29,22.966761
2019-01-30,23.164377
2019-01-31,23.241709
2019-02-01,23.310442
2019-02-04,23.370588
2019-02-05,23.508066
2019-02-06,23.370588
2019-02-07,23.207342
2019-02-08,23.155788
2019-02-11,22.940985
2019-02-12,23.207342
2019-02-13,23.164377
2019-02-14,23.241709
2019-02-15,23.551025
2019-02-19,23.722868
2019-02-20,23.963446
2019-02-21,23.843159
2019-02-22,23.972036
2019-02-25,23.954855
2019-02-26,23.997814
2019-02-27,24.057961
2019-02-28,23.929077
2019-03-01,23.817379
2019-03-04,23.757236
2019-03-05,23.740049
2019-03-06,23.611174
2019-03-07,23.482285
2019-03-08,23.473696
2019-03-11,23.679907
2019-03-12,23.800200
2019-03-13,23.929077
2019-03-14,23.825968
2019-03-15,23.851751
2019-03-18,24.023592
2019-03-19,24.006407
2019-03-20,23.980633
2019-03-21,23.937670
2019-03-22,23.568211
2019-03-25,23.559620
2019-03-26,23.731462
2019-03-27,23.636950
2019-03-28,23.697092
2019-03-29,23.748644
2019-04-01,24.057961
2019-04-02,24.057961
2019-04-03,24.083736
2019-04-04,24.100918
2019-04-05,24.186844
2019-04-08,24.367277
2019-04-09,24.221210
2019-04-10,24.324314
2019-04-11,24.281355
2019-04-12,24.478975
2019-04-15,24.478975
2019-04-16,24.504747
2019-04-17,24.607859
2019-04-18,24.625034
2019-04-22,24.625034
2019-04-23,24.625034
2019-04-24,24.384462
2019-04-25,24.358683
2019-04-26,24.453196
2019-04-29,24.504747
2019-04-30,24.530523
2019-05-01,24.358683
2019-05-02,24.204029
2019-05-03,24.384462
2019-05-06,24.350090
2019-05-07,24.083736
2019-05-08,24.118105
2019-05-09,24.057961
2019-05-10,24.040773
2019-05-13,23.740049
2019-05-14,23.937670
2019-05-15,24.015001
2019-05-16,24.186844
2019-05-17,24.126699
2019-05-20,24.049366
2019-05-21,24.272764
2019-05-22,24.075140
2019-05-23,23.731462
2019-05-24,23.911896
2019-05-28,23.868937
2019-05-29,23.645538
2019-05-30,23.576801
2019-05-31,23.482285
2019-06-03,23.542435
2019-06-04,23.886120
2019-06-05,23.911896
2019-06-06,24.057961
2019-06-07,24.186844
2019-06-10,24.229805
2019-06-11,24.229805
2019-06-12,24.057961
2019-06-13,24.143881
2019-06-14,24.075140
2019-06-17,24.147108
2019-06-18,24.485256
2019-06-19,24.667336
2019-06-20,24.944788
2019-06-21,24.788721
2019-06-24,24.840740
2019-06-25,24.658663
2019-06-26,24.684673
2019-06-27,24.693346
2019-06-28,24.814728
2019-07-01,24.875425
2019-07-02,24.927444
2019-07-03,25.144207
2019-07-05,25.109524
2019-07-08,24.970795
2019-07-09,25.048834
2019-07-10,25.118196
2019-07-11,25.135536
2019-07-12,25.135536
2019-07-15,25.126865
2019-07-16,25.066172
2019-07-17,25.031492
2019-07-18,25.118196
2019-07-19,24.996807
2019-07-22,24.996807
2019-07-23,24.996807
2019-07-24,25.074844
2019-07-25,24.832071
2019-07-26,24.884098
2019-07-29,24.840740
2019-07-30,24.780050
2019-07-31,24.615311
2019-08-01,24.485256
2019-08-02,24.329185
2019-08-05,23.878328
2019-08-06,23.965031
2019-08-07,24.129768
2019-08-08,24.459242
2019-08-09,24.424562
2019-08-12,24.199133
2019-08-13,24.424562
2019-08-14,23.774282
2019-08-15,23.722261
2019-08-16,24.034393
2019-08-19,24.181791
2019-08-20,24.017056
2019-08-21,24.242481
2019-08-22,24.147108
2019-08-23,23.774282
2019-08-26,23.999716
2019-08-27,24.017056
2019-08-28,24.155781
2019-08-29,24.398550
2019-08-30,24.441904
2019-09-03,24.268496
2019-09-04,24.545948
2019-09-05,24.797390
2019-09-06,24.823400
2019-09-09,24.832071
2019-09-10,24.936117
2019-09-11,24.988138
2019-09-12,24.996807
2019-09-13,25.005478
2019-09-16,25.126865
2019-09-17,25.256922
2019-09-18,25.170219
2019-09-19,25.282934
2019-09-20,25.282934
2019-09-23,25.274261
2019-09-24,25.178888
2019-09-25,25.152878
2019-09-26,25.109524
2019-09-27,25.040159
2019-09-30,25.057501
2019-10-01,24.736700
2019-10-02,24.346529
2019-10-03,24.346529
2019-10-04,24.528610
2019-10-07,24.467911
2019-10-08,24.242481
2019-10-09,24.398550
2019-10-10,24.545948
2019-10-11,24.754036
2019-10-14,24.676003
2019-10-15,24.762709
2019-10-16,24.771378
2019-10-17,24.875425
2019-10-18,24.788721
2019-10-21,24.970795
2019-10-22,24.944788
2019-10-23,24.927444
2019-10-24,24.979469
2019-10-25,25.066172
2019-10-28,25.057501
2019-10-29,25.014154
2019-10-30,24.996807
2019-10-31,24.953457
2019-11-01,25.170219
2019-11-04,25.352297
2019-11-05,25.343626
2019-11-06,25.404320
2019-11-07,25.525703
2019-11-08,25.543047
2019-11-11,25.525703
2019-11-12,25.543047
2019-11-13,25.621078
2019-11-14,25.621078
2019-11-15,25.777149
2019-11-18,25.803158
2019-11-19,25.655760
2019-11-20,25.551716
2019-11-21,25.603739
2019-11-22,25.508366
2019-11-25,25.629749
2019-11-26,25.681776
2019-11-27,25.716455
2019-11-29,25.690443
2019-12-02,25.525703
2019-12-03,25.334955
2019-12-04,25.517035
2019-12-05,25.491024
2019-12-06,25.560385
2019-12-09,25.560385
2019-12-10,25.560385
2019-12-11,25.655760
2019-12-12,25.699114
2019-12-13,25.733791
2019-12-16,25.930622
2019-12-17,25.965773
2019-12-18,25.956987
2019-12-19,25.983349
2019-12-20,26.036068
2019-12-23,26.036068
2019-12-24,26.062429
2019-12-26,26.203028
2019-12-27,26.194237
2019-12-30,26.106363
2019-12-31,26.264532
2020-01-02,26.343616
2020-01-03,26.211813
2020-01-06,26.343616
2020-01-07,26.369980
2020-01-08,26.343616
2020-01-09,26.387554
2020-01-10,26.369980
2020-01-13,26.510571
2020-01-14,26.528149
2020-01-15,26.668739
2020-01-16,26.809332
2020-01-17,26.870844
2020-01-21,26.879627
2020-01-22,26.739035
2020-01-23,26.844479
2020-01-24,26.721460
2020-01-27,26.387554
2020-01-28,26.589657
2020-01-29,26.449062
2020-01-30,26.492998
2020-01-31,26.071222
2020-02-03,26.027285
2020-02-04,26.369980
2020-02-05,26.563290
2020-02-06,26.686312
2020-02-07,26.475426
2020-02-10,26.563290
2020-02-11,26.739035
2020-02-12,26.897205
2020-02-13,26.800541
2020-02-14,26.897205
2020-02-18,26.818121
2020-02-19,27.046583
2020-02-20,27.011433
2020-02-21,26.914774
2020-02-24,26.290895
2020-02-25,25.737314
2020-02-26,25.482483
2020-02-27,24.568630
2020-02-28,24.243509
2020-03-02,24.753157
2020-03-03,24.454397
2020-03-04,24.902540
2020-03-05,24.515905
2020-03-06,23.988682
2020-03-09,21.009871
2020-03-10,21.528305
2020-03-11,20.579304
2020-03-12,17.837740
2020-03-13,19.770895
2020-03-16,17.521408
2020-03-17,17.187494
2020-03-18,16.361511
2020-03-19,16.704206
2020-03-20,16.484529
2020-03-23,15.509165
2020-03-24,17.503832
2020-03-25,18.523130
2020-03-26,19.138222
2020-03-27,18.154070
2020-03-30,18.637362
2020-03-31,19.199734
2020-04-01,18.268305
2020-04-02,18.602215
2020-04-03,18.461622
2020-04-06,19.419413
2020-04-07,19.560001
2020-04-08,19.981785
2020-04-09,20.333263
2020-04-13,20.385986
2020-04-14,20.579304
2020-04-15,19.858765
2020-04-16,19.718170
2020-04-17,20.544157
2020-04-20,20.421133
2020-04-21,19.762106
2020-04-22,20.227823
2020-04-23,20.306904
2020-04-24,20.570515
2020-04-27,20.913214
2020-04-28,21.194395
2020-04-29,22.064316
2020-04-30,21.334995
2020-05-01,20.860491
2020-05-04,21.053802
2020-05-05,21.203182
2020-05-06,21.036228
2020-05-07,21.211971
2020-05-08,21.581028
2020-05-11,21.651321
2020-05-12,21.220757
2020-05-13,20.675962
2020-05-14,20.781404
2020-05-15,20.851702
2020-05-18,21.624966
2020-05-19,21.440434
2020-05-20,21.686470
2020-05-21,21.431648
2020-05-22,21.431648
2020-05-26,22.125828
2020-05-27,22.345501
2020-05-28,22.301569
2020-05-29,22.090679
2020-06-01,22.538820
2020-06-02,22.943024
2020-06-03,23.224211
2020-06-04,23.109976
2020-06-05,23.672350
2020-06-08,23.971111
2020-06-09,23.733860
2020-06-10,23.531757
2020-06-11,22.178551
2020-06-12,22.565182
2020-06-15,22.767561
2020-06-16,23.042719
2020-06-17,22.874073
2020-06-18,22.918455
2020-06-19,22.803062
2020-06-22,23.042719
2020-06-23,23.095978
2020-06-24,22.545649
2020-06-25,22.776432
2020-06-26,22.314871
2020-06-29,22.634417
2020-06-30,22.971716
2020-07-01,23.007217
2020-07-02,23.122606
2020-07-06,23.264624
2020-07-07,23.042719
2020-07-08,23.229124
2020-07-09,22.989462
2020-07-10,23.237997
2020-07-13,23.095978
2020-07-14,23.539793
2020-07-15,23.877089
2020-07-16,23.743942
2020-07-17,23.859337
2020-07-20,24.010233
2020-07-21,24.125626
2020-07-22,24.241014
2020-07-23,23.992477
2020-07-24,23.930344
2020-07-27,24.285395
2020-07-28,24.187757
2020-07-29,24.516178
2020-07-30,24.356405
2020-07-31,24.241014
2020-08-03,24.303144
2020-08-04,24.649319
2020-08-05,24.933361
2020-08-06,25.031000
2020-08-07,24.809095
2020-08-10,24.977741
2020-08-11,24.968868
2020-08-12,25.199650
2020-08-13,25.137512
2020-08-14,25.084255
2020-08-17,25.412676
2020-08-18,25.386051
2020-08-19,25.252907
2020-08-20,25.323915
2020-08-21,25.226276
2020-08-24,25.297291
2020-08-25,25.394924
2020-08-26,25.741096
2020-08-27,25.696716
2020-08-28,25.678965
2020-08-31,25.483686
2020-09-01,25.652332
2020-09-02,25.741096
2020-09-03,25.235149
2020-09-04,25.039875
2020-09-08,24.489548
2020-09-09,25.075380
2020-09-10,24.675947
2020-09-11,24.746958
2020-09-14,24.977741
2020-09-15,25.013248
2020-09-16,24.800215
2020-09-17,24.800215
2020-09-18,24.596062
2020-09-21,24.152246
2020-09-22,24.427416
2020-09-23,23.868212
2020-09-24,24.027985
2020-09-25,24.152246
2020-09-28,24.471796
2020-09-29,24.347527
2020-09-30,24.329775
2020-10-01,24.471796
2020-10-02,24.445171
2020-10-05,24.915609
2020-10-06,24.533926
2020-10-07,24.897850
2020-10-08,25.261778
2020-10-09,25.386051
2020-10-12,25.457064
2020-10-13,25.235149
2020-10-14,25.164143
2020-10-15,25.093136
2020-10-16,25.031000
2020-10-19,24.800215
2020-10-20,24.888977
2020-10-21,24.782465
2020-10-22,24.871225
2020-10-23,24.951113
2020-10-26,24.489548
2020-10-27,24.418539
2020-10-28,23.522038
2020-10-29,23.628550
2020-10-30,23.495409
2020-11-02,23.797205
2020-11-03,24.329775
2020-11-04,24.454042
2020-11-05,25.048748
2020-11-06,25.039875
2020-11-09,25.430428
2020-11-10,25.670090
2020-11-11,25.847614
2020-11-12,25.430428
2020-11-13,25.554697
2020-11-16,26.016260
2020-11-17,26.140530
2020-11-18,26.069517
2020-11-19,26.176035
2020-11-20,26.291428
2020-11-23,26.460075
2020-11-24,26.921637
2020-11-25,26.983772
2020-11-27,27.072533
2020-11-30,26.877256
2020-12-01,27.028154
2020-12-02,27.214556
2020-12-03,27.400957
2020-12-04,27.818140
2020-12-07,27.835894
2020-12-08,27.898027
2020-12-09,27.827015
2020-12-10,28.040045
2020-12-11,27.898027
2020-12-14,27.668873
2020-12-15,27.983395
2020-12-16,27.965422
2020-12-17,28.154139
2020-12-18,27.839613
2020-12-21,27.632929
2020-12-22,27.596979
2020-12-23,27.785698
2020-12-24,27.911505
2020-12-28,27.722794
2020-12-29,27.794682
2020-12-30,27.902519
2020-12-31,27.713808
2021-01-04,27.803667
2021-01-05,28.324875
2021-01-06,28.585478
2021-01-07,28.891018
2021-01-08,28.855070
2021-01-11,28.558521
2021-01-12,28.756218
2021-01-13,28.711288
2021-01-14,28.908983
2021-01-15,28.603451
2021-01-19,28.666357
2021-01-20,28.926960
2021-01-21,28.810137
2021-01-22,28.432707
2021-01-25,28.513588
2021-01-26,28.414742
2021-01-27,27.659891
2021-01-28,27.983395
2021-01-29,27.498135
2021-02-01,27.803667
2021-02-02,28.297915
2021-02-03,28.396765
2021-02-04,28.504601
2021-02-05,28.792166
2021-02-08,29.169590
2021-02-09,29.367290
2021-02-10,29.439178
2021-02-11,29.466139
2021-02-12,29.547016
2021-02-16,29.681808
2021-02-17,29.466139
2021-02-18,29.385262
2021-02-19,29.690796
2021-02-22,29.762686
2021-02-23,29.708765
2021-02-24,30.167068
2021-02-25,29.529043
2021-02-26,28.908983
2021-03-01,29.556000
2021-03-02,29.870525
2021-03-03,29.636879
2021-03-04,29.322359
2021-03-05,29.744713
2021-03-08,29.843559
2021-03-09,30.104166
2021-03-10,30.319839
2021-03-11,30.814089
2021-03-12,30.984829
2021-03-15,31.182529
2021-03-16,31.137592
2021-03-17,31.398199
2021-03-18,30.903948
2021-03-19,30.912939
2021-03-22,30.769161
2021-03-23,30.427675
2021-03-24,30.427675
2021-03-25,30.364771
2021-03-26,30.661322
2021-03-29,30.607403
2021-03-30,30.481585
2021-03-31,30.598417
2021-04-01,31.128611
2021-04-05,31.245432
2021-04-06,31.182529
2021-04-07,31.182529
2021-04-08,31.416168
2021-04-09,31.515020
2021-04-12,31.407187
2021-04-13,31.524004
2021-04-14,31.524004
2021-04-15,31.721704
2021-04-16,31.793591
2021-04-19,31.559954
2021-04-20,30.984829
2021-04-21,31.497053
2021-04-22,31.290363
2021-04-23,31.479069
2021-04-26,31.802584
2021-04-27,31.838524
2021-04-28,32.377701
2021-04-29,32.350742
2021-04-30,32.000278
2021-05-03,32.180008
2021-05-04,32.126091
2021-05-05,32.422638
2021-05-06,32.701218
2021-05-07,33.078640
2021-05-10,33.078640
2021-05-11,32.880936
2021-05-12,32.548447
2021-05-13,32.611355
2021-05-14,33.105595
2021-05-17,33.420116
2021-05-18,33.474037
2021-05-19,33.159523
2021-05-20,33.554916
2021-05-21,33.509979
2021-05-24,33.770584
2021-05-25,33.545933
2021-05-26,33.725651
2021-05-27,33.977276
2021-05-28,34.031185
2021-06-01,34.264835
2021-06-02,34.345711
2021-06-03,34.112064
2021-06-04,34.336720
2021-06-07,34.345711
2021-06-08,34.300777
2021-06-09,34.148006
2021-06-10,34.241135
2021-06-11,34.195930
2021-06-14,34.349636
2021-06-15,34.376766
2021-06-16,34.141678
2021-06-17,33.770969
2021-06-18,33.336967
2021-06-21,33.798100
2021-06-22,33.987968
2021-06-23,33.924675
2021-06-24,33.978931
2021-06-25,34.087429
2021-06-28,33.834255
2021-06-29,33.743847
2021-06-30,33.698635
2021-07-01,34.024139
2021-07-02,34.024139
2021-07-06,33.761929
2021-07-07,33.644382
2021-07-08,33.165173
2021-07-09,33.689590
2021-07-12,33.680553
2021-07-13,33.572052
2021-07-14,33.382172
2021-07-15,33.237499
2021-07-16,32.848709
2021-07-19,32.098236
2021-07-20,32.613621
2021-07-21,33.228466
2021-07-22,33.192295
2021-07-23,33.391212
2021-07-26,33.382172
2021-07-27,33.273674
2021-07-28,33.508755
2021-07-29,33.852345
2021-07-30,33.752892
2021-08-02,33.680553
2021-08-03,33.698635
2021-08-04,33.626297
2021-08-05,33.843304
2021-08-06,33.897552
2021-08-09,33.789051
2021-08-10,34.015095
2021-08-11,34.186893
2021-08-12,34.114552
2021-08-13,34.096470
2021-08-16,33.897552
2021-08-17,33.544926
2021-08-18,33.355045
2021-08-19,32.740208
2021-08-20,32.984329
2021-08-23,33.653431
2021-08-24,33.897552
2021-08-25,33.942760
2021-08-26,33.517799
2021-08-27,33.960850
2021-08-30,33.906601
2021-08-31,33.761929
2021-09-01,33.978931
2021-09-02,34.376766
2021-09-03,34.449097
2021-09-07,34.051270
2021-09-08,33.834255
2021-09-09,33.906601
2021-09-10,33.671505
2021-09-13,33.780010
2021-09-14,33.517799
2021-09-15,33.969887
2021-09-16,33.671505
2021-09-17,33.237499
2021-09-20,32.559372
2021-09-21,32.695007
2021-09-22,33.101883
2021-09-23,33.517799
2021-09-24,33.364094
2021-09-27,33.635345
2021-09-28,33.002422
2021-09-29,32.830627
2021-09-30,32.821579
2021-10-01,33.119968
2021-10-04,33.138050
2021-10-05,33.364094
2021-10-06,33.336967
2021-10-07,33.861389
2021-10-08,34.096470
2021-10-11,34.006054
2021-10-12,34.132641
2021-10-13,34.503353
2021-10-14,35.000648
2021-10-15,35.253819
2021-10-18,35.308060
2021-10-19,35.561237
2021-10-20,35.850578
2021-10-21,35.714943
2021-10-22,35.769203
2021-10-25,35.823444
2021-10-26,35.552197
2021-10-27,35.262863
2021-10-28,35.805363
2021-10-29,35.425617
2021-11-01,35.841534
2021-11-02,35.561237
2021-11-03,35.814407
2021-11-04,35.669735
2021-11-05,35.859615
2021-11-08,36.040447
2021-11-09,36.040447
2021-11-10,35.696865
2021-11-11,35.678780
2021-11-12,36.167038
2021-11-15,36.076614
2021-11-16,36.004280
2021-11-17,35.742069
2021-11-18,35.832485
2021-11-19,35.488899
2021-11-22,35.127232
2021-11-23,35.362320
2021-11-24,35.543156
2021-11-26,34.530479
2021-11-29,34.602821
2021-11-30,33.798100
2021-12-01,33.327923
2021-12-02,33.924675
2021-12-03,33.599171
2021-12-06,34.232098
2021-12-07,35.036816
2021-12-08,34.801735
2021-12-09,34.421978
2021-12-10,34.385811
2021-12-13,33.816254
2021-12-14,33.642273
2021-12-15,33.944447
2021-12-16,34.054329
2021-12-17,33.688061
2021-12-20,33.211903
2021-12-21,33.971916
2021-12-22,34.420601
2021-12-23,34.750248
2021-12-27,35.079899
2021-12-28,35.015800
2021-12-29,34.915077
2021-12-30,35.024960
2021-12-31,35.189777
2022-01-03,35.317970
2022-01-04,34.970016
2022-01-05,34.539646
2022-01-06,34.805183
2022-01-07,35.079899
2022-01-10,34.951702
2022-01-11,35.583527
2022-01-12,36.041370
2022-01-13,35.739189
2022-01-14,35.830761
2022-01-18,35.757500
2022-01-19,35.665936
2022-01-20,35.354607
2022-01-21,34.429756
2022-01-24,34.219154
2022-01-25,34.402290
2022-01-26,34.182529
2022-01-27,33.916977
2022-01-28,34.173370
2022-01-31,34.970016
2022-02-01,35.418694
2022-02-02,35.565208
2022-02-03,34.960857
2022-02-04,35.153152
2022-02-07,35.308819
2022-02-08,35.491955
2022-02-09,35.968113
2022-02-10,35.638466
2022-02-11,35.565208
2022-02-14,35.263031
2022-02-15,35.574364
2022-02-16,35.455334
2022-02-17,34.988331
2022-02-18,34.567112
2022-02-22,34.374821
2022-02-23,34.136745
2022-02-24,33.971916
2022-02-25,34.933392
2022-02-28,34.997490
2022-03-01,34.521336
2022-03-02,35.327133
2022-03-03,35.198933
2022-03-04,35.290504
2022-03-07,34.850975
2022-03-08,34.512169
2022-03-09,35.208096
2022-03-10,35.455334
2022-03-11,35.272179
2022-03-14,34.722778
2022-03-15,34.887600
2022-03-16,35.574364
2022-03-17,36.288601
2022-03-18,36.425957
2022-03-21,36.819706
2022-03-22,36.975365
2022-03-23,36.682346
2022-03-24,36.801384
2022-03-25,37.167656
2022-03-28,36.966209
2022-03-29,37.167656
2022-03-30,37.231762
2022-03-31,36.819706
2022-04-01,36.828850
2022-04-04,37.195133
2022-04-05,36.929577
2022-04-06,36.535831
2022-04-07,36.435112
2022-04-08,36.526680
2022-04-11,36.233662
2022-04-12,36.077988
2022-04-13,36.453426
2022-04-14,36.334385
2022-04-18,36.361858
2022-04-19,36.645721
2022-04-20,36.938736
2022-04-21,36.123768
2022-04-22,34.960857
2022-04-25,34.649529
2022-04-26,33.889507
2022-04-27,33.962761
2022-04-28,34.686153
2022-04-29,33.926136
2022-05-02,33.843723
2022-05-03,34.301563
2022-05-04,35.061584
2022-05-05,33.944447
2022-05-06,33.715527
2022-05-09,32.406101
2022-05-10,32.195492
2022-05-11,32.222954
2022-05-12,31.939102
2022-05-13,32.873100
2022-05-16,33.184437
2022-05-17,33.733841
2022-05-18,32.882252
2022-05-19,33.257687
2022-05-20,33.156956
2022-05-23,33.733841
2022-05-24,33.395035
2022-05-25,33.559864
2022-05-26,33.907814
2022-05-27,34.448074
2022-05-31,34.640366
2022-06-01,34.567112
2022-06-02,35.327133
2022-06-03,34.814346
2022-06-06,34.942547
2022-06-07,35.235561
2022-06-08,34.905918
2022-06-09,34.145889
2022-06-10,33.417221
2022-06-13,32.282715
2022-06-14,31.895325
2022-06-15,32.181259
2022-06-16,31.074419
2022-06-17,30.723923
2022-06-21,31.572496
2022-06-22,31.092869
2022-06-23,30.493334
2022-06-24,31.295790
2022-06-27,31.673960
2022-06-28,31.627838
2022-06-29,31.351131
2022-06-30,31.065191
2022-07-01,31.397245
2022-07-05,30.622461
2022-07-06,30.456436
2022-07-07,31.138981
2022-07-08,31.129759
2022-07-11,30.687029
2022-07-12,30.437990
2022-07-13,30.447212
2022-07-14,29.561741
2022-07-15,29.875349
2022-07-18,30.336527
2022-07-19,31.138981
2022-07-20,31.258894
2022-07-21,31.323460
2022-07-22,31.111313
2022-07-25,31.535597
2022-07-26,31.148212
2022-07-27,31.867653
2022-07-28,32.153587
2022-07-29,32.568653
2022-08-01,32.245819
2022-08-02,32.061344
2022-08-03,32.255047
2022-08-04,32.227379
2022-08-05,32.061344
2022-08-08,32.338062
2022-08-09,32.116688
2022-08-10,32.919140
2022-08-11,33.103615
2022-08-12,33.426453
2022-08-15,33.066723
2022-08-16,33.444897
2022-08-17,33.094402
2022-08-18,33.186630
2022-08-19,32.771564
2022-08-22,32.430294
2022-08-23,32.688557
2022-08-24,32.660889
2022-08-25,33.039059
2022-08-26,32.245819
2022-08-29,32.264267
2022-08-30,31.480259
2022-08-31,31.074419
2022-09-01,30.770037
2022-09-02,31.046749
2022-09-06,30.696247
2022-09-07,31.055973
2022-09-08,31.397245
2022-09-09,32.181259
2022-09-12,32.633213
2022-09-13,31.600161
2022-09-14,31.766193
2022-09-15,31.341904
2022-09-16,30.954515
2022-09-19,31.332684
2022-09-20,30.742369
2022-09-21,30.216621
2022-09-22,29.866123
2022-09-23,28.869972
2022-09-26,28.344225
2022-09-27,28.335003
2022-09-28,29.091341
2022-09-29,28.667051
2022-09-30,28.371899
2022-10-03,29.441835
2022-10-04,30.474886
2022-10-05,30.013702
2022-10-06,29.312706
2022-10-07,28.750063
2022-10-10,28.464132
2022-10-11,28.076738
2022-10-12,27.993729
2022-10-13,28.786959
2022-10-14,28.104408
2022-10-17,28.860748
2022-10-18,29.119009
2022-10-19,28.897644
2022-10-20,28.750063
2022-10-21,29.478729
2022-10-24,29.414164
2022-10-25,29.912241
2022-10-26,30.299631
2022-10-27,30.428766
2022-10-28,30.548672
2022-10-31,30.465660
2022-11-01,30.585569
2022-11-02,30.022924
2022-11-03,29.829233
2022-11-04,30.760817
2022-11-07,30.871502
2022-11-08,31.185102
2022-11-09,30.456436
2022-11-10,31.996782
2022-11-11,32.319611
2022-11-14,31.886099
2022-11-15,32.107464
2022-11-16,31.969112
2022-11-17,31.867653
2022-11-18,31.858433
2022-11-21,31.692404
2022-11-22,32.328835
2022-11-23,32.439514
2022-11-25,32.587097
2022-11-28,31.996782
2022-11-29,31.895325
2022-11-30,32.457962
2022-12-01,32.660889
2022-12-02,32.467190
2022-12-05,31.756973
2022-12-06,31.258894
2022-12-07,31.231220
2022-12-08,31.443363
2022-12-09,31.221996
2022-12-12,31.369577
2022-12-13,31.567045
2022-12-14,31.407951
2022-12-15,30.677965
2022-12-16,30.341051
2022-12-19,30.088367
2022-12-20,30.359770
2022-12-21,30.780909
2022-12-22,30.359770
2022-12-23,30.743475
2022-12-27,30.911934
2022-12-28,30.322334
2022-12-29,30.865145
2022-12-30,30.631172
2023-01-03,30.453358
2023-01-04,31.089748
2023-01-05,30.790274
2023-01-06,31.576408
2023-01-09,31.772938
2023-01-10,31.716785
2023-01-11,32.053703
2023-01-12,32.474842
2023-01-13,32.577793
2023-01-17,32.708813
2023-01-18,32.343830
2023-01-19,32.399979
2023-01-20,32.849197
2023-01-23,33.064453
2023-01-24,33.064453
2023-01-25,32.970860
2023-01-26,33.335850
2023-01-27,33.382641
2023-01-30,32.942783
2023-01-31,33.532391
2023-02-01,33.532391
2023-02-02,33.438797
2023-02-03,33.242268
2023-02-06,32.877274
2023-02-07,33.242268
2023-02-08,33.027012
2023-02-09,32.830479
2023-02-10,33.214188
2023-02-13,33.438797
2023-02-14,33.382641
2023-02-15,33.289055
2023-02-16,32.914707
2023-02-17,32.746250
2023-02-21,32.156647
2023-02-22,32.006908
2023-02-23,32.034985
2023-02-24,31.913321
2023-02-27,32.081776
2023-02-28,31.866528
2023-03-01,32.044350
2023-03-02,32.175365
2023-03-03,32.605865
2023-03-06,32.437412
2023-03-07,31.726149
2023-03-08,31.735500
2023-03-09,31.239491
2023-03-10,30.762196
2023-03-13,30.640533
2023-03-14,30.930651
2023-03-15,30.247461
2023-03-16,30.603096
2023-03-17,30.284899
2023-03-20,30.706047
2023-03-21,30.818346
2023-03-22,30.621811
2023-03-23,30.481430
2023-03-24,30.528229
2023-03-27,30.874500
2023-03-28,31.061676
2023-03-29,31.445381
2023-03-30,31.707430
2023-03-31,31.988188
2023-04-03,32.568432
2023-04-04,32.493565
2023-04-05,32.297024
2023-04-06,32.287674
2023-04-10,32.353180
2023-04-11,32.652657
2023-04-12,32.783680
2023-04-13,33.214188
2023-04-14,33.176754
2023-04-17,33.232903
2023-04-18,33.317139
2023-04-19,33.148670
2023-04-20,32.998936
2023-04-21,32.961498
2023-04-24,32.970860
2023-04-25,32.325111
2023-04-26,32.231514
2023-04-27,32.615227
2023-04-28,32.942783
2023-05-01,32.886635
2023-05-02,32.362545
2023-05-03,32.231514
2023-05-04,32.287674
2023-05-05,33.176754
2023-05-08,33.260979
2023-05-09,33.232903
2023-05-10,33.092525
2023-05-11,32.699459
2023-05-12,32.568432
2023-05-15,32.980217
2023-05-16,32.446766
2023-05-17,32.605865
2023-05-18,32.493565
2023-05-19,32.549713
2023-05-22,32.596512
2023-05-23,32.222160
2023-05-24,31.641916
2023-05-25,31.342434
2023-05-26,31.613838
2023-05-30,31.370518
2023-05-31,31.127186
2023-06-01,31.567045
2023-06-02,32.231514
2023-06-05,32.025627
2023-06-06,32.315746
2023-06-07,32.283607
2023-06-08,32.274151
2023-06-09,32.236336
2023-06-12,32.255249
2023-06-13,32.491581
2023-06-14,32.519943
2023-06-15,32.869720
2023-06-16,32.831905
2023-06-20,32.387589
2023-06-21,32.472675
2023-06-22,32.321415
2023-06-23,31.962187
2023-06-26,32.359234
2023-06-27,32.576664
2023-06-28,32.491581
2023-06-29,32.699558
2023-06-30,33.077698
2023-07-03,33.276222
2023-07-05,32.898079
2023-07-06,32.217434
2023-07-07,32.453770
2023-07-10,32.406494
2023-07-11,32.567204
2023-07-12,33.030430
2023-07-13,33.588177
2023-07-14,33.314030
2023-07-17,33.361301
2023-07-18,33.635452
2023-07-19,33.852882
2023-07-20,33.729984
2023-07-21,33.843422
2023-07-24,34.041946
2023-07-25,33.937965
2023-07-26,33.919052
2023-07-27,33.607090
2023-07-28,33.824516
2023-07-31,34.108128
2023-08-01,33.673264
2023-08-02,33.002071
2023-08-03,32.831905
2023-08-04,32.916988
2023-08-07,33.039883
2023-08-08,32.831905
2023-08-09,32.907532
2023-08-10,32.973713
2023-08-11,33.049335
2023-08-14,32.850815
2023-08-15,32.141800
2023-08-16,32.037811
2023-08-17,31.886557
2023-08-18,31.886557
2023-08-21,31.839285
2023-08-22,31.650223
2023-08-23,32.000004
2023-08-24,31.763662
2023-08-25,31.773117
2023-08-28,32.066170
2023-08-29,32.595570
2023-08-30,32.756283
2023-08-31,32.794094
2023-09-01,33.020973
2023-09-05,32.709011
2023-09-06,32.406494
2023-09-07,32.151257
2023-09-08,32.151257
2023-09-11,32.491581
2023-09-12,32.595570
2023-09-13,32.709011
2023-09-14,33.314030
2023-09-15,33.342392
2023-09-18,33.247856
2023-09-19,32.945347
2023-09-20,32.860260
2023-09-21,32.151257
2023-09-22,32.094532
2023-09-25,32.236336
2023-09-26,31.725853
2023-09-27,31.565142
2023-09-28,31.886557
2023-09-29,31.631313
2023-10-02,30.903393
2023-10-03,30.534712
2023-10-04,30.449629
2023-10-05,30.704874
2023-10-06,30.979023
2023-10-09,31.328796
2023-10-10,31.584044
2023-10-11,31.820381
2023-10-12,31.394976
2023-10-13,31.366617
2023-10-16,31.763662
2023-10-17,31.782568
2023-10-18,31.196457
2023-10-19,31.073561
2023-10-20,30.704874
2023-10-23,30.638700
2023-10-24,30.430723
2023-10-25,30.241653
2023-10-26,30.080946
2023-10-27,29.759527
2023-10-30,30.080946
2023-10-31,30.005316
2023-11-01,30.317282
2023-11-02,31.508421
2023-11-03,31.952732
2023-11-06,31.792027
2023-11-07,31.385527
2023-11-08,31.281534
2023-11-09,31.366617
2023-11-10,31.470608
2023-11-13,31.631313
2023-11-14,32.330868
2023-11-15,32.415955
2023-11-16,32.226883
2023-11-17,32.586113
2023-11-20,32.642834
2023-11-21,32.519943
2023-11-22,32.538845
2023-11-24,32.737370
2023-11-27,32.557751
2023-11-28,32.671200
2023-11-29,32.765732
2023-11-30,33.068245
2023-12-01,33.550369
2023-12-04,33.380207
2023-12-05,33.210045
2023-12-06,33.030430
2023-12-07,33.011517
2023-12-08,33.143871
2023-12-11,33.210045
2023-12-12,33.011517
2023-12-13,33.833977
2023-12-14,34.297192
2023-12-15,33.985229
2023-12-18,34.127029
2023-12-19,34.609158
2023-12-20,34.164616
2023-12-21,34.643654
2023-12-22,34.902325
2023-12-26,35.285557
2023-12-27,35.323875
2023-12-28,35.161007
2023-12-29,35.141846
2024-01-02,34.777782
2024-01-03,34.662811
2024-01-04,34.720303
2024-01-05,34.844849
2024-01-08,35.113102
2024-01-09,34.825676
2024-01-10,34.902325
2024-01-11,34.739452
2024-01-12,34.787365
2024-01-16,34.461620
2024-01-17,34.011326
2024-01-18,34.174191
2024-01-19,34.576588
2024-01-22,34.490356
2024-01-23,34.672386
2024-01-24,34.576588
2024-01-25,34.835262
2024-01-26,34.940651
2024-01-29,35.161007
2024-01-30,35.266396
2024-01-31,34.825676
2024-02-01,35.065197
2024-02-02,34.864002
2024-02-05,34.317905
2024-02-06,34.595745
2024-02-07,34.691551
2024-02-08,34.681973
2024-02-09,34.816101
2024-02-12,34.921490
2024-02-13,33.810131
2024-02-14,34.413715
2024-02-15,35.161007
2024-02-16,35.141846
2024-02-20,35.007717
2024-02-21,34.959812
2024-02-22,35.295132
2024-02-23,35.438843
2024-02-26,35.304707
2024-02-27,35.218491
2024-02-28,35.007717
2024-02-29,35.228069
2024-03-01,35.553814
2024-03-04,35.467583
2024-03-05,35.429264
2024-03-06,35.707108
2024-03-07,36.205299
2024-03-08,36.032845
2024-03-11,36.138237
2024-03-12,36.234035
2024-03-13,36.550201
2024-03-14,36.186138
2024-03-15,36.147812
2024-03-18,36.138237
2024-03-19,36.138237
2024-03-20,36.655579
2024-03-21,36.598103
2024-03-22,36.224453
2024-03-25,36.214878
2024-03-26,36.138237
2024-03-27,36.473553
2024-03-28,36.674751
2024-04-01,36.617268
2024-04-02,36.444817
2024-04-03,36.598103
2024-04-04,36.435226
2024-04-05,36.684330
2024-04-08,36.732231
2024-04-09,36.904682
2024-04-10,36.368164
2024-04-11,36.176556
2024-04-12,35.592136
2024-04-15,35.333458
2024-04-16,35.084358
2024-04-17,35.228069
2024-04-18,35.304707
2024-04-19,35.553814
2024-04-22,35.793324
2024-04-23,36.119072
2024-04-24,35.793324
2024-04-25,35.927456
2024-04-26,36.052006
2024-04-29,36.099903
2024-04-30,35.371777
2024-05-01,35.390938
2024-05-02,35.774170
2024-05-03,35.994518
2024-05-06,36.521458
2024-05-07,36.416069
2024-05-08,36.310684
2024-05-09,36.674751
2024-05-10,36.588520
2024-05-13,36.511879
2024-05-14,36.540619
2024-05-15,36.693909
2024-05-16,36.693909
2024-05-17,36.971748
2024-05-20,37.000488
2024-05-21,36.904682
2024-05-22,36.578941
2024-05-23,36.243626
2024-05-24,36.626842
2024-05-28,36.540619
2024-05-29,35.745426
2024-05-30,36.119072
2024-05-31,36.655579
2024-06-03,36.349003
2024-06-04,36.032845
2024-06-05,36.253201
2024-06-06,36.396912
2024-06-07,35.889130
2024-06-10,35.956196
2024-06-11,35.674786
2024-06-12,35.887539
2024-06-13,35.394337
2024-06-14,35.336311
2024-06-17,35.278290
2024-06-18,35.316975
2024-06-20,35.336311
2024-06-21,35.287960
2024-06-24,35.858528
2024-06-25,35.800499
2024-06-26,35.713470
2024-06-27,35.993916
2024-06-28,35.868195
2024-07-01,35.713470
2024-07-02,36.090618
2024-07-03,36.583820
2024-07-05,36.380733
2024-07-08,36.419418
2024-07-09,36.303368
2024-07-10,36.864265
2024-07-11,37.115704
2024-07-12,37.338127
2024-07-15,37.328453
2024-07-16,37.744286
2024-07-17,37.473515
2024-07-18,37.183395
2024-07-19,37.115704
2024-07-22,37.376804
2024-07-23,37.125370
2024-07-24,36.796574
2024-07-25,36.748219
2024-07-26,37.067352
2024-07-29,36.960976
2024-07-30,37.086693
2024-07-31,37.637909
2024-08-01,36.796574
2024-08-02,35.974571
2024-08-05,35.316975
2024-08-06,35.819843
2024-08-07,35.800499
2024-08-08,36.419418
2024-08-09,36.583820
2024-08-12,36.651516
2024-08-13,37.164051
2024-08-14,37.386475
2024-08-15,37.811981
2024-08-16,37.976387
2024-08-19,38.247158
2024-08-20,38.150455
2024-08-21,38.334198
2024-08-22,38.160122
2024-08-23,38.885422
2024-08-26,39.040142
2024-08-27,39.020805
2024-08-28,38.730686
2024-08-29,38.904762
2024-08-30,39.156197
2024-09-03,38.479256
2024-09-04,38.575958
2024-09-05,38.469582
2024-09-06,38.015068
2024-09-09,38.440571
2024-09-10,38.247158
2024-09-11,38.730686
2024-09-12,39.069160
2024-09-13,39.204552
2024-09-16,39.455982
2024-09-17,39.339939
2024-09-18,39.156197
2024-09-19,39.794453
2024-09-20,39.755768
2024-09-23,39.987865
2024-09-24,40.287651
2024-09-25,40.055557
2024-09-26,40.287651
2024-09-27,40.084568
2024-09-30,40.152264
2024-10-01,40.268314
2024-10-02,40.229630
2024-10-03,40.055557
2024-10-04,40.297318
2024-10-07,40.065231
2024-10-08,39.784782
2024-10-09,39.997540
2024-10-10,40.036221
2024-10-11,40.229630
2024-10-14,40.239304
2024-10-15,40.113583
2024-10-16,40.490734
2024-10-17,40.500408
2024-10-18,40.655136
2024-10-21,40.394032
2024-10-22,40.442379
2024-10-23,40.152264
2024-10-24,40.074898
2024-10-25,39.804123
2024-10-28,40.065231
2024-10-29,39.910500
2024-10-30,39.871815
2024-10-31,39.291584
2024-11-01,39.330265
2024-11-04,39.552689
2024-11-05,39.997540
2024-11-06,40.210293
2024-11-07,40.771179
2024-11-08,40.316662
2024-11-11,40.490734
2024-11-12,40.858215
2024-11-13,40.751842
2024-11-14,40.693821
2024-11-15,40.345676
2024-11-18,40.645466
2024-11-19,40.887226
2024-11-20,40.819530
2024-11-21,41.525486
2024-11-22,41.554504
2024-11-25,41.477135
2024-11-26,41.196682
2024-11-27,41.419113
2024-11-29,41.825275
2024-12-02,41.680214
2024-12-03,41.583515
2024-12-04,41.544830
2024-12-05,41.854286
2024-12-06,41.467464
2024-12-09,41.293396
2024-12-10,41.128990
2024-12-11,41.351414
2024-12-12,40.761513
2024-12-13,40.626122
2024-12-16,40.423038
2024-12-17,40.178051
2024-12-18,39.051105
2024-12-19,38.845318
2024-12-20,39.129505
2024-12-23,39.345097
2024-12-24,39.648880
2024-12-26,39.609680
2024-12-27,39.413692
2024-12-30,39.286297
2024-12-31,39.492085
2025-01-02,39.541084
2025-01-03,39.776272
2025-01-06,40.001663
2025-01-07,39.766476
2025-01-08,39.982063
2025-01-10,39.217701
2025-01-13,39.041309
2025-01-14,39.266697
2025-01-15,39.688080
2025-01-16,39.599880
2025-01-17,39.737076
2025-01-21,40.403442
2025-01-22,40.236855
2025-01-23,40.619030
2025-01-24,40.815025
2025-01-27,40.481842
2025-01-28,40.530838
2025-01-29,40.658230
2025-01-30,40.942413
2025-01-31,40.393642
2025-02-03,39.766476
2025-02-04,40.491638
2025-02-05,40.903221
2025-02-06,40.962017
2025-02-07,40.815025
2025-02-10,41.177605
2025-02-11,41.226604
2025-02-12,41.118809
2025-02-13,41.667583
2025-02-14,41.324596
2025-02-18,41.589188
2025-02-19,41.383392
2025-02-20,41.373596
2025-02-21,40.717030
2025-02-24,40.550438
2025-02-25,40.521038
2025-02-26,40.599434
2025-02-27,39.982063
2025-02-28,40.403442
2025-03-03,39.639080
2025-03-04,38.972710
2025-03-05,39.913467
2025-03-06,39.560680
2025-03-07,39.658684
2025-03-10,38.884518
2025-03-11,38.688522
2025-03-12,39.041309
2025-03-13,38.512135
2025-03-14,39.305897
2025-03-17,39.874268
2025-03-18,39.707676
2025-03-19,40.217251
2025-03-20,40.207455
2025-03-21,40.060459
2025-03-24,40.677830
2025-03-25,40.873817
2025-03-26,40.550438
2025-03-27,40.423042
2025-03-28,39.756672
2025-03-31,39.933067
2025-04-01,40.305447
2025-04-02,40.756229
2025-04-03,39.805672
2025-04-04,37.639977
2025-04-07,37.032410
2025-04-08,36.424835
2025-04-09,38.747326
2025-04-10,37.963364
2025-04-11,39.070705
2025-04-14,39.629276
2025-04-15,39.717476
2025-04-16,40.011463
2025-04-17,40.276051
2025-04-21,39.952667
2025-04-22,40.560234
2025-04-23,40.687626
2025-04-24,41.216805
2025-04-25,41.197205
2025-04-28,41.520588
2025-04-29,41.598984
2025-04-30,41.598984
2025-05-01,41.461792
2025-05-02,41.981167
2025-05-05,41.804775
2025-05-06,41.912567
2025-05-07,42.030163
2025-05-08,41.951767
2025-05-09,41.990963
2025-05-12,42.216358
2025-05-13,42.529942
2025-05-14,42.569138
2025-05-15,42.951321
2025-05-16,43.010117
2025-05-19,43.166912
2025-05-20,43.304100
2025-05-21,43.059109
2025-05-22,43.117912
2025-05-23,43.549088
2025-05-27,43.921474
2025-05-28,43.862671
2025-05-29,43.882271
2025-05-30,44.058662
2025-06-02,44.480045
2025-06-03,44.431049
2025-06-04,44.342850
2025-06-05,44.411446
2025-06-06,44.480045
2025-06-09,44.391850
2025-06-10,44.519241
2025-06-11,44.744633
2025-06-12,45.077816
2025-06-13,44.960220
2025-06-16,45.143719
2025-06-17,44.837894
2025-06-18,44.709641
2025-06-20,44.492603
2025-06-23,44.719509
2025-06-24,45.005600
2025-06-25,44.709641
2025-06-26,45.301559
2025-06-27,44.966141
2025-06-30,45.577793
2025-07-01,45.567924
2025-07-02,45.706039
2025-07-03,46.041458
2025-07-07,45.558060
2025-07-08,45.380486
2025-07-09,45.508736
2025-07-10,45.784962
2025-07-11,45.508736
2025-07-14,45.814556
2025-07-15,45.419949
2025-07-16,45.844158
2025-07-17,46.080921
2025-07-18,45.962540
2025-07-21,46.080921
2025-07-22,46.455807
2025-07-23,46.534725
2025-07-24,46.337421
2025-07-25,46.376881
2025-07-28,46.090790
2025-07-29,46.159847
2025-07-30,45.755367
2025-07-31,45.558060
2025-08-01,45.242371
2025-08-04,45.952679
2025-08-05,46.297958
2025-08-06,47.087185
2025-08-07,46.702438
2025-08-08,46.702438
2025-08-11,46.643246
2025-08-12,46.870148
2025-08-13,46.998398
2025-08-14,46.692574
2025-08-15,46.633381
2025-08-18,46.712303
2025-08-19,46.367016
2025-08-20,46.475536
2025-08-21,46.643246
2025-08-22,47.383144
2025-08-25,46.909611
2025-08-26,47.373280
2025-08-27,47.718567
2025-08-28,47.807354
2025-08-29,48.132912
2025-09-02,47.935604
2025-09-03,48.211830
2025-09-04,48.458462
2025-09-05,48.507790
2025-09-08,48.636044
2025-09-09,48.606445
2025-09-10,48.754421
2025-09-11,49.247688
2025-09-12,48.932003
2025-09-15,49.454865
2025-09-16,49.405540
2025-09-17,49.306881
2025-09-18,49.504189
2025-09-19,50.046783
2025-09-22,50.194763
2025-09-23,49.849476
2025-09-24,49.563381
2025-09-25,49.375938
2025-09-26,49.346344
2025-09-29,49.780415
2025-09-30,49.869205
2025-10-01,49.888939
2025-10-02,49.908669
2025-10-03,50.549919
2025-10-06,50.609104
2025-10-07,50.253956
2025-10-08,50.451260
2025-10-09,49.849476
2025-10-10,49.188503
2025-10-13,49.908669
2025-10-14,49.849476
2025-10-15,50.273685
2025-10-16,49.938263
2025-10-17,49.602840
2025-10-20,50.036919
2025-10-21,49.316750
2025-10-22,49.523918
2025-10-23,49.898804
2025-10-24,50.155300
2025-10-27,50.105976
2025-10-28,50.717625
2025-10-29,50.066513
2025-10-30,49.987591
2025-10-31,50.056648
2025-11-03,49.987591
2025-11-04,49.050385
2025-11-05,49.583111
2025-11-06,49.079983
2025-11-07,49.425266
2025-11-10,50.204628
2025-11-11,50.352608
2025-11-12,51.053047
2025-11-13,49.957996
2025-11-14,50.204628
2025-11-17,49.662037
2025-11-18,49.849476
2025-11-19,49.938263
2025-11-20,49.237823
2025-11-21,49.750824
2025-11-24,50.362473
2025-11-25,50.865604
2025-11-26,51.546310
2025-11-28,51.990250
2025-12-01,51.477253
2025-12-02,51.437790
2025-12-03,51.763351
2025-12-04,52.355267
2025-12-05,52.572304
2025-12-08,52.236885
2025-12-09,52.355267
2025-12-10,52.996517
2025-12-11,53.351665
2025-12-12,53.164223
2025-12-15,53.075436
2025-12-16,52.732052
2025-12-17,52.562847
2025-12-18,52.970928
2025-12-19,53.428776
2025-12-22,53.916481
2025-12-23,54.284752
2025-12-24,54.344467
2025-12-26,54.543533
2025-12-29,54.075737
2025-12-30,54.045872
2025-12-31,53.677605
2026-01-02,53.936386
2026-01-05,54.334518
2026-01-06,54.394238
2026-01-07,53.757229
2026-01-08,54.205124
2026-01-09,54.374332
2026-01-12,54.832176
2026-01-13,54.862034
2026-01-14,54.921757
2026-01-15,54.961571
2026-01-16,54.871990
2026-01-20,54.493767
2026-01-21,54.762505
2026-01-22,54.941662
2026-01-23,55.508995
2026-01-26,55.429367
2026-01-27,55.917076
2026-01-28,56.086277
2026-01-29,56.265438
2026-01-30,54.006058
2026-02-02,54.294704
2026-02-03,54.583347
2026-02-04,54.752548
2026-02-05,53.886623
2026-02-06,54.752548
2026-02-09,56.006657
2026-02-10,56.454548
2026-02-11,56.315205
2026-02-12,55.001381
2026-02-13,55.907120
2026-02-17,55.598576
2026-02-18,56.195763
2026-02-19,56.484409
2026-02-20,56.892490
2026-02-23,56.683472
2026-02-24,56.882538
2026-02-25,57.320477
2026-02-26,57.877857
2026-02-27,57.708652
2026-03-02,57.887810
2026-03-03,56.802910
2026-03-04,57.201038
2026-03-05,56.643658
2026-03-06,56.086277
2026-03-09,56.345062
2026-03-10,56.434643
2026-03-11,56.215672
2026-03-12,55.588619
2026-03-13,54.772457
2026-03-16,55.588619
2026-03-17,55.638386
2026-03-18,54.553490
2026-03-19,53.846809
2026-03-20,52.960976
2026-03-23,53.966251
2026-03-24,53.826904
2026-03-25,54.374332
2026-03-26,53.458633
2026-03-27,53.379009
2026-03-30,53.169991
2026-03-31,54.533581
2026-04-01,54.921757
2026-04-02,55.061100
2026-04-06,55.230305
2026-04-07,55.459229
2026-04-08,56.374924
2026-04-09,56.175858
2026-04-10,56.494358
2026-04-13,56.992020
2026-04-14,57.429962
2026-04-15,57.768372
2026-04-16,57.718605
2026-04-17,58.246124
2026-04-20,58.494953
2026-04-21,57.549400
2026-04-22,57.718605
2026-04-23,57.569305
2026-04-24,57.668839
2026-04-27,57.708652
2026-04-28,57.191086
2026-04-29,56.713329
2026-04-30,58.325748
2026-05-01,58.126686
2026-05-04,57.619072
2026-05-05,57.429962
2026-05-06,57.937572
2026-05-07,57.549400
2026-05-08,57.818138
2026-05-11,57.867901
2026-05-12,57.997295
2026-05-13,57.469776
2026-05-14,57.897762
2026-05-15,57.171177
2026-05-18,57.290619
2026-05-19,57.220947
2026-05-20,58.007248
2026-05-21,58.305843
2026-05-22,58.236168
2026-05-26,58.425282
2026-05-27,57.987339
2026-05-28,58.305843
2026-05-29,58.534767
2026-06-01,58.435234
2026-06-02,59.181725
2026-06-03,58.365562
2026-06-04,59.141911
2026-06-05,57.758415
2026-06-08,57.788277
2026-06-09,57.758415
2026-06-10,57.439915
2026-06-11,58.216267
2026-06-12,58.485001
2026-06-15,58.930000
2026-06-16,59.110001
2026-06-17,58.189999
2026-06-18,57.869999
2026-06-22,57.889999
2026-06-23,57.669998
2026-06-24,57.290001
2026-06-25,57.619999
2026-06-26,57.799999
2026-06-29,57.490002
2026-06-30,57.639999
2026-07-01,57.669998
2026-07-02,57.770000
2026-07-06,58.060001
2026-07-07,58.360001
2026-07-08,57.970001
2026-07-09,58.380001
2026-07-10,58.650002
2026-07-13,58.730000
2026-07-14,59.180000
2026-07-15,59.490002
2026-07-16,59.389999
2026-07-17,59.450001
2026-07-20,58.619999
2026-07-21,59.049999
2026-07-22,59.279999
2026-07-23,58.820000
2026-07-24,59.070000
2026-07-27,59.389999
2026-07-28,59.840000
2026-07-29,59.290001
2026-07-30,59.790001
2026-07-31,59.389999
2026-08-03,59.650002
2026-08-04,60.000000
2026-08-05,60.779999
2026-08-06,60.700001
2026-08-07,61.299999
2026-08-10,61.500000
2026-08-11,61.509998
2026-08-12,61.770000
2026-08-13,62.099998
2026-08-14,62.230000
2026-08-17,62.180000
2026-08-18,61.580002
2026-08-19,61.830002
2026-08-20,61.770000
2026-08-21,62.360001
2026-08-24,62.119999
2026-08-25,62.639999
2026-08-26,62.230000
2026-08-27,62.259998
2026-08-28,61.730000
2026-08-31,61.430000
2026-09-01,60.599998
2026-09-02,61.270000
2026-09-03,62.470001
2026-09-04,62.040001
2026-09-08,61.490002
2026-09-09,60.990002
2026-09-10,60.290001
2026-09-11,60.580002
2026-09-14,60.500000
2026-09-15,60.290001
2026-09-16,59.860001
2026-09-17,60.410000
2026-09-18,60.220001
