date,value
2003-04-14,7.199284
2003-04-15,7.284820
2003-04-16,7.368930
2003-04-17,7.421677
2003-04-21,7.418828
2003-04-22,7.443772
2003-04-23,7.478701
2003-04-24,7.331153
2003-04-25,7.209976
2003-04-28,7.329014
2003-04-29,7.537863
2003-04-30,7.516483
2003-05-01,7.487255
2003-05-02,7.602015
2003-05-05,7.683987
2003-05-06,7.723190
2003-05-07,7.708936
2003-05-08,7.641221
2003-05-09,7.731033
2003-05-12,7.838666
2003-05-13,7.794472
2003-05-14,7.755266
2003-05-15,7.770948
2003-05-16,7.776650
2003-05-19,7.591324
2003-05-20,7.629104
2003-05-21,7.635520
2003-05-22,7.704660
2003-05-23,7.783780
2003-05-27,8.062486
2003-05-28,8.097410
2003-05-29,8.108101
2003-05-30,8.202193
2003-06-02,8.261355
2003-06-03,8.198627
2003-06-04,8.304126
2003-06-05,8.312676
2003-06-06,8.390370
2003-06-09,8.318379
2003-06-10,8.403916
2003-06-11,8.411040
2003-06-12,8.474482
2003-06-13,8.471629
2003-06-16,8.562870
2003-06-17,8.738930
2003-06-18,8.706858
2003-06-19,8.706858
2003-06-20,8.706858
2003-06-23,8.493017
2003-06-24,8.430290
2003-06-25,8.500143
2003-06-26,8.592094
2003-06-27,8.552176
2003-06-30,8.546475
2003-07-01,8.639139
2003-07-02,8.842289
2003-07-03,8.867237
2003-07-07,9.086778
2003-07-08,9.112437
2003-07-09,9.091055
2003-07-10,8.931385
2003-07-11,9.006230
2003-07-14,9.164470
2003-07-15,9.049000
2003-07-16,9.056129
2003-07-17,8.819482
2003-07-18,8.937091
2003-07-21,8.818767
2003-07-22,8.924261
2003-07-23,8.867237
2003-07-24,8.910006
2003-07-25,9.056129
2003-07-28,9.106025
2003-07-29,9.054702
2003-07-30,8.988414
2003-07-31,9.031181
2003-08-01,9.051139
2003-08-04,9.011223
2003-08-05,8.914280
2003-08-06,8.874365
2003-08-07,8.939228
2003-08-08,8.999105
2003-08-11,9.038307
2003-08-12,9.073946
2003-08-13,9.202251
2003-08-14,9.323428
2003-08-15,9.230762
2003-08-18,9.427496
2003-08-19,9.473832
2003-08-20,9.475254
2003-08-21,9.649180
2003-08-22,9.698359
2003-08-25,9.622807
2003-08-26,9.505192
2003-08-27,9.615674
2003-08-28,9.682680
2003-08-29,9.752536
2003-09-02,9.897233
2003-09-03,9.975640
2003-09-04,10.011279
2003-09-05,10.002012
2003-09-08,10.191622
2003-09-09,10.014844
2003-09-10,9.848048
2003-09-11,9.836645
2003-09-12,9.906499
2003-09-15,9.760372
2003-09-16,9.961387
2003-09-17,9.918615
2003-09-18,10.032664
2003-09-19,9.986331
2003-09-22,9.823102
2003-09-23,9.847340
2003-09-24,9.865156
2003-09-25,9.719031
2003-09-26,9.651315
2003-09-29,9.719747
2003-09-30,9.689093
2003-10-01,9.943565
2003-10-02,10.086125
2003-10-03,10.185917
2003-10-06,10.225121
2003-10-07,10.214430
2003-10-08,10.290697
2003-10-09,10.463908
2003-10-10,10.592212
2003-10-13,10.752593
2003-10-14,10.547304
2003-10-15,10.674898
2003-10-16,10.672042
2003-10-17,10.607183
2003-10-20,10.666343
2003-10-21,10.719805
2003-10-22,10.562276
2003-10-23,10.406884
2003-10-24,10.352003
2003-10-27,10.471037
2003-10-28,10.614305
2003-10-29,10.702697
2003-10-30,10.664206
2003-10-31,10.578671
2003-11-03,10.830998
2003-11-04,10.860938
2003-11-05,10.875193
2003-11-06,10.797499
2003-11-07,10.808905
2003-11-10,10.659928
2003-11-11,10.523071
2003-11-12,10.710538
2003-11-13,10.793222
2003-11-14,10.738338
2003-11-17,10.528772
2003-11-18,10.549445
2003-11-19,10.481013
2003-11-20,10.345584
2003-11-21,10.435395
2003-11-24,10.548732
2003-11-25,10.585081
2003-11-26,10.682028
2003-11-28,10.777540
2003-12-01,11.086185
2003-12-02,11.037002
2003-12-03,10.998508
2003-12-04,10.922954
2003-12-05,10.902282
2003-12-08,10.923667
2003-12-09,10.878048
2003-12-10,10.834564
2003-12-11,11.032011
2003-12-12,11.082619
2003-12-15,11.091175
2003-12-16,11.044840
2003-12-17,10.916537
2003-12-18,11.092597
2003-12-19,11.119686
2003-12-22,11.276701
2003-12-23,11.307489
2003-12-24,11.344002
2003-12-26,11.372643
2003-12-29,11.544477
2003-12-30,11.599607
2003-12-31,11.745845
2004-01-02,12.007377
2004-01-05,12.428688
2004-01-06,12.288252
2004-01-07,12.316912
2004-01-08,12.363483
2004-01-09,12.341272
2004-01-12,12.330523
2004-01-13,12.260308
2004-01-14,12.279654
2004-01-15,12.028869
2004-01-16,12.080459
2004-01-20,12.431555
2004-01-21,12.448030
2004-01-22,12.416506
2004-01-23,12.395728
2004-01-26,12.478130
2004-01-27,12.415072
2004-01-28,12.239527
2004-01-29,12.046784
2004-01-30,12.030309
2004-02-02,12.033167
2004-02-03,11.965819
2004-02-04,11.858340
2004-02-05,11.854759
2004-02-06,12.124883
2004-02-09,12.299714
2004-02-10,12.288969
2004-02-11,12.479558
2004-02-12,12.473111
2004-02-13,12.481713
2004-02-17,12.732489
2004-02-18,12.559093
2004-02-19,12.449470
2004-02-20,12.309747
2004-02-23,12.202268
2004-02-24,12.137787
2004-02-25,12.270337
2004-02-26,12.331241
2004-02-27,12.506071
2004-03-01,12.791247
2004-03-02,12.689497
2004-03-03,12.610684
2004-03-04,12.696663
2004-03-05,12.743233
2004-03-08,12.621432
2004-03-09,12.539030
2004-03-10,12.252427
2004-03-11,11.987315
2004-03-12,12.087626
2004-03-15,11.861924
2004-03-16,12.008806
2004-03-17,12.173608
2004-03-18,12.245259
2004-03-19,12.084047
2004-03-22,11.890585
2004-03-23,12.010240
2004-03-24,12.019555
2004-03-25,12.137067
2004-03-26,12.114853
2004-03-29,12.270337
2004-03-30,12.420806
2004-03-31,12.574859
2004-04-01,12.677315
2004-04-02,12.804140
2004-04-05,12.893703
2004-04-06,12.965355
2004-04-07,12.918787
2004-04-08,12.929532
2004-04-12,13.029132
2004-04-13,12.877225
2004-04-14,12.687352
2004-04-15,12.582020
2004-04-16,12.675169
2004-04-19,12.696663
2004-04-20,12.585608
2004-04-21,12.492458
2004-04-22,12.488875
2004-04-23,12.582020
2004-04-26,12.402890
2004-04-27,12.336974
2004-04-28,11.983732
2004-04-29,11.588932
2004-04-30,11.342448
2004-05-03,11.456376
2004-05-04,11.680644
2004-05-05,11.709306
2004-05-06,11.466409
2004-05-07,11.208460
2004-05-10,10.667490
2004-05-11,10.984193
2004-05-12,10.987774
2004-05-13,10.959114
2004-05-14,10.670357
2004-05-17,10.243309
2004-05-18,10.547835
2004-05-19,10.839451
2004-05-20,10.772822
2004-05-21,10.949799
2004-05-24,11.120330
2004-05-25,11.365376
2004-05-26,11.320953
2004-05-27,11.500086
2004-05-28,11.475005
2004-06-01,11.395473
2004-06-02,11.395473
2004-06-03,11.142542
2004-06-04,11.306624
2004-06-07,11.697128
2004-06-08,11.534480
2004-06-09,11.273664
2004-06-10,11.286559
2004-06-14,10.851637
2004-06-15,11.061574
2004-06-16,10.913256
2004-06-17,10.967712
2004-06-18,10.905376
2004-06-21,10.955531
2004-06-22,11.071605
2004-06-23,11.268647
2004-06-24,11.313787
2004-06-25,11.428429
2004-06-28,11.330987
2004-06-29,11.417685
2004-06-30,11.581050
2004-07-01,11.436314
2004-07-02,11.435599
2004-07-06,11.313071
2004-07-07,11.460672
2004-07-08,11.297313
2004-07-09,11.357497
2004-07-12,11.328119
2004-07-13,11.379710
2004-07-14,11.270798
2004-07-15,11.212046
2004-07-16,11.335284
2004-07-19,11.318089
2004-07-20,11.366094
2004-07-21,11.234976
2004-07-22,11.234976
2004-07-23,11.041510
2004-07-26,10.939053
2004-07-27,11.147553
2004-07-28,11.143975
2004-07-29,11.213478
2004-07-30,11.159736
2004-08-02,11.103850
2004-08-03,11.116751
2004-08-04,11.127494
2004-08-05,11.055843
2004-08-06,10.975591
2004-08-09,11.067305
2004-08-10,11.191978
2004-08-11,11.088086
2004-08-12,10.964128
2004-08-13,10.981325
2004-08-16,11.131077
2004-08-17,11.205594
2004-08-18,11.338156
2004-08-19,11.350329
2004-08-20,11.406936
2004-08-23,11.468555
2004-08-24,11.435599
2004-08-25,11.571732
2004-08-26,11.587499
2004-08-27,11.566002
2004-08-30,11.503667
2004-08-31,11.553821
2004-09-01,11.649117
2004-09-02,11.793854
2004-09-03,11.668464
2004-09-07,11.758028
2004-09-08,11.750860
2004-09-09,11.786685
2004-09-10,11.898467
2004-09-13,12.007377
2004-09-14,12.003076
2004-09-15,11.950052
2004-09-16,12.099807
2004-09-17,12.180775
2004-09-20,12.192956
2004-09-21,12.320494
2004-09-22,12.134197
2004-09-23,12.187934
2004-09-24,12.153546
2004-09-27,12.081179
2004-09-28,12.230927
2004-09-29,12.295421
2004-09-30,12.359902
2004-10-01,12.596353
2004-10-04,12.811309
2004-10-05,12.716726
2004-10-06,12.863618
2004-10-07,12.753983
2004-10-08,12.660839
2004-10-11,12.726757
2004-10-12,12.526137
2004-10-13,12.356321
2004-10-14,12.187934
2004-10-15,12.350587
2004-10-18,12.481713
2004-10-19,12.421526
2004-10-20,12.343422
2004-10-21,12.521120
2004-10-22,12.431555
2004-10-25,12.465230
2004-10-26,12.510373
2004-10-27,12.725323
2004-10-28,12.662271
2004-10-29,12.711710
2004-11-01,12.806295
2004-11-02,12.835668
2004-11-03,13.022677
2004-11-04,13.219720
2004-11-05,13.269878
2004-11-08,13.120128
2004-11-09,13.204674
2004-11-10,13.219720
2004-11-11,13.370191
2004-11-12,13.595892
2004-11-15,13.608785
2004-11-16,13.453307
2004-11-17,13.757112
2004-11-18,13.782187
2004-11-19,13.585141
2004-11-22,13.638168
2004-11-23,13.661812
2004-11-24,13.807267
2004-11-26,14.036551
2004-11-29,13.950568
2004-11-30,13.976361
2004-12-01,14.083119
2004-12-02,14.062346
2004-12-03,14.126115
2004-12-06,14.106052
2004-12-07,13.889665
2004-12-08,13.816582
2004-12-09,13.591598
2004-12-10,13.577981
2004-12-13,13.784339
2004-12-14,13.911158
2004-12-15,14.103903
2004-12-16,14.032966
2004-12-17,14.000726
2004-12-20,14.183438
2004-12-21,14.319572
2004-12-22,14.315989
2004-12-23,14.413395
2004-12-27,14.402517
2004-12-28,14.477221
2004-12-29,14.556996
2004-12-30,14.520014
2004-12-31,14.639682
2005-01-03,14.487373
2005-01-04,14.041333
2005-01-05,13.869440
2005-01-06,13.860008
2005-01-07,13.886846
2005-01-10,13.904256
2005-01-11,13.878139
2005-01-12,14.048581
2005-01-13,13.990561
2005-01-14,14.240779
2005-01-18,14.215401
2005-01-19,14.019572
2005-01-20,13.845505
2005-01-21,14.034077
2005-01-24,14.012318
2005-01-25,14.139242
2005-01-26,14.345944
2005-01-27,14.359724
2005-01-28,14.372781
2005-01-31,14.562078
2005-02-01,14.686824
2005-02-02,14.733244
2005-02-03,14.718017
2005-02-04,14.947923
2005-02-07,14.995070
2005-02-08,15.024079
2005-02-09,14.975488
2005-02-10,15.048009
2005-02-11,15.194519
2005-02-14,15.303310
2005-02-15,15.339569
2005-02-16,15.292437
2005-02-17,15.267045
2005-02-18,15.454891
2005-02-22,15.398322
2005-02-23,15.469398
2005-02-24,15.709464
2005-02-25,15.998852
2005-02-28,15.972016
2005-03-01,16.016981
2005-03-02,15.752976
2005-03-03,15.796492
2005-03-04,15.985065
2005-03-07,16.090227
2005-03-08,15.967661
2005-03-09,15.876275
2005-03-10,15.723968
2005-03-11,15.635484
2005-03-14,15.515819
2005-03-15,15.129244
2005-03-16,15.000871
2005-03-17,15.274296
2005-03-18,15.205395
2005-03-21,14.985642
2005-03-22,14.708581
2005-03-23,14.522190
2005-03-24,14.506233
2005-03-28,14.606321
2005-03-29,14.228449
2005-03-30,14.552644
2005-03-31,14.708581
2005-04-01,14.795617
2005-04-04,14.828252
2005-04-05,14.824623
2005-04-06,15.027708
2005-04-07,15.179282
2005-04-08,15.107480
2005-04-11,14.962432
2005-04-12,15.150997
2005-04-13,14.849283
2005-04-14,14.469239
2005-04-15,14.164626
2005-04-18,14.332160
2005-04-19,14.572229
2005-04-20,14.228449
2005-04-21,14.638228
2005-04-22,14.476496
2005-04-25,14.750648
2005-04-26,14.599792
2005-04-27,14.467795
2005-04-28,14.237149
2005-04-29,14.525091
2005-05-02,14.621551
2005-05-03,14.607772
2005-05-04,15.005951
2005-05-05,15.085004
2005-05-06,15.125620
2005-05-09,15.139399
2005-05-10,14.799246
2005-05-11,14.868141
2005-05-12,14.614295
2005-05-13,14.464165
2005-05-16,14.636057
2005-05-17,14.639682
2005-05-18,14.931238
2005-05-19,14.985642
2005-05-20,14.947923
2005-05-23,14.997242
2005-05-24,14.953727
2005-05-25,14.846388
2005-05-26,15.013195
2005-05-27,15.114739
2005-05-31,14.984191
2005-06-01,15.161155
2005-06-02,15.276472
2005-06-03,15.197420
2005-06-06,15.350449
2005-06-07,15.274296
2005-06-08,15.216276
2005-06-09,15.296056
2005-06-10,15.339569
2005-06-13,15.400496
2005-06-14,15.463593
2005-06-15,15.578915
2005-06-16,15.718165
2005-06-17,15.907464
2005-06-20,15.763860
2005-06-21,15.687703
2005-06-22,15.835658
2005-06-23,15.557156
2005-06-24,15.502763
2005-06-27,15.600664
2005-06-28,15.718165
2005-06-29,15.626781
2005-06-30,15.578915
2005-07-01,15.635484
2005-07-05,15.705106
2005-07-06,15.628954
2005-07-07,15.674647
2005-07-08,15.837835
2005-07-11,16.079351
2005-07-12,16.270823
2005-07-13,16.259951
2005-07-14,16.353504
2005-07-15,16.264297
2005-07-18,16.214254
2005-07-19,16.399195
2005-07-20,16.401369
2005-07-21,16.579794
2005-07-22,16.540628
2005-07-25,16.397022
2005-07-26,16.490585
2005-07-27,16.579794
2005-07-28,16.786499
2005-07-29,16.775621
2005-08-01,17.049767
2005-08-02,17.352205
2005-08-03,17.308693
2005-08-04,17.156387
2005-08-05,16.840893
2005-08-08,16.956215
2005-08-09,17.297815
2005-08-10,17.482754
2005-08-11,17.384846
2005-08-12,17.199903
2005-08-15,17.319578
2005-08-16,17.019314
2005-08-17,17.030186
2005-08-18,16.716871
2005-08-19,16.651592
2005-08-22,16.858299
2005-08-23,16.699463
2005-08-24,16.481878
2005-08-25,16.666828
2005-08-26,16.645071
2005-08-29,16.827837
2005-08-30,16.651592
2005-08-31,16.997549
2005-09-01,17.232536
2005-09-02,17.384846
2005-09-06,17.602430
2005-09-07,17.624189
2005-09-08,17.595900
2005-09-09,17.854822
2005-09-12,17.828722
2005-09-13,17.628536
2005-09-14,17.565441
2005-09-15,17.667704
2005-09-16,17.939684
2005-09-19,17.913572
2005-09-20,17.961443
2005-09-21,18.131159
2005-09-22,17.950563
2005-09-23,17.935331
2005-09-26,18.094162
2005-09-27,17.974497
2005-09-28,18.179026
2005-09-29,18.498875
2005-09-30,18.468412
2005-10-03,18.585903
2005-10-04,18.411842
2005-10-05,17.852654
2005-10-06,17.228189
2005-10-07,17.654655
2005-10-10,17.595900
2005-10-11,17.672054
2005-10-12,17.130280
2005-10-13,17.023659
2005-10-14,16.958387
2005-10-17,17.145502
2005-10-18,16.710344
2005-10-19,17.036716
2005-10-20,16.351328
2005-10-21,16.786499
2005-10-24,17.239071
2005-10-25,16.899643
2005-10-26,16.960566
2005-10-27,16.558037
2005-10-28,16.993196
2005-10-31,17.297815
2005-11-01,17.602430
2005-11-02,17.874407
2005-11-03,17.893997
2005-11-04,17.857002
2005-11-07,17.870062
2005-11-08,17.702520
2005-11-09,17.967970
2005-11-10,17.996260
2005-11-11,18.035419
2005-11-14,17.987555
2005-11-15,17.885286
2005-11-16,18.037594
2005-11-17,18.303047
2005-11-18,18.353090
2005-11-21,18.363974
2005-11-22,18.355270
2005-11-23,18.548920
2005-11-25,18.535858
2005-11-28,18.418367
2005-11-29,18.255186
2005-11-30,18.298700
2005-12-01,18.777380
2005-12-02,18.755619
2005-12-05,18.907928
2005-12-06,19.081997
2005-12-07,18.901402
2005-12-08,18.759975
2005-12-09,18.951445
2005-12-12,19.060236
2005-12-13,19.310452
2005-12-14,19.182083
2005-12-15,19.103748
2005-12-16,19.038477
2005-12-19,18.994963
2005-12-20,19.158142
2005-12-21,19.469294
2005-12-22,19.473639
2005-12-23,19.589809
2005-12-27,19.371992
2005-12-28,19.424801
2005-12-29,19.427000
2005-12-30,19.415998
2006-01-03,20.142033
2006-01-04,20.324648
2006-01-05,20.428055
2006-01-06,20.854872
2006-01-09,21.059483
2006-01-10,20.806467
2006-01-11,21.050674
2006-01-12,20.758066
2006-01-13,20.780075
2006-01-17,20.417046
2006-01-18,20.406050
2006-01-19,21.066090
2006-01-20,20.439049
2006-01-23,21.033087
2006-01-24,21.363100
2006-01-25,21.374098
2006-01-26,21.880129
2006-01-27,22.130938
2006-01-30,22.027531
2006-01-31,22.172737
2006-02-01,22.161739
2006-02-02,21.591909
2006-02-03,21.297096
2006-02-06,21.803122
2006-02-07,21.231092
2006-02-08,21.297096
2006-02-09,21.352098
2006-02-10,21.319096
2006-02-13,20.793272
2006-02-14,21.319096
2006-02-15,21.209089
2006-02-16,21.759119
2006-02-17,21.730520
2006-02-21,21.539103
2006-02-22,21.655716
2006-02-23,21.649113
2006-02-24,21.690910
2006-02-27,21.888922
2006-02-28,21.319096
2006-03-01,21.908728
2006-03-02,21.926332
2006-03-03,21.561108
2006-03-06,21.231092
2006-03-07,20.483051
2006-03-08,20.604061
2006-03-09,20.395048
2006-03-10,20.824074
2006-03-13,20.802071
2006-03-14,21.451101
2006-03-15,21.699717
2006-03-16,21.506104
2006-03-17,21.657911
2006-03-20,21.781118
2006-03-21,21.341087
2006-03-22,21.576513
2006-03-23,21.376299
2006-03-24,21.561108
2006-03-27,21.693115
2006-03-28,21.297096
2006-03-29,21.704117
2006-03-30,21.814119
2006-03-31,21.781118
2006-04-03,22.397158
2006-04-04,22.529160
2006-04-05,22.760168
2006-04-06,22.643566
2006-04-07,22.298149
2006-04-10,22.221148
2006-04-11,22.031927
2006-04-12,22.159546
2006-04-13,22.265144
2006-04-17,22.529160
2006-04-18,23.277191
2006-04-19,23.420200
2006-04-20,23.336599
2006-04-21,23.519207
2006-04-24,23.211197
2006-04-25,22.892172
2006-04-26,23.343197
2006-04-27,22.975788
2006-04-28,23.200193
2006-05-01,23.193598
2006-05-02,23.602808
2006-05-03,23.629219
2006-05-04,23.860224
2006-05-05,24.245245
2006-05-08,24.421255
2006-05-09,24.443260
2006-05-10,24.179243
2006-05-11,23.563217
2006-05-12,22.947178
2006-05-15,22.397158
2006-05-16,22.509359
2006-05-17,21.737118
2006-05-18,21.319096
2006-05-19,21.778927
2006-05-22,20.753664
2006-05-23,20.527054
2006-05-24,20.384045
2006-05-25,21.250893
2006-05-26,21.187086
2006-05-30,20.274038
2006-05-31,20.615059
2006-06-01,21.037485
2006-06-02,21.253094
2006-06-05,20.351051
2006-06-06,20.201439
2006-06-07,19.757017
2006-06-08,19.404999
2006-06-09,19.151983
2006-06-12,18.439152
2006-06-13,18.029926
2006-06-14,18.546959
2006-06-15,19.627211
2006-06-16,19.515009
2006-06-19,18.788965
2006-06-20,19.019976
2006-06-21,19.636005
2006-06-22,19.283993
2006-06-23,19.250992
2006-06-26,19.250992
2006-06-27,18.887970
2006-06-28,19.479797
2006-06-29,20.637060
2006-06-30,20.659060
2006-07-03,21.116686
2006-07-05,20.461052
2006-07-06,20.879074
2006-07-07,20.483051
2006-07-10,20.648058
2006-07-11,20.747068
2006-07-12,20.285044
2006-07-13,19.482000
2006-07-14,19.581013
2006-07-17,19.272989
2006-07-18,19.541414
2006-07-19,20.747068
2006-07-20,20.150837
2006-07-21,19.759220
2006-07-24,20.648058
2006-07-25,20.703064
2006-07-26,20.615059
2006-07-27,20.898874
2006-07-28,21.347698
2006-07-31,21.143087
2006-08-01,20.802071
2006-08-02,21.077080
2006-08-03,21.055086
2006-08-04,21.099087
2006-08-07,20.967079
2006-08-08,20.967079
2006-08-09,21.046280
2006-08-10,21.261885
2006-08-11,21.004478
2006-08-14,21.088087
2006-08-15,21.605114
2006-08-16,21.816328
2006-08-17,21.847126
2006-08-18,21.640310
2006-08-21,21.528105
2006-08-22,21.521511
2006-08-23,21.132086
2006-08-24,21.074884
2006-08-25,21.134291
2006-08-28,21.374098
2006-08-29,21.446701
2006-08-30,21.539103
2006-08-31,21.477505
2006-09-01,21.717314
2006-09-05,21.836123
2006-09-06,21.209089
2006-09-07,20.967079
2006-09-08,21.138683
2006-09-11,20.683262
2006-09-12,21.037485
2006-09-13,21.352098
2006-09-14,21.176088
2006-09-15,21.301493
2006-09-18,21.541307
2006-09-19,21.209089
2006-09-20,21.644711
2006-09-21,21.116686
2006-09-22,20.848272
2006-09-25,21.090281
2006-09-26,21.338902
2006-09-27,21.290501
2006-09-28,21.462107
2006-09-29,21.290501
2006-10-02,21.255297
2006-10-03,20.967079
2006-10-04,21.528105
2006-10-05,21.814119
2006-10-06,21.759119
2006-10-09,21.677715
2006-10-10,21.873518
2006-10-11,21.756916
2006-10-12,22.287148
2006-10-13,22.419151
2006-10-16,22.480762
2006-10-17,22.185942
2006-10-18,22.403748
2006-10-19,22.502756
2006-10-20,22.397158
2006-10-23,22.377350
2006-10-24,22.504959
2006-10-25,22.766768
2006-10-26,22.821772
2006-10-27,22.441153
2006-10-30,22.364153
2006-10-31,22.793167
2006-11-01,22.564358
2006-11-02,22.634768
2006-11-03,22.705164
2006-11-06,23.244194
2006-11-07,23.145185
2006-11-08,23.204594
2006-11-09,23.283796
2006-11-10,23.316799
2006-11-13,23.395994
2006-11-14,23.761219
2006-11-15,23.805220
2006-11-16,23.565416
2006-11-17,23.539011
2006-11-20,23.446608
2006-11-21,23.820621
2006-11-22,23.987837
2006-11-24,23.983429
2006-11-27,23.530209
2006-11-28,23.666615
2006-11-29,24.049435
2006-11-30,24.157244
2006-12-01,24.058237
2006-12-04,24.559866
2006-12-05,24.988882
2006-12-06,24.817280
2006-12-07,24.729269
2006-12-08,24.619272
2006-12-11,24.630260
2006-12-12,24.333252
2006-12-13,24.465260
2006-12-14,24.883276
2006-12-15,24.993288
2006-12-18,24.819475
2006-12-19,24.663279
2006-12-20,24.936172
2006-12-21,24.891544
2006-12-22,24.980793
2006-12-26,25.212875
2006-12-27,25.572132
2006-12-28,25.523037
2006-12-29,25.476181
2007-01-03,25.692633
2007-01-04,25.337822
2007-01-05,24.596994
2007-01-08,24.775509
2007-01-09,24.222115
2007-01-10,24.166328
2007-01-11,24.472033
2007-01-12,24.969645
2007-01-16,25.058905
2007-01-17,24.954023
2007-01-18,24.690714
2007-01-19,25.134762
2007-01-22,25.105762
2007-01-23,25.677006
2007-01-24,25.900139
2007-01-25,25.103523
2007-01-26,25.257496
2007-01-29,24.922783
2007-01-30,25.308815
2007-01-31,25.505182
2007-02-01,25.817589
2007-02-02,25.739487
2007-02-05,25.764029
2007-02-06,26.018408
2007-02-07,25.917995
2007-02-08,25.779652
2007-02-09,25.471714
2007-02-12,25.297659
2007-02-13,25.699318
2007-02-14,26.252714
2007-02-15,26.268337
2007-02-16,26.328581
2007-02-20,26.397758
2007-02-21,26.475857
2007-02-22,26.408916
2007-02-23,26.219246
2007-02-26,26.208078
2007-02-27,24.077068
2007-02-28,24.679556
2007-03-01,24.324759
2007-03-02,24.099380
2007-03-05,23.481287
2007-03-06,24.512203
2007-03-07,24.362700
2007-03-08,24.991953
2007-03-09,25.036585
2007-03-12,25.159317
2007-03-13,24.427410
2007-03-14,24.628239
2007-03-15,24.829065
2007-03-16,24.617079
2007-03-19,25.157082
2007-03-20,25.322212
2007-03-21,26.080894
2007-03-22,25.969318
2007-03-23,26.089823
2007-03-26,26.074200
2007-03-27,25.958166
2007-03-28,25.494030
2007-03-29,26.000559
2007-03-30,25.996098
2007-04-02,26.174616
2007-04-03,26.603045
2007-04-04,26.770403
2007-04-05,26.794950
2007-04-09,26.948923
2007-04-10,27.076113
2007-04-11,26.826185
2007-04-12,27.274704
2007-04-13,27.408594
2007-04-16,27.734379
2007-04-17,27.584871
2007-04-18,27.379581
2007-04-19,27.158667
2007-04-20,27.482224
2007-04-23,27.372887
2007-04-24,27.368422
2007-04-25,27.707598
2007-04-26,27.633959
2007-04-27,27.495613
2007-04-30,26.964548
2007-05-01,27.071634
2007-05-02,27.609417
2007-05-03,27.841482
2007-05-04,27.832554
2007-05-07,28.013304
2007-05-08,27.649586
2007-05-09,28.095863
2007-05-10,27.408594
2007-05-11,28.104794
2007-05-14,27.825859
2007-05-15,27.859335
2007-05-16,28.263233
2007-05-17,28.160572
2007-05-18,28.305622
2007-05-21,28.356945
2007-05-22,28.361406
2007-05-23,28.316782
2007-05-24,27.636181
2007-05-25,28.060167
2007-05-29,27.964214
2007-05-30,28.249834
2007-05-31,28.330166
2007-06-01,29.037521
2007-06-04,28.908112
2007-06-05,28.807682
2007-06-06,28.082481
2007-06-07,27.649586
2007-06-08,28.138266
2007-06-11,28.379255
2007-06-12,27.886112
2007-06-13,28.443968
2007-06-14,28.890249
2007-06-15,29.548529
2007-06-18,29.575304
2007-06-19,29.608776
2007-06-20,29.356625
2007-06-21,29.722567
2007-06-22,29.329845
2007-06-25,29.106697
2007-06-26,28.852325
2007-06-27,29.262913
2007-06-28,29.269602
2007-06-29,29.372248
2007-07-02,29.968031
2007-07-03,30.206789
2007-07-05,30.340681
2007-07-06,30.860607
2007-07-09,31.159615
2007-07-10,30.545979
2007-07-11,30.798124
2007-07-12,31.474239
2007-07-13,31.864759
2007-07-16,31.552340
2007-07-17,31.527805
2007-07-18,31.141756
2007-07-19,31.451939
2007-07-20,31.235481
2007-07-23,32.139202
2007-07-24,31.039122
2007-07-25,31.217636
2007-07-26,29.626635
2007-07-27,29.242826
2007-07-30,30.200106
2007-07-31,29.581997
2007-08-01,29.465954
2007-08-02,29.791752
2007-08-03,28.506449
2007-08-06,29.015221
2007-08-07,29.231665
2007-08-08,30.213490
2007-08-09,28.963890
2007-08-10,28.461819
2007-08-13,28.742975
2007-08-14,27.999920
2007-08-15,26.899818
2007-08-16,26.442390
2007-08-17,27.279171
2007-08-20,27.334965
2007-08-21,27.234531
2007-08-22,28.406040
2007-08-23,28.551077
2007-08-24,29.231665
2007-08-27,29.365555
2007-08-28,28.171730
2007-08-29,29.287445
2007-08-30,29.137949
2007-08-31,29.889936
2007-09-04,30.394241
2007-09-05,29.934565
2007-09-06,30.168858
2007-09-07,29.488277
2007-09-10,29.510584
2007-09-11,30.106379
2007-09-12,30.213490
2007-09-13,30.548206
2007-09-14,30.608454
2007-09-17,30.414316
2007-09-18,31.887068
2007-09-19,32.032112
2007-09-20,31.931688
2007-09-21,32.355656
2007-09-24,32.757317
2007-09-25,32.634583
2007-09-26,33.069710
2007-09-27,33.560619
2007-09-28,33.348637
2007-10-01,34.397408
2007-10-02,34.631718
2007-10-03,33.582932
2007-10-04,33.917648
2007-10-05,35.048981
2007-10-08,34.676342
2007-10-09,35.216343
2007-10-10,35.263206
2007-10-11,34.953041
2007-10-12,35.591213
2007-10-15,35.156082
2007-10-16,34.504532
2007-10-17,35.301136
2007-10-18,35.479656
2007-10-19,33.962296
2007-10-22,34.207745
2007-10-23,35.156082
2007-10-24,34.926254
2007-10-25,35.370316
2007-10-26,36.372223
2007-10-29,37.209011
2007-10-30,36.506111
2007-10-31,37.307190
2007-11-01,35.800980
2007-11-02,36.004040
2007-11-05,34.752205
2007-11-06,36.070976
2007-11-07,34.921799
2007-11-08,35.100307
2007-11-09,34.274689
2007-11-12,32.377975
2007-11-13,34.665188
2007-11-14,34.698662
2007-11-15,33.899811
2007-11-16,34.319321
2007-11-19,32.737232
2007-11-20,33.636486
2007-11-21,31.942833
2007-11-23,32.886738
2007-11-26,31.581350
2007-11-27,32.790787
2007-11-28,34.587086
2007-11-29,34.163113
2007-11-30,34.453201
2007-12-03,34.154175
2007-12-04,34.064934
2007-12-05,35.577835
2007-12-06,36.137928
2007-12-07,35.709492
2007-12-10,35.720646
2007-12-11,34.207745
2007-12-12,35.234192
2007-12-13,34.265743
2007-12-14,33.449062
2007-12-17,32.023170
2007-12-18,32.902359
2007-12-19,33.116585
2007-12-20,33.297325
2007-12-21,34.301464
2007-12-24,34.881607
2007-12-26,35.062420
2007-12-27,34.253319
2007-12-28,34.382145
2007-12-31,33.968567
2008-01-02,33.408058
2008-01-03,33.708664
2008-01-04,32.696159
2008-01-07,32.935711
2008-01-08,32.680321
2008-01-09,33.751595
2008-01-10,34.149368
2008-01-11,33.188843
2008-01-14,33.676998
2008-01-15,32.153728
2008-01-16,30.815781
2008-01-17,29.918535
2008-01-18,30.601082
2008-01-22,29.832663
2008-01-23,30.022511
2008-01-24,30.605591
2008-01-25,30.140032
2008-01-28,30.885849
2008-01-29,30.734421
2008-01-30,30.329870
2008-01-31,30.937834
2008-02-01,31.554829
2008-02-04,31.651999
2008-02-05,29.947935
2008-02-06,29.457491
2008-02-07,29.956961
2008-02-08,29.900454
2008-02-11,30.271124
2008-02-12,30.759283
2008-02-13,31.450859
2008-02-14,31.046312
2008-02-15,31.267790
2008-02-19,31.676874
2008-02-20,31.941298
2008-02-21,31.493795
2008-02-22,31.916431
2008-02-25,32.510822
2008-02-26,32.940231
2008-02-27,33.218208
2008-02-28,32.861122
2008-02-29,31.554829
2008-03-03,31.726570
2008-03-04,30.989813
2008-03-05,31.640705
2008-03-06,30.555872
2008-03-07,30.133245
2008-03-10,29.604389
2008-03-11,31.595490
2008-03-12,31.010147
2008-03-13,30.727652
2008-03-14,29.638294
2008-03-17,28.906042
2008-03-18,30.408981
2008-03-19,28.582859
2008-03-20,29.064247
2008-03-24,30.178450
2008-03-25,30.641754
2008-03-26,30.393156
2008-03-27,30.246254
2008-03-28,30.192015
2008-03-31,30.370562
2008-04-01,31.536732
2008-04-02,31.559340
2008-04-03,31.943550
2008-04-04,31.814734
2008-04-07,32.237347
2008-04-08,32.061081
2008-04-09,31.561604
2008-04-10,32.013607
2008-04-11,31.491547
2008-04-14,31.416962
2008-04-15,31.785347
2008-04-16,32.725525
2008-04-17,32.488232
2008-04-18,32.978649
2008-04-21,33.145893
2008-04-22,32.838539
2008-04-23,33.310890
2008-04-24,32.883736
2008-04-25,33.125557
2008-04-28,33.062283
2008-04-29,32.476925
2008-04-30,33.145893
2008-05-01,33.498459
2008-05-02,33.819389
2008-05-05,33.794521
2008-05-06,34.171955
2008-05-07,33.154945
2008-05-08,33.496204
2008-05-09,33.222744
2008-05-12,33.649891
2008-05-13,33.810352
2008-05-14,33.891716
2008-05-15,34.612667
2008-05-16,35.053387
2008-05-19,35.060158
2008-05-20,34.452206
2008-05-21,34.101902
2008-05-22,34.201344
2008-05-23,33.604683
2008-05-27,33.550449
2008-05-28,34.002453
2008-05-29,34.077034
2008-05-30,34.194561
2008-06-02,33.787766
2008-06-03,33.177544
2008-06-04,32.888256
2008-06-05,33.934654
2008-06-06,32.705185
2008-06-09,32.621567
2008-06-10,31.868967
2008-06-11,31.392090
2008-06-12,31.575169
2008-06-13,31.916431
2008-06-16,32.024910
2008-06-17,32.160507
2008-06-18,32.004578
2008-06-19,32.054298
2008-06-20,31.007893
2008-06-23,31.098288
2008-06-24,30.960424
2008-06-25,31.580385
2008-06-26,30.496834
2008-06-27,30.791737
2008-06-30,31.024902
2008-07-01,30.471691
2008-07-02,29.603029
2008-07-03,29.518438
2008-07-07,29.413300
2008-07-08,29.774479
2008-07-09,29.173283
2008-07-10,29.701324
2008-07-11,29.502449
2008-07-14,29.465874
2008-07-15,28.974384
2008-07-16,29.811050
2008-07-17,29.950495
2008-07-18,29.692186
2008-07-21,30.060230
2008-07-22,30.078512
2008-07-23,30.121946
2008-07-24,29.008677
2008-07-25,29.207561
2008-07-28,28.713795
2008-07-29,30.304823
2008-07-30,29.989353
2008-07-31,29.317303
2008-08-01,29.118406
2008-08-04,28.226887
2008-08-05,28.590361
2008-08-06,29.159557
2008-08-07,28.158316
2008-08-08,28.226887
2008-08-11,27.932007
2008-08-12,27.698826
2008-08-13,27.691980
2008-08-14,28.055449
2008-08-15,27.616545
2008-08-18,27.150213
2008-08-19,26.923893
2008-08-20,27.609686
2008-08-21,27.568542
2008-08-22,27.547958
2008-08-25,26.978762
2008-08-26,27.026766
2008-08-27,27.602829
2008-08-28,27.794840
2008-08-29,27.465677
2008-09-02,26.635866
2008-09-03,26.196966
2008-09-04,24.989996
2008-09-05,25.346596
2008-09-08,25.662060
2008-09-09,24.221903
2008-09-10,24.612799
2008-09-11,24.249344
2008-09-12,25.058567
2008-09-15,23.090366
2008-09-16,23.289242
2008-09-17,21.636501
2008-09-18,23.460690
2008-09-19,26.382122
2008-09-22,24.660809
2008-09-23,23.892731
2008-09-24,24.167049
2008-09-25,25.408318
2008-09-26,24.544233
2008-09-29,21.677649
2008-09-30,23.433258
2008-10-01,23.714430
2008-10-02,21.636501
2008-10-03,21.067295
2008-10-06,19.483133
2008-10-07,17.967558
2008-10-08,17.967558
2008-10-09,16.643988
2008-10-10,16.836010
2008-10-13,20.669542
2008-10-14,19.640867
2008-10-15,16.465691
2008-10-16,17.274912
2008-10-17,16.733145
2008-10-20,17.905830
2008-10-21,16.479406
2008-10-22,14.744364
2008-10-23,15.155837
2008-10-24,13.592252
2008-10-27,13.235641
2008-10-28,16.006214
2008-10-29,15.498734
2008-10-30,17.590374
2008-10-31,17.439503
2008-11-03,17.281769
2008-11-04,18.859077
2008-11-05,16.458828
2008-11-06,15.629026
2008-11-07,16.897726
2008-11-10,17.055460
2008-11-11,15.992496
2008-11-12,14.806087
2008-11-13,16.856585
2008-11-14,15.238131
2008-11-17,14.984392
2008-11-18,14.764940
2008-11-19,13.489381
2008-11-20,12.522426
2008-11-21,14.326038
2008-11-24,15.196983
2008-11-25,14.908955
2008-11-26,16.047359
2008-11-28,15.738755
2008-12-01,14.223169
2008-12-02,15.121547
2008-12-03,15.244991
2008-12-04,14.593494
2008-12-05,15.457580
2008-12-08,16.445116
2008-12-09,16.218803
2008-12-10,17.185760
2008-12-11,16.746859
2008-12-12,16.980026
2008-12-15,16.753717
2008-12-16,18.091000
2008-12-17,17.775536
2008-12-18,17.384634
2008-12-19,17.446358
2008-12-22,16.794857
2008-12-23,16.655779
2008-12-24,16.774000
2008-12-26,16.718365
2008-12-29,16.690548
2008-12-30,17.135624
2008-12-31,17.365124
2009-01-02,18.192698
2009-01-05,18.429146
2009-01-06,18.846409
2009-01-07,17.761524
2009-01-08,17.685024
2009-01-09,17.302536
2009-01-12,16.572321
2009-01-13,16.621006
2009-01-14,15.814289
2009-01-15,15.995104
2009-01-16,16.168970
2009-01-20,14.965858
2009-01-21,15.779520
2009-01-22,15.257943
2009-01-23,15.452665
2009-01-26,15.633478
2009-01-27,15.911649
2009-01-28,16.718365
2009-01-29,15.869925
2009-01-30,15.751702
2009-02-02,15.591751
2009-02-03,16.057695
2009-02-04,16.175924
2009-02-05,16.516685
2009-02-06,17.344259
2009-02-09,17.253855
2009-02-10,16.210693
2009-02-11,16.697504
2009-02-12,16.593187
2009-02-13,16.676641
2009-02-17,15.612619
2009-02-18,15.501345
2009-02-19,15.355304
2009-02-20,14.965858
2009-02-23,14.597279
2009-02-24,15.397030
2009-02-25,15.132767
2009-02-26,15.000630
2009-02-27,14.764176
2009-03-02,13.867066
2009-03-03,14.061786
2009-03-04,15.049312
2009-03-05,14.430367
2009-03-06,14.673776
2009-03-09,14.388639
2009-03-10,15.556985
2009-03-11,15.556985
2009-03-12,16.155054
2009-03-13,16.245470
2009-03-16,16.259369
2009-03-17,16.614046
2009-03-18,16.961767
2009-03-19,16.850496
2009-03-20,16.621006
2009-03-23,18.157923
2009-03-24,17.594620
2009-03-25,17.858887
2009-03-26,18.345692
2009-03-27,17.803251
2009-03-30,16.885265
2009-03-31,17.253855
2009-04-01,17.824116
2009-04-02,18.790775
2009-04-03,19.020267
2009-04-06,18.783819
2009-04-07,18.352642
2009-04-08,18.623877
2009-04-09,19.437536
2009-04-13,19.555759
2009-04-14,19.242807
2009-04-15,19.520985
2009-04-16,19.687893
2009-04-17,19.548809
2009-04-20,18.596052
2009-04-21,18.992455
2009-04-22,18.832502
2009-04-23,19.124586
2009-04-24,19.486214
2009-04-27,18.832502
2009-04-28,18.769911
2009-04-29,19.757431
2009-04-30,19.938248
2009-05-01,20.230335
2009-05-04,21.628170
2009-05-05,21.433447
2009-05-06,21.802029
2009-05-07,21.259584
2009-05-08,21.968931
2009-05-11,21.454309
2009-05-12,21.607307
2009-05-13,20.814501
2009-05-14,21.113544
2009-05-15,20.918821
2009-05-18,22.080204
2009-05-19,22.330563
2009-05-20,22.400103
2009-05-21,21.982841
2009-05-22,22.080204
2009-05-26,22.344469
2009-05-27,22.087152
2009-05-28,22.768686
2009-05-29,23.116413
2009-06-01,24.090025
2009-06-02,23.742302
2009-06-03,22.900822
2009-06-04,23.325047
2009-06-05,23.373720
2009-06-08,23.012094
2009-06-09,23.053823
2009-06-10,23.345911
2009-06-11,23.846619
2009-06-12,23.464130
2009-06-15,22.622650
2009-06-16,22.281879
2009-06-17,22.031525
2009-06-18,21.968931
2009-06-19,22.080204
2009-06-22,21.280447
2009-06-23,21.418564
2009-06-24,21.888300
2009-06-25,22.540327
2009-06-26,22.659508
2009-06-29,22.827772
2009-06-30,22.596407
2009-07-01,23.010063
2009-07-02,22.379072
2009-07-06,22.329996
2009-07-07,21.804171
2009-07-08,21.551775
2009-07-09,21.937378
2009-07-10,21.677973
2009-07-13,21.832216
2009-07-14,22.070587
2009-07-15,23.255442
2009-07-16,23.297508
2009-07-17,23.535885
2009-07-20,24.377197
2009-07-21,24.307087
2009-07-22,24.251005
2009-07-23,24.938084
2009-07-24,24.818893
2009-07-27,25.036234
2009-07-28,24.924063
2009-07-29,24.363178
2009-07-30,24.966122
2009-07-31,25.085308
2009-08-03,26.024784
2009-08-04,25.786400
2009-08-05,25.569065
2009-08-06,25.358740
2009-08-07,25.611132
2009-08-10,25.323689
2009-08-11,24.846939
2009-08-12,25.071289
2009-08-13,25.505962
2009-08-14,25.043242
2009-08-17,24.061707
2009-08-18,24.587530
2009-08-19,24.650629
2009-08-20,25.078304
2009-08-21,25.456892
2009-08-24,25.569065
2009-08-25,25.512987
2009-08-26,25.435862
2009-08-27,25.386780
2009-08-28,25.253574
2009-08-31,24.755798
2009-09-01,24.286058
2009-09-02,24.545465
2009-09-03,25.036234
2009-09-04,25.519999
2009-09-08,26.045811
2009-09-09,26.186033
2009-09-10,26.529577
2009-09-11,26.543596
2009-09-14,26.445438
2009-09-15,26.760935
2009-09-16,27.434000
2009-09-17,27.286755
2009-09-18,27.363884
2009-09-21,27.125509
2009-09-22,27.539154
2009-09-23,27.125509
2009-09-24,26.592667
2009-09-25,26.704853
2009-09-28,27.048388
2009-09-29,27.111473
2009-09-30,27.279751
2009-10-01,26.536581
2009-10-02,26.543596
2009-10-05,27.160563
2009-10-06,27.609268
2009-10-07,27.581223
2009-10-08,27.917742
2009-10-09,27.938778
2009-10-12,28.170139
2009-10-13,28.219227
2009-10-14,29.130653
2009-10-15,28.969397
2009-10-16,28.569763
2009-10-19,29.116625
2009-10-20,28.731016
2009-10-21,28.576780
2009-10-22,28.815161
2009-10-23,28.576780
2009-10-26,28.219227
2009-10-27,27.728458
2009-10-28,26.459473
2009-10-29,27.630299
2009-10-30,26.340267
2009-11-02,26.732893
2009-11-03,26.774958
2009-11-04,27.272738
2009-11-05,27.833612
2009-11-06,27.798565
2009-11-09,28.822166
2009-11-10,28.688963
2009-11-11,28.934340
2009-11-12,28.289326
2009-11-13,28.773090
2009-11-16,29.495224
2009-11-17,29.390053
2009-11-18,29.158691
2009-11-19,28.618849
2009-11-20,28.499664
2009-11-23,29.095589
2009-11-24,28.934340
2009-11-25,29.270870
2009-11-27,28.135084
2009-11-30,28.408524
2009-12-01,29.221788
2009-12-02,29.340979
2009-12-03,29.067551
2009-12-04,29.333969
2009-12-07,29.081575
2009-12-08,28.541731
2009-12-09,28.716997
2009-12-10,28.885260
2009-12-11,28.990425
2009-12-14,29.186747
2009-12-15,28.885260
2009-12-16,29.053524
2009-12-17,28.219227
2009-12-18,28.296343
2009-12-21,28.261288
2009-12-22,28.546108
2009-12-23,28.828817
2009-12-24,29.118582
2009-12-28,29.217539
2009-12-29,29.112907
2009-12-30,29.240156
2009-12-31,29.339134
2010-01-04,30.194561
2010-01-05,30.413717
2010-01-06,30.477358
2010-01-07,30.300613
2010-01-08,30.540974
2010-01-11,30.477358
2010-01-12,29.989542
2010-01-13,30.081455
2010-01-14,30.003681
2010-01-15,29.657270
2010-01-19,30.258188
2010-01-20,29.530022
2010-01-21,28.639240
2010-01-22,28.002964
2010-01-25,28.207983
2010-01-26,27.621208
2010-01-27,27.550516
2010-01-28,27.359625
2010-01-29,27.062700
2010-02-01,27.790876
2010-02-02,28.017105
2010-02-03,27.854496
2010-02-04,26.596106
2010-02-05,26.299175
2010-02-08,26.037596
2010-02-09,26.885958
2010-02-10,26.815258
2010-02-11,27.522236
2010-02-12,27.175816
2010-02-16,27.875713
2010-02-17,27.974682
2010-02-18,28.080729
2010-02-19,27.840364
2010-02-22,27.875713
2010-02-23,27.232374
2010-02-24,27.493940
2010-02-25,27.267719
2010-02-26,27.543432
2010-03-01,28.010038
2010-03-02,28.328165
2010-03-03,28.363525
2010-03-04,28.215061
2010-03-05,28.950298
2010-03-08,28.971518
2010-03-09,29.134117
2010-03-10,29.339134
2010-03-11,29.346199
2010-03-12,29.247231
2010-03-15,29.035137
2010-03-16,29.409834
2010-03-17,29.727962
2010-03-18,29.501738
2010-03-19,29.119974
2010-03-22,29.226019
2010-03-23,29.431047
2010-03-24,28.992716
2010-03-25,28.914961
2010-03-26,29.056353
2010-03-29,29.579506
2010-03-30,29.692627
2010-03-31,29.777449
2010-04-01,30.555126
2010-04-05,30.830830
2010-04-06,30.922754
2010-04-07,30.654091
2010-04-08,30.760138
2010-04-09,30.951015
2010-04-12,30.703588
2010-04-13,30.639954
2010-04-14,31.092409
2010-04-15,30.922754
2010-04-16,30.017818
2010-04-19,29.897646
2010-04-20,30.251129
2010-04-21,30.152147
2010-04-22,30.279390
2010-04-23,30.442001
2010-04-26,30.442001
2010-04-27,29.353271
2010-04-28,29.600706
2010-04-29,30.088514
2010-04-30,29.727962
2010-05-03,29.890577
2010-05-04,28.519056
2010-05-05,28.002964
2010-05-06,26.857683
2010-05-07,26.999067
2010-05-10,28.943233
2010-05-11,28.420074
2010-05-12,28.773556
2010-05-13,28.504917
2010-05-14,27.918129
2010-05-17,27.748465
2010-05-18,27.168749
2010-05-19,26.907169
2010-05-20,25.570997
2010-05-21,26.398159
2010-05-24,26.122431
2010-05-25,25.839640
2010-05-26,25.825508
2010-05-27,27.387899
2010-05-28,26.935440
2010-06-01,26.440575
2010-06-02,27.366693
2010-06-03,27.267719
2010-06-04,26.299175
2010-06-07,25.889135
2010-06-08,26.482983
2010-06-09,26.341593
2010-06-10,27.260651
2010-06-11,27.402040
2010-06-14,27.409119
2010-06-15,28.236261
2010-06-16,28.236261
2010-06-17,28.094868
2010-06-18,28.222118
2010-06-21,28.709927
2010-06-22,28.158503
2010-06-23,28.231089
2010-06-24,27.732943
2010-06-25,28.060291
2010-06-28,27.868135
2010-06-29,26.736616
2010-06-30,26.558710
2010-07-01,26.750860
2010-07-02,26.864723
2010-07-06,27.362879
2010-07-07,27.967781
2010-07-08,28.102989
2010-07-09,28.444576
2010-07-12,28.216854
2010-07-13,28.544212
2010-07-14,28.487278
2010-07-15,28.352068
2010-07-16,27.505203
2010-07-19,27.868135
2010-07-20,28.522860
2010-07-21,28.231089
2010-07-22,29.085064
2010-07-23,29.284328
2010-07-26,29.483580
2010-07-27,29.433771
2010-07-28,29.270092
2010-07-29,29.319904
2010-07-30,29.462233
2010-08-02,30.223705
2010-08-03,30.081373
2010-08-04,30.124075
2010-08-05,29.988852
2010-08-06,29.946161
2010-08-09,30.102720
2010-08-10,29.689972
2010-08-11,28.743473
2010-08-12,28.793289
2010-08-13,28.949856
2010-08-16,29.220282
2010-08-17,29.526287
2010-08-18,29.504936
2010-08-19,29.277212
2010-08-20,29.191818
2010-08-23,28.928499
2010-08-24,28.558443
2010-08-25,28.373411
2010-08-26,28.195507
2010-08-27,28.814640
2010-08-30,28.337830
2010-08-31,28.508638
2010-09-01,29.512056
2010-09-02,29.561865
2010-09-03,29.910582
2010-09-07,29.476479
2010-09-08,29.796707
2010-09-09,29.967522
2010-09-10,30.074253
2010-09-13,30.793028
2010-09-14,30.778786
2010-09-15,30.821480
2010-09-16,30.664917
2010-09-17,30.615103
2010-09-20,31.099033
2010-09-21,31.006516
2010-09-22,31.027868
2010-09-23,30.828604
2010-09-24,31.397921
2010-09-27,31.340996
2010-09-28,31.568718
2010-09-29,31.675465
2010-09-30,31.860489
2010-10-01,32.330177
2010-10-04,32.230556
2010-10-05,32.814102
2010-10-06,32.799870
2010-10-07,32.508106
2010-10-08,32.899502
2010-10-11,32.878151
2010-10-12,32.742935
2010-10-13,33.347847
2010-10-14,33.290909
2010-10-15,33.248211
2010-10-18,33.262440
2010-10-19,32.209209
2010-10-20,32.721581
2010-10-21,32.721581
2010-10-22,32.757164
2010-10-25,33.112995
2010-10-26,33.084526
2010-10-27,32.522327
2010-10-28,32.728706
2010-10-29,32.821213
2010-11-01,33.184162
2010-11-02,33.596920
2010-11-03,33.803276
2010-11-04,34.571877
2010-11-05,34.507828
2010-11-08,34.365494
2010-11-09,33.931393
2010-11-10,34.180462
2010-11-11,33.845993
2010-11-12,33.027599
2010-11-15,33.013363
2010-11-16,32.145149
2010-11-17,32.308838
2010-11-18,33.077419
2010-11-19,33.098747
2010-11-22,32.999142
2010-11-23,31.953007
2010-11-24,32.693111
2010-11-26,31.881849
2010-11-29,32.130932
2010-11-30,31.867605
2010-12-01,32.778534
2010-12-02,33.426121
2010-12-03,33.547104
2010-12-06,33.490177
2010-12-07,33.333611
2010-12-08,33.120113
2010-12-09,33.006256
2010-12-10,33.155693
2010-12-13,33.369186
2010-12-14,33.419018
2010-12-15,32.878151
2010-12-16,32.970669
2010-12-17,33.020481
2010-12-20,32.871037
2010-12-21,33.350861
2010-12-22,33.465611
2010-12-23,33.429764
2010-12-27,33.322166
2010-12-28,33.350861
2010-12-29,33.777843
2010-12-30,33.950066
2010-12-31,34.186863
2011-01-03,34.516972
2011-01-04,34.674839
2011-01-05,34.588730
2011-01-06,34.222759
2011-01-07,33.907013
2011-01-10,33.555363
2011-01-11,33.914169
2011-01-12,34.595905
2011-01-13,34.294510
2011-01-14,34.394978
2011-01-18,34.344746
2011-01-19,34.079227
2011-01-20,33.706074
2011-01-21,33.354443
2011-01-24,33.612789
2011-01-25,33.411858
2011-01-26,33.706074
2011-01-27,33.591259
2011-01-28,32.529202
2011-01-31,32.873650
2011-02-01,33.670189
2011-02-02,33.419029
2011-02-03,33.375977
2011-02-04,33.368790
2011-02-07,33.411858
2011-02-08,33.426205
2011-02-09,32.658371
2011-02-10,32.349792
2011-02-11,32.744473
2011-02-14,32.579430
2011-02-15,32.644012
2011-02-16,32.916706
2011-02-17,33.031521
2011-02-18,33.232456
2011-02-22,32.170395
2011-02-23,32.199089
2011-02-24,32.278027
2011-02-25,32.665543
2011-02-28,32.859299
2011-03-01,32.522026
2011-03-02,32.966934
2011-03-03,33.619957
2011-03-04,33.655830
2011-03-07,33.182228
2011-03-08,33.627140
2011-03-09,33.691727
2011-03-10,32.694244
2011-03-11,33.031521
2011-03-14,33.225273
2011-03-15,32.672710
2011-03-16,32.005341
2011-03-17,32.400032
2011-03-18,32.457439
2011-03-21,33.081760
2011-03-22,33.182228
2011-03-23,33.619957
2011-03-24,34.007462
2011-03-25,33.971596
2011-03-28,33.799362
2011-03-29,34.186863
2011-03-30,34.624615
2011-03-31,34.926006
2011-04-01,35.485744
2011-04-04,35.787132
2011-04-05,35.715366
2011-04-06,35.909119
2011-04-07,35.873245
2011-04-08,35.909119
2011-04-11,35.485744
2011-04-12,34.818371
2011-04-13,35.105404
2011-04-14,35.213051
2011-04-15,35.256100
2011-04-18,34.373447
2011-04-19,34.868607
2011-04-20,35.693859
2011-04-21,36.009594
2011-04-25,35.715366
2011-04-26,36.023941
2011-04-27,35.959358
2011-04-28,35.665138
2011-04-29,35.880421
2011-05-02,35.887600
2011-05-03,35.091057
2011-05-04,34.509789
2011-05-05,34.179695
2011-05-06,34.624615
2011-05-09,34.689201
2011-05-10,35.098240
2011-05-11,34.323215
2011-05-12,34.423676
2011-05-13,33.670189
2011-05-16,33.619957
2011-05-17,33.727608
2011-05-18,34.272984
2011-05-19,34.050526
2011-05-20,33.777843
2011-05-23,33.074566
2011-05-24,33.404671
2011-05-25,33.476444
2011-05-26,33.907013
2011-05-27,34.265808
2011-05-31,34.825550
2011-06-01,34.201218
2011-06-02,34.524143
2011-06-03,34.351921
2011-06-06,33.799362
2011-06-07,34.064873
2011-06-08,33.820896
2011-06-09,34.086399
2011-06-10,33.347279
2011-06-13,33.289856
2011-06-14,33.792179
2011-06-15,33.067413
2011-06-16,32.816246
2011-06-17,32.859299
2011-06-20,32.809055
2011-06-21,33.411858
2011-06-22,33.079182
2011-06-23,33.035698
2011-06-24,32.977707
2011-06-27,33.361839
2011-06-28,33.818451
2011-06-29,34.130112
2011-06-30,34.499756
2011-07-01,34.905647
2011-07-05,34.891136
2011-07-06,34.659203
2011-07-07,35.137573
2011-07-08,34.738937
2011-07-11,33.767723
2011-07-12,33.427074
2011-07-13,33.970654
2011-07-14,33.608269
2011-07-15,33.818451
2011-07-18,33.427074
2011-07-19,33.912689
2011-07-20,34.014153
2011-07-21,34.557743
2011-07-22,34.535999
2011-07-25,34.463516
2011-07-26,34.579475
2011-07-27,33.970654
2011-07-28,33.999653
2011-07-29,34.144611
2011-08-01,34.115623
2011-08-02,33.064678
2011-08-03,32.948719
2011-08-04,31.064276
2011-08-05,30.861341
2011-08-08,28.288351
2011-08-09,29.948118
2011-08-10,28.360830
2011-08-11,29.926363
2011-08-12,29.911869
2011-08-15,30.607653
2011-08-16,30.346737
2011-08-17,30.564178
2011-08-18,29.121849
2011-08-19,28.759462
2011-08-22,28.730480
2011-08-23,29.737921
2011-08-24,29.448006
2011-08-25,28.875429
2011-08-26,29.368280
2011-08-29,30.317751
2011-08-30,30.361229
2011-08-31,30.984556
2011-09-01,30.817848
2011-09-02,30.122055
2011-09-06,29.810404
2011-09-07,30.694632
2011-09-08,30.013340
2011-09-09,28.998636
2011-09-12,28.940655
2011-09-13,28.984148
2011-09-14,28.904425
2011-09-15,29.324800
2011-09-16,29.375528
2011-09-19,28.505795
2011-09-20,28.295599
2011-09-21,27.244656
2011-09-22,25.331232
2011-09-23,26.005276
2011-09-26,26.396662
2011-09-27,27.237415
2011-09-28,26.418406
2011-09-29,26.780796
2011-09-30,25.439943
2011-10-03,24.903610
2011-10-04,25.287745
2011-10-05,25.874825
2011-10-06,26.730062
2011-10-07,26.411161
2011-10-10,27.592560
2011-10-11,27.607056
2011-10-12,28.382570
2011-10-13,28.128904
2011-10-14,28.694241
2011-10-17,27.723015
2011-10-18,28.462305
2011-10-19,27.918711
2011-10-20,27.382366
2011-10-21,28.165134
2011-10-24,29.266815
2011-10-25,28.686977
2011-10-26,29.216078
2011-10-27,30.991793
2011-10-28,30.730883
2011-10-31,29.578468
2011-11-01,28.860928
2011-11-02,29.745173
2011-11-03,30.049568
2011-11-04,29.853886
2011-11-07,30.107559
2011-11-08,30.462704
2011-11-09,28.679731
2011-11-10,28.868179
2011-11-11,29.563976
2011-11-14,29.158096
2011-11-15,29.339289
2011-11-16,28.549273
2011-11-17,27.824490
2011-11-18,27.933208
2011-11-21,27.034472
2011-11-22,27.128695
2011-11-23,26.251703
2011-11-25,26.164730
2011-11-28,27.418606
2011-11-29,27.295404
2011-11-30,28.998636
2011-12-01,28.911659
2011-12-02,28.824697
2011-12-05,29.295797
2011-12-06,28.897163
2011-12-07,29.013128
2011-12-08,27.969450
2011-12-09,28.534773
2011-12-12,27.462097
2011-12-13,27.208424
2011-12-14,26.817038
2011-12-15,26.990990
2011-12-16,27.193924
2011-12-19,26.490879
2011-12-20,27.600914
2011-12-21,27.688730
2011-12-22,28.054592
2011-12-23,28.164360
2011-12-27,27.893616
2011-12-28,27.425303
2011-12-29,27.739946
2011-12-30,27.761894
2012-01-03,28.610708
2012-01-04,28.449730
2012-01-05,28.325335
2012-01-06,27.966784
2012-01-09,28.259480
2012-01-10,28.874132
2012-01-11,28.896090
2012-01-12,29.013168
2012-01-13,28.749744
2012-01-17,29.298540
2012-01-18,30.037582
2012-01-19,30.301003
2012-01-20,30.279051
2012-01-23,30.571747
2012-01-24,30.615656
2012-01-25,30.959568
2012-01-26,30.835180
2012-01-27,30.996149
2012-01-30,30.549799
2012-01-31,30.813231
2012-02-01,31.493729
2012-02-02,31.581535
2012-02-03,32.108391
2012-02-06,31.837646
2012-02-07,31.903509
2012-02-08,32.130344
2012-02-09,32.115707
2012-02-10,31.405928
2012-02-13,31.918135
2012-02-14,31.654711
2012-02-15,31.742529
2012-02-16,32.086445
2012-02-17,32.144970
2012-02-21,32.013264
2012-02-22,32.071812
2012-02-23,32.013264
2012-02-24,32.335224
2012-02-27,32.013264
2012-02-28,32.459621
2012-02-29,32.437664
2012-03-01,32.744991
2012-03-02,32.664501
2012-03-05,32.101070
2012-03-06,31.025427
2012-03-07,31.398619
2012-03-08,32.057163
2012-03-09,32.042534
2012-03-12,31.691309
2012-03-13,32.554752
2012-03-14,32.042534
2012-03-15,32.298637
2012-03-16,32.262054
2012-03-19,32.137661
2012-03-20,31.581535
2012-03-21,31.640074
2012-03-22,31.157143
2012-03-23,31.391287
2012-03-26,31.940092
2012-03-27,31.771786
2012-03-28,31.237633
2012-03-29,31.201042
2012-03-30,31.427877
2012-04-02,31.859608
2012-04-03,31.676664
2012-04-04,31.105917
2012-04-05,31.274214
2012-04-09,30.813231
2012-04-10,30.213211
2012-04-11,30.542496
2012-04-12,31.325439
2012-04-13,30.849819
2012-04-16,30.696148
2012-04-17,31.047371
2012-04-18,30.901030
2012-04-19,30.761993
2012-04-20,30.974201
2012-04-23,30.381508
2012-04-24,30.447357
2012-04-25,30.725414
2012-04-26,30.915663
2012-04-27,30.959568
2012-04-30,30.893726
2012-05-01,31.098597
2012-05-02,31.040064
2012-05-03,30.805906
2012-05-04,30.264435
2012-05-07,30.374178
2012-05-08,29.891237
2012-05-09,29.503422
2012-05-10,29.627813
2012-05-11,29.247314
2012-05-14,28.581444
2012-05-15,28.332657
2012-05-16,27.930193
2012-05-17,27.549702
2012-05-18,27.286276
2012-05-21,27.937519
2012-05-22,27.644815
2012-05-23,27.454573
2012-05-24,27.315542
2012-05-25,27.183836
2012-05-29,27.952152
2012-05-30,27.469206
2012-05-31,27.586283
2012-06-01,26.847242
2012-06-04,26.964312
2012-06-05,27.037483
2012-06-06,27.827766
2012-06-07,27.996061
2012-06-08,27.754587
2012-06-11,27.352127
2012-06-12,27.922886
2012-06-13,27.820440
2012-06-14,28.018003
2012-06-15,28.530222
2012-06-18,28.588760
2012-06-19,29.049753
2012-06-20,28.954624
2012-06-21,27.894241
2012-06-22,27.983103
2012-06-25,27.464754
2012-06-26,27.701715
2012-06-27,27.879435
2012-06-28,27.746143
2012-06-29,28.975359
2012-07-02,28.975359
2012-07-03,29.552938
2012-07-05,29.241936
2012-07-06,28.708786
2012-07-09,28.605108
2012-07-10,28.286705
2012-07-11,28.434801
2012-07-12,27.960886
2012-07-13,28.501448
2012-07-16,28.434801
2012-07-17,28.812445
2012-07-18,28.738407
2012-07-19,29.004980
2012-07-20,28.575491
2012-07-23,27.827600
2012-07-24,27.709124
2012-07-25,27.842407
2012-07-26,28.471830
2012-07-27,29.271561
2012-07-30,29.101242
2012-07-31,28.967953
2012-08-01,29.019785
2012-08-02,28.679169
2012-08-03,29.567751
2012-08-06,29.752874
2012-08-07,29.834328
2012-08-08,29.893560
2012-08-09,30.019440
2012-08-10,30.160143
2012-08-13,29.893560
2012-08-14,29.886168
2012-08-15,29.841722
2012-08-16,30.115717
2012-08-17,29.967609
2012-08-20,29.952803
2012-08-21,29.908379
2012-08-22,29.923182
2012-08-23,29.649208
2012-08-24,29.656609
2012-08-27,29.353004
2012-08-28,29.293772
2012-08-29,29.153070
2012-08-30,28.812445
2012-08-31,29.086430
2012-09-04,28.923531
2012-09-05,28.775429
2012-09-06,29.412247
2012-09-07,30.093498
2012-09-10,29.708439
2012-09-11,30.063877
2012-09-12,30.197170
2012-09-13,31.011711
2012-09-14,31.374544
2012-09-17,31.033920
2012-09-18,31.048737
2012-09-19,31.048737
2012-09-20,30.863607
2012-09-21,30.937651
2012-09-24,30.908049
2012-09-25,30.448936
2012-09-26,30.308237
2012-09-27,30.789566
2012-09-28,30.604437
2012-10-01,30.908049
2012-10-02,30.952454
2012-10-03,30.745129
2012-10-04,31.063540
2012-10-05,31.063540
2012-10-08,30.789566
2012-10-09,30.560003
2012-10-10,30.374882
2012-10-11,30.656275
2012-10-12,30.560003
2012-10-15,30.737719
2012-10-16,31.056128
2012-10-17,31.300497
2012-10-18,31.211628
2012-10-19,30.730318
2012-10-22,31.026527
2012-10-23,30.389698
2012-10-24,30.419317
2012-10-25,30.752541
2012-10-26,30.515575
2012-10-31,30.471148
2012-11-01,30.967285
2012-11-02,30.804359
2012-11-05,30.952454
2012-11-06,31.196823
2012-11-07,30.685883
2012-11-08,30.300838
2012-11-09,30.360083
2012-11-12,30.471148
2012-11-13,30.197170
2012-11-14,29.730667
2012-11-15,29.834328
2012-11-16,29.923182
2012-11-19,30.448936
2012-11-20,30.389698
2012-11-21,30.330452
2012-11-23,30.826588
2012-11-26,30.826588
2012-11-27,30.567408
2012-11-28,30.737719
2012-11-29,30.959869
2012-11-30,30.945059
2012-12-03,30.930250
2012-12-04,31.019108
2012-12-05,31.352331
2012-12-06,31.589283
2012-12-07,31.685555
2012-12-10,31.863272
2012-12-11,32.026173
2012-12-12,32.122448
2012-12-13,31.981747
2012-12-14,32.122448
2012-12-17,32.203896
2012-12-18,32.428867
2012-12-19,32.413975
2012-12-20,32.607666
2012-12-21,32.235191
2012-12-24,32.168133
2012-12-26,32.264980
2012-12-27,32.446823
2012-12-28,32.566051
2012-12-31,33.050442
2013-01-02,33.698780
2013-01-03,33.460316
2013-01-04,33.527386
2013-01-07,33.274025
2013-01-08,32.975914
2013-01-09,33.117496
2013-01-10,33.408157
2013-01-11,33.139870
2013-01-14,33.281456
2013-01-15,33.139870
2013-01-16,33.110058
2013-01-17,33.296371
2013-01-18,33.370884
2013-01-22,33.318718
2013-01-23,33.139870
2013-01-24,33.020634
2013-01-25,32.908844
2013-01-28,32.677826
2013-01-29,33.042988
2013-01-30,32.886497
2013-01-31,32.953552
2013-02-01,33.169674
2013-02-04,32.729992
2013-02-05,32.767262
2013-02-06,32.729992
2013-02-07,32.439350
2013-02-08,32.677826
2013-02-11,32.662933
2013-02-12,32.752354
2013-02-13,32.916313
2013-02-14,32.901394
2013-02-15,32.782150
2013-02-19,32.849239
2013-02-20,32.558586
2013-02-21,32.111458
2013-02-22,32.253056
2013-02-25,31.820835
2013-02-26,31.999676
2013-02-27,32.349934
2013-02-28,32.200890
2013-03-01,32.275417
2013-03-04,31.969877
2013-03-05,32.357380
2013-03-06,32.513885
2013-03-07,32.603317
2013-03-08,32.886497
2013-03-11,32.707645
2013-03-12,32.335026
2013-03-13,32.029491
2013-03-14,32.163631
2013-03-15,31.872997
2013-03-18,31.515293
2013-03-19,31.291729
2013-03-20,31.470583
2013-03-21,31.150131
2013-03-22,31.269369
2013-03-25,31.239555
2013-03-26,31.686686
2013-03-27,31.805922
2013-03-28,31.872997
2013-04-01,31.530191
2013-04-02,31.545095
2013-04-03,31.172487
2013-04-04,31.083065
2013-04-05,31.008543
2013-04-08,31.060705
2013-04-09,31.366247
2013-04-10,31.664339
2013-04-11,31.694139
2013-04-12,31.209751
2013-04-15,30.449625
2013-04-16,31.075617
2013-04-17,30.583763
2013-04-18,30.583763
2013-04-19,31.030903
2013-04-22,31.179943
2013-04-23,31.328983
2013-04-24,31.515293
2013-04-25,31.798475
2013-04-26,31.478035
2013-04-29,31.805922
2013-04-30,32.260509
2013-05-01,31.910261
2013-05-02,32.163631
2013-05-03,32.431908
2013-05-06,32.476616
2013-05-07,32.707645
2013-05-08,32.961021
2013-05-09,32.722542
2013-05-10,32.469177
2013-05-13,32.171074
2013-05-14,32.320126
2013-05-15,32.327587
2013-05-16,32.215801
2013-05-17,32.357380
2013-05-20,32.439350
2013-05-21,32.372295
2013-05-22,32.014580
2013-05-23,31.776117
2013-05-24,31.500387
2013-05-28,31.671783
2013-05-29,31.269369
2013-05-30,31.269369
2013-05-31,30.702995
2013-06-03,31.157583
2013-06-04,30.777519
2013-06-05,30.226065
2013-06-06,30.479446
2013-06-07,30.322939
2013-06-10,29.913063
2013-06-11,29.346701
2013-06-12,29.145494
2013-06-13,29.764030
2013-06-14,29.294546
2013-06-17,29.562822
2013-06-18,29.689507
2013-06-19,28.772896
2013-06-20,27.483662
2013-06-21,27.878626
2013-06-24,27.312262
2013-06-25,27.893530
2013-06-26,28.333206
2013-06-27,28.901726
2013-06-28,29.067835
2013-07-01,29.158432
2013-07-02,28.637480
2013-07-03,28.373224
2013-07-05,28.192034
2013-07-08,28.229776
2013-07-09,28.599724
2013-07-10,28.327921
2013-07-11,29.717142
2013-07-12,29.400032
2013-07-15,29.702040
2013-07-16,29.822836
2013-07-17,30.094637
2013-07-18,29.739780
2013-07-19,29.656738
2013-07-22,29.951191
2013-07-23,30.275850
2013-07-24,29.966293
2013-07-25,30.139936
2013-07-26,30.072001
2013-07-29,29.694492
2013-07-30,29.626541
2013-07-31,29.452885
2013-08-01,29.988945
2013-08-02,29.981392
2013-08-05,29.792641
2013-08-06,29.415131
2013-08-07,29.098036
2013-08-08,29.656738
2013-08-09,29.717142
2013-08-12,29.996489
2013-08-13,30.177696
2013-08-14,30.275850
2013-08-15,29.928539
2013-08-16,29.671843
2013-08-19,29.113138
2013-08-20,29.060287
2013-08-21,28.380775
2013-08-22,28.841330
2013-08-23,29.181080
2013-08-26,28.863976
2013-08-27,28.199574
2013-08-28,28.259975
2013-08-29,28.486481
2013-08-30,28.705427
2013-09-03,28.886625
2013-09-04,29.400032
2013-09-05,29.747330
2013-09-06,30.185249
2013-09-09,30.977999
2013-09-10,31.212049
2013-09-11,31.234705
2013-09-12,30.872309
2013-09-13,31.076151
2013-09-16,31.423452
2013-09-17,31.355511
2013-09-18,32.669224
2013-09-19,32.495564
2013-09-20,31.770761
2013-09-23,31.884016
2013-09-24,31.612211
2013-09-25,31.370607
2013-09-26,31.498960
2013-09-27,31.129002
2013-09-30,30.774151
2013-10-01,31.385712
2013-10-02,31.506517
2013-10-03,31.385712
2013-10-04,31.793421
2013-10-07,31.521614
2013-10-08,31.219604
2013-10-09,31.453653
2013-10-10,32.193569
2013-10-11,32.337013
2013-10-14,32.525768
2013-10-15,32.208668
2013-10-16,32.465363
2013-10-17,32.669224
2013-10-18,32.699429
2013-10-21,32.646564
2013-10-22,32.963680
2013-10-23,32.193569
2013-10-24,32.125618
2013-10-25,32.276623
2013-10-28,32.465363
2013-10-29,32.571072
2013-10-30,32.389877
2013-10-31,32.057671
2013-11-01,32.072769
2013-11-04,32.269066
2013-11-05,31.619762
2013-11-06,31.717909
2013-11-07,31.144104
2013-11-08,31.076151
2013-11-11,30.917597
2013-11-12,30.751505
2013-11-13,30.804356
2013-11-14,31.302660
2013-11-15,31.899113
2013-11-18,32.186020
2013-11-19,31.989721
2013-11-20,31.551809
2013-11-21,31.521614
2013-11-22,31.748125
2013-11-25,31.340399
2013-11-26,31.446108
2013-11-27,31.649952
2013-11-29,31.974606
2013-12-02,31.302660
2013-12-03,31.196962
2013-12-04,31.159195
2013-12-05,30.977999
2013-12-06,31.665056
2013-12-09,31.710365
2013-12-10,31.725466
2013-12-11,31.023308
2013-12-12,30.842102
2013-12-13,30.917597
2013-12-16,31.121450
2013-12-17,30.849651
2013-12-18,31.463688
2013-12-19,30.884684
2013-12-20,30.838991
2013-12-23,31.067532
2013-12-24,31.250378
2013-12-26,30.983723
2013-12-27,31.463688
2013-12-30,31.600819
2013-12-31,31.844601
2014-01-02,30.618063
2014-01-03,30.564722
2014-01-06,30.275234
2014-01-07,30.404739
2014-01-08,30.305704
2014-01-09,30.145712
2014-01-10,30.679005
2014-01-13,30.313322
2014-01-14,30.640911
2014-01-15,30.633284
2014-01-16,30.465698
2014-01-17,30.313322
2014-01-21,30.267603
2014-01-22,30.671373
2014-01-23,29.917168
2014-01-24,29.132488
2014-01-27,29.018208
2014-01-28,29.201052
2014-01-29,28.782036
2014-01-30,29.048679
2014-01-31,29.094387
2014-02-03,28.271616
2014-02-04,28.842983
2014-02-05,28.736324
2014-02-06,29.338169
2014-02-07,29.505781
2014-02-10,29.178190
2014-02-11,29.810513
2014-02-12,29.818140
2014-02-13,29.848602
2014-02-14,30.214289
2014-02-18,29.932409
2014-02-19,29.726709
2014-02-20,29.833357
2014-02-21,30.039070
2014-02-24,30.039070
2014-02-25,29.696239
2014-02-26,29.719088
2014-02-27,30.282852
2014-02-28,30.077148
2014-03-03,29.543879
2014-03-04,30.046680
2014-03-05,30.069540
2014-03-06,30.496166
2014-03-07,30.107626
2014-03-10,29.901936
2014-03-11,29.566730
2014-03-12,29.627676
2014-03-13,29.094387
2014-03-14,29.254379
2014-03-17,29.612425
2014-03-18,30.023825
2014-03-19,29.383877
2014-03-20,29.513395
2014-03-21,29.696239
2014-03-24,29.985735
2014-03-25,30.328562
2014-03-26,30.397123
2014-03-27,30.793274
2014-03-28,31.037066
2014-03-31,31.242764
2014-04-01,31.608438
2014-04-02,31.669392
2014-04-03,31.547485
2014-04-04,31.463688
2014-04-07,31.600819
2014-04-08,31.966494
2014-04-09,32.210285
2014-04-10,31.867458
2014-04-11,31.867458
2014-04-14,31.798904
2014-04-15,31.318941
2014-04-16,31.715094
2014-04-17,32.004589
2014-04-21,31.806513
2014-04-22,31.722715
2014-04-23,31.494162
2014-04-24,31.524635
2014-04-25,31.098013
2014-04-28,31.250378
2014-04-29,31.547485
2014-04-30,31.486542
2014-05-01,31.524635
2014-05-02,31.699854
2014-05-05,31.524635
2014-05-06,31.669392
2014-05-07,31.836990
2014-05-08,31.760809
2014-05-09,31.707470
2014-05-12,32.240761
2014-05-13,32.362648
2014-05-14,32.591202
2014-05-15,32.286472
2014-05-16,32.713097
2014-05-19,32.713097
2014-05-20,32.446461
2014-05-21,32.697849
2014-05-22,32.926411
2014-05-23,32.865459
2014-05-27,32.583584
2014-05-28,32.774044
2014-05-29,32.865459
2014-05-30,32.415977
2014-06-02,32.515015
2014-06-03,32.697849
2014-06-04,32.515015
2014-06-05,32.857841
2014-06-06,33.185436
2014-06-09,33.307323
2014-06-10,33.482552
2014-06-11,33.368271
2014-06-12,33.208286
2014-06-13,33.223522
2014-06-16,33.071148
2014-06-17,33.078762
2014-06-18,33.444447
2014-06-19,33.253990
2014-06-20,33.185436
2014-06-23,33.116856
2014-06-24,33.101631
2014-06-25,33.171509
2014-06-26,33.209896
2014-06-27,33.286682
2014-06-30,33.194534
2014-07-01,33.509365
2014-07-02,33.709000
2014-07-03,33.908634
2014-07-07,33.885612
2014-07-08,33.732037
2014-07-09,33.924004
2014-07-10,33.739716
2014-07-11,33.701324
2014-07-14,33.962395
2014-07-15,33.939369
2014-07-16,34.023830
2014-07-17,33.386509
2014-07-18,33.908634
2014-07-21,34.023830
2014-07-22,34.338646
2014-07-23,34.369362
2014-07-24,34.522930
2014-07-25,34.384716
2014-07-28,34.622753
2014-07-29,34.415440
2014-07-30,34.246506
2014-07-31,33.647568
2014-08-01,33.831860
2014-08-04,34.146687
2014-08-05,33.624538
2014-08-06,33.394176
2014-08-07,33.263657
2014-08-08,33.563110
2014-08-11,33.993118
2014-08-12,34.031498
2014-08-13,34.215790
2014-08-14,34.269539
2014-08-15,34.177395
2014-08-18,34.507580
2014-08-19,34.668835
2014-08-20,34.599716
2014-08-21,34.453819
2014-08-22,34.361687
2014-08-25,34.615078
2014-08-26,34.822395
2014-08-27,34.999008
2014-08-28,34.653477
2014-08-29,34.599716
2014-09-02,34.545971
2014-09-03,34.999008
2014-09-04,34.906868
2014-09-05,35.206322
2014-09-08,34.791691
2014-09-09,34.361687
2014-09-10,34.215790
2014-09-11,33.985432
2014-09-12,33.624538
2014-09-15,33.455605
2014-09-16,33.893280
2014-09-17,33.578468
2014-09-18,33.624538
2014-09-19,33.371147
2014-09-22,32.864357
2014-09-23,32.680069
2014-09-24,33.148464
2014-09-25,32.426678
2014-09-26,32.572575
2014-09-29,31.912214
2014-09-30,31.912214
2014-10-01,31.259535
2014-10-02,31.428461
2014-10-03,31.697218
2014-10-06,32.111858
2014-10-07,31.827757
2014-10-08,32.303822
2014-10-09,31.797029
2014-10-10,31.105963
2014-10-13,31.420790
2014-10-14,31.605070
2014-10-15,31.205782
2014-10-16,30.921684
2014-10-17,31.267218
2014-10-20,31.359362
2014-10-21,31.489893
2014-10-22,31.282578
2014-10-23,31.274899
2014-10-24,31.497580
2014-10-27,31.251852
2014-10-28,31.881498
2014-10-29,31.927568
2014-10-30,32.227036
2014-10-31,32.365250
2014-11-03,32.096497
2014-11-04,32.127224
2014-11-05,31.843115
2014-11-06,31.451506
2014-11-07,31.651140
2014-11-10,31.735605
2014-11-11,31.704901
2014-11-12,31.643461
2014-11-13,31.559008
2014-11-14,31.820070
2014-11-17,31.482218
2014-11-18,31.651140
2014-11-19,31.635778
2014-11-20,31.582037
2014-11-21,32.587929
2014-11-24,32.319187
2014-11-25,32.111858
2014-11-26,32.518826
2014-11-28,31.866140
2014-12-01,31.320971
2014-12-02,31.313276
2014-12-03,31.397757
2014-12-04,31.451506
2014-12-05,31.390066
2014-12-08,30.929367
2014-12-09,30.637573
2014-12-10,30.184538
2014-12-11,29.931141
2014-12-12,29.439703
2014-12-15,29.017385
2014-12-16,28.971321
2014-12-17,29.637272
2014-12-18,30.042305
2014-12-19,30.252607
2014-12-22,30.673216
2014-12-23,30.392818
2014-12-24,30.462910
2014-12-26,30.704374
2014-12-29,30.517437
2014-12-30,30.579758
2014-12-31,30.603115
2015-01-02,30.198090
2015-01-05,29.660650
2015-01-06,29.536024
2015-01-07,30.174721
2015-01-08,30.688789
2015-01-09,30.587542
2015-01-12,30.338287
2015-01-13,30.603115
2015-01-14,30.431757
2015-01-15,30.501854
2015-01-16,30.758902
2015-01-20,30.712177
2015-01-21,31.389812
2015-01-22,31.989561
2015-01-23,31.748106
2015-01-26,31.763685
2015-01-27,31.592333
2015-01-28,31.249605
2015-01-29,31.249605
2015-01-30,30.392818
2015-02-02,30.938044
2015-02-03,31.522226
2015-02-04,31.366449
2015-02-05,31.553375
2015-02-06,31.015942
2015-02-09,30.969196
2015-02-10,30.891321
2015-02-11,30.665432
2015-02-12,31.319702
2015-02-13,31.678001
2015-02-17,31.607901
2015-02-18,31.600121
2015-02-19,31.467699
2015-02-20,31.678001
2015-02-23,31.358648
2015-02-24,31.810419
2015-02-25,31.748106
2015-02-26,31.755894
2015-02-27,31.732531
2015-03-02,31.685793
2015-03-03,31.444330
2015-03-04,31.101616
2015-03-05,31.054878
2015-03-06,30.579758
2015-03-09,30.462910
2015-03-10,29.785278
2015-03-11,30.011154
2015-03-12,30.198090
2015-03-13,29.832010
2015-03-16,30.190292
2015-03-17,30.540808
2015-03-18,31.288548
2015-03-19,30.758902
2015-03-20,31.218451
2015-03-23,31.311928
2015-03-24,31.436554
2015-03-25,30.938044
2015-03-26,30.649855
2015-03-27,30.735535
2015-03-30,31.327505
2015-03-31,31.257399
2015-04-01,31.646849
2015-04-02,32.121986
2015-04-06,32.534794
2015-04-07,32.371231
2015-04-08,33.048878
2015-04-09,33.376019
2015-04-10,33.399384
2015-04-13,33.204659
2015-04-14,33.352661
2015-04-15,33.586315
2015-04-16,33.851147
2015-04-17,33.259178
2015-04-20,33.228024
2015-04-21,33.422752
2015-04-22,33.781036
2015-04-23,34.030289
2015-04-24,34.154915
2015-04-27,34.287342
2015-04-28,34.341858
2015-04-29,33.913460
2015-04-30,33.399384
2015-05-01,33.601898
2015-05-04,33.796623
2015-05-05,33.430538
2015-05-06,33.017727
2015-05-07,32.970982
2015-05-08,33.391586
2015-05-11,33.072243
2015-05-12,32.963200
2015-05-13,33.025513
2015-05-14,33.352661
2015-05-15,33.609692
2015-05-18,33.266960
2015-05-19,33.321495
2015-05-20,33.298122
2015-05-21,33.181290
2015-05-22,33.290340
2015-05-26,32.760681
2015-05-27,32.768467
2015-05-28,32.340076
2015-05-29,32.028511
2015-06-01,31.903885
2015-06-02,32.028511
2015-06-03,31.864944
2015-06-04,31.382021
2015-06-05,31.241819
2015-06-08,31.234032
2015-06-09,31.047098
2015-06-10,31.498859
2015-06-11,31.343073
2015-06-12,31.343073
2015-06-15,30.992573
2015-06-16,31.000351
2015-06-17,31.187290
2015-06-18,31.475487
2015-06-19,31.202875
2015-06-22,31.654636
2015-06-23,31.966202
2015-06-24,31.740322
2015-06-25,31.631248
2015-06-26,31.333055
2015-06-29,30.634670
2015-06-30,31.089809
2015-07-01,31.066261
2015-07-02,31.215357
2015-07-06,30.344334
2015-07-07,29.889212
2015-07-08,28.861246
2015-07-09,29.418398
2015-07-10,30.163853
2015-07-13,30.367876
2015-07-14,30.422808
2015-07-15,30.077539
2015-07-16,30.454197
2015-07-17,30.414951
2015-07-20,30.218786
2015-07-21,30.226625
2015-07-22,29.795048
2015-07-23,29.504702
2015-07-24,29.080969
2015-07-27,28.531675
2015-07-28,28.822020
2015-07-29,29.104513
2015-07-30,28.814167
2015-07-31,29.128056
2015-08-03,28.641542
2015-08-04,28.743551
2015-08-05,28.751400
2015-08-06,28.500290
2015-08-07,28.484598
2015-08-10,28.963263
2015-08-11,28.327658
2015-08-12,27.888233
2015-08-13,27.841146
2015-08-14,27.880379
2015-08-17,27.574345
2015-08-18,27.276159
2015-08-19,26.938738
2015-08-20,26.515001
2015-08-21,25.698915
2015-08-24,24.576794
2015-08-25,24.890678
2015-08-26,25.714613
2015-08-27,26.852421
2015-08-28,26.507154
2015-08-31,26.554237
2015-09-01,25.526281
2015-09-02,25.895088
2015-09-03,25.997103
2015-09-04,25.220253
2015-09-08,26.020641
2015-09-09,25.887241
2015-09-10,26.154041
2015-09-11,26.256050
2015-09-14,26.216820
2015-09-15,26.467922
2015-09-16,27.111370
2015-09-17,27.048601
2015-09-18,26.546392
2015-09-21,26.499311
2015-09-22,26.004946
2015-09-23,25.589056
2015-09-24,25.479200
2015-09-25,25.424273
2015-09-28,24.882830
2015-09-29,25.000530
2015-09-30,25.722454
2015-10-01,25.863701
2015-10-02,26.554237
2015-10-05,27.127068
2015-10-06,27.079983
2015-10-07,27.801912
2015-10-08,28.100098
2015-10-09,28.202108
2015-10-12,27.990231
2015-10-13,27.535107
2015-10-14,27.746984
2015-10-15,28.421825
2015-10-16,28.445360
2015-10-19,28.155024
2015-10-20,28.147179
2015-10-21,27.739126
2015-10-22,28.311964
2015-10-23,28.476749
2015-10-26,28.217802
2015-10-27,27.896074
2015-10-28,27.574345
2015-10-29,27.315397
2015-10-30,27.362473
2015-11-02,27.903917
2015-11-03,28.272724
2015-11-04,28.045170
2015-11-05,28.092245
2015-11-06,27.699903
2015-11-09,27.009361
2015-11-10,26.891659
2015-11-11,26.946583
2015-11-12,26.687637
2015-11-13,26.318829
2015-11-16,26.828878
2015-11-17,26.750416
2015-11-18,27.040751
2015-11-19,27.284006
2015-11-20,27.558653
2015-11-23,27.299702
2015-11-24,27.440950
2015-11-25,27.229082
2015-11-27,26.632706
2015-11-30,26.671946
2015-12-01,26.875963
2015-12-02,26.554237
2015-12-03,26.405148
2015-12-04,26.585627
2015-12-07,26.146196
2015-12-08,25.855852
2015-12-09,25.643988
2015-12-10,25.471348
2015-12-11,24.757273
2015-12-14,25.157478
2015-12-15,25.541973
2015-12-16,26.044184
2015-12-17,25.706766
2015-12-18,25.620441
2015-12-21,25.820477
2015-12-22,26.027674
2015-12-23,26.394260
2015-12-24,26.298632
2015-12-28,26.115341
2015-12-29,26.139242
2015-12-30,25.732813
2015-12-31,25.653120
2016-01-04,24.951820
2016-01-05,25.007607
2016-01-06,24.529449
2016-01-07,23.772367
2016-01-08,23.517351
2016-01-11,23.509386
2016-01-12,23.557196
2016-01-13,23.310152
2016-01-14,23.612986
2016-01-15,22.680576
2016-01-19,23.015284
2016-01-20,22.513226
2016-01-21,22.600885
2016-01-22,23.373903
2016-01-25,22.975443
2016-01-26,23.310152
2016-01-27,23.230455
2016-01-28,23.597046
2016-01-29,24.362095
2016-02-01,24.130987
2016-02-02,23.349998
2016-02-03,24.011448
2016-02-04,24.194738
2016-02-05,23.915813
2016-02-08,23.589075
2016-02-09,23.262335
2016-02-10,23.357965
2016-02-11,22.967468
2016-02-12,23.365936
2016-02-16,23.883936
2016-02-17,24.354126
2016-02-18,24.210678
2016-02-19,24.099110
2016-02-22,24.696806
2016-02-23,24.170834
2016-02-24,24.115049
2016-02-25,24.194738
2016-02-26,23.955660
2016-02-29,24.162863
2016-03-01,25.023548
2016-03-02,25.358257
2016-03-03,25.645151
2016-03-04,26.155186
2016-03-07,26.115341
2016-03-08,25.669056
2016-03-09,25.828442
2016-03-10,25.868286
2016-03-11,26.410196
2016-03-14,26.250816
2016-03-15,25.876266
2016-03-16,26.394260
2016-03-17,26.976019
2016-03-18,27.119463
2016-03-21,27.175249
2016-03-22,27.111492
2016-03-23,26.649279
2016-03-24,26.585526
2016-03-28,26.673187
2016-03-29,27.039772
2016-03-30,27.318699
2016-03-31,27.294790
2016-04-01,27.215097
2016-04-04,26.888363
2016-04-05,26.362385
2016-04-06,26.681160
2016-04-07,26.147211
2016-04-08,26.601467
2016-04-11,26.944141
2016-04-12,27.358545
2016-04-13,27.844671
2016-04-14,27.709192
2016-04-15,27.549810
2016-04-18,27.677317
2016-04-19,28.099686
2016-04-20,27.972176
2016-04-21,27.693254
2016-04-22,27.525900
2016-04-25,27.350578
2016-04-26,27.645437
2016-04-27,27.812792
2016-04-28,27.525900
2016-04-29,27.406363
2016-05-02,27.334635
2016-05-03,26.561619
2016-05-04,26.131277
2016-05-05,26.123306
2016-05-06,26.163157
2016-05-09,25.828442
2016-05-10,26.322542
2016-05-11,26.258783
2016-05-12,26.187057
2016-05-13,25.716875
2016-05-16,26.027674
2016-05-17,25.908138
2016-05-18,25.653120
2016-05-19,25.414042
2016-05-20,25.669056
2016-05-23,25.621244
2016-05-24,25.884226
2016-05-25,26.195028
2016-05-26,26.370358
2016-05-27,26.362385
2016-05-31,26.394260
2016-06-01,26.378328
2016-06-02,26.593491
2016-06-03,26.999931
2016-06-06,27.286823
2016-06-07,27.533867
2016-06-08,27.733103
2016-06-09,27.414331
2016-06-10,26.721003
2016-06-13,26.346445
2016-06-14,26.258783
2016-06-15,26.537704
2016-06-16,26.442078
2016-06-17,26.513798
2016-06-20,26.983990
2016-06-21,27.191189
2016-06-22,27.260262
2016-06-23,27.918877
2016-06-24,26.224154
2016-06-27,25.886810
2016-06-28,26.649841
2016-06-29,27.324522
2016-06-30,27.597607
2016-07-01,27.862656
2016-07-05,27.268291
2016-07-06,27.196005
2016-07-07,27.123718
2016-07-08,27.710049
2016-07-11,27.975103
2016-07-12,28.368666
2016-07-13,28.320471
2016-07-14,28.730104
2016-07-15,28.665850
2016-07-18,28.922865
2016-07-19,28.625681
2016-07-20,28.770264
2016-07-21,28.681904
2016-07-22,28.890739
2016-07-25,28.601597
2016-07-26,28.826479
2016-07-27,28.922865
2016-07-28,28.930904
2016-07-29,29.083508
2016-08-01,29.027281
2016-08-02,28.818459
2016-08-03,28.914841
2016-08-04,29.075480
2016-08-05,29.412800
2016-08-08,29.621637
2016-08-09,29.822445
2016-08-10,29.830467
2016-08-11,30.215998
2016-08-12,30.103558
2016-08-15,30.416803
2016-08-16,30.280258
2016-08-17,30.087488
2016-08-18,30.368612
2016-08-19,30.199942
2016-08-22,29.798353
2016-08-23,29.677868
2016-08-24,29.758183
2016-08-25,29.782282
2016-08-26,29.525255
2016-08-29,29.750153
2016-08-30,29.669832
2016-08-31,29.340523
2016-09-01,29.565414
2016-09-02,30.047335
2016-09-06,30.689892
2016-09-07,30.593502
2016-09-08,30.513178
2016-09-09,29.485098
2016-09-12,29.685898
2016-09-13,28.938929
2016-09-14,29.027281
2016-09-15,29.525255
2016-09-16,29.324463
2016-09-19,29.557384
2016-09-20,29.573448
2016-09-21,30.400738
2016-09-22,30.617590
2016-09-23,30.224035
2016-09-26,29.782282
2016-09-27,30.207972
2016-09-28,30.481056
2016-09-29,29.950954
2016-09-30,30.079464
2016-10-03,30.288290
2016-10-04,29.950954
2016-10-05,30.384676
2016-10-06,30.408772
2016-10-07,30.272226
2016-10-10,30.601534
2016-10-11,29.894732
2016-10-12,29.838511
2016-10-13,29.573448
2016-10-14,29.621637
2016-10-17,29.589520
2016-10-18,30.111597
2016-10-19,30.296318
2016-10-20,30.207972
2016-10-21,30.199942
2016-10-24,30.328447
2016-10-25,30.360579
2016-10-26,30.039295
2016-10-27,29.782282
2016-10-28,29.661797
2016-10-31,29.830467
2016-11-01,29.589520
2016-11-02,29.236109
2016-11-03,29.155788
2016-11-04,28.858614
2016-11-07,29.902752
2016-11-08,30.095528
2016-11-09,29.115635
2016-11-10,28.288349
2016-11-11,27.750210
2016-11-14,27.549417
2016-11-15,28.103609
2016-11-16,27.870687
2016-11-17,27.910843
2016-11-18,27.782341
2016-11-21,28.055428
2016-11-22,28.481115
2016-11-23,28.175900
2016-11-25,28.312447
2016-11-28,28.424885
2016-11-29,28.465052
2016-11-30,28.513237
2016-12-01,28.175900
2016-12-02,28.208031
2016-12-05,28.440952
2016-12-06,28.593555
2016-12-07,29.075480
2016-12-08,29.203979
2016-12-09,29.051371
2016-12-12,28.858614
2016-12-13,29.179893
2016-12-14,28.312447
2016-12-15,28.360630
2016-12-16,28.232121
2016-12-19,28.039360
2016-12-20,28.135744
2016-12-21,28.018761
2016-12-22,27.685692
2016-12-23,27.848160
2016-12-27,27.970016
2016-12-28,28.181232
2016-12-29,28.644283
2016-12-30,28.441191
2017-01-03,28.782391
2017-01-04,29.001736
2017-01-05,29.318558
2017-01-06,29.196703
2017-01-09,29.172333
2017-01-10,29.342932
2017-01-11,29.692247
2017-01-12,29.822226
2017-01-13,29.797859
2017-01-17,29.781605
2017-01-18,29.619135
2017-01-19,29.529768
2017-01-20,29.586634
2017-01-23,30.025326
2017-01-24,30.212172
2017-01-25,30.545244
2017-01-26,30.415251
2017-01-27,30.439634
2017-01-30,30.277155
2017-01-31,30.334026
2017-02-01,30.350273
2017-02-02,30.480255
2017-02-03,30.667093
2017-02-06,30.593985
2017-02-07,30.439634
2017-02-08,30.626478
2017-02-09,30.764587
2017-02-10,31.048908
2017-02-13,31.146397
2017-02-14,31.178892
2017-02-15,31.430727
2017-02-16,31.316999
2017-02-17,31.187021
2017-02-21,31.528221
2017-02-22,31.625694
2017-02-23,31.633821
2017-02-24,31.260136
2017-02-27,31.162638
2017-02-28,30.862062
2017-03-01,31.341370
2017-03-02,30.788958
2017-03-03,31.024529
2017-03-06,31.040796
2017-03-07,31.073271
2017-03-08,30.780827
2017-03-09,30.537127
2017-03-10,30.878309
2017-03-13,31.308870
2017-03-14,31.130150
2017-03-15,31.942524
2017-03-16,32.137497
2017-03-17,32.080624
2017-03-20,32.454323
2017-03-21,32.096867
2017-03-22,32.251225
2017-03-23,32.259350
2017-03-24,32.340591
2017-03-27,32.251225
2017-03-28,32.340591
2017-03-29,32.397449
2017-03-30,32.226849
2017-03-31,31.999395
2017-04-03,32.178116
2017-04-04,32.194366
2017-04-05,32.096867
2017-04-06,32.040005
2017-04-07,31.983145
2017-04-10,31.853161
2017-04-11,31.780054
2017-04-12,31.934408
2017-04-13,31.796293
2017-04-17,32.129368
2017-04-18,31.723183
2017-04-19,31.528221
2017-04-20,31.918154
2017-04-21,31.918154
2017-04-24,32.373077
2017-04-25,32.657417
2017-04-26,32.535553
2017-04-27,32.494938
2017-04-28,32.543678
2017-05-01,32.730530
2017-05-02,32.966114
2017-05-03,32.746769
2017-05-04,32.381203
2017-05-05,32.649288
2017-05-08,32.641163
2017-05-09,33.055477
2017-05-10,33.274815
2017-05-11,33.347923
2017-05-12,33.486023
2017-05-15,33.827232
2017-05-16,33.859722
2017-05-17,33.282948
2017-05-18,32.730530
2017-05-19,33.429161
2017-05-22,33.461658
2017-05-23,33.494156
2017-05-24,33.624138
2017-05-25,33.786606
2017-05-26,33.908463
2017-05-30,33.729744
2017-05-31,33.469780
2017-06-01,33.754116
2017-06-02,33.924717
2017-06-05,33.884102
2017-06-06,33.900333
2017-06-07,33.859722
2017-06-08,34.062817
2017-06-09,33.802856
2017-06-12,33.624138
2017-06-13,33.786606
2017-06-14,33.778496
2017-06-15,33.429161
2017-06-16,33.486023
2017-06-19,33.819111
2017-06-20,33.445312
2017-06-21,33.518764
2017-06-22,33.690159
2017-06-23,33.869698
2017-06-26,34.196163
2017-06-27,33.796257
2017-06-28,34.057419
2017-06-29,33.624863
2017-06-30,33.779934
2017-07-03,33.975815
2017-07-05,33.910511
2017-07-06,33.502438
2017-07-07,33.567730
2017-07-10,33.886032
2017-07-11,34.163517
2017-07-12,34.824585
2017-07-13,34.995979
2017-07-14,35.436687
2017-07-17,35.273464
2017-07-18,35.379562
2017-07-19,35.673374
2017-07-20,35.632561
2017-07-21,35.608086
2017-07-24,35.714172
2017-07-25,35.624405
2017-07-26,35.918213
2017-07-27,35.722347
2017-07-28,35.706017
2017-07-31,35.746830
2017-08-01,35.852924
2017-08-02,35.885563
2017-08-03,35.738667
2017-08-04,35.869251
2017-08-07,36.114086
2017-08-08,36.122242
2017-08-09,35.795792
2017-08-10,34.947010
2017-08-11,35.028618
2017-08-14,35.387726
2017-08-15,35.428535
2017-08-16,35.795792
2017-08-17,35.338753
2017-08-18,35.640717
2017-08-21,35.771313
2017-08-22,36.171219
2017-08-23,36.342602
2017-08-24,36.456863
2017-08-25,36.669067
2017-08-28,36.538475
2017-08-29,36.473186
2017-08-30,36.530308
2017-08-31,36.587448
2017-09-01,36.856770
2017-09-05,36.375248
2017-09-06,36.611927
2017-09-07,36.881248
2017-09-08,36.636410
2017-09-11,37.126095
2017-09-12,37.085289
2017-09-13,36.889416
2017-09-14,36.987354
2017-09-15,37.207710
2017-09-18,37.338287
2017-09-19,37.419903
2017-09-20,37.248516
2017-09-21,37.248516
2017-09-22,37.036331
2017-09-25,36.407894
2017-09-26,36.309952
2017-09-27,36.179375
2017-09-28,36.154884
2017-09-29,36.571129
2017-10-02,36.579281
2017-10-03,37.158741
2017-10-04,37.150589
2017-10-05,37.428066
2017-10-06,37.240356
2017-10-09,37.215866
2017-10-10,37.583134
2017-10-11,37.754520
2017-10-12,37.738197
2017-10-13,38.080978
2017-10-16,38.056492
2017-10-17,37.860619
2017-10-18,37.950394
2017-10-19,37.615776
2017-10-20,37.754520
2017-10-23,37.452541
2017-10-24,37.452541
2017-10-25,37.370937
2017-10-26,37.117943
2017-10-27,37.656586
2017-10-30,37.419903
2017-10-31,37.770844
2017-11-01,37.966709
2017-11-02,38.015690
2017-11-03,37.819809
2017-11-06,38.244205
2017-11-07,37.999367
2017-11-08,38.178909
2017-11-09,37.942234
2017-11-10,37.779011
2017-11-13,37.697388
2017-11-14,37.444389
2017-11-15,37.248516
2017-11-16,38.023842
2017-11-17,38.211559
2017-11-20,38.407448
2017-11-21,38.921593
2017-11-22,39.019531
2017-11-24,38.937916
2017-11-27,38.366623
2017-11-28,38.652275
2017-11-29,38.040173
2017-11-30,37.623936
2017-12-01,37.411732
2017-12-04,37.485191
2017-12-05,37.460716
2017-12-06,36.954708
2017-12-07,37.060806
2017-12-08,37.493351
2017-12-11,37.681068
2017-12-12,37.428066
2017-12-13,37.876942
2017-12-14,37.599457
2017-12-15,37.681068
2017-12-18,38.105461
2017-12-19,37.904133
2017-12-20,37.953842
2017-12-21,38.202393
2017-12-22,38.525509
2017-12-26,38.492374
2017-12-27,38.591789
2017-12-28,38.856915
2017-12-29,39.039185
2018-01-02,39.776546
2018-01-03,40.157673
2018-01-04,40.356506
2018-01-05,40.704479
2018-01-08,40.704479
2018-01-09,40.638206
2018-01-10,40.381371
2018-01-11,40.629913
2018-01-12,41.019318
2018-01-16,40.861900
2018-01-17,41.400433
2018-01-18,41.450142
2018-01-19,41.789818
2018-01-22,42.030090
2018-01-23,42.228935
2018-01-24,42.585182
2018-01-25,42.560345
2018-01-26,43.148579
2018-01-29,42.494061
2018-01-30,41.914101
2018-01-31,42.278637
2018-02-01,41.706974
2018-02-02,40.638206
2018-02-05,39.213173
2018-02-06,40.489067
2018-02-07,39.213173
2018-02-08,37.854420
2018-02-09,38.459229
2018-02-12,39.064034
2018-02-13,39.362297
2018-02-14,40.348213
2018-02-15,41.176727
2018-02-16,41.044174
2018-02-20,40.480782
2018-02-21,40.447647
2018-02-22,40.472500
2018-02-23,41.193302
2018-02-26,41.574409
2018-02-27,40.364796
2018-02-28,39.784840
2018-03-01,39.710285
2018-03-02,39.875988
2018-03-05,39.933983
2018-03-06,40.306801
2018-03-07,40.348213
2018-03-08,40.356506
2018-03-09,41.218155
2018-03-12,41.317577
2018-03-13,40.944748
2018-03-14,41.011028
2018-03-15,40.861900
2018-03-16,40.770760
2018-03-19,40.331657
2018-03-20,40.779049
2018-03-21,41.019318
2018-03-22,39.652283
2018-03-23,38.848633
2018-03-26,40.107960
2018-03-27,39.378868
2018-03-28,39.180031
2018-03-29,40.000256
2018-04-02,39.279446
2018-04-03,39.668850
2018-04-04,39.685421
2018-04-05,39.784840
2018-04-06,39.006054
2018-04-09,39.047470
2018-04-10,39.809689
2018-04-11,39.826263
2018-04-12,39.809689
2018-04-13,39.412014
2018-04-16,39.461720
2018-04-17,39.544571
2018-04-18,39.884262
2018-04-19,39.652283
2018-04-20,39.155170
2018-04-23,38.840347
2018-04-24,38.658070
2018-04-25,38.359810
2018-04-26,38.914913
2018-04-27,39.155170
2018-04-30,38.873482
2018-05-01,38.682926
2018-05-02,38.376385
2018-05-03,38.293533
2018-05-04,38.467514
2018-05-07,38.243824
2018-05-08,38.459229
2018-05-09,38.533802
2018-05-10,39.337448
2018-05-11,39.271168
2018-05-14,39.320873
2018-05-15,38.508942
2018-05-16,39.088902
2018-05-17,38.492374
2018-05-18,38.169258
2018-05-21,38.401237
2018-05-22,38.533802
2018-05-23,38.517231
2018-05-24,38.310097
2018-05-25,38.467514
2018-05-29,37.572727
2018-05-30,37.870991
2018-05-31,37.854420
2018-06-01,38.384663
2018-06-04,38.774063
2018-06-05,38.475796
2018-06-06,39.055767
2018-06-07,38.459229
2018-06-08,38.384663
2018-06-11,38.384663
2018-06-12,38.285244
2018-06-13,38.028416
2018-06-14,37.771568
2018-06-15,37.473320
2018-06-18,37.017635
2018-06-19,36.609013
2018-06-20,36.767464
2018-06-21,36.250427
2018-06-22,36.625690
2018-06-25,36.133682
2018-06-26,35.991913
2018-06-27,35.299755
2018-06-28,35.599964
2018-06-29,36.133682
2018-07-02,35.775097
2018-07-03,35.800110
2018-07-05,35.708374
2018-07-06,36.200390
2018-07-09,36.850849
2018-07-10,36.767464
2018-07-11,36.050285
2018-07-12,36.542297
2018-07-13,36.567318
2018-07-16,36.367180
2018-07-17,36.634026
2018-07-18,36.592331
2018-07-19,36.142014
2018-07-20,36.659042
2018-07-23,36.417202
2018-07-24,36.950924
2018-07-25,37.551338
2018-07-26,37.134384
2018-07-27,37.267803
2018-07-30,37.209427
2018-07-31,37.409573
2018-08-01,37.076000
2018-08-02,36.583992
2018-08-03,36.867523
2018-08-06,36.583992
2018-08-07,36.959259
2018-08-08,36.909222
2018-08-09,36.800816
2018-08-10,36.016933
2018-08-13,35.424850
2018-08-14,35.641663
2018-08-15,34.615952
2018-08-16,34.832764
2018-08-17,35.199692
2018-08-20,35.358139
2018-08-21,35.808449
2018-08-22,36.091988
2018-08-23,35.508240
2018-08-24,36.167038
2018-08-27,36.684067
2018-08-28,36.550640
2018-08-29,36.775791
2018-08-30,35.816792
2018-08-31,36.000248
2018-09-04,35.299755
2018-09-05,34.791069
2018-09-06,34.824421
2018-09-07,34.649300
2018-09-10,34.307396
2018-09-11,34.382454
2018-09-12,34.557564
2018-09-13,35.024570
2018-09-14,34.991211
2018-09-17,34.674328
2018-09-18,35.007889
2018-09-19,35.491566
2018-09-20,35.883503
2018-09-21,36.050285
2018-09-24,35.641663
2018-09-25,35.783424
2018-09-26,35.858486
2018-09-27,36.033607
2018-09-28,35.791775
2018-10-01,35.800110
2018-10-02,35.349792
2018-10-03,35.057922
2018-10-04,34.182312
2018-10-05,34.057224
2018-10-08,34.107262
2018-10-09,33.982174
2018-10-10,32.973129
2018-10-11,32.639557
2018-10-12,33.598560
2018-10-15,33.239983
2018-10-16,34.073898
2018-10-17,33.656940
2018-10-18,32.772991
2018-10-19,33.081528
2018-10-22,33.440125
2018-10-23,33.073200
2018-10-24,32.005787
2018-10-25,32.622887
2018-10-26,32.247616
2018-10-29,31.688885
2018-10-30,32.305992
2018-10-31,32.656242
2018-11-01,33.823727
2018-11-02,34.040550
2018-11-05,34.132286
2018-11-06,34.073898
2018-11-07,34.716015
2018-11-08,33.815388
2018-11-09,33.189949
2018-11-12,32.722954
2018-11-13,33.098209
2018-11-14,33.298367
2018-11-15,34.040550
2018-11-16,34.107262
2018-11-19,33.648602
2018-11-20,32.923092
2018-11-21,33.531849
2018-11-23,33.139912
2018-11-26,33.548534
2018-11-27,33.782028
2018-11-28,34.590931
2018-11-29,34.290714
2018-11-30,34.257362
2018-12-03,34.949520
2018-12-04,34.207325
2018-12-06,33.890438
2018-12-07,33.256664
2018-12-10,32.906410
2018-12-11,33.156590
2018-12-12,33.698639
2018-12-13,33.690300
2018-12-14,33.214966
2018-12-17,32.906410
2018-12-18,33.129879
2018-12-19,32.579685
2018-12-20,32.833622
2018-12-21,32.605087
2018-12-24,32.300358
2018-12-26,32.943657
2018-12-27,32.901337
2018-12-28,33.214520
2018-12-31,33.062160
2019-01-02,33.146797
2019-01-03,32.545834
2019-01-04,33.595421
2019-01-07,33.671604
2019-01-08,33.798569
2019-01-09,34.399548
2019-01-10,34.645012
2019-01-11,34.475727
2019-01-14,34.187927
2019-01-15,34.424942
2019-01-16,34.848164
2019-01-17,35.000515
2019-01-18,35.169804
2019-01-22,34.560371
2019-01-23,34.915871
2019-01-24,35.254456
2019-01-25,35.719997
2019-01-28,35.347565
2019-01-29,35.406811
2019-01-30,36.177082
2019-01-31,36.481792
2019-02-01,36.194004
2019-02-04,36.253258
2019-02-05,36.752663
2019-02-06,36.253258
2019-02-07,35.889286
2019-02-08,35.686142
2019-02-11,35.567642
2019-02-12,35.863892
2019-02-13,35.609962
2019-02-14,35.677677
2019-02-15,35.626888
2019-02-19,35.906216
2019-02-20,36.109360
2019-02-21,36.033188
2019-02-22,36.431015
2019-02-25,36.837307
2019-02-26,36.710342
2019-02-27,36.397156
2019-02-28,35.923149
2019-03-01,35.965466
2019-03-04,36.016254
2019-03-05,36.371765
2019-03-06,36.168617
2019-03-07,35.499924
2019-03-08,35.245991
2019-03-11,35.906216
2019-03-12,36.092434
2019-03-13,36.134754
2019-03-14,35.940079
2019-03-15,36.464874
2019-03-18,36.871166
2019-03-19,36.888100
2019-03-20,36.947342
2019-03-21,36.998127
2019-03-22,35.914680
2019-03-25,35.999317
2019-03-26,36.109360
2019-03-27,35.719997
2019-03-28,35.956997
2019-03-29,36.329437
2019-04-01,36.930424
2019-04-02,36.811920
2019-04-03,37.065853
2019-04-04,37.294388
2019-04-05,37.582172
2019-04-08,37.582172
2019-04-09,37.506004
2019-04-10,37.683750
2019-04-11,37.277462
2019-04-12,37.548325
2019-04-15,37.353638
2019-04-16,37.632957
2019-04-17,37.743004
2019-04-18,37.717613
2019-04-22,37.472137
2019-04-23,37.556778
2019-04-24,37.048923
2019-04-25,36.998127
2019-04-26,37.142033
2019-04-29,37.218204
2019-04-30,37.184345
2019-05-01,36.905022
2019-05-02,36.989670
2019-05-03,37.429821
2019-05-06,36.659554
2019-05-07,35.940079
2019-05-08,35.889286
2019-05-09,35.322166
2019-05-10,35.533779
2019-05-13,34.348766
2019-05-14,34.831234
2019-05-15,34.898941
2019-05-16,34.729652
2019-05-17,34.103283
2019-05-20,33.959393
2019-05-21,34.391079
2019-05-22,34.221794
2019-05-23,33.781643
2019-05-24,33.815491
2019-05-28,33.933994
2019-05-29,34.154076
2019-05-30,34.340294
2019-05-31,34.458801
2019-06-03,34.771984
2019-06-04,34.848164
2019-06-05,34.568836
2019-06-06,34.585762
2019-06-07,34.856621
2019-06-10,35.220596
2019-06-11,35.618423
2019-06-12,35.237522
2019-06-13,35.178272
2019-06-14,34.788910
2019-06-17,34.926228
2019-06-18,35.770596
2019-06-19,36.069118
2019-06-20,36.597908
2019-06-21,36.478504
2019-06-24,36.427326
2019-06-25,36.052048
2019-06-26,36.393208
2019-06-27,36.649090
2019-06-28,36.597908
2019-07-01,37.032890
2019-07-02,36.939068
2019-07-03,36.870834
2019-07-05,36.614964
2019-07-08,36.393208
2019-07-09,36.282333
2019-07-10,36.589375
2019-07-11,36.521149
2019-07-12,36.546726
2019-07-15,36.683189
2019-07-16,36.632027
2019-07-17,36.521149
2019-07-18,36.742908
2019-07-19,36.555260
2019-07-22,36.563797
2019-07-23,36.606438
2019-07-24,36.666142
2019-07-25,36.342037
2019-07-26,36.418797
2019-07-29,36.350571
2019-07-30,36.069118
2019-07-31,35.625603
2019-08-01,34.926228
2019-08-02,34.585064
2019-08-05,33.305717
2019-08-06,33.783337
2019-08-07,33.936855
2019-08-08,34.354778
2019-08-09,34.005093
2019-08-12,33.595707
2019-08-13,34.022156
2019-08-14,33.041321
2019-08-15,33.263073
2019-08-16,33.723637
2019-08-19,33.860096
2019-08-20,33.928337
2019-08-21,34.252434
2019-08-22,33.808918
2019-08-23,33.305717
2019-08-26,33.484829
2019-08-27,33.544521
2019-08-28,33.638348
2019-08-29,34.013622
2019-08-30,34.278027
2019-09-03,34.064796
2019-09-04,34.636242
2019-09-05,35.028572
2019-09-06,35.182098
2019-09-09,35.292976
2019-09-10,35.318554
2019-09-11,35.565903
2019-09-12,35.821770
2019-09-13,36.026474
2019-09-16,35.745007
2019-09-17,35.745007
2019-09-18,35.600014
2019-09-19,35.455017
2019-09-20,35.489140
2019-09-23,35.523254
2019-09-24,35.147980
2019-09-25,35.122387
2019-09-26,35.113865
2019-09-27,34.661831
2019-09-30,34.857990
2019-10-01,34.610657
2019-10-02,34.346249
2019-10-03,34.789761
2019-10-04,34.943283
2019-10-07,34.653301
2019-10-08,34.405964
2019-10-09,34.670361
2019-10-10,35.028572
2019-10-11,35.591484
2019-10-14,35.437965
2019-10-15,35.753544
2019-10-16,35.855888
2019-10-17,35.992348
2019-10-18,35.804714
2019-10-21,36.128807
2019-10-22,36.154400
2019-10-23,36.162930
2019-10-24,36.162930
2019-10-25,36.418797
2019-10-28,36.632027
2019-10-29,36.444389
2019-10-30,36.606438
2019-10-31,36.316448
2019-11-01,36.862312
2019-11-04,37.229050
2019-11-05,37.442287
2019-11-06,37.322868
2019-11-07,37.595798
2019-11-08,37.254646
2019-11-11,36.990246
2019-11-12,36.751438
2019-11-13,36.469971
2019-11-14,36.495560
2019-11-15,36.785557
2019-11-18,36.725849
2019-11-19,36.802605
2019-11-20,36.640556
2019-11-21,36.563797
2019-11-22,36.563797
2019-11-25,36.930542
2019-11-26,36.819656
2019-11-27,36.862312
2019-11-29,36.282333
2019-12-02,36.273800
2019-12-03,36.086170
2019-12-04,36.359097
2019-12-05,36.521149
2019-12-06,36.734367
2019-12-09,36.589375
2019-12-10,36.717319
2019-12-11,37.254646
2019-12-12,37.902843
2019-12-13,37.885788
2019-12-16,38.207237
2019-12-17,38.555676
2019-12-18,38.764740
2019-12-19,38.782169
2019-12-20,38.860565
2019-12-23,38.912830
2019-12-24,38.825722
2019-12-26,39.104477
2019-12-27,39.261284
2019-12-30,38.999947
2019-12-31,39.087055
2020-01-02,39.879776
2020-01-03,39.139332
2020-01-06,39.043503
2020-01-07,39.017372
2020-01-08,39.243858
2020-01-09,39.505196
2020-01-10,39.714260
2020-01-13,40.332764
2020-01-14,40.106270
2020-01-15,39.792660
2020-01-16,40.045288
2020-01-17,40.271774
2020-01-21,39.252575
2020-01-22,39.574886
2020-01-23,39.165462
2020-01-24,38.851852
2020-01-27,37.510342
2020-01-28,37.823940
2020-01-29,38.006878
2020-01-30,37.440643
2020-01-31,36.682777
2020-02-03,37.092194
2020-02-04,38.050434
2020-02-05,38.268204
2020-02-06,38.303047
2020-02-07,37.771675
2020-02-10,37.980740
2020-02-11,38.477276
2020-02-12,38.999947
2020-02-13,38.485989
2020-02-14,38.503414
2020-02-18,38.250790
2020-02-19,38.529541
2020-02-20,37.928474
2020-02-21,37.710697
2020-02-24,36.299480
2020-02-25,36.012009
2020-02-26,36.299480
2020-02-27,35.428371
2020-02-28,35.297703
2020-03-02,36.064274
2020-03-03,35.820370
2020-03-04,36.456284
2020-03-05,35.689697
2020-03-06,34.957954
2020-03-09,32.571095
2020-03-10,34.226227
2020-03-11,32.632072
2020-03-12,29.365387
2020-03-13,31.482199
2020-03-16,27.553459
2020-03-17,29.452494
2020-03-18,26.908831
2020-03-19,27.117897
2020-03-20,27.318254
2020-03-23,26.664917
2020-03-24,28.668489
2020-03-25,29.678984
2020-03-26,30.802727
2020-03-27,29.051779
2020-03-30,29.530897
2020-03-31,29.731255
2020-04-01,28.459423
2020-04-02,29.417648
2020-04-03,28.860130
2020-04-06,30.436857
2020-04-07,30.593657
2020-04-08,30.907265
2020-04-09,30.794016
2020-04-13,30.837570
2020-04-14,31.543179
2020-04-15,30.733038
2020-04-16,30.898554
2020-04-17,31.586737
2020-04-20,31.186024
2020-04-21,30.323614
2020-04-22,31.151171
2020-04-23,31.037935
2020-04-24,30.994377
2020-04-27,31.621580
2020-04-28,31.682550
2020-04-29,32.605942
2020-04-30,31.917759
2020-05-01,30.767878
2020-05-04,31.098911
2020-05-05,31.273132
2020-05-06,31.177320
2020-05-07,31.429937
2020-05-08,32.091984
2020-05-11,31.882915
2020-05-12,31.760946
2020-05-13,31.699982
2020-05-14,31.821934
2020-05-15,31.386377
2020-05-18,32.614655
2020-05-19,32.353313
2020-05-20,32.780167
2020-05-21,32.405582
2020-05-22,31.734829
2020-05-26,32.431713
2020-05-27,32.536247
2020-05-28,32.309765
2020-05-29,32.867279
2020-06-01,33.625145
2020-06-02,34.426571
2020-06-03,35.228004
2020-06-04,34.731468
2020-06-05,35.646145
2020-06-08,35.863922
2020-06-09,35.620010
2020-06-10,35.881344
2020-06-11,34.008442
2020-06-12,34.731468
2020-06-15,34.416046
2020-06-16,34.635098
2020-06-17,34.968033
2020-06-18,34.985558
2020-06-19,34.976799
2020-06-22,35.406128
2020-06-23,35.747826
2020-06-24,35.274693
2020-06-25,35.423649
2020-06-26,34.994320
2020-06-29,35.152031
2020-06-30,35.038132
2020-07-01,35.432404
2020-07-02,36.238499
2020-07-06,37.798069
2020-07-07,37.167225
2020-07-08,38.131012
2020-07-09,38.131012
2020-07-10,37.885693
2020-07-13,37.631599
2020-07-14,37.684170
2020-07-15,37.798069
2020-07-16,37.263611
2020-07-17,37.473888
2020-07-20,37.955788
2020-07-21,38.306255
2020-07-22,38.139778
2020-07-23,37.833130
2020-07-24,37.798069
2020-07-27,38.385117
2020-07-28,38.069687
2020-07-29,38.683006
2020-07-30,38.192348
2020-07-31,37.929501
2020-08-03,38.192348
2020-08-04,38.700535
2020-08-05,39.121098
2020-08-06,39.243755
2020-08-07,38.437683
2020-08-10,38.534054
2020-08-11,38.428913
2020-08-12,38.945854
2020-08-13,38.831951
2020-08-14,38.761860
2020-08-17,39.252522
2020-08-18,39.208706
2020-08-19,38.726818
2020-08-20,38.604149
2020-08-21,38.796909
2020-08-24,39.226238
2020-08-25,39.620522
2020-08-26,39.725655
2020-08-27,39.392708
2020-08-28,39.909649
2020-08-31,39.024715
2020-09-01,39.690598
2020-09-02,39.585468
2020-09-03,38.831951
2020-09-04,38.849476
2020-09-08,38.174828
2020-09-09,38.744347
2020-09-10,38.122261
2020-09-11,38.490253
2020-09-14,39.112328
2020-09-15,39.524132
2020-09-16,39.471561
2020-09-17,39.313850
2020-09-18,39.007187
2020-09-21,38.647961
2020-09-22,38.358826
2020-09-23,37.763020
2020-09-24,37.587788
2020-09-25,37.622837
2020-09-28,38.043407
2020-09-29,38.017120
2020-09-30,38.630432
2020-10-01,38.989670
2020-10-02,38.542828
2020-10-05,39.059757
2020-10-06,39.129852
2020-10-07,39.559185
2020-10-08,39.883366
2020-10-09,40.154976
2020-10-12,40.505447
2020-10-13,40.338974
2020-10-14,40.067360
2020-10-15,39.778229
2020-10-16,39.918411
2020-10-19,39.804516
2020-10-20,40.242592
2020-10-21,40.356499
2020-10-22,40.347733
2020-10-23,40.584301
2020-10-26,40.058594
2020-10-27,40.233829
2020-10-28,39.226238
2020-10-29,39.620522
2020-10-30,39.173660
2020-11-02,39.673088
2020-11-03,39.848320
2020-11-04,41.101242
2020-11-05,41.802181
2020-11-06,41.994942
2020-11-09,42.284073
2020-11-10,41.802181
2020-11-11,42.073795
2020-11-12,41.758377
2020-11-13,42.345413
2020-11-16,42.871113
2020-11-17,42.827305
2020-11-18,42.678352
2020-11-19,42.748447
2020-11-20,42.985012
2020-11-23,43.098904
2020-11-24,43.677181
2020-11-25,43.431862
2020-11-27,43.843662
2020-11-30,42.695873
2020-12-01,43.537003
2020-12-02,43.598331
2020-12-03,44.097755
2020-12-04,44.553356
2020-12-07,44.553356
2020-12-08,44.570885
2020-12-09,44.185368
2020-12-10,44.754887
2020-12-11,44.439461
2020-12-14,44.208412
2020-12-15,44.686440
2020-12-16,44.898895
2020-12-17,45.191021
2020-12-18,45.137905
2020-12-21,44.473980
2020-12-22,44.119888
2020-12-23,44.571362
2020-12-24,44.376602
2020-12-28,44.500542
2020-12-29,45.164463
2020-12-30,45.766422
2020-12-31,45.739868
2021-01-04,46.031986
2021-01-05,47.138527
2021-01-06,46.740166
2021-01-07,47.182789
2021-01-08,48.430962
2021-01-11,47.775894
2021-01-12,48.245064
2021-01-13,48.351295
2021-01-14,48.802757
2021-01-15,48.112282
2021-01-19,48.908985
2021-01-20,49.767658
2021-01-21,49.856178
2021-01-22,49.422428
2021-01-25,49.794216
2021-01-26,49.431271
2021-01-27,48.059170
2021-01-28,48.395546
2021-01-29,47.191639
2021-02-01,48.466370
2021-02-02,49.094883
2021-02-03,49.342751
2021-02-04,49.360451
2021-02-05,49.785366
2021-02-08,49.873894
2021-02-09,50.405025
2021-02-10,50.582066
2021-02-11,51.122070
2021-02-12,51.166325
2021-02-16,51.290253
2021-02-17,51.307961
2021-02-18,50.599777
2021-02-19,50.927315
2021-02-22,49.431271
2021-02-23,49.652576
2021-02-24,49.333893
2021-02-25,48.209660
2021-02-26,47.563442
2021-03-01,48.838165
2021-03-02,48.360149
2021-03-03,48.262775
2021-03-04,47.138527
2021-03-05,47.651962
2021-03-08,46.368370
2021-03-09,47.386391
2021-03-10,47.173939
2021-03-11,48.661121
2021-03-12,47.793598
2021-03-15,47.908672
2021-03-16,48.112282
2021-03-17,48.174252
2021-03-18,47.289013
2021-03-19,47.873268
2021-03-22,47.731628
2021-03-23,46.819836
2021-03-24,45.748722
2021-03-25,45.961163
2021-03-26,47.156239
2021-03-29,46.828693
2021-03-30,46.979183
2021-03-31,47.218201
2021-04-01,47.678516
2021-04-05,47.864418
2021-04-06,48.129990
2021-04-07,47.421795
2021-04-08,47.811302
2021-04-09,47.404095
2021-04-12,47.120823
2021-04-13,47.315575
2021-04-14,47.554588
2021-04-15,47.988346
2021-04-16,48.112282
2021-04-19,47.935234
2021-04-20,47.545734
2021-04-21,47.837860
2021-04-22,47.669670
2021-04-23,48.360149
2021-04-26,48.422112
2021-04-27,48.395546
2021-04-28,48.758499
2021-04-29,48.643417
2021-04-30,47.784748
2021-05-03,47.784748
2021-05-04,47.244755
2021-05-05,47.466061
2021-05-06,47.917534
2021-05-07,48.413254
2021-05-10,47.545734
2021-05-11,47.412949
2021-05-12,46.102814
2021-05-13,46.040836
2021-05-14,46.872955
2021-05-17,46.828693
2021-05-18,47.457211
2021-05-19,47.315575
2021-05-20,47.589996
2021-05-21,47.041157
2021-05-24,47.430653
2021-05-25,47.899830
2021-05-26,48.253918
2021-05-27,48.262775
2021-05-28,48.572594
2021-06-01,49.572910
2021-06-02,49.652576
2021-06-03,49.121445
2021-06-04,49.564053
2021-06-07,49.316193
2021-06-08,49.077175
2021-06-09,48.935547
2021-06-10,49.327644
2021-06-11,49.158710
2021-06-14,49.292072
2021-06-15,48.954212
2021-06-16,48.287384
2021-06-17,48.554123
2021-06-18,48.216259
2021-06-21,48.420757
2021-06-22,48.198471
2021-06-23,48.491879
2021-06-24,48.936436
2021-06-25,49.345425
2021-06-28,49.389877
2021-06-29,49.354317
2021-06-30,49.034229
2021-07-01,48.758617
2021-07-02,48.705261
2021-07-06,47.851723
2021-07-07,47.798370
2021-07-08,46.802570
2021-07-09,47.611660
2021-07-12,47.656120
2021-07-13,47.700577
2021-07-14,47.905071
2021-07-15,48.020645
2021-07-16,47.647228
2021-07-19,46.847034
2021-07-20,46.998188
2021-07-21,47.300480
2021-07-22,47.389385
2021-07-23,46.686993
2021-07-26,45.797878
2021-07-27,44.873219
2021-07-28,46.091290
2021-07-29,46.322456
2021-07-30,45.877903
2021-08-02,46.206875
2021-08-03,46.402481
2021-08-04,46.642536
2021-08-05,46.571411
2021-08-06,46.180202
2021-08-09,46.331352
2021-08-10,46.393585
2021-08-11,46.518066
2021-08-12,46.109074
2021-08-13,45.993492
2021-08-16,45.575603
2021-08-17,44.739841
2021-08-18,44.810978
2021-08-19,44.046345
2021-08-20,44.010784
2021-08-23,44.677608
2021-08-24,45.691189
2021-08-25,45.744541
2021-08-26,45.308876
2021-08-27,45.869011
2021-08-30,45.966816
2021-08-31,46.598083
2021-09-01,47.193783
2021-09-02,46.980396
2021-09-03,47.229351
2021-09-07,47.504971
2021-09-08,46.811470
2021-09-09,46.722557
2021-09-10,46.669209
2021-09-13,46.793686
2021-09-14,46.402481
2021-09-15,46.393585
2021-09-16,45.869011
2021-09-17,45.673409
2021-09-20,44.446445
2021-09-21,44.775417
2021-09-22,45.335552
2021-09-23,45.691189
2021-09-24,45.148830
2021-09-27,45.442245
2021-09-28,44.855427
2021-09-29,44.437553
2021-09-30,44.793198
2021-10-01,44.748741
2021-10-04,44.090801
2021-10-05,44.401981
2021-10-06,44.153034
2021-10-07,45.015472
2021-10-08,45.184399
2021-10-11,45.095493
2021-10-12,44.864326
2021-10-13,45.486698
2021-10-14,45.628952
2021-10-15,46.180202
2021-10-18,46.064625
2021-10-19,46.678097
2021-10-20,46.669209
2021-10-21,46.366917
2021-10-22,46.269115
2021-10-25,46.509178
2021-10-26,46.269115
2021-10-27,45.895691
2021-10-28,45.940151
2021-10-29,45.273315
2021-11-01,45.628952
2021-11-02,45.219967
2021-11-03,45.433353
2021-11-04,45.326664
2021-11-05,45.273315
2021-11-08,45.691189
2021-11-09,45.513374
2021-11-10,45.326664
2021-11-11,46.109074
2021-11-12,46.233547
2021-11-15,46.082397
2021-11-16,46.144642
2021-11-17,45.904579
2021-11-18,45.344444
2021-11-19,45.273315
2021-11-22,44.908775
2021-11-23,44.864326
2021-11-24,44.802086
2021-11-26,43.299500
2021-11-29,43.468426
2021-11-30,43.423973
2021-12-01,43.584015
2021-12-02,44.117474
2021-12-03,43.495098
2021-12-06,43.832958
2021-12-07,44.526463
2021-12-08,44.704285
2021-12-09,44.490906
2021-12-10,44.526463
2021-12-13,43.820328
2021-12-14,43.721123
2021-12-15,43.594868
2021-12-16,43.648975
2021-12-17,43.432529
2021-12-20,42.783211
2021-12-21,43.504684
2021-12-22,43.712105
2021-12-23,43.937565
2021-12-27,44.135963
2021-12-28,43.991676
2021-12-29,43.793270
2021-12-30,44.294960
2021-12-31,44.078400
2022-01-03,44.394218
2022-01-04,44.240818
2022-01-05,43.518967
2022-01-06,43.717476
2022-01-07,44.114494
2022-01-10,44.114494
2022-01-11,45.134117
2022-01-12,45.883041
2022-01-13,45.233372
2022-01-14,45.215332
2022-01-18,44.412262
2022-01-19,44.601749
2022-01-20,44.863426
2022-01-21,44.213745
2022-01-24,43.591145
2022-01-25,43.509945
2022-01-26,42.959522
2022-01-27,42.463253
2022-01-28,42.670776
2022-01-31,44.069386
2022-02-01,44.340073
2022-02-02,44.267899
2022-02-03,43.798687
2022-02-04,43.906960
2022-02-07,43.816730
2022-02-08,44.240818
2022-02-09,44.935608
2022-02-10,44.637840
2022-02-11,43.961105
2022-02-14,43.654316
2022-02-15,44.601749
2022-02-16,44.926582
2022-02-17,44.403240
2022-02-18,43.961105
2022-02-22,43.338501
2022-02-23,42.833199
2022-02-24,41.948925
2022-02-25,42.724918
2022-02-28,42.165482
2022-03-01,41.606041
2022-03-02,41.678230
2022-03-03,41.091724
2022-03-04,40.261585
2022-03-07,38.754707
2022-03-08,38.881031
2022-03-09,39.981861
2022-03-10,39.232933
2022-03-11,38.411831
2022-03-14,37.482437
2022-03-15,37.536572
2022-03-16,40.559357
2022-03-17,40.351810
2022-03-18,40.929306
2022-03-21,40.297676
2022-03-22,41.028557
2022-03-23,40.757858
2022-03-24,40.974419
2022-03-25,40.649578
2022-03-28,40.784927
2022-03-29,41.479721
2022-03-30,41.362415
2022-03-31,40.739811
2022-04-01,41.416553
2022-04-04,42.147434
2022-04-05,41.371437
2022-04-06,40.830051
2022-04-07,40.505215
2022-04-08,40.541298
2022-04-11,40.035999
2022-04-12,39.909676
2022-04-13,40.433025
2022-04-14,39.909676
2022-04-18,39.774334
2022-04-19,39.575817
2022-04-20,39.341213
2022-04-21,38.583263
2022-04-22,38.240387
2022-04-25,37.960659
2022-04-26,37.130527
2022-04-27,37.563641
2022-04-28,38.105038
2022-04-29,38.240387
2022-05-02,38.186245
2022-05-03,38.465969
2022-05-04,38.881031
2022-05-05,37.446339
2022-05-06,36.932014
2022-05-09,35.867279
2022-05-10,36.038723
2022-05-11,35.786072
2022-05-12,35.551468
2022-05-13,36.535000
2022-05-16,36.390621
2022-05-17,37.283928
2022-05-18,36.390621
2022-05-19,36.968113
2022-05-20,37.121506
2022-05-23,37.401222
2022-05-24,36.751553
2022-05-25,36.932014
2022-05-26,37.509499
2022-05-27,37.942619
2022-05-31,38.474987
2022-06-01,38.204288
2022-06-02,38.862984
2022-06-03,38.231358
2022-06-06,38.438892
2022-06-07,38.556194
2022-06-08,38.763725
2022-06-09,37.846466
2022-06-10,37.427868
2022-06-13,36.117481
2022-06-14,36.617981
2022-06-15,37.100266
2022-06-16,35.962788
2022-06-17,36.099281
2022-06-21,36.681675
2022-06-22,36.026485
2022-06-23,36.135677
2022-06-24,36.991074
2022-06-27,37.036575
2022-06-28,36.809074
2022-06-29,36.663471
2022-06-30,36.490574
2022-07-01,36.263077
2022-07-05,35.980984
2022-07-06,35.762581
2022-07-07,36.481472
2022-07-08,36.481472
2022-07-11,35.507790
2022-07-12,35.371292
2022-07-13,35.289391
2022-07-14,34.970898
2022-07-15,35.152897
2022-07-18,35.398590
2022-07-19,35.980984
2022-07-20,35.826283
2022-07-21,36.235771
2022-07-22,35.871784
2022-07-25,35.999187
2022-07-26,35.717087
2022-07-27,36.381378
2022-07-28,36.536072
2022-07-29,36.363178
2022-08-01,36.053780
2022-08-02,35.880886
2022-08-03,36.162983
2022-08-04,36.417778
2022-08-05,36.454178
2022-08-08,36.499676
2022-08-09,36.363178
2022-08-10,36.818172
2022-08-11,36.963772
2022-08-12,37.355064
2022-08-15,37.182171
2022-08-16,37.173065
2022-08-17,37.018368
2022-08-18,36.809074
2022-08-19,36.308578
2022-08-22,35.990082
2022-08-23,36.181179
2022-08-24,36.172081
2022-08-25,36.954674
2022-08-26,36.408676
2022-08-29,36.181179
2022-08-30,35.753487
2022-08-31,35.880886
2022-09-01,35.598785
2022-09-02,35.271191
2022-09-06,34.852592
2022-09-07,35.161991
2022-09-08,34.970898
2022-09-09,35.489590
2022-09-12,36.017380
2022-09-13,34.907196
2022-09-14,35.080093
2022-09-15,34.706997
2022-09-16,34.388500
2022-09-19,34.497704
2022-09-20,34.306602
2022-09-21,33.733303
2022-09-22,33.569511
2022-09-23,32.741417
2022-09-26,32.341019
2022-09-27,32.304619
2022-09-28,32.586723
2022-09-29,31.858727
2022-09-30,31.740438
2022-10-03,32.259129
2022-10-04,33.314713
2022-10-05,33.332916
2022-10-06,33.132717
2022-10-07,32.441128
2022-10-10,31.986130
2022-10-11,31.476538
2022-10-12,31.512932
2022-10-13,31.603935
2022-10-14,31.130743
2022-10-17,31.986130
2022-10-18,31.995228
2022-10-19,31.412828
2022-10-20,31.613029
2022-10-21,32.095329
2022-10-24,30.875940
2022-10-25,31.130743
2022-10-26,31.640333
2022-10-27,31.394630
2022-10-28,31.203539
2022-10-31,31.112539
2022-11-01,31.685825
2022-11-02,31.421938
2022-11-03,31.603935
2022-11-04,32.941612
2022-11-07,32.959816
2022-11-08,33.196411
2022-11-09,32.623119
2022-11-10,33.806103
2022-11-11,34.725201
2022-11-14,34.515896
2022-11-15,35.307590
2022-11-16,34.743401
2022-11-17,34.807091
2022-11-18,34.606899
2022-11-21,34.170101
2022-11-22,34.252003
2022-11-23,34.534100
2022-11-25,34.370300
2022-11-28,34.215603
2022-11-29,34.952694
2022-11-30,35.962788
2022-12-01,35.844482
2022-12-02,35.980984
2022-12-05,35.571484
2022-12-06,35.525986
2022-12-07,35.316692
2022-12-08,35.744381
2022-12-09,35.507790
2022-12-12,35.398590
2022-12-13,35.651726
2022-12-14,35.670204
2022-12-15,34.847969
2022-12-16,34.949596
2022-12-19,34.977310
2022-12-20,34.968067
2022-12-21,35.282181
2022-12-22,34.968067
2022-12-23,34.921875
2022-12-27,35.439240
2022-12-28,34.921875
2022-12-29,35.503910
2022-12-30,35.014263
2023-01-03,35.309898
2023-01-04,36.372337
2023-01-05,36.261475
2023-01-06,37.019035
2023-01-09,37.296192
2023-01-10,37.564117
2023-01-11,37.721172
2023-01-12,37.905941
2023-01-13,38.155384
2023-01-17,37.942898
2023-01-18,37.684219
2023-01-19,37.970608
2023-01-20,38.552647
2023-01-23,38.829796
2023-01-24,38.857525
2023-01-25,38.894470
2023-01-26,39.264011
2023-01-27,39.079243
2023-01-30,38.293957
2023-01-31,38.210815
2023-02-01,38.681984
2023-02-02,38.451019
2023-02-03,37.767361
2023-02-06,37.213047
2023-02-07,37.360863
2023-02-08,37.314674
2023-02-09,37.490204
2023-02-10,37.129898
2023-02-13,37.434772
2023-02-14,37.370110
2023-02-15,37.055992
2023-02-16,37.065228
2023-02-17,36.658733
2023-02-21,36.196800
2023-02-22,36.021271
2023-02-23,36.196800
2023-02-24,35.383808
2023-02-27,35.568577
2023-02-28,35.319134
2023-03-01,36.076706
2023-03-02,36.206043
2023-03-03,36.529392
2023-03-06,36.400059
2023-03-07,35.790306
2023-03-08,35.938122
2023-03-09,35.143600
2023-03-10,34.958828
2023-03-13,35.014263
2023-03-14,35.032738
2023-03-15,34.432232
2023-03-16,34.958828
2023-03-17,34.746342
2023-03-20,34.875683
2023-03-21,35.189796
2023-03-22,35.328381
2023-03-23,35.818012
2023-03-24,35.725636
2023-03-27,35.531628
2023-03-28,36.039745
2023-03-29,36.141369
2023-03-30,36.501678
2023-03-31,36.455486
2023-04-03,36.529392
2023-04-04,36.529392
2023-04-05,36.242992
2023-04-06,36.390816
2023-04-10,36.427769
2023-04-11,36.649494
2023-04-12,36.390816
2023-04-13,36.889698
2023-04-14,36.695686
2023-04-17,36.852737
2023-04-18,36.806549
2023-04-19,36.437004
2023-04-20,36.381573
2023-04-21,36.039745
2023-04-24,35.956596
2023-04-25,35.282181
2023-04-26,35.485432
2023-04-27,35.965836
2023-04-28,36.150608
2023-05-01,36.030510
2023-05-02,35.679440
2023-05-03,35.624012
2023-05-04,35.910408
2023-05-05,36.390816
2023-05-08,36.409290
2023-05-09,36.187561
2023-05-10,36.169090
2023-05-11,36.039745
2023-05-12,35.614769
2023-05-15,36.270710
2023-05-16,36.012028
2023-05-17,36.178326
2023-05-18,35.984314
2023-05-19,36.012028
2023-05-22,36.307667
2023-05-23,35.744114
2023-05-24,35.476196
2023-05-25,35.402283
2023-05-26,36.030510
2023-05-30,35.614769
2023-05-31,35.282181
2023-06-01,35.910408
2023-06-02,36.529392
2023-06-05,36.520145
2023-06-06,36.843506
2023-06-07,36.685223
2023-06-08,36.945927
2023-06-09,37.113529
2023-06-12,37.188011
2023-06-13,37.560448
2023-06-14,37.839775
2023-06-15,38.193596
2023-06-16,38.063240
2023-06-20,37.318367
2023-06-21,37.141453
2023-06-22,37.011105
2023-06-23,36.471066
2023-06-26,36.592110
2023-06-27,36.964546
2023-06-28,36.741085
2023-06-29,36.545551
2023-06-30,36.834198
2023-07-03,37.243874
2023-07-05,37.020409
2023-07-06,36.266224
2023-07-07,36.675907
2023-07-10,36.703838
2023-07-11,37.076271
2023-07-12,37.904957
2023-07-13,38.398438
2023-07-14,38.184280
2023-07-17,38.230839
2023-07-18,37.951504
2023-07-19,37.877022
2023-07-20,37.597694
2023-07-21,37.541832
2023-07-24,38.053928
2023-07-25,38.370506
2023-07-26,38.593964
2023-07-27,38.119106
2023-07-28,39.040890
2023-07-31,39.059517
2023-08-01,38.566032
2023-08-02,37.644249
2023-08-03,37.793224
2023-08-04,37.746674
2023-08-07,37.690804
2023-08-08,37.234566
2023-08-09,37.327675
2023-08-10,37.383541
2023-08-11,36.834198
2023-08-14,36.657284
2023-08-15,36.238293
2023-08-16,35.912407
2023-08-17,35.996204
2023-08-18,35.754124
2023-08-21,35.837925
2023-08-22,35.763435
2023-08-23,36.331402
2023-08-24,36.191738
2023-08-25,36.228981
2023-08-28,36.582806
2023-08-29,37.048347
2023-08-30,36.927303
2023-08-31,36.471066
2023-09-01,36.899372
2023-09-05,36.601418
2023-09-06,36.396580
2023-09-07,35.968277
2023-09-08,36.042759
2023-09-11,36.489685
2023-09-12,36.377953
2023-09-13,36.331402
2023-09-14,36.573486
2023-09-15,36.433823
2023-09-18,36.387272
2023-09-19,36.173111
2023-09-20,36.024139
2023-09-21,35.400307
2023-09-22,35.819302
2023-09-25,35.661015
2023-09-26,35.158218
2023-09-27,35.214085
2023-09-28,35.307194
2023-09-29,35.335133
2023-10-02,35.158218
2023-10-03,34.692669
2023-10-04,34.590248
2023-10-05,34.720608
2023-10-06,35.223400
2023-10-09,35.055801
2023-10-10,35.558586
2023-10-11,35.782055
2023-10-12,35.381683
2023-10-13,35.251331
2023-10-16,35.512035
2023-10-17,35.418922
2023-10-18,34.878887
2023-10-19,34.674053
2023-10-20,34.255054
2023-10-23,34.227123
2023-10-24,34.664742
2023-10-25,34.208500
2023-10-26,34.040901
2023-10-27,34.012970
2023-10-30,34.366791
2023-10-31,34.171257
2023-11-01,34.487831
2023-11-02,35.093040
2023-11-03,35.809990
2023-11-06,36.098621
2023-11-07,36.033451
2023-11-08,35.791359
2023-11-09,35.456169
2023-11-10,35.707569
2023-11-13,35.698254
2023-11-14,36.647972
2023-11-15,36.955235
2023-11-16,36.601418
2023-11-17,36.647972
2023-11-20,37.104214
2023-11-21,36.871437
2023-11-22,36.796955
2023-11-24,36.815575
2023-11-27,36.666595
2023-11-28,36.973854
2023-11-29,36.759708
2023-11-30,36.834198
2023-12-01,36.992485
2023-12-04,36.573486
2023-12-05,36.350025
2023-12-06,36.303471
2023-12-07,36.480373
2023-12-08,36.322090
2023-12-11,36.536243
2023-12-12,36.545551
2023-12-13,36.908676
2023-12-14,37.448719
2023-12-15,37.225258
2023-12-18,37.206631
2023-12-19,37.523205
2023-12-20,36.847725
2023-12-21,37.540279
2023-12-22,37.360027
2023-12-26,37.654125
2023-12-27,37.872330
2023-12-28,38.166424
2023-12-29,38.147457
2024-01-02,37.701565
2024-01-03,37.492851
2024-01-04,37.369514
2024-01-05,37.416946
2024-01-08,37.521309
2024-01-09,36.990032
2024-01-10,36.904648
2024-01-11,37.056438
2024-01-12,37.189259
2024-01-16,36.287987
2024-01-17,35.747227
2024-01-18,36.041328
2024-01-19,36.420807
2024-01-22,36.098248
2024-01-23,36.411320
2024-01-24,36.819267
2024-01-25,36.866703
2024-01-26,36.895161
2024-01-29,36.914135
2024-01-30,36.620033
2024-01-31,36.420807
2024-02-01,36.771832
2024-02-02,36.667477
2024-02-05,36.714909
2024-02-06,37.549770
2024-02-07,37.597206
2024-02-08,37.388489
2024-02-09,37.549770
2024-02-12,37.843864
2024-02-13,37.132339
2024-02-14,37.663612
2024-02-15,37.843864
2024-02-16,38.024124
2024-02-20,38.081047
2024-02-21,38.147457
2024-02-22,38.536423
2024-02-23,38.517448
2024-02-26,38.346676
2024-02-27,38.422577
2024-02-28,37.919765
2024-02-29,37.938736
2024-03-01,38.403603
2024-03-04,38.318222
2024-03-05,37.976688
2024-03-06,38.526939
2024-03-07,38.764118
2024-03-08,38.726162
2024-03-11,38.811546
2024-03-12,39.238464
2024-03-13,39.115128
2024-03-14,38.915905
2024-03-15,38.678726
2024-03-18,38.745136
2024-03-19,38.555393
2024-03-20,38.991795
2024-03-21,39.039238
2024-03-22,38.764118
2024-03-25,38.792572
2024-03-26,38.764118
2024-03-27,38.830521
2024-03-28,38.972832
2024-04-01,39.039238
2024-04-02,39.162563
2024-04-03,39.191029
2024-04-04,39.048721
2024-04-05,39.134109
2024-04-08,39.390255
2024-04-09,39.655891
2024-04-10,39.115128
2024-04-11,39.352310
2024-04-12,38.451038
2024-04-15,38.204380
2024-04-16,37.701565
2024-04-17,37.673096
2024-04-18,37.824894
2024-04-19,37.673096
2024-04-22,38.081047
2024-04-23,38.394115
2024-04-24,38.526939
2024-04-25,38.612320
2024-04-26,39.058208
2024-04-29,39.437691
2024-04-30,38.887444
2024-05-01,38.925392
2024-05-02,39.931019
2024-05-03,40.291527
2024-05-06,40.329475
2024-05-07,40.101788
2024-05-08,40.111275
2024-05-09,40.234604
2024-05-10,40.319984
2024-05-13,40.623577
2024-05-14,40.841778
2024-05-15,41.278187
2024-05-16,41.363560
2024-05-17,41.543819
2024-05-20,41.392029
2024-05-21,41.135880
2024-05-22,41.003059
2024-05-23,40.699471
2024-05-24,40.813313
2024-05-28,40.756390
2024-05-29,40.149223
2024-05-30,40.035374
2024-05-31,39.646412
2024-06-03,40.063839
2024-06-04,39.504101
2024-06-05,40.139740
2024-06-06,40.338966
2024-06-07,39.883583
2024-06-10,40.120758
2024-06-11,39.987026
2024-06-12,40.388233
2024-06-13,40.292706
2024-06-14,40.340469
2024-06-17,40.598385
2024-06-18,40.970940
2024-06-20,40.904072
2024-06-21,40.760780
2024-06-24,40.760780
2024-06-25,40.665260
2024-06-26,40.579281
2024-06-27,40.607941
2024-06-28,40.684361
2024-07-01,40.779884
2024-07-02,40.904072
2024-07-03,41.505878
2024-07-05,41.677830
2024-07-08,41.687378
2024-07-09,41.859325
2024-07-10,42.098137
2024-07-11,42.346508
2024-07-12,42.518452
2024-07-15,42.069485
2024-07-16,42.308296
2024-07-17,41.620514
2024-07-18,41.228859
2024-07-19,40.827652
2024-07-22,41.171539
2024-07-23,40.808544
2024-07-24,40.216286
2024-07-25,40.053890
2024-07-26,40.464653
2024-07-29,40.330917
2024-07-30,40.149414
2024-07-31,41.028255
2024-08-01,40.311810
2024-08-02,39.738659
2024-08-05,38.611450
2024-08-06,38.831165
2024-08-07,39.069981
2024-08-08,39.958366
2024-08-09,40.178082
2024-08-12,40.311810
2024-08-13,40.760780
2024-08-14,40.541073
2024-08-15,40.990044
2024-08-16,41.467670
2024-08-19,41.868881
2024-08-20,41.544094
2024-08-21,41.706486
2024-08-22,41.190643
2024-08-23,41.878437
2024-08-26,41.524986
2024-08-27,41.582298
2024-08-28,41.324379
2024-08-29,41.343487
2024-08-30,41.429459
2024-09-03,40.607941
2024-09-04,40.598385
2024-09-05,40.655704
2024-09-06,39.910603
2024-09-09,40.244946
2024-09-10,40.092106
2024-09-11,40.388233
2024-09-12,40.722572
2024-09-13,40.913624
2024-09-16,41.047363
2024-09-17,41.095119
2024-09-18,40.951832
2024-09-19,41.821114
2024-09-20,41.735142
2024-09-23,42.059929
2024-09-24,43.492813
2024-09-25,43.034290
2024-09-26,44.610462
2024-09-27,44.524490
2024-09-30,43.808048
2024-10-01,44.123283
2024-10-02,44.992565
2024-10-03,44.457626
2024-10-04,44.868382
2024-10-07,45.240932
2024-10-08,44.123283
2024-10-09,43.884468
2024-10-10,43.970440
2024-10-11,44.285675
2024-10-14,44.104176
2024-10-15,43.168026
2024-10-16,43.502373
2024-10-17,43.435501
2024-10-18,43.865364
2024-10-21,43.559681
2024-10-22,43.464157
2024-10-23,43.206234
2024-10-24,43.139374
2024-10-25,43.101158
2024-10-28,43.292210
2024-10-29,43.158474
2024-10-30,42.738167
2024-10-31,42.461136
2024-11-01,42.499352
2024-11-04,42.738167
2024-11-05,43.320869
2024-11-06,42.785923
2024-11-07,43.731625
2024-11-08,42.652191
2024-11-11,42.327404
2024-11-12,41.524986
2024-11-13,41.257511
2024-11-14,41.028255
2024-11-15,41.028255
2024-11-18,41.496330
2024-11-19,41.467670
2024-11-20,41.419910
2024-11-21,41.333935
2024-11-22,41.343487
2024-11-25,41.372147
2024-11-26,41.200199
2024-11-27,41.257511
2024-11-29,41.324379
2024-12-02,41.486778
2024-12-03,41.572746
2024-12-04,41.677830
2024-12-05,41.954849
2024-12-06,41.887981
2024-12-09,42.747711
2024-12-10,42.059929
2024-12-11,42.231873
2024-12-12,42.021717
2024-12-13,42.059929
2024-12-16,41.830669
2024-12-17,41.730614
2024-12-18,40.759232
2024-12-19,40.895226
2024-12-20,41.060364
2024-12-23,41.293495
2024-12-24,41.419773
2024-12-26,41.274071
2024-12-27,41.089504
2024-12-30,40.759232
2024-12-31,40.623238
2025-01-02,40.564957
2025-01-03,40.943798
2025-01-06,41.089504
2025-01-07,40.798088
2025-01-08,40.603809
2025-01-10,39.914131
2025-01-13,39.642143
2025-01-14,40.088982
2025-01-15,40.613529
2025-01-16,40.564957
2025-01-17,40.885513
2025-01-21,41.322636
2025-01-22,41.351780
2025-01-23,41.448914
2025-01-24,41.720905
2025-01-27,40.963223
2025-01-28,41.264351
2025-01-29,41.274071
2025-01-30,41.973461
2025-01-31,41.497486
2025-02-03,41.196354
2025-02-04,41.934608
2025-02-05,41.827755
2025-02-06,42.002609
2025-02-07,41.963749
2025-02-10,42.468868
2025-02-11,42.303734
2025-02-12,42.536865
2025-02-13,42.808849
2025-02-14,43.139122
2025-02-18,43.411110
2025-02-19,43.343113
2025-02-20,43.741383
2025-02-21,43.615101
2025-02-24,42.944843
2025-02-25,42.973988
2025-02-26,43.401398
2025-02-27,42.556293
2025-02-28,41.973461
2025-03-03,41.604340
2025-03-04,41.954033
2025-03-05,43.207119
2025-03-06,42.935131
2025-03-07,43.148834
2025-03-10,42.119171
2025-03-11,42.468868
2025-03-12,42.702000
2025-03-13,42.527149
2025-03-14,43.304256
2025-03-17,44.042507
2025-03-18,43.819092
2025-03-19,43.925945
2025-03-20,43.517960
2025-03-21,43.304256
2025-03-24,43.498535
2025-03-25,43.372257
2025-03-26,43.109982
2025-03-27,43.323685
2025-03-28,42.517437
2025-03-31,42.449444
2025-04-01,42.585438
2025-04-02,42.643719
2025-04-03,41.740334
2025-04-04,39.418728
2025-04-07,37.951935
2025-04-08,37.417675
2025-04-09,40.011269
2025-04-10,39.321587
2025-04-11,40.555244
2025-04-14,40.924370
2025-04-15,40.885513
2025-04-16,40.409538
2025-04-17,40.720379
2025-04-21,40.710663
2025-04-22,41.322636
2025-04-23,41.798615
2025-04-24,42.284302
2025-04-25,42.206593
2025-04-28,42.284302
2025-04-29,42.400871
2025-04-30,42.507725
2025-05-01,42.498009
2025-05-02,43.712238
2025-05-05,44.042507
2025-05-06,43.867664
2025-05-07,43.362537
2025-05-08,43.333401
2025-05-09,43.624813
2025-05-12,44.567059
2025-05-13,44.644764
2025-05-14,44.984753
2025-05-15,44.965321
2025-05-16,44.936180
2025-05-19,45.033318
2025-05-20,44.984753
2025-05-21,44.868183
2025-05-22,44.722477
2025-05-23,44.907036
2025-05-27,44.800186
2025-05-28,44.596195
2025-05-29,44.761337
2025-05-30,44.217358
2025-06-02,44.537910
2025-06-03,44.644764
2025-06-04,45.198452
2025-06-05,45.431587
2025-06-06,45.577293
2025-06-09,45.965847
2025-06-10,46.228119
2025-06-11,46.422401
2025-06-12,46.500107
2025-06-13,45.761860
2025-06-16,46.322868
2025-06-17,45.714779
2025-06-18,45.704967
2025-06-20,45.440159
2025-06-23,45.812855
2025-06-24,46.999615
2025-06-25,47.038849
2025-06-26,47.352703
2025-06-27,47.166351
2025-06-30,47.313473
2025-07-01,47.401745
2025-07-02,47.607712
2025-07-03,47.823483
2025-07-07,47.146736
2025-07-08,47.440975
2025-07-09,47.362514
2025-07-10,47.490013
2025-07-11,47.333088
2025-07-14,47.401745
2025-07-15,47.745018
2025-07-16,47.970604
2025-07-17,48.245224
2025-07-18,48.137341
2025-07-21,48.451191
2025-07-22,48.480614
2025-07-23,48.971012
2025-07-24,48.706200
2025-07-25,48.559074
2025-07-28,48.235416
2025-07-29,48.255035
2025-07-30,47.901947
2025-07-31,47.627327
2025-08-01,47.274242
2025-08-04,47.764637
2025-08-05,47.901947
2025-08-06,48.127529
2025-08-07,48.529652
2025-08-08,48.490421
2025-08-11,48.353111
2025-08-12,48.941589
2025-08-13,49.530064
2025-08-14,48.921974
2025-08-15,48.980820
2025-08-18,49.265251
2025-08-19,48.863125
2025-08-20,48.794472
2025-08-21,48.686584
2025-08-22,49.657570
2025-08-25,49.373138
2025-08-26,49.245636
2025-08-27,48.951397
2025-08-28,49.137745
2025-08-29,48.902359
2025-09-02,48.863125
2025-09-03,49.049473
2025-09-04,48.892548
2025-09-05,49.481026
2025-09-08,49.932190
2025-09-09,50.206810
2025-09-10,50.550091
2025-09-11,51.285686
2025-09-12,51.256260
2025-09-15,51.628960
2025-09-16,52.011471
2025-09-17,52.237053
2025-09-18,52.109554
2025-09-19,51.991856
2025-09-22,52.246861
2025-09-23,52.276283
2025-09-24,52.099743
2025-09-25,51.795696
2025-09-26,51.697617
2025-09-29,52.168396
2025-09-30,52.374367
2025-10-01,52.786297
2025-10-02,53.031494
2025-10-03,53.188423
2025-10-06,53.433620
2025-10-07,53.021690
2025-10-08,53.443432
2025-10-09,52.894184
2025-10-10,50.942406
2025-10-13,52.423405
2025-10-14,51.952625
2025-10-15,52.805916
2025-10-16,53.149189
2025-10-17,53.139381
2025-10-20,53.865170
2025-10-21,53.266891
2025-10-22,53.217846
2025-10-23,53.688629
2025-10-24,54.041714
2025-10-27,54.639999
2025-10-28,54.620380
2025-10-29,54.934235
2025-10-30,54.365376
2025-10-31,54.237873
2025-11-03,54.581154
2025-11-04,53.580742
2025-11-05,54.061329
2025-11-06,53.659203
2025-11-07,53.502277
2025-11-10,54.443836
2025-11-11,54.502686
2025-11-12,54.512493
2025-11-13,53.874981
2025-11-14,53.904404
2025-11-17,53.266891
2025-11-18,53.002071
2025-11-19,52.815720
2025-11-20,52.089935
2025-11-21,52.080128
2025-11-24,52.629372
2025-11-25,52.815720
2025-11-26,53.198235
2025-11-28,53.276695
2025-12-01,53.237465
2025-12-02,53.257080
2025-12-03,53.296314
2025-12-04,53.286507
2025-12-05,53.688629
2025-12-08,53.570930
2025-12-09,53.482662
2025-12-10,54.080944
2025-12-11,53.825939
2025-12-12,53.198235
2025-12-15,53.041306
2025-12-16,52.706047
2025-12-17,52.328011
2025-12-18,52.924911
2025-12-19,53.442223
2025-12-22,53.730721
2025-12-23,54.029171
2025-12-24,54.138599
2025-12-26,54.516636
2025-12-29,54.377361
2025-12-30,54.596222
2025-12-31,54.427101
2026-01-02,55.949192
2026-01-05,56.565983
2026-01-06,56.983810
2026-01-07,56.556034
2026-01-08,56.575932
2026-01-09,56.844536
2026-01-12,57.640396
2026-01-13,57.212620
2026-01-14,57.451382
2026-01-15,57.789623
2026-01-16,57.570759
2026-01-20,57.013657
2026-01-21,57.958744
2026-01-22,58.396469
2026-01-23,58.764557
2026-01-26,58.864037
2026-01-27,60.027988
2026-01-28,60.435867
2026-01-29,60.127472
2026-01-30,58.794399
2026-02-02,58.973469
2026-02-03,59.291813
2026-02-04,58.495953
2026-02-05,58.227348
2026-02-06,59.759384
2026-02-09,60.197109
2026-02-10,60.286644
2026-02-11,61.241680
2026-02-12,60.545300
2026-02-13,60.803955
2026-02-17,60.555248
2026-02-18,60.873592
2026-02-19,60.724369
2026-02-20,62.017647
2026-02-23,61.331215
2026-02-24,62.296200
2026-02-25,62.982632
2026-02-26,62.385735
2026-02-27,62.256409
2026-03-02,61.181992
2026-03-03,58.117916
2026-03-04,58.744659
2026-03-05,57.332005
2026-03-06,57.023605
2026-03-09,58.147762
2026-03-10,58.376572
2026-03-11,58.525799
2026-03-12,56.655518
2026-03-13,56.506294
2026-03-16,58.078125
2026-03-17,58.446209
2026-03-18,57.262367
2026-03-19,57.322052
2026-03-20,55.352291
2026-03-23,57.013657
2026-03-24,56.227741
2026-03-25,57.123085
2026-03-26,55.183174
2026-03-27,54.914570
2026-03-30,54.466896
2026-03-31,56.496346
2026-04-01,56.934071
2026-04-02,56.297379
2026-04-06,56.814693
2026-04-07,57.013657
2026-04-08,60.127472
2026-04-09,59.968300
2026-04-10,60.246853
2026-04-13,60.754215
2026-04-14,61.918167
2026-04-15,61.878372
2026-04-16,62.127079
2026-04-17,63.310925
2026-04-20,62.853306
2026-04-21,61.928112
2026-04-22,63.052269
2026-04-23,62.027596
2026-04-24,63.410408
2026-04-27,63.310925
2026-04-28,62.664288
2026-04-29,62.365837
2026-04-30,63.659119
2026-05-01,63.798389
2026-05-04,63.768543
2026-05-05,65.061829
2026-05-06,67.141014
2026-05-07,66.245667
2026-05-08,67.588692
2026-05-11,67.538948
2026-05-12,65.479652
2026-05-13,66.862465
2026-05-14,67.031586
2026-05-15,64.733528
2026-05-18,64.634048
2026-05-19,63.927723
2026-05-20,65.121513
2026-05-21,65.688568
2026-05-22,65.539337
2026-05-26,68.046310
2026-05-27,68.036362
2026-05-28,68.255226
2026-05-29,68.245277
2026-06-01,69.717628
2026-06-02,70.433907
2026-06-03,69.558449
2026-06-04,68.742691
2026-06-05,64.256012
2026-06-08,65.410011
2026-06-09,65.479652
2026-06-10,64.325653
2026-06-11,67.150963
2026-06-12,67.528999
2026-06-15,69.750000
2026-06-16,68.639999
2026-06-17,68.559998
2026-06-18,70.790001
2026-06-22,71.209999
2026-06-23,67.169998
2026-06-24,67.250000
2026-06-25,67.959999
2026-06-26,67.190002
2026-06-29,67.430000
2026-06-30,68.410004
2026-07-01,66.480003
2026-07-02,65.699997
2026-07-06,67.570000
2026-07-07,65.720001
2026-07-08,66.230003
2026-07-09,66.779999
2026-07-10,66.900002
2026-07-13,64.500000
2026-07-14,65.669998
2026-07-15,65.570000
2026-07-16,64.190002
2026-07-17,63.290001
2026-07-20,63.560001
2026-07-21,65.339996
2026-07-22,64.989998
2026-07-23,64.599998
2026-07-24,63.330002
2026-07-27,63.619999
2026-07-28,62.360001
2026-07-29,61.070000
2026-07-30,63.590000
2026-07-31,64.089996
2026-08-03,64.320000
2026-08-04,66.000000
2026-08-05,65.720001
2026-08-06,65.019997
2026-08-07,65.639999
2026-08-10,65.169998
2026-08-11,65.430000
2026-08-12,66.459999
2026-08-13,66.680000
2026-08-14,66.610001
2026-08-17,67.320000
2026-08-18,65.339996
2026-08-19,66.110001
2026-08-20,66.620003
2026-08-21,67.120003
2026-08-24,66.110001
2026-08-25,67.250000
2026-08-26,67.169998
2026-08-27,67.610001
2026-08-28,67.139999
2026-08-31,67.019997
2026-09-01,66.769997
2026-09-02,67.150002
2026-09-03,67.470001
2026-09-04,68.699997
2026-09-08,68.830002
2026-09-09,68.480003
2026-09-10,67.000000
2026-09-11,67.839996
2026-09-14,65.989998
2026-09-15,65.760002
2026-09-16,65.720001
2026-09-17,66.910004
2026-09-18,67.029999
