date,value
1999-03-10,43.027054
1999-03-11,43.237713
1999-03-12,42.184433
1999-03-15,43.395699
1999-03-16,43.764366
1999-03-17,43.448368
1999-03-18,44.291004
1999-03-19,43.158730
1999-03-22,42.632057
1999-03-23,41.131119
1999-03-24,42.526726
1999-03-25,44.080353
1999-03-26,43.606369
1999-03-29,45.186325
1999-03-30,44.870312
1999-03-31,44.212021
1999-04-01,45.133652
1999-04-05,46.766258
1999-04-06,46.858414
1999-04-07,46.371258
1999-04-08,46.739918
1999-04-09,47.029583
1999-04-12,46.713581
1999-04-13,46.081608
1999-04-14,44.501678
1999-04-15,45.107315
1999-04-16,43.790691
1999-04-19,41.736759
1999-04-20,42.684723
1999-04-21,44.791313
1999-04-22,46.002602
1999-04-23,46.608250
1999-04-26,47.681286
1999-04-27,46.950577
1999-04-28,45.344303
1999-04-29,44.975670
1999-04-30,45.265312
1999-05-03,45.028336
1999-05-04,44.317326
1999-05-05,45.660294
1999-05-06,44.001339
1999-05-07,44.633339
1999-05-10,45.080975
1999-05-11,45.791965
1999-05-12,46.739918
1999-05-13,45.870964
1999-05-14,45.001957
1999-05-17,45.811695
1999-05-18,45.607616
1999-05-19,46.239594
1999-05-20,44.969067
1999-05-21,44.554352
1999-05-24,43.422050
1999-05-25,42.000103
1999-05-26,43.171886
1999-05-27,43.132366
1999-05-28,43.843342
1999-06-01,42.869072
1999-06-02,43.593220
1999-06-03,42.974396
1999-06-04,44.291004
1999-06-07,45.212635
1999-06-08,44.080353
1999-06-09,44.817642
1999-06-10,44.304176
1999-06-11,43.632706
1999-06-14,42.809811
1999-06-15,43.448368
1999-06-16,45.680038
1999-06-17,46.186935
1999-06-18,46.397579
1999-06-21,47.786625
1999-06-22,46.344929
1999-06-23,47.075653
1999-06-24,46.140865
1999-06-25,46.081608
1999-06-28,47.174400
1999-06-29,47.819546
1999-06-30,48.556843
1999-07-01,48.885994
1999-07-02,49.504814
1999-07-06,49.188824
1999-07-07,49.267822
1999-07-08,49.926125
1999-07-09,50.426441
1999-07-12,50.163128
1999-07-13,49.926125
1999-07-14,50.775375
1999-07-15,51.242752
1999-07-16,51.716732
1999-07-19,51.190075
1999-07-20,49.215153
1999-07-21,49.452137
1999-07-22,48.194782
1999-07-23,48.267204
1999-07-26,47.082237
1999-07-27,48.030182
1999-07-28,48.971600
1999-07-29,47.924873
1999-07-30,47.687878
1999-08-02,47.556210
1999-08-03,47.246822
1999-08-04,46.391003
1999-08-05,47.128323
1999-08-06,46.621414
1999-08-09,46.022358
1999-08-10,45.607616
1999-08-11,47.108574
1999-08-12,46.555584
1999-08-13,48.583187
1999-08-16,48.971600
1999-08-17,49.215153
1999-08-18,48.662205
1999-08-19,48.082851
1999-08-20,48.846497
1999-08-23,50.400116
1999-08-24,50.742420
1999-08-25,51.822060
1999-08-26,50.959671
1999-08-27,50.452782
1999-08-30,49.741810
1999-08-31,50.294785
1999-09-01,50.656841
1999-09-02,50.479111
1999-09-03,52.796356
1999-09-07,52.559357
1999-09-08,51.848389
1999-09-09,52.585693
1999-09-10,53.191353
1999-09-13,52.552792
1999-09-14,52.842449
1999-09-15,51.822060
1999-09-16,51.795750
1999-09-17,53.349327
1999-09-20,53.474415
1999-09-21,52.190704
1999-09-22,52.743683
1999-09-23,50.558117
1999-09-24,50.623932
1999-09-27,50.979420
1999-09-28,51.216412
1999-09-29,50.189438
1999-09-30,50.716095
1999-10-01,50.735859
1999-10-04,51.874733
1999-10-05,52.243359
1999-10-06,53.290096
1999-10-07,53.164993
1999-10-08,53.724579
1999-10-11,54.481621
1999-10-12,53.244011
1999-10-13,51.664066
1999-10-14,51.986629
1999-10-15,50.452782
1999-10-18,49.814213
1999-10-19,50.084118
1999-10-20,51.611401
1999-10-21,52.454033
1999-10-22,52.217041
1999-10-25,52.243359
1999-10-26,51.822060
1999-10-27,51.743061
1999-10-28,53.533649
1999-10-29,55.403244
1999-11-01,55.113609
1999-11-02,55.146530
1999-11-03,56.245892
1999-11-04,56.877872
1999-11-05,57.457172
1999-11-08,58.615803
1999-11-09,58.220818
1999-11-10,58.984447
1999-11-11,60.037766
1999-11-12,60.827740
1999-11-15,60.709236
1999-11-16,62.249676
1999-11-17,61.407055
1999-11-18,63.289799
1999-11-19,63.855919
1999-11-22,62.881653
1999-11-23,63.171314
1999-11-24,65.251518
1999-11-26,65.462234
1999-11-29,64.382576
1999-11-30,61.933712
1999-12-01,63.276630
1999-12-02,65.284500
1999-12-03,66.673485
1999-12-06,67.279182
1999-12-07,67.279182
1999-12-08,66.462822
1999-12-09,66.778824
1999-12-10,67.331818
1999-12-13,68.246864
1999-12-14,67.015823
1999-12-15,68.306129
1999-12-16,69.991371
1999-12-17,70.597008
1999-12-20,71.518677
1999-12-21,75.363174
1999-12-22,75.126205
1999-12-23,76.021492
1999-12-27,75.573830
1999-12-28,75.099846
1999-12-29,77.943756
1999-12-30,77.101105
1999-12-31,76.995750
2000-01-03,79.839668
2000-01-04,74.362556
2000-01-05,72.466637
2000-01-06,67.489830
2000-01-07,75.837158
2000-01-10,77.943756
2000-01-11,74.151894
2000-01-12,72.519325
2000-01-13,76.890442
2000-01-14,78.681038
2000-01-18,79.102364
2000-01-19,80.892975
2000-01-20,80.103020
2000-01-21,81.103607
2000-01-24,77.206421
2000-01-25,78.365082
2000-01-26,75.205162
2000-01-27,76.311150
2000-01-28,72.466637
2000-01-31,75.573830
2000-02-01,77.601395
2000-02-02,78.259750
2000-02-03,81.314278
2000-02-04,81.867279
2000-02-07,82.999535
2000-02-08,86.475426
2000-02-09,83.420876
2000-02-10,86.159447
2000-02-11,84.158203
2000-02-14,84.052834
2000-02-15,84.658470
2000-02-16,84.263481
2000-02-17,86.054108
2000-02-18,82.946884
2000-02-22,83.210205
2000-02-23,87.844704
2000-02-24,89.740623
2000-02-25,87.686684
2000-02-28,87.634056
2000-02-29,89.951340
2000-03-01,90.688606
2000-03-02,88.588623
2000-03-03,93.585167
2000-03-06,94.322456
2000-03-07,92.900505
2000-03-08,93.743126
2000-03-09,96.903061
2000-03-10,96.481766
2000-03-13,93.953819
2000-03-14,90.477943
2000-03-15,86.686111
2000-03-16,91.636581
2000-03-17,93.374504
2000-03-20,90.741272
2000-03-21,94.164474
2000-03-22,96.060364
2000-03-23,97.745674
2000-03-24,99.062309
2000-03-27,99.220284
2000-03-28,96.692383
2000-03-29,92.689857
2000-03-30,90.372650
2000-03-31,92.268562
2000-04-03,86.738777
2000-04-04,85.896095
2000-04-05,84.368866
2000-04-06,86.370087
2000-04-07,89.845970
2000-04-10,84.368866
2000-04-11,82.367584
2000-04-12,77.522423
2000-04-13,74.151894
2000-04-14,67.726791
2000-04-17,75.521179
2000-04-18,77.522423
2000-04-19,75.152542
2000-04-20,73.519958
2000-04-24,71.413307
2000-04-25,76.232155
2000-04-26,73.625206
2000-04-27,76.890442
2000-04-28,79.839668
2000-05-01,80.577011
2000-05-02,75.942513
2000-05-03,75.099846
2000-05-04,75.257889
2000-05-05,77.048454
2000-05-08,74.046577
2000-05-09,72.466637
2000-05-10,67.200157
2000-05-11,71.308037
2000-05-12,71.308037
2000-05-15,74.415215
2000-05-16,76.521820
2000-05-17,74.941864
2000-05-18,72.255959
2000-05-19,68.832733
2000-05-22,68.780098
2000-05-23,63.039635
2000-05-24,66.989494
2000-05-25,65.514893
2000-05-26,65.514893
2000-05-30,72.097961
2000-05-31,70.044037
2000-06-01,73.625206
2000-06-02,78.891724
2000-06-05,79.089211
2000-06-06,76.890442
2000-06-07,78.944366
2000-06-08,78.575737
2000-06-09,78.997047
2000-06-12,76.469154
2000-06-13,79.418388
2000-06-14,77.627739
2000-06-15,78.997047
2000-06-16,79.418388
2000-06-19,82.578278
2000-06-20,82.262238
2000-06-21,83.315559
2000-06-22,80.260979
2000-06-23,77.101105
2000-06-26,79.207703
2000-06-27,78.259750
2000-06-28,79.207703
2000-06-29,77.219620
2000-06-30,78.733711
2000-07-03,80.260979
2000-07-05,77.153816
2000-07-06,79.207703
2000-07-07,80.840279
2000-07-10,79.615860
2000-07-11,80.050346
2000-07-12,81.946243
2000-07-13,82.999535
2000-07-14,84.790161
2000-07-17,85.738144
2000-07-18,83.842178
2000-07-19,81.946243
2000-07-20,84.579506
2000-07-21,81.735580
2000-07-24,80.050346
2000-07-25,80.682304
2000-07-26,80.577011
2000-07-27,77.417099
2000-07-28,73.203918
2000-07-31,75.363174
2000-08-01,74.362556
2000-08-02,73.045914
2000-08-03,76.205826
2000-08-04,75.942513
2000-08-07,77.733116
2000-08-08,79.313026
2000-08-09,77.206421
2000-08-10,75.679184
2000-08-11,76.732491
2000-08-14,78.365082
2000-08-15,78.365082
2000-08-16,79.155022
2000-08-17,80.682304
2000-08-18,80.260979
2000-08-21,80.471626
2000-08-22,80.471626
2000-08-23,81.788254
2000-08-24,83.052223
2000-08-25,82.604591
2000-08-28,82.999535
2000-08-29,83.420876
2000-08-30,83.315559
2000-08-31,85.632782
2000-09-01,86.475426
2000-09-05,83.842178
2000-09-06,80.892975
2000-09-07,82.683563
2000-09-08,80.155670
2000-09-11,78.207039
2000-09-12,76.995750
2000-09-13,78.786385
2000-09-14,78.365082
2000-09-15,76.943130
2000-09-18,75.731796
2000-09-19,78.523041
2000-09-20,79.734360
2000-09-21,73.941231
2000-09-22,78.312393
2000-09-25,76.232155
2000-09-26,75.363174
2000-09-27,75.468498
2000-09-28,77.153816
2000-09-29,74.783821
2000-10-02,73.098587
2000-10-03,70.781380
2000-10-04,72.150597
2000-10-05,72.361252
2000-10-06,69.938683
2000-10-09,69.622704
2000-10-10,65.988876
2000-10-11,64.935577
2000-10-12,63.302967
2000-10-13,68.464088
2000-10-16,69.096077
2000-10-17,65.936218
2000-10-18,65.725525
2000-10-19,71.676659
2000-10-20,72.729927
2000-10-23,72.624611
2000-10-24,69.517410
2000-10-25,65.620209
2000-10-26,67.305450
2000-10-27,67.173843
2000-10-30,64.685417
2000-10-31,68.845924
2000-11-01,68.253441
2000-11-02,69.096077
2000-11-03,69.991371
2000-11-06,69.464714
2000-11-07,69.201408
2000-11-08,63.790127
2000-11-09,63.776905
2000-11-10,60.459045
2000-11-13,60.551224
2000-11-14,63.908581
2000-11-15,65.198883
2000-11-16,61.407055
2000-11-17,61.367550
2000-11-20,58.865986
2000-11-21,58.773808
2000-11-22,56.140553
2000-11-24,59.353100
2000-11-27,58.615803
2000-11-28,55.153114
2000-11-29,53.033340
2000-11-30,53.072853
2000-12-01,53.928654
2000-12-04,54.771294
2000-12-05,59.563740
2000-12-06,57.299183
2000-12-07,56.035240
2000-12-08,57.299183
2000-12-11,62.670986
2000-12-12,60.380077
2000-12-13,57.917995
2000-12-14,55.087273
2000-12-15,53.823322
2000-12-18,53.928654
2000-12-19,49.820805
2000-12-20,46.963749
2000-12-21,47.240223
2000-12-22,50.979420
2000-12-26,51.295410
2000-12-27,51.874733
2000-12-28,51.769386
2000-12-29,49.188824
2001-01-02,45.028336
2001-01-03,52.612019
2001-01-04,51.664066
2001-01-05,47.714211
2001-01-08,48.240883
2001-01-09,48.240883
2001-01-10,50.716095
2001-01-11,52.190704
2001-01-12,52.862183
2001-01-16,52.230213
2001-01-17,53.823322
2001-01-18,56.087906
2001-01-19,55.877228
2001-01-22,55.929905
2001-01-23,57.101692
2001-01-24,56.561867
2001-01-25,54.349953
2001-01-26,55.232117
2001-01-29,56.456570
2001-01-30,56.245892
2001-01-31,54.181442
2001-02-01,54.897697
2001-02-02,51.864204
2001-02-05,51.822060
2001-02-06,51.906342
2001-02-07,51.063683
2001-02-08,49.538532
2001-02-09,47.524616
2001-02-12,48.097599
2001-02-13,46.555584
2001-02-14,48.409401
2001-02-15,49.209892
2001-02-16,46.454483
2001-02-20,44.651253
2001-02-21,43.395699
2001-02-22,42.974396
2001-02-23,43.126060
2001-02-26,43.943432
2001-02-27,41.289139
2001-02-28,39.983025
2001-03-01,41.120594
2001-03-02,39.351051
2001-03-05,40.067314
2001-03-06,41.626175
2001-03-07,41.643032
2001-03-08,40.867790
2001-03-09,38.002846
2001-03-12,35.643467
2001-03-13,37.455139
2001-03-14,36.865295
2001-03-15,35.517067
2001-03-16,34.716560
2001-03-19,36.452389
2001-03-20,34.000336
2001-03-21,34.000336
2001-03-22,36.064777
2001-03-23,36.064777
2001-03-26,35.230572
2001-03-27,36.443966
2001-03-28,33.452621
2001-03-29,32.820641
2001-03-30,32.989185
2001-04-02,31.514536
2001-04-03,29.205734
2001-04-04,28.691723
2001-04-05,31.438726
2001-04-06,30.292736
2001-04-09,31.219616
2001-04-10,33.536884
2001-04-11,34.548038
2001-04-12,36.064777
2001-04-16,33.916054
2001-04-17,34.758705
2001-04-18,38.382027
2001-04-19,40.699280
2001-04-20,40.783546
2001-04-23,38.044975
2001-04-24,37.328739
2001-04-25,38.002846
2001-04-26,37.033806
2001-04-27,38.044975
2001-04-30,38.887619
2001-05-01,40.488625
2001-05-02,41.272259
2001-05-03,39.435318
2001-05-04,40.614994
2001-05-07,39.772381
2001-05-08,40.614994
2001-05-09,39.224674
2001-05-10,38.567398
2001-05-11,38.382027
2001-05-14,37.766926
2001-05-15,38.044975
2001-05-16,39.730244
2001-05-17,40.362221
2001-05-18,40.480209
2001-05-21,43.016518
2001-05-22,42.890133
2001-05-23,40.994202
2001-05-24,42.047493
2001-05-25,41.280693
2001-05-29,38.862331
2001-05-30,37.438282
2001-05-31,37.691055
2001-06-01,38.803337
2001-06-04,38.617970
2001-06-05,40.320091
2001-06-06,40.008316
2001-06-07,41.036335
2001-06-08,39.898769
2001-06-11,38.803337
2001-06-12,38.592697
2001-06-13,37.539402
2001-06-14,35.601318
2001-06-15,35.896263
2001-06-18,35.415955
2001-06-19,35.239002
2001-06-20,36.039513
2001-06-21,36.528229
2001-06-22,36.443966
2001-06-25,36.536659
2001-06-26,36.663052
2001-06-27,36.898998
2001-06-28,37.370884
2001-06-29,38.508415
2001-07-02,38.297760
2001-07-03,38.457874
2001-07-05,36.612476
2001-07-06,35.095753
2001-07-09,35.399090
2001-07-10,34.126720
2001-07-11,34.548038
2001-07-12,36.738876
2001-07-13,36.359715
2001-07-16,35.685593
2001-07-17,36.486088
2001-07-18,35.095753
2001-07-19,35.929935
2001-07-20,35.095753
2001-07-23,34.219418
2001-07-24,33.831810
2001-07-25,34.126720
2001-07-26,34.632298
2001-07-27,35.348537
2001-07-30,35.137875
2001-07-31,35.188431
2001-08-01,36.317577
2001-08-02,37.000107
2001-08-03,36.384975
2001-08-06,35.811993
2001-08-07,35.626614
2001-08-08,34.126720
2001-08-09,34.269966
2001-08-10,33.941338
2001-08-13,34.632298
2001-08-14,34.210972
2001-08-15,32.947044
2001-08-16,33.334644
2001-08-17,31.817896
2001-08-20,32.256077
2001-08-21,30.916283
2001-08-22,31.758919
2001-08-23,31.447145
2001-08-24,33.115543
2001-08-27,33.157681
2001-08-28,32.121235
2001-08-29,31.649401
2001-08-30,30.478100
2001-08-31,30.865719
2001-09-04,29.888268
2001-09-05,29.770300
2001-09-06,28.565338
2001-09-07,28.396811
2001-09-10,28.733852
2001-09-17,26.290220
2001-09-18,25.700361
2001-09-19,25.253771
2001-09-20,24.411139
2001-09-21,23.753891
2001-09-24,24.950426
2001-09-25,25.026258
2001-09-26,24.158348
2001-09-27,23.998243
2001-09-28,24.419556
2001-10-01,24.208902
2001-10-02,24.284746
2001-10-03,26.121679
2001-10-04,26.374477
2001-10-05,26.762096
2001-10-08,26.846350
2001-10-09,26.197529
2001-10-10,27.385647
2001-10-11,29.239441
2001-10-12,29.113045
2001-10-15,28.986654
2001-10-16,29.458515
2001-10-17,27.343515
2001-10-18,28.085022
2001-10-19,28.270395
2001-10-22,29.028778
2001-10-23,29.180456
2001-10-24,29.812431
2001-10-25,31.008978
2001-10-26,30.343290
2001-10-29,28.683308
2001-10-30,28.127155
2001-10-31,28.565338
2001-11-01,29.778727
2001-11-02,29.997816
2001-11-05,30.975269
2001-11-06,32.180233
2001-11-07,32.138115
2001-11-08,31.809481
2001-11-09,31.792629
2001-11-12,32.020130
2001-11-13,33.166126
2001-11-14,33.402061
2001-11-15,33.267246
2001-11-16,33.174534
2001-11-19,34.118305
2001-11-20,32.542549
2001-11-21,32.374039
2001-11-23,33.098709
2001-11-26,33.916054
2001-11-27,33.873940
2001-11-28,32.652115
2001-11-29,33.663265
2001-11-30,33.410496
2001-12-03,32.837475
2001-12-04,34.404804
2001-12-05,36.106915
2001-12-06,36.157478
2001-12-07,35.163155
2001-12-10,34.548038
2001-12-11,34.741859
2001-12-12,35.019917
2001-12-13,33.503174
2001-12-14,33.798107
2001-12-17,34.379517
2001-12-18,34.767120
2001-12-19,34.135128
2001-12-20,32.685814
2001-12-21,33.267246
2001-12-24,33.132420
2001-12-26,33.444180
2001-12-27,33.713814
2001-12-28,33.983486
2001-12-31,32.786922
2002-01-02,33.798107
2002-01-03,34.969341
2002-01-04,35.112614
2002-01-07,34.724972
2002-01-08,34.960941
2002-01-09,34.640732
2002-01-10,34.868248
2002-01-11,34.421646
2002-01-14,33.671711
2002-01-15,33.991901
2002-01-16,32.677380
2002-01-17,33.410496
2002-01-18,32.517296
2002-01-22,31.514536
2002-01-23,32.382465
2002-01-24,32.812218
2002-01-25,32.719524
2002-01-28,32.904903
2002-01-29,32.003284
2002-01-30,32.247620
2002-01-31,32.449879
2002-02-01,32.138115
2002-02-04,31.110085
2002-02-05,30.596090
2002-02-06,30.385439
2002-02-07,29.652325
2002-02-08,30.478100
2002-02-11,30.865719
2002-02-12,30.612926
2002-02-13,31.135363
2002-02-14,31.076389
2002-02-15,30.149481
2002-02-19,29.222595
2002-02-20,29.618612
2002-02-21,28.211418
2002-02-22,28.354670
2002-02-25,29.500658
2002-02-26,29.391096
2002-02-27,28.986654
2002-02-28,28.464212
2002-03-01,30.115772
2002-03-04,31.303911
2002-03-05,31.531418
2002-03-06,31.683084
2002-03-07,31.750484
2002-03-08,32.584702
2002-03-11,32.466721
2002-03-12,32.020130
2002-03-13,31.244907
2002-03-14,31.059530
2002-03-15,31.371300
2002-03-18,31.548264
2002-03-19,31.497690
2002-03-20,30.385439
2002-03-21,31.194365
2002-03-22,30.907841
2002-03-25,29.964113
2002-03-26,30.242174
2002-03-27,30.006231
2002-03-28,30.385439
2002-04-01,30.966856
2002-04-02,29.568062
2002-04-03,29.517508
2002-04-04,29.289989
2002-04-05,28.961390
2002-04-08,29.323713
2002-04-09,28.304119
2002-04-10,28.514769
2002-04-11,27.806961
2002-04-12,28.245132
2002-04-15,28.472647
2002-04-16,29.660759
2002-04-17,29.509077
2002-04-18,28.944513
2002-04-19,29.037205
2002-04-22,28.304119
2002-04-23,27.815378
2002-04-24,27.385647
2002-04-25,27.318228
2002-04-26,26.155405
2002-04-29,26.222801
2002-04-30,26.736805
2002-05-01,26.593571
2002-05-02,25.708801
2002-05-03,25.059969
2002-05-06,24.411139
2002-05-07,24.183628
2002-05-08,26.770521
2002-05-09,26.079554
2002-05-10,24.908298
2002-05-13,25.919451
2002-05-14,27.444626
2002-05-15,27.646854
2002-05-16,27.688993
2002-05-17,27.747969
2002-05-20,27.141266
2002-05-21,26.399759
2002-05-22,26.458740
2002-05-23,26.989594
2002-05-24,26.323925
2002-05-28,26.205950
2002-05-29,25.515001
2002-05-30,25.734070
2002-05-31,25.312756
2002-06-03,24.419556
2002-06-04,24.739769
2002-06-05,24.992561
2002-06-06,24.335304
2002-06-07,23.846567
2002-06-10,23.804441
2002-06-11,23.138760
2002-06-12,23.475822
2002-06-13,23.324144
2002-06-14,23.273579
2002-06-17,24.065653
2002-06-18,24.453268
2002-06-19,23.037647
2002-06-20,22.296125
2002-06-21,21.756845
2002-06-24,22.186583
2002-06-25,21.453491
2002-06-26,21.613583
2002-06-27,22.085466
2002-06-28,21.992786
2002-07-01,20.939486
2002-07-02,20.181110
2002-07-03,20.855219
2002-07-05,22.195011
2002-07-08,21.386082
2002-07-09,20.779367
2002-07-10,20.138981
2002-07-11,20.897348
2002-07-12,20.897348
2002-07-15,21.546177
2002-07-16,21.225975
2002-07-17,21.613583
2002-07-18,20.838369
2002-07-19,20.214813
2002-07-22,19.717659
2002-07-23,18.875029
2002-07-24,19.903032
2002-07-25,18.748632
2002-07-26,19.102541
2002-07-29,20.079994
2002-07-30,20.484457
2002-07-31,20.096844
2002-08-01,19.153103
2002-08-02,18.748632
2002-08-05,18.066097
2002-08-06,18.959290
2002-08-07,19.212082
2002-08-08,19.860910
2002-08-09,19.658688
2002-08-12,19.717659
2002-08-13,19.043556
2002-08-14,20.256948
2002-08-15,20.669840
2002-08-16,20.813087
2002-08-19,21.318666
2002-08-20,21.225975
2002-08-21,21.697849
2002-08-22,22.043327
2002-08-23,21.192266
2002-08-26,21.276537
2002-08-27,20.535023
2002-08-28,19.785067
2002-08-29,20.046286
2002-08-30,19.793497
2002-09-03,19.077269
2002-09-04,19.153103
2002-09-05,18.681213
2002-09-06,19.254208
2002-09-09,19.448023
2002-09-10,19.928320
2002-09-11,19.759789
2002-09-12,19.220503
2002-09-13,19.372181
2002-09-16,19.094110
2002-09-17,18.689651
2002-09-18,18.478991
2002-09-19,18.184071
2002-09-20,18.259901
2002-09-23,17.712191
2002-09-24,17.720617
2002-09-25,18.428438
2002-09-26,18.200918
2002-09-27,17.956560
2002-09-30,17.459396
2002-10-01,18.521116
2002-10-02,17.905996
2002-10-03,17.476240
2002-10-04,17.147621
2002-10-07,16.987518
2002-10-08,17.021235
2002-10-09,16.903261
2002-10-10,17.762749
2002-10-11,18.723345
2002-10-14,18.942436
2002-10-15,19.852474
2002-10-16,19.195227
2002-10-17,19.844057
2002-10-18,20.063137
2002-10-21,20.467613
2002-10-22,20.341208
2002-10-23,20.728827
2002-10-24,20.206394
2002-10-25,20.813087
2002-10-28,20.636129
2002-10-29,20.155836
2002-10-30,20.695114
2002-10-31,20.686680
2002-11-01,21.276537
2002-11-04,21.824247
2002-11-05,21.992786
2002-11-06,22.304552
2002-11-07,21.520895
2002-11-08,21.124861
2002-11-11,20.484457
2002-11-12,21.006901
2002-11-13,21.259682
2002-11-14,21.992786
2002-11-15,22.279270
2002-11-18,21.950642
2002-11-19,21.613583
2002-11-20,22.532063
2002-11-21,23.366274
2002-11-22,23.357836
2002-11-25,23.585354
2002-11-26,22.793272
2002-11-27,23.517948
2002-11-29,23.357836
2002-12-02,23.593786
2002-12-03,22.894398
2002-12-04,22.388819
2002-12-05,22.077049
2002-12-06,22.304552
2002-12-09,21.251257
2002-12-10,21.571461
2002-12-11,21.672567
2002-12-12,21.790543
2002-12-13,21.099583
2002-12-16,21.782114
2002-12-17,21.849533
2002-12-18,21.386082
2002-12-19,21.116436
2002-12-20,21.335524
2002-12-23,21.630432
2002-12-24,21.360806
2002-12-26,21.301817
2002-12-27,20.914200
2002-12-30,20.754108
2002-12-31,20.535023
2003-01-02,21.402933
2003-01-03,21.638874
2003-01-06,22.178167
2003-01-07,22.456236
2003-01-08,21.824247
2003-01-09,22.498358
2003-01-10,22.835409
2003-01-13,22.700600
2003-01-14,22.818554
2003-01-15,22.532063
2003-01-16,22.279270
2003-01-17,21.327099
2003-01-21,21.091154
2003-01-22,21.006901
2003-01-23,21.495623
2003-01-24,20.914200
2003-01-27,20.669840
2003-01-28,20.880507
2003-01-29,21.192266
2003-01-30,20.644569
2003-01-31,20.594004
2003-02-03,20.636129
2003-02-04,20.383347
2003-02-05,20.290649
2003-02-06,20.400194
2003-02-07,20.063137
2003-02-10,20.240105
2003-02-11,20.349640
2003-02-12,20.071566
2003-02-13,20.172688
2003-02-14,20.636129
2003-02-18,21.276537
2003-02-19,21.133293
2003-02-20,21.049036
2003-02-21,21.209131
2003-02-24,20.846796
2003-02-25,20.872076
2003-02-26,20.408617
2003-02-27,20.872076
2003-02-28,21.200708
2003-03-03,20.770954
2003-03-04,20.644569
2003-03-05,20.686680
2003-03-06,20.636129
2003-03-07,20.678263
2003-03-10,20.231672
2003-03-11,20.054720
2003-03-12,20.417046
2003-03-13,21.588306
2003-03-14,21.672567
2003-03-17,22.414095
2003-03-18,22.692162
2003-03-19,22.498358
2003-03-20,22.582623
2003-03-21,22.894398
2003-03-24,21.942213
2003-03-25,22.253994
2003-03-26,22.380386
2003-03-27,22.220295
2003-03-28,21.975918
2003-03-31,21.276537
2003-04-01,21.445066
2003-04-02,22.034906
2003-04-03,22.312973
2003-04-04,21.950642
2003-04-07,21.984350
2003-04-08,21.959076
2003-04-09,21.453491
2003-04-10,21.714705
2003-04-11,21.495623
2003-04-14,21.933786
2003-04-15,22.144447
2003-04-16,22.093887
2003-04-17,22.599483
2003-04-21,22.683737
2003-04-22,23.113480
2003-04-23,23.282011
2003-04-24,23.155615
2003-04-25,22.709015
2003-04-28,23.155615
2003-04-29,23.366274
2003-04-30,23.130333
2003-05-01,23.332563
2003-05-02,23.829731
2003-05-05,23.804441
2003-05-06,24.107792
2003-05-07,23.838144
2003-05-08,23.399984
2003-05-09,23.939257
2003-05-12,24.301594
2003-05-13,24.149925
2003-05-14,24.099361
2003-05-15,24.369011
2003-05-16,24.183628
2003-05-19,23.332563
2003-05-20,23.399984
2003-05-21,23.332563
2003-05-22,23.669617
2003-05-23,23.678051
2003-05-27,24.520683
2003-05-28,24.596514
2003-05-29,24.697628
2003-05-30,25.102102
2003-06-02,24.925144
2003-06-03,25.161085
2003-06-04,25.632959
2003-06-05,25.818344
2003-06-06,25.388592
2003-06-09,25.051533
2003-06-10,25.430725
2003-06-11,25.717226
2003-06-12,25.826756
2003-06-13,25.245340
2003-06-16,26.020569
2003-06-17,25.919451
2003-06-18,26.054277
2003-06-19,25.632959
2003-06-20,25.599255
2003-06-23,25.203213
2003-06-24,25.009409
2003-06-25,24.874590
2003-06-26,25.464437
2003-06-27,25.135807
2003-06-30,25.236917
2003-07-01,25.573978
2003-07-02,26.096409
2003-07-03,25.767778
2003-07-07,26.871630
2003-07-08,27.200262
2003-07-09,27.132853
2003-07-10,26.627262
2003-07-11,26.829504
2003-07-14,27.149706
2003-07-15,27.183413
2003-07-16,27.099142
2003-07-17,26.273367
2003-07-18,26.357626
2003-07-21,26.020569
2003-07-22,26.408176
2003-07-23,26.627262
2003-07-24,26.273367
2003-07-25,26.795795
2003-07-28,26.871630
2003-07-29,26.669403
2003-07-30,26.475586
2003-07-31,26.795795
2003-08-01,26.509296
2003-08-04,26.500868
2003-08-05,25.456007
2003-08-06,25.439159
2003-08-07,25.540266
2003-08-08,25.338039
2003-08-11,25.616104
2003-08-12,26.003727
2003-08-13,26.012146
2003-08-14,26.037422
2003-08-15,26.264925
2003-08-18,26.939047
2003-08-19,27.276091
2003-08-20,27.208683
2003-08-21,27.503613
2003-08-22,27.335091
2003-08-25,27.394073
2003-08-26,27.419355
2003-08-27,27.638430
2003-08-28,27.882795
2003-08-29,28.135578
2003-09-02,28.540054
2003-09-03,28.523199
2003-09-04,28.784414
2003-09-05,28.599037
2003-09-08,29.070904
2003-09-09,28.725420
2003-09-10,28.034464
2003-09-11,28.346239
2003-09-12,28.497911
2003-09-15,28.219852
2003-09-16,28.986654
2003-09-17,28.868671
2003-09-18,29.306833
2003-09-19,29.138329
2003-09-22,28.582190
2003-09-23,29.087757
2003-09-24,27.992334
2003-09-25,27.630009
2003-09-26,27.453049
2003-09-29,27.924929
2003-09-30,27.318228
2003-10-01,27.933352
2003-10-02,28.026039
2003-10-03,28.809690
2003-10-06,29.020359
2003-10-07,29.197313
2003-10-08,29.011925
2003-10-09,29.231014
2003-10-10,29.500658
2003-10-13,29.694460
2003-10-14,29.770300
2003-10-15,29.643892
2003-10-16,29.879843
2003-10-17,29.163599
2003-10-20,29.525928
2003-10-21,29.702885
2003-10-22,29.129896
2003-10-23,28.792828
2003-10-24,28.818113
2003-10-27,28.826546
2003-10-28,29.795567
2003-10-29,29.761873
2003-10-30,29.820854
2003-10-31,29.643892
2003-11-03,30.132635
2003-11-04,29.930399
2003-11-05,30.200054
2003-11-06,30.284296
2003-11-07,30.023087
2003-11-10,29.652325
2003-11-11,29.542788
2003-11-12,30.174765
2003-11-13,30.141075
2003-11-14,29.525928
2003-11-17,29.222595
2003-11-18,28.548489
2003-11-19,28.826546
2003-11-20,28.548489
2003-11-21,28.843397
2003-11-24,29.643892
2003-11-25,29.643892
2003-11-26,29.778727
2003-11-28,29.812431
2003-12-01,30.250601
2003-12-02,30.082077
2003-12-03,29.702885
2003-12-04,30.023087
2003-12-05,29.525928
2003-12-08,29.694460
2003-12-09,29.011925
2003-12-10,29.121464
2003-12-11,29.745016
2003-12-12,29.694460
2003-12-15,29.306833
2003-12-16,29.365818
2003-12-17,29.416395
2003-12-18,29.964113
2003-12-19,29.879843
2003-12-22,29.972525
2003-12-23,30.200054
2003-12-24,30.262413
2003-12-26,30.220272
2003-12-29,30.717625
2003-12-30,30.818781
2003-12-31,30.734472
2004-01-02,30.650194
2004-01-05,31.265553
2004-01-06,31.476295
2004-01-07,31.762911
2004-01-08,32.015800
2004-01-09,31.805048
2004-01-12,32.310837
2004-01-13,31.990498
2004-01-14,32.100109
2004-01-15,32.184395
2004-01-16,32.513138
2004-01-20,32.487854
2004-01-21,32.352982
2004-01-22,32.159100
2004-01-23,32.041080
2004-01-26,32.530003
2004-01-27,31.813494
2004-01-28,31.273981
2004-01-29,31.392006
2004-01-30,31.248688
2004-02-02,31.164392
2004-02-03,31.130671
2004-02-04,30.624889
2004-02-05,30.742918
2004-02-06,31.299280
2004-02-09,31.290834
2004-02-10,31.341419
2004-02-11,31.678583
2004-02-12,31.400442
2004-02-13,31.139111
2004-02-17,31.560587
2004-02-18,31.653311
2004-02-19,31.172832
2004-02-20,31.071661
2004-02-23,30.726055
2004-02-24,30.650194
2004-02-25,30.835644
2004-02-26,30.911505
2004-02-27,30.827200
2004-03-01,31.231831
2004-03-02,30.869364
2004-03-03,30.700766
2004-03-04,30.987373
2004-03-05,30.877773
2004-03-08,30.152838
2004-03-09,30.060108
2004-03-10,29.663918
2004-03-11,29.394163
2004-03-12,29.933668
2004-03-15,29.411026
2004-03-16,29.461607
2004-03-17,29.925238
2004-03-18,29.790348
2004-03-19,29.293011
2004-03-22,28.922112
2004-03-23,28.686071
2004-03-24,29.014837
2004-03-25,29.790348
2004-03-26,29.689194
2004-03-29,30.169691
2004-03-30,30.270861
2004-03-31,30.211842
2004-04-01,30.481586
2004-04-02,31.273981
2004-04-05,31.569016
2004-04-06,31.172832
2004-04-07,31.139111
2004-04-08,31.139111
2004-04-12,31.332994
2004-04-13,30.877773
2004-04-14,31.029528
2004-04-15,30.473164
2004-04-16,30.422596
2004-04-19,30.793493
2004-04-20,30.076967
2004-04-21,30.338287
2004-04-22,31.122232
2004-04-23,31.366713
2004-04-26,31.139111
2004-04-27,31.080095
2004-04-28,30.515314
2004-04-29,30.043251
2004-04-30,29.309858
2004-05-03,29.588060
2004-05-04,29.714495
2004-05-05,29.950518
2004-05-06,29.722933
2004-05-07,29.478468
2004-05-10,29.225588
2004-05-11,29.663918
2004-05-12,29.722933
2004-05-13,29.512173
2004-05-14,29.293011
2004-05-17,29.014837
2004-05-18,29.276154
2004-05-19,29.242441
2004-05-20,29.377308
2004-05-21,29.520622
2004-05-24,29.722933
2004-05-25,30.312981
2004-05-26,30.506870
2004-05-27,30.700766
2004-05-28,30.810345
2004-06-01,30.768190
2004-06-02,30.700766
2004-06-03,30.329859
2004-06-04,30.506870
2004-06-07,31.231831
2004-06-08,31.273981
2004-06-09,30.835644
2004-06-10,31.054808
2004-06-14,30.616467
2004-06-15,31.012663
2004-06-16,30.962078
2004-06-17,30.675461
2004-06-18,30.717625
2004-06-21,30.473164
2004-06-22,30.919928
2004-06-23,31.290834
2004-06-24,31.231831
2004-06-25,31.467850
2004-06-28,31.206535
2004-06-29,31.501570
2004-06-30,31.813494
2004-07-01,31.223400
2004-07-02,31.037958
2004-07-06,30.372015
2004-07-07,30.431015
2004-07-08,30.093822
2004-07-09,30.135960
2004-07-12,30.009533
2004-07-13,29.967382
2004-07-14,29.663918
2004-07-15,29.562765
2004-07-16,29.225588
2004-07-19,29.166567
2004-07-20,29.866230
2004-07-21,28.997990
2004-07-22,29.394163
2004-07-23,28.837816
2004-07-26,28.711357
2004-07-27,29.107563
2004-07-28,28.981102
2004-07-29,29.318295
2004-07-30,29.411026
2004-08-02,29.470041
2004-08-03,28.854679
2004-08-04,28.863110
2004-08-05,28.323595
2004-08-06,27.581806
2004-08-09,27.649239
2004-08-10,27.994846
2004-08-11,27.750395
2004-08-12,27.371054
2004-08-13,27.413204
2004-08-16,27.725084
2004-08-17,28.036999
2004-08-18,28.534351
2004-08-19,28.382593
2004-08-20,28.669228
2004-08-23,28.736647
2004-08-24,28.728241
2004-08-25,29.124416
2004-08-26,28.997990
2004-08-27,29.132841
2004-08-30,28.643938
2004-08-31,28.677650
2004-09-01,28.888395
2004-09-02,29.318295
2004-09-03,28.778818
2004-09-07,29.023266
2004-09-08,28.913679
2004-09-09,29.158134
2004-09-10,29.604923
2004-09-13,29.992678
2004-09-14,30.034840
2004-09-15,29.714495
2004-09-16,29.773499
2004-09-17,29.866230
2004-09-20,29.866230
2004-09-21,29.984247
2004-09-22,29.461607
2004-09-23,29.436312
2004-09-24,29.335161
2004-09-27,29.082268
2004-09-28,29.141268
2004-09-29,29.571199
2004-09-30,29.621769
2004-10-01,30.431015
2004-10-04,30.608036
2004-10-05,30.650194
2004-10-06,30.894644
2004-10-07,30.549032
2004-10-08,29.992678
2004-10-11,30.135960
2004-10-12,30.085398
2004-10-13,30.017969
2004-10-14,29.883076
2004-10-15,30.034840
2004-10-18,30.464725
2004-10-19,30.245558
2004-10-20,30.388866
2004-10-21,30.852491
2004-10-22,30.178125
2004-10-25,30.034840
2004-10-26,30.194962
2004-10-27,30.962078
2004-10-28,31.155972
2004-10-29,31.105402
2004-11-01,31.223400
2004-11-02,31.324566
2004-11-03,31.535294
2004-11-04,31.712332
2004-11-05,31.998913
2004-11-08,32.032646
2004-11-09,31.965216
2004-11-10,31.855623
2004-11-11,32.277107
2004-11-12,32.589008
2004-11-15,32.732300
2004-11-16,32.530003
2004-11-17,32.968338
2004-11-18,33.120064
2004-11-19,32.605850
2004-11-22,32.917759
2004-11-23,32.867188
2004-11-24,33.153812
2004-11-26,33.052635
2004-11-29,33.044228
2004-11-30,32.976768
2004-12-01,33.651146
2004-12-02,33.777580
2004-12-03,33.828163
2004-12-06,33.946182
2004-12-07,33.364544
2004-12-08,33.558414
2004-12-09,33.760735
2004-12-10,33.659565
2004-12-13,33.954609
2004-12-14,34.123203
2004-12-15,33.996750
2004-12-16,33.676430
2004-12-17,33.590466
2004-12-20,33.360683
2004-12-21,33.769180
2004-12-22,33.811737
2004-12-23,33.837273
2004-12-27,33.692604
2004-12-28,34.015999
2004-12-29,34.058544
2004-12-30,34.033009
2004-12-31,33.973442
2005-01-03,33.616013
2005-01-04,33.003254
2005-01-05,32.799011
2005-01-06,32.637310
2005-01-07,32.807507
2005-01-10,32.790493
2005-01-11,32.560707
2005-01-12,32.833031
2005-01-13,32.399025
2005-01-14,32.705399
2005-01-18,32.952202
2005-01-19,32.407536
2005-01-20,31.786287
2005-01-21,31.530972
2005-01-24,31.088427
2005-01-25,31.241627
2005-01-26,31.616072
2005-01-27,31.573513
2005-01-28,31.420313
2005-01-31,31.828812
2005-02-01,31.930950
2005-02-02,31.982014
2005-02-03,31.616072
2005-02-04,32.126701
2005-02-07,32.058598
2005-02-08,32.118187
2005-02-09,31.582020
2005-02-10,31.616072
2005-02-11,32.084129
2005-02-14,32.228817
2005-02-15,32.441566
2005-02-16,32.322437
2005-02-17,31.888397
2005-02-18,31.786287
2005-02-22,31.394798
2005-02-23,31.437330
2005-02-24,31.837317
2005-02-25,32.016052
2005-02-28,31.675629
2005-03-01,32.024555
2005-03-02,32.007545
2005-03-03,31.743719
2005-03-04,31.930950
2005-03-07,32.390495
2005-03-08,32.067116
2005-03-09,31.973501
2005-03-10,31.930950
2005-03-11,31.633087
2005-03-14,31.777763
2005-03-15,31.522459
2005-03-16,31.165009
2005-03-17,31.241627
2005-03-18,31.071409
2005-03-21,31.130968
2005-03-22,30.748011
2005-03-23,30.858639
2005-03-24,30.867172
2005-03-28,30.926718
2005-03-29,30.679916
2005-03-30,31.258621
2005-03-31,31.122467
2005-04-01,30.807592
2005-04-04,31.028852
2005-04-05,31.113962
2005-04-06,31.062883
2005-04-07,31.437330
2005-04-08,31.182028
2005-04-11,31.045881
2005-04-12,31.199055
2005-04-13,30.688444
2005-04-14,30.254398
2005-04-15,29.565052
2005-04-18,29.573570
2005-04-19,29.777813
2005-04-20,29.531010
2005-04-21,30.313974
2005-04-22,29.862926
2005-04-25,30.109730
2005-04-26,29.828884
2005-04-27,29.871437
2005-04-28,29.573570
2005-04-29,29.769300
2005-05-02,29.888466
2005-05-03,30.041641
2005-05-04,30.407591
2005-05-05,30.433109
2005-05-06,30.518219
2005-05-09,30.662901
2005-05-10,30.441628
2005-05-11,30.594810
2005-05-12,30.509701
2005-05-13,30.841625
2005-05-16,31.045881
2005-05-17,31.233101
2005-05-18,31.658623
2005-05-19,31.922445
2005-05-20,32.050102
2005-05-23,32.211781
2005-05-24,32.313900
2005-05-25,32.177776
2005-05-26,32.501125
2005-05-27,32.518154
2005-05-31,32.407536
2005-06-01,32.671360
2005-06-02,32.901131
2005-06-03,32.424541
2005-06-06,32.433067
2005-06-07,32.160713
2005-06-08,32.092651
2005-06-09,32.296906
2005-06-10,31.956480
2005-06-13,32.109665
2005-06-14,31.982014
2005-06-15,32.084129
2005-06-16,32.254337
2005-06-17,32.258614
2005-06-20,32.258614
2005-06-21,32.241570
2005-06-22,32.207500
2005-06-23,31.849737
2005-06-24,31.491955
2005-06-27,31.347139
2005-06-28,31.645288
2005-06-29,31.577131
2005-06-30,31.330122
2005-07-01,31.287525
2005-07-05,31.611200
2005-07-06,31.457876
2005-07-07,31.568621
2005-07-08,32.173420
2005-07-11,32.471554
2005-07-12,32.624886
2005-07-13,32.701542
2005-07-14,33.025238
2005-07-15,33.127480
2005-07-18,32.991161
2005-07-19,33.374512
2005-07-20,33.612995
2005-07-21,33.621510
2005-07-22,33.578922
2005-07-25,33.451141
2005-07-26,33.578922
2005-07-27,33.834473
2005-07-28,33.996326
2005-07-29,33.715240
2005-08-01,33.774853
2005-08-02,34.141129
2005-08-03,34.124104
2005-08-04,33.791878
2005-08-05,33.630051
2005-08-08,33.383003
2005-08-09,33.604485
2005-08-10,33.314884
2005-08-11,33.587437
2005-08-12,33.400036
2005-08-15,33.604485
2005-08-16,33.059322
2005-08-17,33.255241
2005-08-18,33.084866
2005-08-19,33.067852
2005-08-22,33.084866
2005-08-23,32.991161
2005-08-24,32.795261
2005-08-25,32.871910
2005-08-26,32.761192
2005-08-29,33.016727
2005-08-30,32.897457
2005-08-31,33.204124
2005-09-01,33.153023
2005-09-02,33.025238
2005-09-06,33.510773
2005-09-07,33.570419
2005-09-08,33.561897
2005-09-09,33.749302
2005-09-12,33.842995
2005-09-13,33.757801
2005-09-14,33.374512
2005-09-15,33.357449
2005-09-16,33.561897
2005-09-19,33.297829
2005-09-20,33.161545
2005-09-21,32.795261
2005-09-22,32.914513
2005-09-23,33.008198
2005-09-26,33.016727
2005-09-27,32.940060
2005-09-28,32.948578
2005-09-29,33.391525
2005-09-30,33.612995
2005-10-03,33.698185
2005-10-04,33.476688
2005-10-05,33.016727
2005-10-06,32.582279
2005-10-07,32.658939
2005-10-10,32.480072
2005-10-11,32.318218
2005-10-12,31.934912
2005-10-13,32.181931
2005-10-14,32.420448
2005-10-17,32.522671
2005-10-18,32.292648
2005-10-19,32.940060
2005-10-20,32.633396
2005-10-21,32.837830
2005-10-24,33.357449
2005-10-25,33.229691
2005-10-26,33.059322
2005-10-27,32.394897
2005-10-28,32.641918
2005-10-31,33.110413
2005-11-01,33.084866
2005-11-02,33.519310
2005-11-03,34.021889
2005-11-04,34.141129
2005-11-07,34.183727
2005-11-08,34.192230
2005-11-09,34.209297
2005-11-10,34.584080
2005-11-11,34.677784
2005-11-14,34.677784
2005-11-15,34.515934
2005-11-16,34.728905
2005-11-17,35.188881
2005-11-18,35.308128
2005-11-21,35.393333
2005-11-22,35.521095
2005-11-23,35.606258
2005-11-25,35.682941
2005-11-28,35.384804
2005-11-29,35.214428
2005-11-30,35.129242
2005-12-01,35.785137
2005-12-02,35.870342
2005-12-05,35.606258
2005-12-06,35.725529
2005-12-07,35.657375
2005-12-08,35.401829
2005-12-09,35.538128
2005-12-12,35.665901
2005-12-13,35.810719
2005-12-14,35.691437
2005-12-15,35.751095
2005-12-16,35.504318
2005-12-19,34.940750
2005-12-20,34.966377
2005-12-21,35.120056
2005-12-22,35.350616
2005-12-23,35.350616
2005-12-27,35.043213
2005-12-28,35.000530
2005-12-29,34.769962
2005-12-30,34.505264
2006-01-03,35.273781
2006-01-04,35.640938
2006-01-05,35.794617
2006-01-06,36.443592
2006-01-09,36.588734
2006-01-10,36.614349
2006-01-11,36.896152
2006-01-12,36.716820
2006-01-13,36.699745
2006-01-17,36.460667
2006-01-18,36.042259
2006-01-19,36.306965
2006-01-20,35.222538
2006-01-23,35.231071
2006-01-24,35.384773
2006-01-25,35.231071
2006-01-26,35.478706
2006-01-27,35.956875
2006-01-30,36.025169
2006-01-31,35.862942
2006-02-01,35.991016
2006-02-02,35.376228
2006-02-03,34.940750
2006-02-06,34.846817
2006-02-07,34.693123
2006-02-08,35.094467
2006-02-09,34.761433
2006-02-10,34.974915
2006-02-13,34.573589
2006-02-14,34.923668
2006-02-15,35.145679
2006-02-16,35.470161
2006-02-17,35.188362
2006-02-21,34.795593
2006-02-22,35.231071
2006-02-23,35.137138
2006-02-24,35.231071
2006-02-27,35.623852
2006-02-28,35.094467
2006-03-01,35.572624
2006-03-02,35.598259
2006-03-03,35.393318
2006-03-06,35.085915
2006-03-07,34.880974
2006-03-08,34.898045
2006-03-09,34.599197
2006-03-10,34.633354
2006-03-13,34.735844
2006-03-14,35.324997
2006-03-15,35.623852
2006-03-16,35.324997
2006-03-17,35.418129
2006-03-20,35.503593
2006-03-21,35.127628
2006-03-22,35.213047
2006-03-23,35.110531
2006-03-24,35.289970
2006-03-27,35.298512
2006-03-28,35.153240
2006-03-29,35.819740
2006-03-30,35.930836
2006-03-31,35.828293
2006-04-03,35.871010
2006-04-04,36.067535
2006-04-05,36.409340
2006-04-06,36.511864
2006-04-07,36.161537
2006-04-10,36.110279
2006-04-11,35.819740
2006-04-12,35.828293
2006-04-13,35.973537
2006-04-17,35.597572
2006-04-18,36.281147
2006-04-19,36.443531
2006-04-20,36.315327
2006-04-21,35.888092
2006-04-24,35.853931
2006-04-25,35.777012
2006-04-26,35.768467
2006-04-27,36.110279
2006-04-28,35.759926
2006-05-01,35.409592
2006-05-02,35.503593
2006-05-03,35.452324
2006-05-04,35.742840
2006-05-05,36.024803
2006-05-08,36.058998
2006-05-09,35.922268
2006-05-10,35.606121
2006-05-11,34.811447
2006-05-12,34.341484
2006-05-15,34.315865
2006-05-16,34.059517
2006-05-17,33.598099
2006-05-18,33.367390
2006-05-19,33.623745
2006-05-22,33.299046
2006-05-23,32.974331
2006-05-24,33.196495
2006-05-25,33.632278
2006-05-26,33.743351
2006-05-30,33.017048
2006-05-31,33.170876
2006-06-01,33.956970
2006-06-02,33.871532
2006-06-05,33.136673
2006-06-06,33.111046
2006-06-07,32.863255
2006-06-08,32.811974
2006-06-09,32.598358
2006-06-12,31.957493
2006-06-13,31.829329
2006-06-14,32.154041
2006-06-15,33.025612
2006-06-16,32.782761
2006-06-19,32.517708
2006-06-20,32.560459
2006-06-21,33.073486
2006-06-22,32.654491
2006-06-23,32.620304
2006-06-26,32.705799
2006-06-27,32.090172
2006-06-28,32.329582
2006-06-29,33.312901
2006-06-30,33.150433
2006-07-03,33.347107
2006-07-05,32.620304
2006-07-06,32.586086
2006-07-07,32.226982
2006-07-10,31.944824
2006-07-11,32.184231
2006-07-12,31.577127
2006-07-13,31.046997
2006-07-14,30.730642
2006-07-17,30.807590
2006-07-18,30.910200
2006-07-19,31.312077
2006-07-20,30.850327
2006-07-21,30.525412
2006-07-24,31.132524
2006-07-25,31.312077
2006-07-26,31.286415
2006-07-27,31.081200
2006-07-28,31.731031
2006-07-31,31.722485
2006-08-01,31.192358
2006-08-02,31.542934
2006-08-03,31.739595
2006-08-04,31.594240
2006-08-07,31.389023
2006-08-08,31.192358
2006-08-09,31.235128
2006-08-10,31.457424
2006-08-11,31.235128
2006-08-14,31.440331
2006-08-15,32.235550
2006-08-16,32.996525
2006-08-17,33.116222
2006-08-18,33.167549
2006-08-21,32.851158
2006-08-22,32.859707
2006-08-23,32.611740
2006-08-24,32.705799
2006-08-25,32.765656
2006-08-28,33.013607
2006-08-29,33.116222
2006-08-30,33.270153
2006-08-31,33.235939
2006-09-01,33.415493
2006-09-05,33.740414
2006-09-06,33.064915
2006-09-07,32.910992
2006-09-08,33.107674
2006-09-11,33.312901
2006-09-12,33.928539
2006-09-13,34.159382
2006-09-14,34.193592
2006-09-15,34.315952
2006-09-18,34.324505
2006-09-19,34.093487
2006-09-20,34.589714
2006-09-21,34.375832
2006-09-22,34.110611
2006-09-25,34.709499
2006-09-26,34.880619
2006-09-27,34.837826
2006-09-28,34.931942
2006-09-29,34.777950
2006-10-02,34.341625
2006-10-03,34.487045
2006-10-04,35.334030
2006-10-05,35.505150
2006-10-06,35.428146
2006-10-09,35.547924
2006-10-10,35.607815
2006-10-11,35.539368
2006-10-12,36.104034
2006-10-13,36.300819
2006-10-16,36.335045
2006-10-17,35.932922
2006-10-18,35.761822
2006-10-19,35.847378
2006-10-20,35.932922
2006-10-23,36.300819
2006-10-24,36.052711
2006-10-25,36.300819
2006-10-26,36.634472
2006-10-27,36.112587
2006-10-30,36.343578
2006-10-31,36.429134
2006-11-01,35.932922
2006-11-02,35.967163
2006-11-03,35.873051
2006-11-06,36.394920
2006-11-07,36.643021
2006-11-08,36.814156
2006-11-09,36.643021
2006-11-10,36.814156
2006-11-13,37.190567
2006-11-14,37.584129
2006-11-15,37.738129
2006-11-16,37.900681
2006-11-17,37.900681
2006-11-20,37.977657
2006-11-21,38.029007
2006-11-22,38.268570
2006-11-24,38.200115
2006-11-27,37.336002
2006-11-28,37.447235
2006-11-29,37.703907
2006-11-30,37.678257
2006-12-01,37.353127
2006-12-04,37.866467
2006-12-05,38.003342
2006-12-06,37.866467
2006-12-07,37.387348
2006-12-08,37.558460
2006-12-11,37.695351
2006-12-12,37.472912
2006-12-13,37.541344
2006-12-14,37.960548
2006-12-15,38.058220
2006-12-18,37.681324
2006-12-19,37.561401
2006-12-20,37.424339
2006-12-21,37.158817
2006-12-22,36.773338
2006-12-26,36.927532
2006-12-27,37.115990
2006-12-28,36.936066
2006-12-29,36.970356
2007-01-03,37.038879
2007-01-04,37.741268
2007-01-05,37.561401
2007-01-08,37.587101
2007-01-09,37.775547
2007-01-10,38.220963
2007-01-11,38.615009
2007-01-12,38.812035
2007-01-16,38.786297
2007-01-17,38.469383
2007-01-18,37.758427
2007-01-19,37.835510
2007-01-22,37.424339
2007-01-23,37.330124
2007-01-24,37.946873
2007-01-25,37.458618
2007-01-26,37.321556
2007-01-29,37.355812
2007-01-30,37.372955
2007-01-31,37.749863
2007-02-01,37.689877
2007-02-02,37.826946
2007-02-05,37.792664
2007-02-06,37.741268
2007-02-07,38.083927
2007-02-08,38.075371
2007-02-09,37.587101
2007-02-12,37.441471
2007-02-13,37.569946
2007-02-14,38.203846
2007-02-15,38.426571
2007-02-16,38.298054
2007-02-20,38.589291
2007-02-21,38.709213
2007-02-22,38.906235
2007-02-23,38.769188
2007-02-26,38.580738
2007-02-27,36.996040
2007-02-28,37.115990
2007-03-01,36.944653
2007-03-02,36.387852
2007-03-05,36.105190
2007-03-06,36.704800
2007-03-07,36.559200
2007-03-08,36.807613
2007-03-09,36.773338
2007-03-12,37.013180
2007-03-13,36.293652
2007-03-14,36.824741
2007-03-15,36.739063
2007-03-16,36.710796
2007-03-19,37.087921
2007-03-20,37.353642
2007-03-21,38.073627
2007-03-22,37.936481
2007-03-23,37.816471
2007-03-26,37.970779
2007-03-27,37.705059
2007-03-28,37.302200
2007-03-29,37.345066
2007-03-30,37.310783
2007-04-02,37.362194
2007-04-03,37.850777
2007-04-04,38.005039
2007-04-05,38.193626
2007-04-09,38.099358
2007-04-10,38.296471
2007-04-11,37.893639
2007-04-12,38.193626
2007-04-13,38.270763
2007-04-16,38.622166
2007-04-17,38.707897
2007-04-18,38.579346
2007-04-19,38.699322
2007-04-20,38.913624
2007-04-23,38.973587
2007-04-24,39.170742
2007-04-25,39.693611
2007-04-26,39.899284
2007-04-27,39.916439
2007-04-30,39.393578
2007-05-01,39.359322
2007-05-02,39.787895
2007-05-03,39.933601
2007-05-04,39.967892
2007-05-07,39.967892
2007-05-08,40.053581
2007-05-09,40.139313
2007-05-10,39.590748
2007-05-11,40.096447
2007-05-14,39.822166
2007-05-15,39.513599
2007-05-16,39.899284
2007-05-17,39.710720
2007-05-18,40.036457
2007-05-21,40.293571
2007-05-22,40.327866
2007-05-23,40.139313
2007-05-24,39.565041
2007-05-25,39.813606
2007-05-29,40.122162
2007-05-30,40.447857
2007-05-31,40.636421
2007-06-01,40.662159
2007-06-04,40.782162
2007-06-05,40.782162
2007-06-06,40.345009
2007-06-07,39.719307
2007-06-08,40.207863
2007-06-11,40.130718
2007-06-12,39.890724
2007-06-13,40.327866
2007-06-14,40.593582
2007-06-15,40.968426
2007-06-18,40.977020
2007-06-19,40.968426
2007-06-20,40.582447
2007-06-21,40.951283
2007-06-22,40.565269
2007-06-25,40.393707
2007-06-26,40.162098
2007-06-27,40.779701
2007-06-28,40.762562
2007-06-29,40.831181
2007-07-02,41.200047
2007-07-03,41.440235
2007-07-05,41.740448
2007-07-06,41.912010
2007-07-09,41.937729
2007-07-10,41.586033
2007-07-11,41.869122
2007-07-12,42.512470
2007-07-13,42.804108
2007-07-16,42.761234
2007-07-17,43.087181
2007-07-18,43.035725
2007-07-19,43.164406
2007-07-20,42.932789
2007-07-23,42.949947
2007-07-24,42.315170
2007-07-25,42.375229
2007-07-26,42.014946
2007-07-27,41.165730
2007-07-30,41.646103
2007-07-31,40.771145
2007-08-01,41.088531
2007-08-02,41.465965
2007-08-03,40.676781
2007-08-06,41.148582
2007-08-07,41.440235
2007-08-08,41.894859
2007-08-09,40.925526
2007-08-10,40.556694
2007-08-13,40.831181
2007-08-14,40.136379
2007-08-15,39.372944
2007-08-16,38.986935
2007-08-17,39.724632
2007-08-20,39.913330
2007-08-21,40.333660
2007-08-22,40.882652
2007-08-23,40.771145
2007-08-24,41.345848
2007-08-27,41.071373
2007-08-28,40.093502
2007-08-29,41.242939
2007-08-30,41.457371
2007-08-31,41.920605
2007-09-04,42.615406
2007-09-05,42.186512
2007-09-06,42.152199
2007-09-07,41.371605
2007-09-10,41.345848
2007-09-11,41.972080
2007-09-12,41.980640
2007-09-13,42.186512
2007-09-14,42.220829
2007-09-17,41.869122
2007-09-18,42.924229
2007-09-19,43.035725
2007-09-20,42.915638
2007-09-21,43.221188
2007-09-24,43.418579
2007-09-25,43.830536
2007-09-26,44.045094
2007-09-27,44.268219
2007-09-28,44.122318
2007-10-01,44.628708
2007-10-02,44.637280
2007-10-03,44.328316
2007-10-04,44.431313
2007-10-05,45.332462
2007-10-08,45.615688
2007-10-09,45.813072
2007-10-10,45.924641
2007-10-11,45.195145
2007-10-12,45.941803
2007-10-15,45.589920
2007-10-16,45.375359
2007-10-17,45.958958
2007-10-18,46.156361
2007-10-19,45.006321
2007-10-22,45.547012
2007-10-23,46.499660
2007-10-24,46.147789
2007-10-25,45.529861
2007-10-26,46.285107
2007-10-29,46.473934
2007-10-30,46.568336
2007-10-31,47.229179
2007-11-01,46.345181
2007-11-02,46.705639
2007-11-05,46.405239
2007-11-06,46.928791
2007-11-07,45.787334
2007-11-08,44.396969
2007-11-09,42.912182
2007-11-12,41.822224
2007-11-13,43.547295
2007-11-14,42.989456
2007-11-15,42.757732
2007-11-16,43.152515
2007-11-19,42.654732
2007-11-20,42.826382
2007-11-21,42.320007
2007-11-23,42.774876
2007-11-26,42.036808
2007-11-27,42.877869
2007-11-28,44.182407
2007-11-29,44.371223
2007-11-30,44.036530
2007-12-03,43.667450
2007-12-04,43.487225
2007-12-05,44.268219
2007-12-06,44.903324
2007-12-07,44.911911
2007-12-10,45.092144
2007-12-11,44.045094
2007-12-12,44.439873
2007-12-13,44.199562
2007-12-14,43.744717
2007-12-17,42.680462
2007-12-18,42.817806
2007-12-19,42.809231
2007-12-20,43.684628
2007-12-21,44.546341
2007-12-24,44.881409
2007-12-26,45.104790
2007-12-27,44.563534
2007-12-28,44.520569
2007-12-31,44.005081
2008-01-02,43.309177
2008-01-03,43.489594
2008-01-04,41.582302
2008-01-07,41.384705
2008-01-08,40.310768
2008-01-09,41.169937
2008-01-10,41.230057
2008-01-11,40.422489
2008-01-14,41.126972
2008-01-15,39.992905
2008-01-16,39.563332
2008-01-17,39.013493
2008-01-18,38.961956
2008-01-22,37.956745
2008-01-23,37.810703
2008-01-24,38.583920
2008-01-25,37.793499
2008-01-28,38.085621
2008-01-29,38.154343
2008-01-30,38.119972
2008-01-31,38.772930
2008-02-01,39.168140
2008-02-04,38.618282
2008-02-05,37.518581
2008-02-06,36.779716
2008-02-07,37.037472
2008-02-08,37.458447
2008-02-11,37.862247
2008-02-12,37.647461
2008-02-13,38.472225
2008-02-14,37.776318
2008-02-15,37.647461
2008-02-19,37.578716
2008-02-20,37.750534
2008-02-21,37.389706
2008-02-22,37.527184
2008-02-25,37.716179
2008-02-26,37.862247
2008-02-27,38.051250
2008-02-28,37.905209
2008-02-29,36.900005
2008-03-03,36.659462
2008-03-04,36.865654
2008-03-05,37.046059
2008-03-06,36.229870
2008-03-07,36.143970
2008-03-10,35.448048
2008-03-11,36.796906
2008-03-12,36.693802
2008-03-13,36.977322
2008-03-14,36.298595
2008-03-17,35.637081
2008-03-18,37.226501
2008-03-19,36.307194
2008-03-20,37.049198
2008-03-24,38.330330
2008-03-25,38.545277
2008-03-26,38.433506
2008-03-27,37.582287
2008-03-28,37.393147
2008-03-31,37.590893
2008-04-01,39.198753
2008-04-02,39.112747
2008-04-03,39.198753
2008-04-04,39.430897
2008-04-07,39.344898
2008-04-08,39.043980
2008-04-09,38.605473
2008-04-10,39.155754
2008-04-11,38.072395
2008-04-14,37.900410
2008-04-15,37.952019
2008-04-16,39.009583
2008-04-17,38.923603
2008-04-18,40.161716
2008-04-21,40.445469
2008-04-22,39.843590
2008-04-23,40.282104
2008-04-24,40.643219
2008-04-25,40.540031
2008-04-28,40.617424
2008-04-29,40.926956
2008-04-30,40.591644
2008-05-01,41.872746
2008-05-02,41.932945
2008-05-05,41.812553
2008-05-06,42.070518
2008-05-07,41.305271
2008-05-08,41.614792
2008-05-09,41.451447
2008-05-12,42.208092
2008-05-13,42.319847
2008-05-14,42.225277
2008-05-15,42.964710
2008-05-16,42.999092
2008-05-19,42.689583
2008-05-20,42.362839
2008-05-21,41.425655
2008-05-22,41.571808
2008-05-23,41.442825
2008-05-27,42.173664
2008-05-28,42.345646
2008-05-29,42.723953
2008-05-30,42.999092
2008-06-02,42.474628
2008-06-03,42.242470
2008-06-04,42.784149
2008-06-05,43.463413
2008-06-06,42.156487
2008-06-09,41.932945
2008-06-10,41.735176
2008-06-11,40.729210
2008-06-12,40.772179
2008-06-13,41.589012
2008-06-16,41.958725
2008-06-17,41.735176
2008-06-18,41.288097
2008-06-19,41.932945
2008-06-20,40.800621
2008-06-23,40.482288
2008-06-24,40.275791
2008-06-25,40.929691
2008-06-26,39.277718
2008-06-27,39.277718
2008-06-30,38.864704
2008-07-01,39.415375
2008-07-02,38.468933
2008-07-03,38.400105
2008-07-07,38.632404
2008-07-08,39.553040
2008-07-09,38.503330
2008-07-10,38.959347
2008-07-11,38.339870
2008-07-14,38.055939
2008-07-15,38.064545
2008-07-16,39.010963
2008-07-17,39.269108
2008-07-18,38.365673
2008-07-21,38.529148
2008-07-22,38.529148
2008-07-23,39.036797
2008-07-24,38.451710
2008-07-25,38.950768
2008-07-28,38.219402
2008-07-29,39.010963
2008-07-30,39.208862
2008-07-31,39.114231
2008-08-01,38.615200
2008-08-04,38.227997
2008-08-05,39.518620
2008-08-06,40.120930
2008-08-07,39.811169
2008-08-08,40.714596
2008-08-11,41.084572
2008-08-12,41.127598
2008-08-13,41.041546
2008-08-14,41.514767
2008-08-15,41.437336
2008-08-18,40.955502
2008-08-19,40.447872
2008-08-20,40.516705
2008-08-21,40.327412
2008-08-22,40.860870
2008-08-25,40.000454
2008-08-26,39.948822
2008-08-27,40.206959
2008-08-28,40.533913
2008-08-29,39.682110
2008-09-02,39.191662
2008-09-03,38.821693
2008-09-04,37.565487
2008-09-05,37.384811
2008-09-08,37.315983
2008-09-09,36.524406
2008-09-10,36.825523
2008-09-11,37.513874
2008-09-12,37.367584
2008-09-15,36.206062
2008-09-16,36.489971
2008-09-17,34.597076
2008-09-18,35.767239
2008-09-19,36.936462
2008-09-22,35.197262
2008-09-23,34.930367
2008-09-24,35.171436
2008-09-25,35.731068
2008-09-26,35.369465
2008-09-29,32.562645
2008-09-30,33.501110
2008-10-01,33.148106
2008-10-02,31.641371
2008-10-03,31.150606
2008-10-06,30.014109
2008-10-07,28.111313
2008-10-08,27.887463
2008-10-09,27.138403
2008-10-10,26.966194
2008-10-13,30.246574
2008-10-14,28.937862
2008-10-15,26.346287
2008-10-16,27.775537
2008-10-17,27.809978
2008-10-20,28.584864
2008-10-21,27.103951
2008-10-22,26.354898
2008-10-23,26.251575
2008-10-24,25.407803
2008-10-27,24.701794
2008-10-28,27.431133
2008-10-29,27.362257
2008-10-30,28.274900
2008-10-31,28.317955
2008-11-03,28.257689
2008-11-04,29.058414
2008-11-05,27.543058
2008-11-06,26.311848
2008-11-07,26.854271
2008-11-10,26.492655
2008-11-11,25.915794
2008-11-12,24.719013
2008-11-13,26.225750
2008-11-14,24.951485
2008-11-17,24.426283
2008-11-18,24.400459
2008-11-19,23.126188
2008-11-20,22.006897
2008-11-21,22.962595
2008-11-24,24.366016
2008-11-25,24.254082
2008-11-26,25.270054
2008-11-28,25.072027
2008-12-01,23.186460
2008-12-02,23.961357
2008-12-03,24.641527
2008-12-04,23.944124
2008-12-05,24.917044
2008-12-08,25.898577
2008-12-09,25.838312
2008-12-10,25.752207
2008-12-11,25.046192
2008-12-12,25.554180
2008-12-15,25.106462
2008-12-16,26.311848
2008-12-17,25.993282
2008-12-18,25.536955
2008-12-19,25.746479
2008-12-22,25.186033
2008-12-23,25.056692
2008-12-24,25.125671
2008-12-26,25.117044
2008-12-29,24.910105
2008-12-30,25.427464
2008-12-31,25.643019
2009-01-02,26.755308
2009-01-05,26.746679
2009-01-06,27.013969
2009-01-07,26.246576
2009-01-08,26.522503
2009-01-09,25.927555
2009-01-12,25.453314
2009-01-13,25.461945
2009-01-14,24.685930
2009-01-15,25.091188
2009-01-16,25.367096
2009-01-20,24.108231
2009-01-21,25.134298
2009-01-22,24.798012
2009-01-23,24.918728
2009-01-26,25.099804
2009-01-27,25.280865
2009-01-28,26.168982
2009-01-29,25.505051
2009-01-30,25.056692
2009-02-02,25.358482
2009-02-03,25.755102
2009-02-04,25.789598
2009-02-05,26.358665
2009-02-06,27.048470
2009-02-09,27.160555
2009-02-10,26.160362
2009-02-11,26.039642
2009-02-12,26.358665
2009-02-13,26.237949
2009-02-17,25.194651
2009-02-18,25.211893
2009-02-19,24.823879
2009-02-20,24.892870
2009-02-23,24.022009
2009-02-24,24.815256
2009-02-25,24.651436
2009-02-26,23.961643
2009-02-27,23.737461
2009-03-02,22.970079
2009-03-03,22.952827
2009-03-04,23.565012
2009-03-05,22.857977
2009-03-06,22.676899
2009-03-09,22.194056
2009-03-10,23.565012
2009-03-11,23.927160
2009-03-12,24.720419
2009-03-13,24.780777
2009-03-16,24.366899
2009-03-17,25.289494
2009-03-18,25.608522
2009-03-19,25.591276
2009-03-20,25.201765
2009-03-23,26.687260
2009-03-24,26.194981
2009-03-25,26.315895
2009-03-26,27.127741
2009-03-27,26.618181
2009-03-30,25.961794
2009-03-31,26.186348
2009-04-01,26.574997
2009-04-02,27.430019
2009-04-03,27.939577
2009-04-06,27.870495
2009-04-07,27.136383
2009-04-08,27.594120
2009-04-09,28.449152
2009-04-13,28.405970
2009-04-14,28.060501
2009-04-15,27.982773
2009-04-16,28.708248
2009-04-17,28.768700
2009-04-20,27.844584
2009-04-21,28.233229
2009-04-22,28.319603
2009-04-23,28.595974
2009-04-24,29.096903
2009-04-27,29.131447
2009-04-28,28.915541
2009-04-29,29.312807
2009-04-30,29.606459
2009-05-01,29.684183
2009-05-04,30.271500
2009-05-05,30.245579
2009-05-06,30.254225
2009-05-07,29.546000
2009-05-08,29.563263
2009-05-11,29.666910
2009-05-12,29.304186
2009-05-13,28.518242
2009-05-14,28.837799
2009-05-15,28.820528
2009-05-18,29.571909
2009-05-19,29.710104
2009-05-20,29.606459
2009-05-21,29.062342
2009-05-22,28.967346
2009-05-26,30.046932
2009-05-27,29.839655
2009-05-28,30.185108
2009-05-29,30.556499
2009-06-01,31.428787
2009-06-02,31.471983
2009-06-03,31.376980
2009-06-04,31.731077
2009-06-05,31.765627
2009-06-08,31.670622
2009-06-09,31.912447
2009-06-10,31.800167
2009-06-11,31.800167
2009-06-12,31.653357
2009-06-15,31.005608
2009-06-16,30.703291
2009-06-17,30.996948
2009-06-18,30.936514
2009-06-19,31.268566
2009-06-22,30.334661
2009-06-23,30.265488
2009-06-24,30.775669
2009-06-25,31.380981
2009-06-26,31.450169
2009-06-29,31.519341
2009-06-30,31.458818
2009-07-01,31.476101
2009-07-02,30.784307
2009-07-06,30.620010
2009-07-07,29.859062
2009-07-08,30.014698
2009-07-09,30.066599
2009-07-10,30.196295
2009-07-13,30.775669
2009-07-14,30.888086
2009-07-15,31.925745
2009-07-16,32.306232
2009-07-17,32.479187
2009-07-20,32.790497
2009-07-21,33.015308
2009-07-22,33.292030
2009-07-23,34.027039
2009-07-24,33.767620
2009-07-27,34.027039
2009-07-28,33.793568
2009-07-29,34.018391
2009-07-30,34.217278
2009-07-31,34.113522
2009-08-03,34.623692
2009-08-04,34.623692
2009-08-05,34.355633
2009-08-06,34.052982
2009-08-07,34.485352
2009-08-10,34.243214
2009-08-11,33.949226
2009-08-12,34.476704
2009-08-13,34.666954
2009-08-14,34.269169
2009-08-17,33.274738
2009-08-18,33.750313
2009-08-19,33.983810
2009-08-20,34.381599
2009-08-21,34.839912
2009-08-24,34.805302
2009-08-25,34.909069
2009-08-26,34.848557
2009-08-27,34.934994
2009-08-28,34.969582
2009-08-31,34.615063
2009-09-01,33.966515
2009-09-02,33.940575
2009-09-03,34.165409
2009-09-04,34.900410
2009-09-08,35.229000
2009-09-09,35.531654
2009-09-10,35.868908
2009-09-11,35.903500
2009-09-14,36.041862
2009-09-15,36.154278
2009-09-16,36.681782
2009-09-17,36.673111
2009-09-18,36.734573
2009-09-21,36.847092
2009-09-22,36.916344
2009-09-23,36.743210
2009-09-24,36.414310
2009-09-25,36.094048
2009-09-28,36.708591
2009-09-29,36.544155
2009-09-30,36.570114
2009-10-01,35.488159
2009-10-02,35.384300
2009-10-05,35.669910
2009-10-06,36.301773
2009-10-07,36.405651
2009-10-08,36.561459
2009-10-09,36.769192
2009-10-12,36.847092
2009-10-13,36.855747
2009-10-14,37.357777
2009-10-15,37.271221
2009-10-16,37.028858
2009-10-19,37.401043
2009-10-20,37.409702
2009-10-21,37.340462
2009-10-22,37.487602
2009-10-23,37.331795
2009-10-26,37.210632
2009-10-27,36.648003
2009-10-28,35.825718
2009-10-29,36.431629
2009-10-30,35.453529
2009-11-02,35.600674
2009-11-03,35.713196
2009-11-04,35.773796
2009-11-05,36.656662
2009-11-06,36.873058
2009-11-09,37.660721
2009-11-10,37.755939
2009-11-11,37.998287
2009-11-12,37.781895
2009-11-13,38.093510
2009-11-16,38.482994
2009-11-17,38.604191
2009-11-18,38.387802
2009-11-19,37.790558
2009-11-20,37.600128
2009-11-23,38.206028
2009-11-24,38.076195
2009-11-25,38.240643
2009-11-27,37.660721
2009-11-30,37.704010
2009-12-01,38.093510
2009-12-02,38.145439
2009-12-03,37.989620
2009-12-04,38.188713
2009-12-07,38.006947
2009-12-08,37.773247
2009-12-09,38.154106
2009-12-10,38.344513
2009-12-11,38.197369
2009-12-14,38.560913
2009-12-15,38.344513
2009-12-16,38.396450
2009-12-17,37.929047
2009-12-18,38.547211
2009-12-21,38.980736
2009-12-22,39.214813
2009-12-23,39.500946
2009-12-24,39.865078
2009-12-28,40.073158
2009-12-29,39.908428
2009-12-30,40.029789
2009-12-31,39.665661
2010-01-04,40.246555
2010-01-05,40.246555
2010-01-06,40.003792
2010-01-07,40.029789
2010-01-08,40.359276
2010-01-11,40.194519
2010-01-12,39.691662
2010-01-13,40.185856
2010-01-14,40.220543
2010-01-15,39.752338
2010-01-19,40.393955
2010-01-20,39.813057
2010-01-21,39.440258
2010-01-22,38.287132
2010-01-25,38.417168
2010-01-26,38.451855
2010-01-27,38.755318
2010-01-28,37.758240
2010-01-29,37.099323
2010-02-01,37.506817
2010-02-02,37.844936
2010-02-03,38.053020
2010-02-04,36.951916
2010-02-05,37.264057
2010-02-08,36.995270
2010-02-09,37.376770
2010-02-10,37.298721
2010-02-11,37.862278
2010-02-12,37.940319
2010-02-16,38.425846
2010-02-17,38.642593
2010-02-18,38.885353
2010-02-19,38.868011
2010-02-22,38.789982
2010-02-23,38.287132
2010-02-24,38.677277
2010-02-25,38.668606
2010-02-26,38.807323
2010-03-01,39.370876
2010-03-02,39.492256
2010-03-03,39.535606
2010-03-04,39.665661
2010-03-05,40.263893
2010-03-08,40.341942
2010-03-09,40.567345
2010-03-10,40.896816
2010-03-11,41.052872
2010-03-12,41.061546
2010-03-15,40.957512
2010-03-16,41.217613
2010-03-17,41.330315
2010-03-18,41.469040
2010-03-19,41.218224
2010-03-22,41.591423
2010-03-23,41.877850
2010-03-24,41.678223
2010-03-25,41.617470
2010-03-26,41.660854
2010-03-29,41.860485
2010-03-30,41.999344
2010-03-31,41.799740
2010-04-01,41.799740
2010-04-05,42.190296
2010-04-06,42.311794
2010-04-07,42.207664
2010-04-08,42.303135
2010-04-09,42.554825
2010-04-12,42.589539
2010-04-13,42.806530
2010-04-14,43.318626
2010-04-15,43.509556
2010-04-16,42.988811
2010-04-19,42.962761
2010-04-20,43.179749
2010-04-21,43.422768
2010-04-22,43.665787
2010-04-23,43.848053
2010-04-26,43.752579
2010-04-27,42.823898
2010-04-28,42.849930
2010-04-29,43.596355
2010-04-30,42.737103
2010-05-03,43.335960
2010-05-04,42.034061
2010-05-05,41.817101
2010-05-06,40.419697
2010-05-07,39.412899
2010-05-10,41.461220
2010-05-11,41.417839
2010-05-12,42.198963
2010-05-13,41.530670
2010-05-14,40.732170
2010-05-17,40.862350
2010-05-18,40.298199
2010-05-19,39.977062
2010-05-20,38.492901
2010-05-21,38.918190
2010-05-24,38.761955
2010-05-25,38.796680
2010-05-26,38.362701
2010-05-27,39.812157
2010-05-28,39.577808
2010-06-01,39.213287
2010-06-02,40.141972
2010-06-03,40.523865
2010-06-04,39.135162
2010-06-07,38.423458
2010-06-08,38.354019
2010-06-09,38.032898
2010-06-10,39.117817
2010-06-11,39.491009
2010-06-14,39.482353
2010-06-15,40.541225
2010-06-16,40.706127
2010-06-17,40.836308
2010-06-18,40.870228
2010-06-21,40.522404
2010-06-22,40.209351
2010-06-23,40.044136
2010-06-24,39.435417
2010-06-25,39.443283
2010-06-28,39.303871
2010-06-29,37.787811
2010-06-30,37.212780
2010-07-01,37.108204
2010-07-02,37.003670
2010-07-06,37.116932
2010-07-07,38.301876
2010-07-08,38.511005
2010-07-09,38.876934
2010-07-12,38.990204
2010-07-13,39.495552
2010-07-14,39.695950
2010-07-15,39.730793
2010-07-16,38.632961
2010-07-19,38.964066
2010-07-20,39.434547
2010-07-21,38.894363
2010-07-22,39.878918
2010-07-23,40.131603
2010-07-26,40.462669
2010-07-27,40.445251
2010-07-28,40.122879
2010-07-29,39.826641
2010-07-30,39.913773
2010-08-02,40.663074
2010-08-03,40.488823
2010-08-04,40.898323
2010-08-05,40.802475
2010-08-06,40.741482
2010-08-09,41.020298
2010-08-10,40.663074
2010-08-11,39.556534
2010-08-12,39.242859
2010-08-13,38.964066
2010-08-16,39.033772
2010-08-17,39.530403
2010-08-18,39.687225
2010-08-19,39.086029
2010-08-20,39.138325
2010-08-23,38.754948
2010-08-24,38.031773
2010-08-25,38.397720
2010-08-26,37.935940
2010-08-27,38.397720
2010-08-30,37.996937
2010-08-31,37.866234
2010-09-01,38.998901
2010-09-02,39.434547
2010-09-03,40.088024
2010-09-07,39.817921
2010-09-08,40.297131
2010-09-09,40.453968
2010-09-10,40.602074
2010-09-13,41.168430
2010-09-14,41.342678
2010-09-15,41.604065
2010-09-16,41.769619
2010-09-17,41.911083
2010-09-20,42.644695
2010-09-21,42.635944
2010-09-22,42.522419
2010-09-23,42.504959
2010-09-24,43.369541
2010-09-27,43.133751
2010-09-28,43.116291
2010-09-29,43.046406
2010-09-30,42.854282
2010-10-01,42.801884
2010-10-04,42.339039
2010-10-05,43.369541
2010-10-06,42.994019
2010-10-07,43.151207
2010-10-08,43.448158
2010-10-11,43.465626
2010-10-12,43.762554
2010-10-13,44.120625
2010-10-14,44.033287
2010-10-15,44.967735
2010-10-18,44.801823
2010-10-19,44.382633
2010-10-20,44.705746
2010-10-21,44.793087
2010-10-22,45.098751
2010-10-25,45.317081
2010-10-26,45.439342
2010-10-27,45.579075
2010-10-28,45.675140
2010-10-29,45.570351
2010-11-01,45.605278
2010-11-02,46.094334
2010-11-03,46.303959
2010-11-04,46.871597
2010-11-05,46.871597
2010-11-08,46.932735
2010-11-09,46.679474
2010-11-10,46.915287
2010-11-11,46.618336
2010-11-12,45.858543
2010-11-15,45.683868
2010-11-16,44.932812
2010-11-17,45.063805
2010-11-18,45.788685
2010-11-19,45.823612
2010-11-22,46.207867
2010-11-23,45.474277
2010-11-24,46.391277
2010-11-26,46.085602
2010-11-29,46.050674
2010-11-30,45.491737
2010-12-01,46.452404
2010-12-02,46.924019
2010-12-03,47.046265
2010-12-06,47.028812
2010-12-07,47.054993
2010-12-08,47.229664
2010-12-09,47.273350
2010-12-10,47.587746
2010-12-13,47.421791
2010-12-14,47.509140
2010-12-15,47.299522
2010-12-16,47.666332
2010-12-17,47.708332
2010-12-20,47.743351
2010-12-21,48.032112
2010-12-22,48.023369
2010-12-23,47.900848
2010-12-27,47.927090
2010-12-28,47.839592
2010-12-29,47.944603
2010-12-30,47.830856
2010-12-31,47.655838
2011-01-03,48.399639
2011-01-04,48.364635
2011-01-05,48.775917
2011-01-06,48.933422
2011-01-07,48.889660
2011-01-10,49.073429
2011-01-11,49.143440
2011-01-12,49.493473
2011-01-13,49.510956
2011-01-14,49.878502
2011-01-18,50.018501
2011-01-19,49.449711
2011-01-20,49.099693
2011-01-21,48.723415
2011-01-24,49.397205
2011-01-25,49.467205
2011-01-26,49.729744
2011-01-27,50.036007
2011-01-28,48.767174
2011-01-31,49.003433
2011-02-01,49.922245
2011-02-02,49.843494
2011-02-03,49.931000
2011-02-04,50.210999
2011-02-07,50.447277
2011-02-08,50.779793
2011-02-09,50.692291
2011-02-10,50.771053
2011-02-11,51.138577
2011-02-14,51.261082
2011-02-15,51.191074
2011-02-16,51.523594
2011-02-17,51.506104
2011-02-18,51.392353
2011-02-22,49.904739
2011-02-23,49.493473
2011-02-24,49.755989
2011-02-25,50.447277
2011-02-28,50.552288
2011-03-01,49.738487
2011-03-02,50.000996
2011-03-03,50.989826
2011-03-04,50.727299
2011-03-07,50.044735
2011-03-08,50.246006
2011-03-09,49.904739
2011-03-10,49.125942
2011-03-11,49.432217
2011-03-14,49.257195
2011-03-15,48.557140
2011-03-16,47.384556
2011-03-17,47.822090
2011-03-18,47.714306
2011-03-21,48.634434
2011-03-22,48.546806
2011-03-23,48.818451
2011-03-24,49.685982
2011-03-25,49.808662
2011-03-28,49.537003
2011-03-29,50.018959
2011-03-30,50.255577
2011-03-31,50.325680
2011-04-01,50.351978
2011-04-04,50.185471
2011-04-05,50.054020
2011-04-06,50.176697
2011-04-07,50.141655
2011-04-08,49.905056
2011-04-11,49.738548
2011-04-12,49.396793
2011-04-13,49.817425
2011-04-14,49.729801
2011-04-15,49.642155
2011-04-18,49.291641
2011-04-19,49.598343
2011-04-20,50.720001
2011-04-21,51.123119
2011-04-25,51.254559
2011-04-26,51.543724
2011-04-27,51.894260
2011-04-28,51.815365
2011-04-29,51.771568
2011-05-02,51.675171
2011-05-03,51.429806
2011-05-04,51.350945
2011-05-05,51.070518
2011-05-06,51.237030
2011-05-09,51.429806
2011-05-10,51.867958
2011-05-11,51.491142
2011-05-12,51.797855
2011-05-13,51.184448
2011-05-16,50.299393
2011-05-17,50.439590
2011-05-18,50.860214
2011-05-19,51.009182
2011-05-20,50.623615
2011-05-23,49.878757
2011-05-24,49.572052
2011-05-25,49.764835
2011-05-26,50.071548
2011-05-27,50.325680
2011-05-31,51.140625
2011-06-01,50.027729
2011-06-02,50.132900
2011-06-03,49.379269
2011-06-06,48.976185
2011-06-07,48.888557
2011-06-08,48.538029
2011-06-09,48.625652
2011-06-10,47.880825
2011-06-13,47.880825
2011-06-14,48.494213
2011-06-15,47.574120
2011-06-16,47.390076
2011-06-17,47.241657
2011-06-20,47.487572
2011-06-21,48.506351
2011-06-22,48.155033
2011-06-23,48.602959
2011-06-24,47.759834
2011-06-27,48.523911
2011-06-28,49.244087
2011-06-29,49.446079
2011-06-30,50.104794
2011-07-01,50.860092
2011-07-05,51.114807
2011-07-06,51.281666
2011-07-07,51.984268
2011-07-08,51.843742
2011-07-11,50.904003
2011-07-12,50.517567
2011-07-13,50.728344
2011-07-14,50.139912
2011-07-15,50.807396
2011-07-18,50.535133
2011-07-19,51.685665
2011-07-20,51.466095
2011-07-21,51.808617
2011-07-22,52.344360
2011-07-25,52.238949
2011-07-26,52.370686
2011-07-27,51.018185
2011-07-28,51.106007
2011-07-29,50.939137
2011-08-01,50.702007
2011-08-02,49.419746
2011-08-03,49.894028
2011-08-04,47.575405
2011-08-05,47.276783
2011-08-08,44.431221
2011-08-09,46.574165
2011-08-10,44.668358
2011-08-11,46.635651
2011-08-12,47.048439
2011-08-15,47.742275
2011-08-16,47.338268
2011-08-17,47.057205
2011-08-18,44.747387
2011-08-19,43.939407
2011-08-22,44.097473
2011-08-23,45.915478
2011-08-24,46.275570
2011-08-25,45.520279
2011-08-26,46.662006
2011-08-29,47.961826
2011-08-30,48.278015
2011-08-31,48.357059
2011-09-01,47.917927
2011-09-02,46.793732
2011-09-06,46.802525
2011-09-07,47.988197
2011-09-08,47.768620
2011-09-09,46.705917
2011-09-12,47.303131
2011-09-13,47.935478
2011-09-14,48.620525
2011-09-15,49.340702
2011-09-16,49.792957
2011-09-19,49.810577
2011-09-20,49.590591
2011-09-21,48.728306
2011-09-22,47.144485
2011-09-23,47.646034
2011-09-26,48.200367
2011-09-27,48.701908
2011-09-28,47.980400
2011-09-29,47.408459
2011-09-30,46.185406
2011-10-03,44.997566
2011-10-04,45.921459
2011-10-05,47.100502
2011-10-06,47.892422
2011-10-07,47.575642
2011-10-10,49.221035
2011-10-11,49.555389
2011-10-12,49.801769
2011-10-13,50.259300
2011-10-14,51.191990
2011-10-17,50.400105
2011-10-18,51.024815
2011-10-19,50.039341
2011-10-20,49.792957
2011-10-21,50.417686
2011-10-24,51.464760
2011-10-25,50.452885
2011-10-26,50.391293
2011-10-27,51.781525
2011-10-28,51.860714
2011-10-31,50.989632
2011-11-01,49.660984
2011-11-02,50.083336
2011-11-03,51.121605
2011-11-04,50.857624
2011-11-07,51.218384
2011-11-08,51.807911
2011-11-09,49.986561
2011-11-10,49.960152
2011-11-11,50.901623
2011-11-14,50.584866
2011-11-15,51.148010
2011-11-16,50.303299
2011-11-17,49.124249
2011-11-18,48.745907
2011-11-21,47.813213
2011-11-22,47.971596
2011-11-23,46.889313
2011-11-25,46.528572
2011-11-28,48.147575
2011-11-29,47.848412
2011-11-30,49.616993
2011-12-01,49.960152
2011-12-02,49.819374
2011-12-05,50.364902
2011-12-06,50.224098
2011-12-07,50.224098
2011-12-08,49.379398
2011-12-09,50.171318
2011-12-12,49.608181
2011-12-13,49.062656
2011-12-14,48.297150
2011-12-15,48.165161
2011-12-16,48.413143
2011-12-19,47.936596
2011-12-20,49.357418
2011-12-21,48.651417
2011-12-22,49.066185
2011-12-23,49.489780
2011-12-27,49.674385
2011-12-28,49.100246
2011-12-29,49.453568
2011-12-30,49.312244
2012-01-03,50.257332
2012-01-04,50.469311
2012-01-05,50.884438
2012-01-06,51.061089
2012-01-09,50.893276
2012-01-10,51.264248
2012-01-11,51.370228
2012-01-12,51.573399
2012-01-13,51.387897
2012-01-17,51.856030
2012-01-18,52.544975
2012-01-19,52.871784
2012-01-20,52.792274
2012-01-23,52.809948
2012-01-24,52.712776
2012-01-25,53.375237
2012-01-26,53.189747
2012-01-27,53.348732
2012-01-30,53.392895
2012-01-31,53.463543
2012-02-01,53.896343
2012-02-02,54.064167
2012-02-03,54.806114
2012-02-06,54.761951
2012-02-07,54.876770
2012-02-08,55.168232
2012-02-09,55.565708
2012-02-10,55.177071
2012-02-13,55.689362
2012-02-14,55.830677
2012-02-15,55.442051
2012-02-16,56.201664
2012-02-17,56.024990
2012-02-21,56.183983
2012-02-22,55.927841
2012-02-23,56.298801
2012-02-24,56.493126
2012-02-27,56.572632
2012-02-28,57.146748
2012-02-29,56.890598
2012-03-01,57.341057
2012-03-02,57.296906
2012-03-05,56.705097
2012-03-06,56.148655
2012-03-07,56.581455
2012-03-08,57.190895
2012-03-09,57.429363
2012-03-12,57.455872
2012-03-13,58.524632
2012-03-14,58.727791
2012-03-15,58.895580
2012-03-16,58.854008
2012-03-19,59.269855
2012-03-20,59.376034
2012-03-21,59.384850
2012-03-22,59.260975
2012-03-23,59.225605
2012-03-26,60.260780
2012-03-27,60.349236
2012-03-28,60.110367
2012-03-29,59.880329
2012-03-30,59.765305
2012-04-02,60.384628
2012-04-03,60.366940
2012-04-04,59.544094
2012-04-05,59.915733
2012-04-09,59.464497
2012-04-10,58.508934
2012-04-11,58.792072
2012-04-12,59.464497
2012-04-13,58.562042
2012-04-16,57.907295
2012-04-17,59.084049
2012-04-18,58.933613
2012-04-19,58.270058
2012-04-20,58.110809
2012-04-23,57.579945
2012-04-24,57.270294
2012-04-25,58.792072
2012-04-26,59.137127
2012-04-27,59.491028
2012-04-30,59.066338
2012-05-01,59.163685
2012-05-02,59.331776
2012-05-03,58.703579
2012-05-04,57.243744
2012-05-07,57.296844
2012-05-08,57.084480
2012-05-09,56.907539
2012-05-10,56.792522
2012-05-11,56.783680
2012-05-14,56.252819
2012-05-15,56.067013
2012-05-16,55.686581
2012-05-17,54.509842
2012-05-18,53.802040
2012-05-21,55.306122
2012-05-22,55.244205
2012-05-23,55.350372
2012-05-24,54.987614
2012-05-25,54.916832
2012-05-29,55.615788
2012-05-30,55.146885
2012-05-31,54.907978
2012-06-01,53.448147
2012-06-04,53.855125
2012-06-05,54.076317
2012-06-06,55.314976
2012-06-07,55.093796
2012-06-08,55.624641
2012-06-11,54.686810
2012-06-12,55.350372
2012-06-13,54.969933
2012-06-14,55.173420
2012-06-15,55.858910
2012-06-18,56.382107
2012-06-19,56.967388
2012-06-20,57.011738
2012-06-21,55.592869
2012-06-22,56.178154
2012-06-25,55.096264
2012-06-26,55.442112
2012-06-27,55.779091
2012-06-28,55.158333
2012-06-29,56.896446
2012-07-02,57.064941
2012-07-03,57.543793
2012-07-05,57.579281
2012-07-06,56.860970
2012-07-09,56.754562
2012-07-10,56.195889
2012-07-11,55.885509
2012-07-12,55.362301
2012-07-13,56.204750
2012-07-16,56.045132
2012-07-17,56.337757
2012-07-18,57.100399
2012-07-19,57.730019
2012-07-20,56.967388
2012-07-23,56.275692
2012-07-24,55.832294
2012-07-25,55.459858
2012-07-26,56.195889
2012-07-27,57.526077
2012-07-30,57.481735
2012-07-31,57.463985
2012-08-01,57.295509
2012-08-02,57.091537
2012-08-03,58.173420
2012-08-06,58.616806
2012-08-07,59.104557
2012-08-08,59.077942
2012-08-09,59.255318
2012-08-10,59.290779
2012-08-13,59.432671
2012-08-14,59.459267
2012-08-15,59.610020
2012-08-16,60.319447
2012-08-17,60.585480
2012-08-20,60.674187
2012-08-21,60.434731
2012-08-22,60.683041
2012-08-23,60.186432
2012-08-24,60.558872
2012-08-27,60.656433
2012-08-28,60.656433
2012-08-29,60.656433
2012-08-30,60.044544
2012-08-31,60.443615
2012-09-04,60.381516
2012-09-05,60.319447
2012-09-06,61.658516
2012-09-07,61.569832
2012-09-10,60.780602
2012-09-11,60.683041
2012-09-12,60.860394
2012-09-13,61.685131
2012-09-14,62.234913
2012-09-17,62.261505
2012-09-18,62.314705
2012-09-19,62.430004
2012-09-20,62.367973
2012-09-21,62.385754
2012-09-24,62.021084
2012-09-25,61.149559
2012-09-26,60.651573
2012-09-27,61.487503
2012-09-28,60.980583
2012-10-01,60.891682
2012-10-02,61.069553
2012-10-03,61.460850
2012-10-04,61.674263
2012-10-05,61.345238
2012-10-08,60.784950
2012-10-09,59.815605
2012-10-10,59.513226
2012-10-11,59.326462
2012-10-12,59.299782
2012-10-15,59.735550
2012-10-16,60.580410
2012-10-17,60.544853
2012-10-18,59.842285
2012-10-19,58.410488
2012-10-22,58.712856
2012-10-23,58.152573
2012-10-24,57.948025
2012-10-25,57.948025
2012-10-26,58.116985
2012-10-31,57.761250
2012-11-01,58.579472
2012-11-02,57.956909
2012-11-05,58.339317
2012-11-06,58.446049
2012-11-07,57.067593
2012-11-08,56.169384
2012-11-09,56.409500
2012-11-12,56.400612
2012-11-13,56.009315
2012-11-14,55.351212
2012-11-15,55.164459
2012-11-16,55.404583
2012-11-19,56.720757
2012-11-20,56.738552
2012-11-21,56.854172
2012-11-23,57.716797
2012-11-26,57.965805
2012-11-27,57.770142
2012-11-28,58.268181
2012-11-29,58.615025
2012-11-30,58.517185
2012-12-03,58.401581
2012-12-04,58.366016
2012-12-05,57.716797
2012-12-06,58.090336
2012-12-07,57.743484
2012-12-10,57.912457
2012-12-11,58.668381
2012-12-12,58.543858
2012-12-13,58.081413
2012-12-14,57.530041
2012-12-17,58.294868
2012-12-18,59.184200
2012-12-19,58.926281
2012-12-20,58.926281
2012-12-21,58.306545
2012-12-24,58.190289
2012-12-26,57.680557
2012-12-27,57.591129
2012-12-28,57.036671
2012-12-31,58.243942
2013-01-02,60.095093
2013-01-03,59.782112
2013-01-04,59.585377
2013-01-07,59.603256
2013-01-08,59.486984
2013-01-09,59.710541
2013-01-10,60.068249
2013-01-11,60.148750
2013-01-14,59.880478
2013-01-15,59.585377
2013-01-16,59.826836
2013-01-17,60.112957
2013-01-18,59.978855
2013-01-22,60.077209
2013-01-23,60.443859
2013-01-24,59.612183
2013-01-25,59.916237
2013-01-28,60.050381
2013-01-29,60.059319
2013-01-30,59.934135
2013-01-31,59.800011
2013-02-01,60.506477
2013-02-04,59.451218
2013-02-05,60.327606
2013-02-06,60.130856
2013-02-07,60.184498
2013-02-08,60.801567
2013-02-11,60.819450
2013-02-12,60.569046
2013-02-13,60.783665
2013-02-14,60.765789
2013-02-15,60.586952
2013-02-19,61.025135
2013-02-20,60.086147
2013-02-21,59.442272
2013-02-22,60.041412
2013-02-25,59.299187
2013-02-26,59.522758
2013-02-27,60.130856
2013-02-28,60.005653
2013-03-01,60.256077
2013-03-04,60.524349
2013-03-05,61.418594
2013-03-06,61.266605
2013-03-07,61.427578
2013-03-08,61.499107
2013-03-11,61.677948
2013-03-12,61.454388
2013-03-13,61.373898
2013-03-14,61.579605
2013-03-15,61.408386
2013-03-18,61.273918
2013-03-19,61.157406
2013-03-20,61.587620
2013-03-21,60.888477
2013-03-22,61.480072
2013-03-25,61.255989
2013-03-26,61.587620
2013-03-27,61.668308
2013-03-28,61.820690
2013-04-01,61.399410
2013-04-02,61.883442
2013-04-03,61.318737
2013-04-04,61.336674
2013-04-05,60.825756
2013-04-08,61.148430
2013-04-09,61.560749
2013-04-10,62.761856
2013-04-11,62.734951
2013-04-12,62.690166
2013-04-15,61.453182
2013-04-16,62.268887
2013-04-17,61.049835
2013-04-18,60.207279
2013-04-19,61.031879
2013-04-22,61.659340
2013-04-23,62.250919
2013-04-24,62.224052
2013-04-25,62.555687
2013-04-26,62.358494
2013-04-29,62.932152
2013-04-30,63.389294
2013-05-01,63.093494
2013-05-02,63.891243
2013-05-03,64.644150
2013-05-06,64.895172
2013-05-07,64.859299
2013-05-08,65.172997
2013-05-09,65.083359
2013-05-10,65.477798
2013-05-13,65.558434
2013-05-14,65.899048
2013-05-15,66.033485
2013-05-16,65.961777
2013-05-17,66.598183
2013-05-20,66.499611
2013-05-21,66.571327
2013-05-22,65.988708
2013-05-23,65.836311
2013-05-24,65.800438
2013-05-28,66.230698
2013-05-29,65.916992
2013-05-30,66.266571
2013-05-31,65.657005
2013-06-03,65.773552
2013-06-04,65.432953
2013-06-05,64.581413
2013-06-06,64.895172
2013-06-07,65.782524
2013-06-10,65.809425
2013-06-11,65.155052
2013-06-12,64.402168
2013-06-13,65.217842
2013-06-14,64.787582
2013-06-17,65.415047
2013-06-18,65.952866
2013-06-19,65.217842
2013-06-20,63.667160
2013-06-21,63.329067
2013-06-24,62.699650
2013-06-25,63.158222
2013-06-26,63.724705
2013-06-27,63.994492
2013-06-28,64.084396
2013-07-01,64.480034
2013-07-02,64.507004
2013-07-03,64.767754
2013-07-05,65.262321
2013-07-08,65.325233
2013-07-09,65.720894
2013-07-10,66.098564
2013-07-11,67.411324
2013-07-12,67.708069
2013-07-15,67.860901
2013-07-16,67.771019
2013-07-17,67.941849
2013-07-18,67.771019
2013-07-19,67.069626
2013-07-22,67.267464
2013-07-23,66.772942
2013-07-24,66.988724
2013-07-25,67.411324
2013-07-26,67.771019
2013-07-29,67.645111
2013-07-30,68.004807
2013-07-31,68.130676
2013-08-01,68.823059
2013-08-02,69.209702
2013-08-05,69.254654
2013-08-06,68.841011
2013-08-07,68.715111
2013-08-08,69.056839
2013-08-09,68.778076
2013-08-12,68.939957
2013-08-13,69.326599
2013-08-14,69.065819
2013-08-15,67.896881
2013-08-16,67.869919
2013-08-19,67.753036
2013-08-20,68.049751
2013-08-21,67.815956
2013-08-22,68.481361
2013-08-23,68.939957
2013-08-26,68.975945
2013-08-27,67.564194
2013-08-28,67.824966
2013-08-29,68.301537
2013-08-30,67.860901
2013-09-03,68.247559
2013-09-04,68.975945
2013-09-05,69.092789
2013-09-06,69.173721
2013-09-09,69.982971
2013-09-10,70.324669
2013-09-11,70.189758
2013-09-12,70.144829
2013-09-13,70.189758
2013-09-16,70.000977
2013-09-17,70.468536
2013-09-18,71.313782
2013-09-19,71.484627
2013-09-20,71.239265
2013-09-23,71.095032
2013-09-24,71.095032
2013-09-25,70.851471
2013-09-26,71.401627
2013-09-27,71.311455
2013-09-30,71.140083
2013-10-01,71.861603
2013-10-02,71.834526
2013-10-03,70.995773
2013-10-04,71.609085
2013-10-07,71.013824
2013-10-08,69.642975
2013-10-09,69.426514
2013-10-10,70.896568
2013-10-11,71.455780
2013-10-14,71.960815
2013-10-15,71.681213
2013-10-16,72.492897
2013-10-17,72.907761
2013-10-18,74.089233
2013-10-21,74.251602
2013-10-22,74.359787
2013-10-23,73.908882
2013-10-24,74.233543
2013-10-25,74.765671
2013-10-28,74.783676
2013-10-29,74.909912
2013-10-30,74.837814
2013-10-31,74.666428
2013-11-01,74.684479
2013-11-04,74.792717
2013-11-05,74.873871
2013-11-06,74.855804
2013-11-07,73.448921
2013-11-08,74.440971
2013-11-11,74.323746
2013-11-12,74.440971
2013-11-13,75.342819
2013-11-14,75.577339
2013-11-15,75.721634
2013-11-18,74.982094
2013-11-19,74.765671
2013-11-20,74.585243
2013-11-21,75.342819
2013-11-22,75.748672
2013-11-25,75.929092
2013-11-26,76.325867
2013-11-27,76.857994
2013-11-29,77.317970
2013-12-02,77.092491
2013-12-03,77.029350
2013-12-04,77.101501
2013-12-05,77.002289
2013-12-06,77.561462
2013-12-09,77.877113
2013-12-10,77.822990
2013-12-11,76.821922
2013-12-12,76.623528
2013-12-13,76.524300
2013-12-16,76.948181
2013-12-17,76.794868
2013-12-18,77.687721
2013-12-19,77.471245
2013-12-20,78.260185
2013-12-23,79.083534
2013-12-24,79.119743
2013-12-26,79.382088
2013-12-27,79.183044
2013-12-30,79.065430
2013-12-31,79.581123
2014-01-02,78.956841
2014-01-03,78.386871
2014-01-06,78.097328
2014-01-07,78.821152
2014-01-08,78.993042
2014-01-09,78.730667
2014-01-10,78.984032
2014-01-13,77.816864
2014-01-14,79.300659
2014-01-15,79.952087
2014-01-16,79.961113
2014-01-17,79.508766
2014-01-21,80.114929
2014-01-22,80.323006
2014-01-23,80.051590
2014-01-24,78.477341
2014-01-27,77.717354
2014-01-28,77.672112
2014-01-29,76.839760
2014-01-30,78.260185
2014-01-31,78.052109
2014-02-03,76.260712
2014-02-04,76.821693
2014-02-05,76.622650
2014-02-06,77.599739
2014-02-07,78.984032
2014-02-10,79.436378
2014-02-11,80.341141
2014-02-12,80.494904
2014-02-13,81.092072
2014-02-14,81.254890
2014-02-18,81.652992
2014-02-19,81.092072
2014-02-20,81.472054
2014-02-21,81.363472
2014-02-24,81.797752
2014-02-25,81.707306
2014-02-26,81.634911
2014-02-27,82.164543
2014-02-28,82.073715
2014-03-03,81.465004
2014-03-04,82.500702
2014-03-05,82.727821
2014-03-06,82.655144
2014-03-07,82.246307
2014-03-10,82.318977
2014-03-11,81.964684
2014-03-12,82.273582
2014-03-13,81.110703
2014-03-14,80.556503
2014-03-17,81.265137
2014-03-18,82.246307
2014-03-19,81.801140
2014-03-20,82.028305
2014-03-21,81.041222
2014-03-24,80.330948
2014-03-25,80.595039
2014-03-26,79.556999
2014-03-27,79.110794
2014-03-28,79.265602
2014-03-31,79.830132
2014-04-01,81.232422
2014-04-02,81.441849
2014-04-03,80.795357
2014-04-04,78.646431
2014-04-07,77.899757
2014-04-08,78.619064
2014-04-09,79.966743
2014-04-10,77.489990
2014-04-11,76.588501
2014-04-14,77.189484
2014-04-15,77.444443
2014-04-16,78.473412
2014-04-17,78.491631
2014-04-21,79.074379
2014-04-22,79.702690
2014-04-23,79.001534
2014-04-24,79.757294
2014-04-25,78.482483
2014-04-28,78.737488
2014-04-29,79.365761
2014-04-30,79.575188
2014-05-01,79.811943
2014-05-02,79.666245
2014-05-05,80.085106
2014-05-06,79.047066
2014-05-07,78.819405
2014-05-08,78.746536
2014-05-09,79.037949
2014-05-12,80.340073
2014-05-13,80.394691
2014-05-14,79.975838
2014-05-15,79.347565
2014-05-16,79.866554
2014-05-19,80.422020
2014-05-20,80.130630
2014-05-21,80.895523
2014-05-22,81.250656
2014-05-23,81.842514
2014-05-27,82.862373
2014-05-28,82.607391
2014-05-29,83.135536
2014-05-30,83.144653
2014-06-02,83.062691
2014-06-03,83.026291
2014-06-04,83.335876
2014-06-05,84.037010
2014-06-06,84.519600
2014-06-09,84.455872
2014-06-10,84.601585
2014-06-11,84.583359
2014-06-12,83.818481
2014-06-13,84.064331
2014-06-16,84.137169
2014-06-17,84.182693
2014-06-18,84.656174
2014-06-19,84.601585
2014-06-20,84.701088
2014-06-23,84.719360
2014-06-24,84.637169
2014-06-25,85.175842
2014-06-26,85.221512
2014-06-27,85.595863
2014-06-30,85.741943
2014-07-01,86.682350
2014-07-02,86.828430
2014-07-03,87.376228
2014-07-07,87.111504
2014-07-08,86.061508
2014-07-09,86.700607
2014-07-10,86.426712
2014-07-11,86.983620
2014-07-14,87.504059
2014-07-15,87.202759
2014-07-16,87.549698
2014-07-17,86.390213
2014-07-18,87.759697
2014-07-21,87.650154
2014-07-22,88.207085
2014-07-23,88.773193
2014-07-24,88.672714
2014-07-25,88.325790
2014-07-28,88.353180
2014-07-29,88.197945
2014-07-30,88.544899
2014-07-31,86.755386
2014-08-01,86.435837
2014-08-04,87.029289
2014-08-05,86.362770
2014-08-06,86.298889
2014-08-07,86.024986
2014-08-08,86.645821
2014-08-11,87.157089
2014-08-12,87.120598
2014-08-13,88.042747
2014-08-14,88.499237
2014-08-15,88.928383
2014-08-18,89.613152
2014-08-19,90.115303
2014-08-20,90.115303
2014-08-21,90.297890
2014-08-22,90.434891
2014-08-25,90.754425
2014-08-26,90.845711
2014-08-27,90.863976
2014-08-28,90.763557
2014-08-29,91.101357
2014-09-02,91.366150
2014-09-03,90.827461
2014-09-04,90.745285
2014-09-05,91.201813
2014-09-08,91.375259
2014-09-09,90.617477
2014-09-10,91.366150
2014-09-11,91.293091
2014-09-12,90.827461
2014-09-15,89.950935
2014-09-16,90.736176
2014-09-17,90.873116
2014-09-18,91.557884
2014-09-19,91.501160
2014-09-22,90.650032
2014-09-23,90.402908
2014-09-24,91.372978
2014-09-25,89.451096
2014-09-26,90.402908
2014-09-29,90.283943
2014-09-30,90.412064
2014-10-01,88.966057
2014-10-02,88.966057
2014-10-03,89.844635
2014-10-06,89.652466
2014-10-07,88.380325
2014-10-08,90.100899
2014-10-09,88.645714
2014-10-10,86.430992
2014-10-13,85.076447
2014-10-14,85.085632
2014-10-15,84.536530
2014-10-16,84.005699
2014-10-17,85.113075
2014-10-20,86.385208
2014-10-21,88.654884
2014-10-22,88.197258
2014-10-23,89.524315
2014-10-24,90.256485
2014-10-27,90.320549
2014-10-28,91.684189
2014-10-29,91.345528
2014-10-30,91.537743
2014-10-31,92.800690
2014-11-03,93.075294
2014-11-04,92.764107
2014-11-05,92.773254
2014-11-06,93.066116
2014-11-07,92.983765
2014-11-10,93.313225
2014-11-11,93.606087
2014-11-12,93.770836
2014-11-13,94.173523
2014-11-14,94.466370
2014-11-17,94.182648
2014-11-18,94.887352
2014-11-19,94.457222
2014-11-20,94.878212
2014-11-21,95.061264
2014-11-24,95.802559
2014-11-25,95.948982
2014-11-26,96.571297
2014-11-28,97.019775
2014-12-01,95.921539
2014-12-02,96.305923
2014-12-03,96.479797
2014-12-04,96.434029
2014-12-05,96.443192
2014-12-08,95.756775
2014-12-09,96.058777
2014-12-10,94.548744
2014-12-11,94.997185
2014-12-12,93.963028
2014-12-15,92.992889
2014-12-16,91.501160
2014-12-17,93.166786
2014-12-18,95.409058
2014-12-19,95.828819
2014-12-22,96.067680
2014-12-23,95.727798
2014-12-24,95.810463
2014-12-26,96.490189
2014-12-29,96.471840
2014-12-30,95.828819
2014-12-31,94.845909
2015-01-02,94.561142
2015-01-05,93.174034
2015-01-06,91.924751
2015-01-07,93.109764
2015-01-08,94.891815
2015-01-09,94.267181
2015-01-12,93.284279
2015-01-13,93.256721
2015-01-14,92.742302
2015-01-15,91.538963
2015-01-16,92.613708
2015-01-20,93.348595
2015-01-21,93.826271
2015-01-22,95.562424
2015-01-23,95.773712
2015-01-26,95.663475
2015-01-27,93.183235
2015-01-28,92.705574
2015-01-29,93.596626
2015-01-30,92.870918
2015-02-02,93.679268
2015-02-03,94.579521
2015-02-04,94.496864
2015-02-05,95.314407
2015-02-06,94.735695
2015-02-09,94.432549
2015-02-10,95.902321
2015-02-11,96.251389
2015-02-12,97.372101
2015-02-13,98.207985
2015-02-17,98.299866
2015-02-18,98.437660
2015-02-19,98.924500
2015-02-20,99.585930
2015-02-23,99.686974
2015-02-24,99.760460
2015-02-25,99.512405
2015-02-26,100.017632
2015-02-27,99.576729
2015-03-02,100.476967
2015-03-03,100.008469
2015-03-04,99.622643
2015-03-05,99.797180
2015-03-06,98.667336
2015-03-09,98.952080
2015-03-10,97.114861
2015-03-11,96.554527
2015-03-12,97.188354
2015-03-13,96.765800
2015-03-16,98.015083
2015-03-17,98.171280
2015-03-18,99.135780
2015-03-19,99.282745
2015-03-20,99.925430
2015-03-23,99.732071
2015-03-24,99.373024
2015-03-25,97.098831
2015-03-26,96.767372
2015-03-27,97.154068
2015-03-30,98.268166
2015-03-31,97.227730
2015-04-01,96.721344
2015-04-02,96.785774
2015-04-06,97.577629
2015-04-07,97.411888
2015-04-08,98.185265
2015-04-09,98.802162
2015-04-10,99.207268
2015-04-13,98.958687
2015-04-14,98.673248
2015-04-15,99.290154
2015-04-16,99.152023
2015-04-17,97.605247
2015-04-20,99.069145
2015-04-21,99.492683
2015-04-22,100.035919
2015-04-23,100.413445
2015-04-24,101.776093
2015-04-27,101.518272
2015-04-28,101.315727
2015-04-29,100.680420
2015-04-30,99.096771
2015-05-01,100.404182
2015-05-04,100.569954
2015-05-05,98.931076
2015-05-06,98.249741
2015-05-07,98.838982
2015-05-08,100.072762
2015-05-11,99.686058
2015-05-12,99.234886
2015-05-13,99.437469
2015-05-14,100.892189
2015-05-15,100.892189
2015-05-18,101.334137
2015-05-19,101.223640
2015-05-20,101.288078
2015-05-21,101.812927
2015-05-22,101.711662
2015-05-26,100.542320
2015-05-27,102.162750
2015-05-28,101.932587
2015-05-29,101.324913
2015-06-01,101.665565
2015-06-02,101.343353
2015-06-03,101.647179
2015-06-04,100.873779
2015-06-05,100.634392
2015-06-08,99.612381
2015-06-09,99.446678
2015-06-10,100.809341
2015-06-11,100.956635
2015-06-12,100.127991
2015-06-15,99.630821
2015-06-16,100.174049
2015-06-17,100.450218
2015-06-18,101.914177
2015-06-19,101.410309
2015-06-22,102.157799
2015-06-23,102.240875
2015-06-24,101.714851
2015-06-25,101.511833
2015-06-26,100.838158
2015-06-29,98.457237
2015-06-30,98.807938
2015-07-01,99.592308
2015-07-02,99.620003
2015-07-06,99.389336
2015-07-07,99.638504
2015-07-08,97.903511
2015-07-09,97.848183
2015-07-10,99.343163
2015-07-13,101.087326
2015-07-14,101.751762
2015-07-15,101.862511
2015-07-16,103.302139
2015-07-17,104.824806
2015-07-20,105.184731
2015-07-21,105.120117
2015-07-22,103.929657
2015-07-23,103.542068
2015-07-24,102.526947
2015-07-27,101.677925
2015-07-28,102.554626
2015-07-29,102.942215
2015-07-30,103.431351
2015-07-31,103.311356
2015-08-03,102.988365
2015-08-04,102.794586
2015-08-05,103.588211
2015-08-06,101.927094
2015-08-07,101.797897
2015-08-10,102.960670
2015-08-11,101.641029
2015-08-12,101.991699
2015-08-13,101.825584
2015-08-14,101.982498
2015-08-17,102.831482
2015-08-18,102.305466
2015-08-19,101.631798
2015-08-20,98.817131
2015-08-21,94.498283
2015-08-24,90.862335
2015-08-25,90.520844
2015-08-26,95.079674
2015-08-27,97.488258
2015-08-28,97.469833
2015-08-31,96.260910
2015-09-01,93.252464
2015-09-02,95.882553
2015-09-03,95.411919
2015-09-04,94.276810
2015-09-08,96.934570
2015-09-09,95.845634
2015-09-10,96.888428
2015-09-11,97.423676
2015-09-14,97.128357
2015-09-15,98.272690
2015-09-16,98.826408
2015-09-17,98.863289
2015-09-18,97.457176
2015-09-21,97.762451
2015-09-22,96.300842
2015-09-23,96.374847
2015-09-24,96.023315
2015-09-25,95.209213
2015-09-28,92.498726
2015-09-29,92.017700
2015-09-30,94.136139
2015-10-01,94.561676
2015-10-02,96.217560
2015-10-05,97.595940
2015-10-06,97.133385
2015-10-07,97.716194
2015-10-08,98.104752
2015-10-09,98.548798
2015-10-12,98.789299
2015-10-13,98.150978
2015-10-14,97.993736
2015-10-15,99.603371
2015-10-16,100.019661
2015-10-19,100.593185
2015-10-20,100.075157
2015-10-21,99.464600
2015-10-22,101.490547
2015-10-23,104.330521
2015-10-26,104.395256
2015-10-27,104.608055
2015-10-28,105.477638
2015-10-29,105.311081
2015-10-30,104.839310
2015-11-02,106.023430
2015-11-03,106.393456
2015-11-04,106.402725
2015-11-05,106.115921
2015-11-06,106.189934
2015-11-09,105.061333
2015-11-10,104.793053
2015-11-11,104.663559
2015-11-12,103.645973
2015-11-13,101.610764
2015-11-16,103.072426
2015-11-17,103.137146
2015-11-18,105.116852
2015-11-19,105.190826
2015-11-20,105.903145
2015-11-23,105.597878
2015-11-24,105.505379
2015-11-25,105.597878
2015-11-27,105.745865
2015-11-30,105.477638
2015-12-01,106.532219
2015-12-02,105.875412
2015-12-03,104.080757
2015-12-04,106.513725
2015-12-07,106.032684
2015-12-08,106.041893
2015-12-09,104.432281
2015-12-10,104.904053
2015-12-11,102.489616
2015-12-14,103.266693
2015-12-15,103.895752
2015-12-16,105.440605
2015-12-17,103.904984
2015-12-18,101.911819
2015-12-21,103.043884
2015-12-22,103.721237
2015-12-23,104.491425
2015-12-24,104.472855
2015-12-28,104.417198
2015-12-29,106.059586
2015-12-30,105.103806
2015-12-31,103.795494
2016-01-04,101.605629
2016-01-05,101.429352
2016-01-06,100.455025
2016-01-07,97.309433
2016-01-08,96.511429
2016-01-11,96.808357
2016-01-12,97.931145
2016-01-13,94.553566
2016-01-14,96.567116
2016-01-15,93.569992
2016-01-19,93.774086
2016-01-20,93.486450
2016-01-21,93.579231
2016-01-22,96.288750
2016-01-25,94.859772
2016-01-26,95.713432
2016-01-27,93.328720
2016-01-28,94.646362
2016-01-29,96.622780
2016-02-01,96.882599
2016-02-02,94.785538
2016-02-03,94.330872
2016-02-04,94.321587
2016-02-05,91.046082
2016-02-08,89.654190
2016-02-09,89.375854
2016-02-10,89.719162
2016-02-11,89.589279
2016-02-12,90.953285
2016-02-16,93.003937
2016-02-17,95.110283
2016-02-18,94.024658
2016-02-19,94.303009
2016-02-22,95.834053
2016-02-23,94.256630
2016-02-24,95.156670
2016-02-25,96.093903
2016-02-26,95.973206
2016-02-29,95.110283
2016-03-01,98.163109
2016-03-02,98.200218
2016-03-03,98.014641
2016-03-04,98.051743
2016-03-07,97.448639
2016-03-08,96.641357
2016-03-09,97.263031
2016-03-10,97.114601
2016-03-11,98.812630
2016-03-14,98.979652
2016-03-15,98.942558
2016-03-16,99.824051
2016-03-17,99.768364
2016-03-18,99.924721
2016-03-21,100.315605
2016-03-22,100.622726
2016-03-23,99.794426
2016-03-24,99.822357
2016-03-28,99.682755
2016-03-29,101.283508
2016-03-30,101.776741
2016-03-31,101.627838
2016-04-01,102.707397
2016-04-04,102.316521
2016-04-05,101.329987
2016-04-06,102.995911
2016-04-07,101.516144
2016-04-08,101.441711
2016-04-11,101.069443
2016-04-12,101.916359
2016-04-13,103.219254
2016-04-14,103.228554
2016-04-15,102.967995
2016-04-18,103.517075
2016-04-19,102.884239
2016-04-20,102.967995
2016-04-21,102.977272
2016-04-22,101.423096
2016-04-25,101.423096
2016-04-26,100.929840
2016-04-27,100.120163
2016-04-28,98.910324
2016-04-29,98.389137
2016-05-02,99.319794
2016-05-03,98.398445
2016-05-04,97.765602
2016-05-05,97.737671
2016-05-06,98.258850
2016-05-09,98.538055
2016-05-10,99.887512
2016-05-11,98.984772
2016-05-12,98.547356
2016-05-13,98.184387
2016-05-16,99.412842
2016-05-17,98.165794
2016-05-18,98.519447
2016-05-19,98.007607
2016-05-20,99.087135
2016-05-23,98.956825
2016-05-24,100.939133
2016-05-25,101.665062
2016-05-26,101.962860
2016-05-27,102.493347
2016-05-31,102.688782
2016-06-01,102.698074
2016-06-02,102.912155
2016-06-03,102.428207
2016-06-06,102.800461
2016-06-07,102.539871
2016-06-08,102.716675
2016-06-09,102.549187
2016-06-10,101.385872
2016-06-13,100.538971
2016-06-14,100.538971
2016-06-15,100.250465
2016-06-16,100.548248
2016-06-17,99.369713
2016-06-20,99.994926
2016-06-21,100.312195
2016-06-22,100.069565
2016-06-23,101.497261
2016-06-24,97.316803
2016-06-27,95.385223
2016-06-28,97.475449
2016-06-29,99.201767
2016-06-30,100.349503
2016-07-01,100.853386
2016-07-05,100.237541
2016-07-06,101.058701
2016-07-07,101.357323
2016-07-08,102.924965
2016-07-11,103.512871
2016-07-12,104.035400
2016-07-13,103.783447
2016-07-14,104.492622
2016-07-15,104.324661
2016-07-18,105.015228
2016-07-19,104.632599
2016-07-20,105.855019
2016-07-21,105.612411
2016-07-22,106.050964
2016-07-25,106.060333
2016-07-26,106.181587
2016-07-27,106.918777
2016-07-28,107.292061
2016-07-29,107.525322
2016-08-01,108.094521
2016-08-02,107.273369
2016-08-03,107.627975
2016-08-04,107.935913
2016-08-05,108.971695
2016-08-08,108.850388
2016-08-09,109.102325
2016-08-10,108.822372
2016-08-11,109.288956
2016-08-12,109.363609
2016-08-15,109.830170
2016-08-16,109.223648
2016-08-17,109.419594
2016-08-18,109.447601
2016-08-19,109.419594
2016-08-22,109.503578
2016-08-23,109.699532
2016-08-24,108.990349
2016-08-25,108.813080
2016-08-26,108.971695
2016-08-29,109.121010
2016-08-30,108.766396
2016-08-31,108.654411
2016-09-01,108.934341
2016-09-02,109.288956
2016-09-06,109.970154
2016-09-07,110.035446
2016-09-08,109.391594
2016-09-09,106.638863
2016-09-12,108.551811
2016-09-13,107.581299
2016-09-14,108.094521
2016-09-15,109.774178
2016-09-16,109.721817
2016-09-19,109.244713
2016-09-20,109.450523
2016-09-21,110.526306
2016-09-22,111.405655
2016-09-23,110.694717
2016-09-26,109.768578
2016-09-27,110.853722
2016-09-28,111.040825
2016-09-29,110.236305
2016-09-30,111.059547
2016-10-03,110.900505
2016-10-04,110.732086
2016-10-05,111.125015
2016-10-06,111.068901
2016-10-07,110.825676
2016-10-10,111.527283
2016-10-11,109.936951
2016-10-12,109.843407
2016-10-13,109.450523
2016-10-14,109.581482
2016-10-17,109.282097
2016-10-18,110.255020
2016-10-19,110.245689
2016-10-20,110.114708
2016-10-21,110.526306
2016-10-24,111.854698
2016-10-25,111.499207
2016-10-26,110.741470
2016-10-27,110.236305
2016-10-28,109.544083
2016-10-31,109.441170
2016-11-01,108.617943
2016-11-02,107.747948
2016-11-03,106.690887
2016-11-04,106.316681
2016-11-07,108.842453
2016-11-08,109.553421
2016-11-09,110.058578
2016-11-10,108.281174
2016-11-11,108.327934
2016-11-14,107.233429
2016-11-15,108.720863
2016-11-16,109.366325
2016-11-17,110.161499
2016-11-18,109.749870
2016-11-21,110.891129
2016-11-22,111.227936
2016-11-23,110.778908
2016-11-25,111.134377
2016-11-28,110.881798
2016-11-29,111.265327
2016-11-30,109.918259
2016-12-01,108.019249
2016-12-02,108.234413
2016-12-05,109.076317
2016-12-06,109.338280
2016-12-07,110.722771
2016-12-08,110.919197
2016-12-09,111.789185
2016-12-12,111.284065
2016-12-13,112.687248
2016-12-14,112.453415
2016-12-15,112.631119
2016-12-16,112.213615
2016-12-19,112.673340
2016-12-20,113.104950
2016-12-21,113.020493
2016-12-22,112.701500
2016-12-23,112.776543
2016-12-27,113.358261
2016-12-28,112.476318
2016-12-29,112.316803
2016-12-30,111.162811
2017-01-03,112.157310
2017-01-04,112.767174
2017-01-05,113.405212
2017-01-06,114.399719
2017-01-09,114.775009
2017-01-10,115.028328
2017-01-11,115.337952
2017-01-12,115.159683
2017-01-13,115.553757
2017-01-17,115.206596
2017-01-18,115.441154
2017-01-19,115.384872
2017-01-20,115.638191
2017-01-23,115.732002
2017-01-24,116.510757
2017-01-25,117.683571
2017-01-26,117.805534
2017-01-27,118.030708
2017-01-30,117.111244
2017-01-31,116.876671
2017-02-01,117.683571
2017-02-02,117.580353
2017-02-03,117.918121
2017-02-06,118.058876
2017-02-07,118.490448
2017-02-08,118.687492
2017-02-09,119.119072
2017-02-10,119.513138
2017-02-13,120.188683
2017-02-14,120.592117
2017-02-15,121.305153
2017-02-16,121.267624
2017-02-17,121.793068
2017-02-21,122.393539
2017-02-22,122.440437
2017-02-23,121.980705
2017-02-24,122.215271
2017-02-27,122.365387
2017-02-28,121.990082
2017-03-01,123.322365
2017-03-02,122.703102
2017-03-03,122.928291
2017-03-06,122.656227
2017-03-07,122.449799
2017-03-08,122.665619
2017-03-09,122.759438
2017-03-10,123.275490
2017-03-13,123.481888
2017-03-14,123.181633
2017-03-15,123.941650
2017-03-16,123.857178
2017-03-17,123.813942
2017-03-20,123.926765
2017-03-21,122.046387
2017-03-22,122.873718
2017-03-23,122.563469
2017-03-24,122.817352
2017-03-27,123.014748
2017-03-28,123.766899
2017-03-29,124.340446
2017-03-30,124.547287
2017-03-31,124.462715
2017-04-03,124.387474
2017-04-04,124.584862
2017-04-05,124.077202
2017-04-06,124.143013
2017-04-07,124.077202
2017-04-10,124.124199
2017-04-11,123.588272
2017-04-12,123.089996
2017-04-13,122.601074
2017-04-17,123.616501
2017-04-18,123.428459
2017-04-19,123.625916
2017-04-20,124.660126
2017-04-21,124.631927
2017-04-24,126.136185
2017-04-25,127.048187
2017-04-26,126.869576
2017-04-27,127.631096
2017-04-28,127.856796
2017-05-01,128.994400
2017-05-02,129.210663
2017-05-03,128.796982
2017-05-04,128.843964
2017-05-05,129.314056
2017-05-08,129.596100
2017-05-09,130.047440
2017-05-10,130.122635
2017-05-11,130.019211
2017-05-12,130.310715
2017-05-15,130.724335
2017-05-16,131.269669
2017-05-17,127.931969
2017-05-18,129.050797
2017-05-19,129.596100
2017-05-22,130.686737
2017-05-23,130.818375
2017-05-24,131.420090
2017-05-25,132.538940
2017-05-26,132.773941
2017-05-30,132.886780
2017-05-31,132.839767
2017-06-01,133.356888
2017-06-02,134.879959
2017-06-05,134.851791
2017-06-06,134.315887
2017-06-07,134.842407
2017-06-08,134.983429
2017-06-09,131.608109
2017-06-12,130.902954
2017-06-13,131.965378
2017-06-14,131.391876
2017-06-15,130.809021
2017-06-16,130.241425
2017-06-19,132.419189
2017-06-20,131.382202
2017-06-21,132.683212
2017-06-22,132.645447
2017-06-23,133.154572
2017-06-26,132.532349
2017-06-27,130.128296
2017-06-28,132.004379
2017-06-29,129.713486
2017-06-30,129.760635
2017-07-03,128.393646
2017-07-05,129.656906
2017-07-06,128.487900
2017-07-07,129.873718
2017-07-10,130.722198
2017-07-11,131.089890
2017-07-12,132.645447
2017-07-13,132.937714
2017-07-14,133.984177
2017-07-17,134.050156
2017-07-18,134.945786
2017-07-19,135.737656
2017-07-20,135.916824
2017-07-21,135.860260
2017-07-24,136.482452
2017-07-25,136.133682
2017-07-26,136.576736
2017-07-27,135.718857
2017-07-28,135.605682
2017-07-31,135.030579
2017-08-01,135.341736
2017-08-02,135.709396
2017-08-03,135.181442
2017-08-04,135.426575
2017-08-07,136.284500
2017-08-08,136.048798
2017-08-09,135.869644
2017-08-10,132.956573
2017-08-11,133.965332
2017-08-14,135.690536
2017-08-15,135.784851
2017-08-16,136.020493
2017-08-17,133.239395
2017-08-18,133.145111
2017-08-21,132.975388
2017-08-22,135.002289
2017-08-23,134.521545
2017-08-24,134.125610
2017-08-25,133.842789
2017-08-28,134.257614
2017-08-29,134.785522
2017-08-30,136.369339
2017-08-31,137.830597
2017-09-01,137.642029
2017-09-05,136.407028
2017-09-06,136.821854
2017-09-07,137.142426
2017-09-08,135.954498
2017-09-11,137.519485
2017-09-12,137.849396
2017-09-13,138.038040
2017-09-14,137.227234
2017-09-15,137.698624
2017-09-18,137.518143
2017-09-19,137.754379
2017-09-20,137.329193
2017-09-21,136.488327
2017-09-22,136.355988
2017-09-25,134.919937
2017-09-26,135.269485
2017-09-27,136.488327
2017-09-28,136.441025
2017-09-29,137.423660
2017-10-02,137.546494
2017-10-03,137.839371
2017-10-04,137.971634
2017-10-05,139.322739
2017-10-06,139.511688
2017-10-09,139.351074
2017-10-10,139.454971
2017-10-11,139.870728
2017-10-12,139.615631
2017-10-13,140.154175
2017-10-16,140.636063
2017-10-17,140.815552
2017-10-18,140.645447
2017-10-19,140.125870
2017-10-20,140.503784
2017-10-23,139.587326
2017-10-24,139.823517
2017-10-25,139.294388
2017-10-26,138.850342
2017-10-27,142.894165
2017-10-30,143.215393
2017-10-31,143.753922
2017-11-01,143.706696
2017-11-02,143.432693
2017-11-03,144.812164
2017-11-06,145.303406
2017-11-07,145.388489
2017-11-08,145.974243
2017-11-09,145.209000
2017-11-10,145.199524
2017-11-13,145.379013
2017-11-14,144.849930
2017-11-15,144.169662
2017-11-16,146.012070
2017-11-17,145.454605
2017-11-20,145.341217
2017-11-21,146.919067
2017-11-22,147.098602
2017-11-24,147.637100
2017-11-27,147.571030
2017-11-28,147.948929
2017-11-29,145.369537
2017-11-30,146.588394
2017-12-01,145.964828
2017-12-04,144.283081
2017-12-05,144.377533
2017-12-06,145.029434
2017-12-07,145.520767
2017-12-08,146.163239
2017-12-11,147.296982
2017-12-12,147.098602
2017-12-13,147.382065
2017-12-14,147.278183
2017-12-15,148.950409
2017-12-18,150.199295
2017-12-19,149.309265
2017-12-20,149.148331
2017-12-21,149.167221
2017-12-22,148.996811
2017-12-26,148.192032
2017-12-27,148.210983
2017-12-28,148.390854
2017-12-29,147.472488
2018-01-02,150.057266
2018-01-03,151.515289
2018-01-04,151.780396
2018-01-05,153.304764
2018-01-08,153.901215
2018-01-09,153.910690
2018-01-10,153.550903
2018-01-11,154.601822
2018-01-12,155.738007
2018-01-16,155.293045
2018-01-17,156.968796
2018-01-18,156.997269
2018-01-19,157.489532
2018-01-22,159.174850
2018-01-23,160.490921
2018-01-24,159.449448
2018-01-25,159.392609
2018-01-26,161.835342
2018-01-29,161.049561
2018-01-30,159.723953
2018-01-31,160.386703
2018-02-01,159.023361
2018-02-02,155.851639
2018-02-05,149.706909
2018-02-06,153.674026
2018-02-07,151.685730
2018-02-08,145.285431
2018-02-09,147.794434
2018-02-12,150.417023
2018-02-13,151.193375
2018-02-14,154.024261
2018-02-15,156.883591
2018-02-16,156.182983
2018-02-20,156.495422
2018-02-21,156.050476
2018-02-22,156.031525
2018-02-23,159.222183
2018-02-26,161.333527
2018-02-27,159.335831
2018-02-28,158.313263
2018-03-01,155.728546
2018-03-02,157.158188
2018-03-05,158.900299
2018-03-06,159.572525
2018-03-07,159.941727
2018-03-08,160.822296
2018-03-09,163.946640
2018-03-12,164.817734
2018-03-13,162.573868
2018-03-14,162.545425
2018-03-15,162.403442
2018-03-16,161.920563
2018-03-19,158.465836
2018-03-20,158.987366
2018-03-21,158.295120
2018-03-22,154.387955
2018-03-23,150.319626
2018-03-26,155.905319
2018-03-27,150.860199
2018-03-28,149.124786
2018-03-29,151.855957
2018-04-02,147.474640
2018-04-03,149.134308
2018-04-04,151.486115
2018-04-05,152.349045
2018-04-06,148.536804
2018-04-09,149.579910
2018-04-10,152.880157
2018-04-11,151.998199
2018-04-12,153.828506
2018-04-13,153.031860
2018-04-16,154.198288
2018-04-17,157.517456
2018-04-18,157.839890
2018-04-19,156.388931
2018-04-20,153.913788
2018-04-23,153.525009
2018-04-24,150.272263
2018-04-25,150.452393
2018-04-26,153.619827
2018-04-27,153.714661
2018-04-30,152.624100
2018-05-01,154.369019
2018-05-02,153.458649
2018-05-03,153.439621
2018-05-04,156.351028
2018-05-07,157.650238
2018-05-08,157.488998
2018-05-09,159.205490
2018-05-10,160.855560
2018-05-11,160.703842
2018-05-14,160.978882
2018-05-15,159.196014
2018-05-16,160.248642
2018-05-17,159.632217
2018-05-18,158.807175
2018-05-21,159.698578
2018-05-22,159.489929
2018-05-23,160.836624
2018-05-24,160.789215
2018-05-25,160.950424
2018-05-29,160.239105
2018-05-30,161.386673
2018-05-31,161.282349
2018-06-01,163.814377
2018-06-04,165.293747
2018-06-05,165.805862
2018-06-06,166.773163
2018-06-07,165.417023
2018-06-08,165.426529
2018-06-11,165.872253
2018-06-12,166.744675
2018-06-13,166.735199
2018-06-14,168.423294
2018-06-15,167.835312
2018-06-18,167.738373
2018-06-19,167.263199
2018-06-20,168.451157
2018-06-21,166.987610
2018-06-22,166.616913
2018-06-25,162.863022
2018-06-26,163.528290
2018-06-27,161.304413
2018-06-28,162.691910
2018-06-29,163.129089
2018-07-02,164.222046
2018-07-03,162.321304
2018-07-05,164.336014
2018-07-06,166.892532
2018-07-09,168.394119
2018-07-10,168.517670
2018-07-11,167.662323
2018-07-12,170.551392
2018-07-13,170.693970
2018-07-16,170.285294
2018-07-17,171.321213
2018-07-18,170.998077
2018-07-19,170.142776
2018-07-20,170.104721
2018-07-23,170.646469
2018-07-24,171.349655
2018-07-25,173.744644
2018-07-26,171.112137
2018-07-27,168.802734
2018-07-30,166.417358
2018-07-31,167.690811
2018-08-01,168.327576
2018-08-02,170.617966
2018-08-03,171.140625
2018-08-06,172.147995
2018-08-07,172.775269
2018-08-08,172.984314
2018-08-09,172.879761
2018-08-10,171.558762
2018-08-13,171.368713
2018-08-14,172.442612
2018-08-15,170.332840
2018-08-16,170.893539
2018-08-17,170.931580
2018-08-20,170.779465
2018-08-21,171.406738
2018-08-22,172.071960
2018-08-23,171.824921
2018-08-24,173.421524
2018-08-27,175.189163
2018-08-28,175.445770
2018-08-29,177.470001
2018-08-30,177.156418
2018-08-31,177.384506
2018-09-04,176.624161
2018-09-05,174.343369
2018-09-06,172.784790
2018-09-07,172.119492
2018-09-10,172.699234
2018-09-11,174.029694
2018-09-12,173.516556
2018-09-13,175.369736
2018-09-14,174.856567
2018-09-17,172.338089
2018-09-18,173.763626
2018-09-19,173.630585
2018-09-20,175.550323
2018-09-21,174.590439
2018-09-24,175.075974
2018-09-25,175.313995
2018-09-26,175.437759
2018-09-27,176.923004
2018-09-28,176.884903
2018-10-01,177.246796
2018-10-02,176.846863
2018-10-03,177.037277
2018-10-04,173.638367
2018-10-05,171.515213
2018-10-08,170.467972
2018-10-09,171.020172
2018-10-10,163.498795
2018-10-11,161.470932
2018-10-12,165.964691
2018-10-15,163.955887
2018-10-16,168.725708
2018-10-17,168.792297
2018-10-18,164.879303
2018-10-19,164.727020
2018-10-22,165.574341
2018-10-23,164.965057
2018-10-24,157.415100
2018-10-25,162.860962
2018-10-26,158.671860
2018-10-29,155.406250
2018-10-30,157.967270
2018-10-31,161.680359
2018-11-01,163.812988
2018-11-02,161.261459
2018-11-05,160.861633
2018-11-06,162.080276
2018-11-07,167.164291
2018-11-08,166.097977
2018-11-09,163.298874
2018-11-12,158.357651
2018-11-13,158.490967
2018-11-14,157.281830
2018-11-15,160.033295
2018-11-16,159.471573
2018-11-19,154.292297
2018-11-20,151.531326
2018-11-21,152.683273
2018-11-23,151.578918
2018-11-26,155.082535
2018-11-27,155.606171
2018-11-28,160.614075
2018-11-29,160.090393
2018-11-30,161.251923
2018-12-03,164.070099
2018-12-04,157.776886
2018-12-06,158.890823
2018-12-07,153.644943
2018-12-10,155.253906
2018-12-11,155.768021
2018-12-12,157.138992
2018-12-13,157.186615
2018-12-14,153.359314
2018-12-17,149.884232
2018-12-18,150.826752
2018-12-19,147.123230
2018-12-20,144.990631
2018-12-21,140.496841
2018-12-24,137.012772
2018-12-26,145.567703
2018-12-27,146.131042
2018-12-28,146.054688
2018-12-31,147.286316
2019-01-02,147.878311
2019-01-03,143.047104
2019-01-04,149.167282
2019-01-07,150.943207
2019-01-08,152.308578
2019-01-09,153.549805
2019-01-10,153.988983
2019-01-11,153.425705
2019-01-14,152.069901
2019-01-15,155.039307
2019-01-16,155.010651
2019-01-17,156.232819
2019-01-18,157.779510
2019-01-22,154.619202
2019-01-23,154.819687
2019-01-24,155.822235
2019-01-25,157.684021
2019-01-28,155.736267
2019-01-29,154.265900
2019-01-30,158.190094
2019-01-31,160.558044
2019-02-01,159.880081
2019-02-04,161.866028
2019-02-05,163.298233
2019-02-06,162.811264
2019-02-07,160.624832
2019-02-08,160.939926
2019-02-11,160.787125
2019-02-12,163.164581
2019-02-13,163.279160
2019-02-14,163.479660
2019-02-15,164.167084
2019-02-19,164.491730
2019-02-20,164.463074
2019-02-21,163.861572
2019-02-22,165.074158
2019-02-25,165.675720
2019-02-26,165.847565
2019-02-27,165.742508
2019-02-28,165.360657
2019-03-01,166.506363
2019-03-04,166.534988
2019-03-05,166.659119
2019-03-06,165.713806
2019-03-07,163.680115
2019-03-08,163.431946
2019-03-11,166.831024
2019-03-12,167.747559
2019-03-13,169.007919
2019-03-14,168.721436
2019-03-15,170.287354
2019-03-18,170.692856
2019-03-19,171.266815
2019-03-20,171.945923
2019-03-21,174.633850
2019-03-22,170.798096
2019-03-25,170.472885
2019-03-26,171.266815
2019-03-27,170.166824
2019-03-28,170.559021
2019-03-29,171.850311
2019-04-01,174.126831
2019-04-02,174.786835
2019-04-03,175.791214
2019-04-04,175.724228
2019-04-05,176.632965
2019-04-08,177.082535
2019-04-09,176.460785
2019-04-10,177.407715
2019-04-11,176.986816
2019-04-12,177.752106
2019-04-15,177.780777
2019-04-16,178.392975
2019-04-17,179.014740
2019-04-18,179.244308
2019-04-22,179.751251
2019-04-23,182.037338
2019-04-24,181.463409
2019-04-25,182.199951
2019-04-26,182.362534
2019-04-29,182.716476
2019-04-30,181.300781
2019-05-01,180.717316
2019-05-02,179.932953
2019-05-03,182.802567
2019-05-06,181.683426
2019-05-07,178.144272
2019-05-08,177.694733
2019-05-09,176.738159
2019-05-10,176.958145
2019-05-13,170.817307
2019-05-14,172.692047
2019-05-15,175.131180
2019-05-16,176.891159
2019-05-17,175.083374
2019-05-20,172.127701
2019-05-21,173.925964
2019-05-22,173.151199
2019-05-23,170.501587
2019-05-24,170.415512
2019-05-28,169.774612
2019-05-29,168.378067
2019-05-30,169.085938
2019-05-31,166.388519
2019-06-03,162.725006
2019-06-04,167.306808
2019-06-05,168.550278
2019-06-06,169.889404
2019-06-07,173.170303
2019-06-10,175.188583
2019-06-11,175.427704
2019-06-12,174.413803
2019-06-13,175.446854
2019-06-14,174.700760
2019-06-17,175.752930
2019-06-18,178.306885
2019-06-19,178.976456
2019-06-20,180.640869
2019-06-21,180.372986
2019-06-24,180.378738
2019-06-25,177.282288
2019-06-26,178.106689
2019-06-27,178.787369
2019-06-28,179.017456
2019-07-01,181.433212
2019-07-02,182.152267
2019-07-03,183.523132
2019-07-05,183.149261
2019-07-08,181.864609
2019-07-09,182.775375
2019-07-10,184.596771
2019-07-11,184.462585
2019-07-12,185.526733
2019-07-15,186.121033
2019-07-16,185.162399
2019-07-17,184.251663
2019-07-18,184.462585
2019-07-19,183.110870
2019-07-22,184.568054
2019-07-23,185.775925
2019-07-24,187.079666
2019-07-25,185.306198
2019-07-26,187.213882
2019-07-29,186.571548
2019-07-30,185.766327
2019-07-31,183.197189
2019-08-01,182.286469
2019-08-02,179.602234
2019-08-05,173.256012
2019-08-06,175.681412
2019-08-07,176.630417
2019-08-08,180.474579
2019-08-09,178.777817
2019-08-12,176.726303
2019-08-13,180.599243
2019-08-14,175.202087
2019-08-15,175.000732
2019-08-16,177.809616
2019-08-19,180.637589
2019-08-20,179.237961
2019-08-21,180.829300
2019-08-22,180.244537
2019-08-23,174.540619
2019-08-26,177.176895
2019-08-27,176.802948
2019-08-28,177.435715
2019-08-29,180.148697
2019-08-30,179.717285
2019-09-03,177.972534
2019-09-04,180.541702
2019-09-05,183.849045
2019-09-06,183.666916
2019-09-09,183.283432
2019-09-10,182.756210
2019-09-11,184.472122
2019-09-12,185.239090
2019-09-13,184.577591
2019-09-16,183.753174
2019-09-17,184.635162
2019-09-18,184.558441
2019-09-19,184.865234
2019-09-20,182.909531
2019-09-23,182.990265
2019-09-24,180.559952
2019-09-25,182.586838
2019-09-26,181.914413
2019-09-27,179.657074
2019-09-30,181.366882
2019-10-01,179.887573
2019-10-02,176.794495
2019-10-03,178.734909
2019-10-04,181.366882
2019-10-07,180.819336
2019-10-08,178.110519
2019-10-09,179.849167
2019-10-10,181.241974
2019-10-11,183.576187
2019-10-14,183.557007
2019-10-15,185.891220
2019-10-16,185.430130
2019-10-17,185.920013
2019-10-18,184.133331
2019-10-21,185.766327
2019-10-22,184.287018
2019-10-23,184.642487
2019-10-24,186.438766
2019-10-25,187.927673
2019-10-28,189.781540
2019-10-29,188.311859
2019-10-30,189.224426
2019-10-31,189.310852
2019-11-01,191.030243
2019-11-04,192.211823
2019-11-05,192.317505
2019-11-06,191.885162
2019-11-07,192.528793
2019-11-08,193.297287
2019-11-11,193.037933
2019-11-12,193.595108
2019-11-13,193.643066
2019-11-14,193.489395
2019-11-15,194.911026
2019-11-18,195.064758
2019-11-19,195.352875
2019-11-20,194.181000
2019-11-21,193.748703
2019-11-22,193.873611
2019-11-25,196.169403
2019-11-26,196.544052
2019-11-27,197.917618
2019-11-29,197.014725
2019-12-02,194.997467
2019-12-03,193.470154
2019-12-04,194.449966
2019-12-05,194.834213
2019-12-06,196.918625
2019-12-09,196.025330
2019-12-10,195.862015
2019-12-11,196.899399
2019-12-12,198.369095
2019-12-13,199.022247
2019-12-16,201.020325
2019-12-17,201.135605
2019-12-18,201.289291
2019-12-19,202.547623
2019-12-20,203.364151
2019-12-23,203.901321
2019-12-24,204.007172
2019-12-26,205.807343
2019-12-27,205.634109
2019-12-30,204.286331
2019-12-31,204.671387
2020-01-02,208.088928
2020-01-03,206.182816
2020-01-06,207.511276
2020-01-07,207.482422
2020-01-08,209.041901
2020-01-09,210.813217
2020-01-10,210.274078
2020-01-13,212.700027
2020-01-14,211.862488
2020-01-15,211.949142
2020-01-16,213.980347
2020-01-17,215.039291
2020-01-21,214.942993
2020-01-22,215.510971
2020-01-23,216.204132
2020-01-24,214.384659
2020-01-27,209.956482
2020-01-28,213.181335
2020-01-29,213.527863
2020-01-30,214.288422
2020-01-31,210.890198
2020-02-03,214.076630
2020-02-04,218.976593
2020-02-05,219.698547
2020-02-06,221.595016
2020-02-07,220.641968
2020-02-10,223.308548
2020-02-11,223.347076
2020-02-12,225.522675
2020-02-13,225.233902
2020-02-14,225.878891
2020-02-18,225.965439
2020-02-19,228.131470
2020-02-20,226.013626
2020-02-21,221.671997
2020-02-24,213.123581
2020-02-25,207.328354
2020-02-26,208.396927
2020-02-27,197.961685
2020-02-28,198.115692
2020-03-02,208.339172
2020-03-03,201.658264
2020-03-04,210.071976
2020-03-05,203.689514
2020-03-06,200.252792
2020-03-09,186.342346
2020-03-10,196.488785
2020-03-11,187.930756
2020-03-12,170.699127
2020-03-13,185.158279
2020-03-16,162.978561
2020-03-17,175.339127
2020-03-18,170.006027
2020-03-19,171.026398
2020-03-20,164.326279
2020-03-23,164.444931
2020-03-24,177.179153
2020-03-25,175.867142
2020-03-26,185.128342
2020-03-27,178.761292
2020-03-30,185.263443
2020-03-31,183.681305
2020-04-01,175.876785
2020-04-02,179.446213
2020-04-03,176.899368
2020-04-06,189.546768
2020-04-07,189.469620
2020-04-08,193.492432
2020-04-09,193.772202
2020-04-13,195.865616
2020-04-14,204.384064
2020-04-15,202.039795
2020-04-16,205.724991
2020-04-17,207.692963
2020-04-20,205.232941
2020-04-21,197.659973
2020-04-22,203.525467
2020-04-23,203.091324
2020-04-24,206.294174
2020-04-27,207.953461
2020-04-28,204.036728
2020-04-29,211.272095
2020-04-30,211.185287
2020-05-01,205.232941
2020-05-04,207.625488
2020-05-05,209.979370
2020-05-06,211.272095
2020-05-07,213.992645
2020-05-08,216.925354
2020-05-11,218.864426
2020-05-12,214.282013
2020-05-13,211.600098
2020-05-14,214.002243
2020-05-15,215.391434
2020-05-18,219.404648
2020-05-19,218.854797
2020-05-20,223.224915
2020-05-21,220.793839
2020-05-22,221.555939
2020-05-26,220.957794
2020-05-27,222.163696
2020-05-28,221.874283
2020-05-29,225.125351
2020-06-01,225.800705
2020-06-02,227.315292
2020-06-03,228.337845
2020-06-04,226.736435
2020-06-05,231.232040
2020-06-08,233.026352
2020-06-09,234.714645
2020-06-10,237.531586
2020-06-11,225.762085
2020-06-12,227.556473
2020-06-15,230.325150
2020-06-16,234.280502
2020-06-17,235.023331
2020-06-18,235.660049
2020-06-19,235.621429
2020-06-22,238.447189
2020-06-23,240.476562
2020-06-24,235.519028
2020-06-25,237.761017
2020-06-26,232.146332
2020-06-29,234.678238
2020-06-30,239.278275
2020-07-01,242.071136
2020-07-02,243.714020
2020-07-06,249.705627
2020-07-07,247.985428
2020-07-08,251.251831
2020-07-09,253.368225
2020-07-10,255.098099
2020-07-13,249.850632
2020-07-14,251.619064
2020-07-15,252.131256
2020-07-16,250.411041
2020-07-17,250.700989
2020-07-20,257.813599
2020-07-21,255.127106
2020-07-22,256.025818
2020-07-23,249.338409
2020-07-24,246.970749
2020-07-27,251.377518
2020-07-28,248.178635
2020-07-29,251.039246
2020-07-30,252.353577
2020-07-31,256.856873
2020-08-03,260.326294
2020-08-04,261.292694
2020-08-05,261.940125
2020-08-06,265.409485
2020-08-07,262.345978
2020-08-10,261.224976
2020-08-11,256.277100
2020-08-12,262.722900
2020-08-13,263.322052
2020-08-14,263.012787
2020-08-17,266.066620
2020-08-18,268.627563
2020-08-19,266.820435
2020-08-20,270.521606
2020-08-21,272.396484
2020-08-24,274.097290
2020-08-25,276.252380
2020-08-26,282.147339
2020-08-27,281.267914
2020-08-28,282.698181
2020-08-31,284.969177
2020-09-01,289.839813
2020-09-02,292.584381
2020-09-03,277.750305
2020-09-04,274.048981
2020-09-08,260.877106
2020-09-09,268.540619
2020-09-10,263.186768
2020-09-11,261.360352
2020-09-14,265.912018
2020-09-15,269.680878
2020-09-16,265.380432
2020-09-17,261.234680
2020-09-18,257.900665
2020-09-21,258.519165
2020-09-22,263.322052
2020-09-23,255.281647
2020-09-24,256.470398
2020-09-25,262.432953
2020-09-28,267.883392
2020-09-29,266.675507
2020-09-30,268.501923
2020-10-01,272.763733
2020-10-02,265.090546
2020-10-05,270.743988
2020-10-06,265.912018
2020-10-07,270.512054
2020-10-08,271.951935
2020-10-09,276.107391
2020-10-12,284.630920
2020-10-13,284.621307
2020-10-14,282.243958
2020-10-15,280.349945
2020-10-16,278.813263
2020-10-19,274.261658
2020-10-20,274.851074
2020-10-21,274.638550
2020-10-22,274.628815
2020-10-23,275.170044
2020-10-26,271.043549
2020-10-27,273.159973
2020-10-28,262.510315
2020-10-29,267.100616
2020-10-30,260.326294
2020-11-02,260.906158
2020-11-03,265.419189
2020-11-04,277.267181
2020-11-05,284.495636
2020-11-06,284.708191
2020-11-09,278.890594
2020-11-10,273.894470
2020-11-11,280.021332
2020-11-12,278.706970
2020-11-13,281.151978
2020-11-16,283.345734
2020-11-17,282.446899
2020-11-18,280.359497
2020-11-19,282.553253
2020-11-20,280.620392
2020-11-23,280.630127
2020-11-24,284.572937
2020-11-25,286.322113
2020-11-27,288.960388
2020-11-30,289.549988
2020-12-01,293.260834
2020-12-02,293.637787
2020-12-03,294.053253
2020-12-04,295.251556
2020-12-07,296.923431
2020-12-08,297.928497
2020-12-09,291.183105
2020-12-10,292.352417
2020-12-11,291.704987
2020-12-14,293.821381
2020-12-15,296.962128
2020-12-16,298.595367
2020-12-17,300.547455
2020-12-18,299.639008
2020-12-21,299.078461
2020-12-22,299.891693
2020-12-23,298.381500
2020-12-24,299.698029
2020-12-28,302.718689
2020-12-29,302.989746
2020-12-30,302.999329
2020-12-31,303.744904
2021-01-04,299.456055
2021-01-05,301.924805
2021-01-06,297.742401
2021-01-07,304.945435
2021-01-08,308.866364
2021-01-11,304.403290
2021-01-12,303.919098
2021-01-13,305.971588
2021-01-14,304.335480
2021-01-15,301.924805
2021-01-19,306.329742
2021-01-20,313.455353
2021-01-21,315.962830
2021-01-22,315.052795
2021-01-25,317.657135
2021-01-26,318.121826
2021-01-27,309.253632
2021-01-28,311.083374
2021-01-29,304.538696
2021-02-01,312.148346
2021-02-02,317.240784
2021-02-03,315.982178
2021-02-04,319.719269
2021-02-05,320.803497
2021-02-08,322.952850
2021-02-09,322.885040
2021-02-10,322.149384
2021-02-11,323.920959
2021-02-12,325.731476
2021-02-16,324.850433
2021-02-17,323.291718
2021-02-18,321.878204
2021-02-19,320.474426
2021-02-22,312.167664
2021-02-23,311.238342
2021-02-24,313.803925
2021-02-25,302.863861
2021-02-26,304.132111
2021-03-01,313.281067
2021-03-02,308.256500
2021-03-03,299.310760
2021-03-04,294.412018
2021-03-05,298.846069
2021-03-08,290.384552
2021-03-09,301.837738
2021-03-10,300.976013
2021-03-11,307.907928
2021-03-12,305.410095
2021-03-15,308.672638
2021-03-16,310.366974
2021-03-17,311.644928
2021-03-18,302.099060
2021-03-19,303.163971
2021-03-22,308.849274
2021-03-23,307.501862
2021-03-24,302.315765
2021-03-25,301.792389
2021-03-26,306.319336
2021-03-29,306.232086
2021-03-30,304.690765
2021-03-31,309.353424
2021-04-01,314.626740
2021-04-05,320.908173
2021-04-06,320.685242
2021-04-07,321.460754
2021-04-08,324.814758
2021-04-09,326.782562
2021-04-12,326.356140
2021-04-13,330.165680
2021-04-14,326.200928
2021-04-15,331.144684
2021-04-16,331.532501
2021-04-19,328.498352
2021-04-20,326.104095
2021-04-21,328.895752
2021-04-22,324.931091
2021-04-23,329.021851
2021-04-26,331.164154
2021-04-27,329.729462
2021-04-28,328.614746
2021-04-29,329.797272
2021-04-30,327.635651
2021-05-03,325.890686
2021-05-04,320.026093
2021-05-05,318.950073
2021-05-06,321.354065
2021-05-07,323.961731
2021-05-10,315.780304
2021-05-11,315.344055
2021-05-12,307.182037
2021-05-13,309.556976
2021-05-14,316.390961
2021-05-17,314.471649
2021-05-18,312.348785
2021-05-19,312.707428
2021-05-20,318.756226
2021-05-21,316.992035
2021-05-24,322.323578
2021-05-25,322.769409
2021-05-26,323.893860
2021-05-27,322.682159
2021-05-28,323.699982
2021-06-01,322.624023
2021-06-02,323.254120
2021-06-03,319.890381
2021-06-04,325.318848
2021-06-07,326.288239
2021-06-08,326.443420
2021-06-09,326.520874
2021-06-10,329.923370
2021-06-11,330.786102
2021-06-14,333.955902
2021-06-15,331.774780
2021-06-16,330.563049
2021-06-17,334.760376
2021-06-18,332.133514
2021-06-21,334.197632
2021-06-22,337.312988
2021-06-23,337.477936
2021-06-24,339.564514
2021-06-25,339.147217
2021-06-28,343.271729
2021-06-29,344.514038
2021-06-30,343.970490
2021-07-01,344.106415
2021-07-02,348.056396
2021-07-06,349.560547
2021-07-07,350.298065
2021-07-08,348.182434
2021-07-09,350.356445
2021-07-12,351.724792
2021-07-13,351.724792
2021-07-14,352.355530
2021-07-15,349.880829
2021-07-16,347.047028
2021-07-19,344.203522
2021-07-20,348.201874
2021-07-21,350.890106
2021-07-22,353.209595
2021-07-23,357.334198
2021-07-26,357.615631
2021-07-27,353.675323
2021-07-28,355.034180
2021-07-29,355.665039
2021-07-30,353.811340
2021-08-02,353.840424
2021-08-03,355.985229
2021-08-04,356.499512
2021-08-05,358.760773
2021-08-06,357.188568
2021-08-09,357.848572
2021-08-10,356.014282
2021-08-11,355.402863
2021-08-12,356.683899
2021-08-13,357.935883
2021-08-16,358.091156
2021-08-17,354.937073
2021-08-18,351.520905
2021-08-19,353.219299
2021-08-20,356.878052
2021-08-23,362.215698
2021-08-24,363.322113
2021-08-25,363.739441
2021-08-26,361.429657
2021-08-27,364.942841
2021-08-30,369.038239
2021-08-31,368.737396
2021-09-01,369.348846
2021-09-02,369.174194
2021-09-03,370.309692
2021-09-07,370.833649
2021-09-08,369.542908
2021-09-09,368.271576
2021-09-10,365.476562
2021-09-13,365.224274
2021-09-14,364.185852
2021-09-15,366.893494
2021-09-16,367.145844
2021-09-17,362.798004
2021-09-20,355.301422
2021-09-21,355.738678
2021-09-22,359.061401
2021-09-23,362.374390
2021-09-24,362.714478
2021-09-27,359.819244
2021-09-28,349.637238
2021-09-29,349.063995
2021-09-30,347.781494
2021-10-01,349.938385
2021-10-04,342.593353
2021-10-05,347.218018
2021-10-06,349.442902
2021-10-07,352.648956
2021-10-08,350.890503
2021-10-11,348.199371
2021-10-12,346.984802
2021-10-13,349.763519
2021-10-14,356.205017
2021-10-15,358.449280
2021-10-18,362.053772
2021-10-19,364.793610
2021-10-20,364.317566
2021-10-21,366.542389
2021-10-22,363.462555
2021-10-25,367.183655
2021-10-26,368.339783
2021-10-27,369.194794
2021-10-28,373.294830
2021-10-29,375.131073
2021-11-01,376.413544
2021-11-02,377.987396
2021-11-03,381.999969
2021-11-04,386.896729
2021-11-05,387.265991
2021-11-08,386.741272
2021-11-09,384.079193
2021-11-10,378.434418
2021-11-11,379.483643
2021-11-12,383.476837
2021-11-15,383.389343
2021-11-16,386.119507
2021-11-17,386.323517
2021-11-18,390.326416
2021-11-19,392.502686
2021-11-22,387.946045
2021-11-23,386.177795
2021-11-24,387.421387
2021-11-26,380.076385
2021-11-29,388.324951
2021-11-30,382.621857
2021-12-01,376.112305
2021-12-02,378.823029
2021-12-03,372.235809
2021-12-06,375.218475
2021-12-07,386.517792
2021-12-08,388.247223
2021-12-09,382.534454
2021-12-10,386.692780
2021-12-13,381.106171
2021-12-14,377.161713
2021-12-15,385.759979
2021-12-16,375.840363
2021-12-17,373.965179
2021-12-20,370.337646
2021-12-21,378.625885
2021-12-22,383.237000
2021-12-23,386.126251
2021-12-27,392.507812
2021-12-28,390.688721
2021-12-29,390.630280
2021-12-30,389.462952
2021-12-31,387.030914
2022-01-03,390.756836
2022-01-04,385.688477
2022-01-05,373.839722
2022-01-06,373.576965
2022-01-07,369.530121
2022-01-10,369.773285
2022-01-11,375.328033
2022-01-12,376.816528
2022-01-13,367.390045
2022-01-14,369.676086
2022-01-18,360.473328
2022-01-19,356.514038
2022-01-20,351.883514
2022-01-21,342.126221
2022-01-24,343.692413
2022-01-25,335.725037
2022-01-26,335.199799
2022-01-27,331.824188
2022-01-28,342.233154
2022-01-31,353.177277
2022-02-01,355.580109
2022-02-02,358.469360
2022-02-03,343.935638
2022-02-04,348.274353
2022-02-07,345.472687
2022-02-08,349.354156
2022-02-09,356.757233
2022-02-10,348.682861
2022-02-11,337.622162
2022-02-14,338.040405
2022-02-15,346.445465
2022-02-16,346.357910
2022-02-17,336.055969
2022-02-18,332.223114
2022-02-22,328.886292
2022-02-23,320.461792
2022-02-24,331.230743
2022-02-25,336.367188
2022-02-28,337.369110
2022-03-01,332.203583
2022-03-02,337.777771
2022-03-03,332.952667
2022-03-04,328.127533
2022-03-07,316.025818
2022-03-08,314.556915
2022-03-09,325.880341
2022-03-10,322.261505
2022-03-11,315.578339
2022-03-14,309.517731
2022-03-15,319.226379
2022-03-16,331.065399
2022-03-17,335.073334
2022-03-18,341.931549
2022-03-21,340.981049
2022-03-22,347.682190
2022-03-23,342.685547
2022-03-24,350.302307
2022-03-25,350.010132
2022-03-28,355.425629
2022-03-29,361.542328
2022-03-30,357.548950
2022-03-31,353.117126
2022-04-01,352.445099
2022-04-04,359.701477
2022-04-05,351.714600
2022-04-06,344.078369
2022-04-07,344.896576
2022-04-08,340.075165
2022-04-11,332.029968
2022-04-12,330.627350
2022-04-13,337.347961
2022-04-14,329.633789
2022-04-18,329.887146
2022-04-19,337.260345
2022-04-20,332.341522
2022-04-21,325.464996
2022-04-22,316.942474
2022-04-25,321.013824
2022-04-26,308.897156
2022-04-27,308.527069
2022-04-28,319.484589
2022-04-29,305.108337
2022-05-02,310.202362
2022-05-03,310.533569
2022-05-04,321.033447
2022-05-05,304.864746
2022-05-06,301.212189
2022-05-09,289.426697
2022-05-10,292.942932
2022-05-11,284.254730
2022-05-12,283.582672
2022-05-13,294.092285
2022-05-16,290.683228
2022-05-17,298.212250
2022-05-18,283.572937
2022-05-19,282.053467
2022-05-20,281.176788
2022-05-23,285.852081
2022-05-24,279.774323
2022-05-25,283.689880
2022-05-26,291.550049
2022-05-27,301.066132
2022-05-31,300.267456
2022-06-01,298.046722
2022-06-02,306.208954
2022-06-03,298.241516
2022-06-06,299.234924
2022-06-07,301.816101
2022-06-08,299.644073
2022-06-09,291.618225
2022-06-10,281.332733
2022-06-13,268.251740
2022-06-14,268.738770
2022-06-15,275.449677
2022-06-16,264.336273
2022-06-17,267.550507
2022-06-21,274.300659
2022-06-22,273.900574
2022-06-23,277.979736
2022-06-24,287.504303
2022-06-27,285.396454
2022-06-28,276.701355
2022-06-29,276.955048
2022-06-30,273.519989
2022-07-01,275.325378
2022-07-05,280.038879
2022-07-06,281.834442
2022-07-07,287.865448
2022-07-08,288.226471
2022-07-11,282.068634
2022-07-12,279.336182
2022-07-13,278.760406
2022-07-14,279.755920
2022-07-15,284.830414
2022-07-18,282.420013
2022-07-19,291.105347
2022-07-20,295.721252
2022-07-21,299.966370
2022-07-22,294.706299
2022-07-25,293.027863
2022-07-26,287.270081
2022-07-27,299.410065
2022-07-28,302.337677
2022-07-29,307.851471
2022-08-01,307.666046
2022-08-02,306.748718
2022-08-03,315.102234
2022-08-04,316.575897
2022-08-05,313.989716
2022-08-08,312.974854
2022-08-09,309.432343
2022-08-10,318.069031
2022-08-11,316.263580
2022-08-12,322.421387
2022-08-15,325.026978
2022-08-16,324.265808
2022-08-17,320.567139
2022-08-18,321.338196
2022-08-19,315.072937
2022-08-22,306.777954
2022-08-23,306.524353
2022-08-24,307.412323
2022-08-25,312.847900
2022-08-26,300.024933
2022-08-29,297.068024
2022-08-30,293.759735
2022-08-31,292.051910
2022-09-01,292.178772
2022-09-02,288.050903
2022-09-06,285.982025
2022-09-07,291.759155
2022-09-08,293.271851
2022-09-09,299.683350
2022-09-12,303.245392
2022-09-13,286.616302
2022-09-14,288.890106
2022-09-15,284.079010
2022-09-16,282.341949
2022-09-19,284.540680
2022-09-20,282.272522
2022-09-21,277.218109
2022-09-22,273.806183
2022-09-23,269.348236
2022-09-26,268.233673
2022-09-27,268.341248
2022-09-28,273.679108
2022-09-29,265.789612
2022-09-30,261.282745
2022-10-03,267.412445
2022-10-04,275.820190
2022-10-05,275.673431
2022-10-06,273.503113
2022-10-07,263.081543
2022-10-10,260.451721
2022-10-11,256.873566
2022-10-12,256.785553
2022-10-13,262.807800
2022-10-14,254.908493
2022-10-17,263.325897
2022-10-18,265.408356
2022-10-19,264.440491
2022-10-20,263.091278
2022-10-21,269.260223
2022-10-24,272.222473
2022-10-25,277.853607
2022-10-26,271.714081
2022-10-27,266.767242
2022-10-28,274.930511
2022-10-31,271.733643
2022-11-01,268.957153
2022-11-02,259.738037
2022-11-03,254.664108
2022-11-04,258.760376
2022-11-07,261.605347
2022-11-08,263.511749
2022-11-09,257.430817
2022-11-10,276.426331
2022-11-11,281.519775
2022-11-14,279.056152
2022-11-15,282.917786
2022-11-16,279.056152
2022-11-17,278.440186
2022-11-18,278.449982
2022-11-21,275.585480
2022-11-22,279.554749
2022-11-23,282.360504
2022-11-25,280.503052
2022-11-28,276.387177
2022-11-29,274.295013
2022-11-30,286.798950
2022-12-01,287.150879
2022-12-02,286.007050
2022-12-05,281.206879
2022-12-06,275.380157
2022-12-07,274.255951
2022-12-08,277.501678
2022-12-09,275.732147
2022-12-12,279.192963
2022-12-13,282.194305
2022-12-14,280.102173
2022-12-15,270.697266
2022-12-16,268.116364
2022-12-19,264.348358
2022-12-20,264.142609
2022-12-21,267.974335
2022-12-22,261.418243
2022-12-23,262.006256
2022-12-27,258.301880
2022-12-28,254.891571
2022-12-29,261.104675
2022-12-30,260.947815
2023-01-03,259.183899
2023-01-04,260.418640
2023-01-05,256.341949
2023-01-06,263.417450
2023-01-09,265.122589
2023-01-10,267.366669
2023-01-11,271.992157
2023-01-12,273.462097
2023-01-13,275.343689
2023-01-17,275.902283
2023-01-18,272.315521
2023-01-19,269.640259
2023-01-20,277.019440
2023-01-23,283.173737
2023-01-24,282.595490
2023-01-25,281.968292
2023-01-26,287.466034
2023-01-27,290.327515
2023-01-30,284.457428
2023-01-31,288.720337
2023-02-01,294.894165
2023-02-02,305.477966
2023-02-03,300.048889
2023-02-06,297.510742
2023-02-07,303.674835
2023-02-08,298.275116
2023-02-09,295.638977
2023-02-10,293.698608
2023-02-13,298.402496
2023-02-14,300.607452
2023-02-15,302.910400
2023-02-16,297.226562
2023-02-17,295.129364
2023-02-21,288.142151
2023-02-22,288.357758
2023-02-23,290.876343
2023-02-24,286.005859
2023-02-27,288.053955
2023-02-28,287.681549
2023-03-01,285.368866
2023-03-02,287.730560
2023-03-03,293.679016
2023-03-06,294.012238
2023-03-07,290.405914
2023-03-08,291.856232
2023-03-09,286.799652
2023-03-10,282.771851
2023-03-13,284.869019
2023-03-14,291.415253
2023-03-15,292.944031
2023-03-16,300.666290
2023-03-17,299.245270
2023-03-20,300.307220
2023-03-21,304.596375
2023-03-22,300.454529
2023-03-23,304.017334
2023-03-24,305.136292
2023-03-27,303.045685
2023-03-28,301.436005
2023-03-29,306.932343
2023-03-30,309.837585
2023-03-31,314.990387
2023-04-03,314.224823
2023-04-04,313.164856
2023-04-05,310.073120
2023-04-06,312.163696
2023-04-10,311.987000
2023-04-11,309.984741
2023-04-12,307.246368
2023-04-13,313.263000
2023-04-14,312.674072
2023-04-17,312.939117
2023-04-18,312.958649
2023-04-19,312.811493
2023-04-20,310.426453
2023-04-21,310.750275
2023-04-24,310.102600
2023-04-25,304.252869
2023-04-26,306.098114
2023-04-27,314.421112
2023-04-28,316.590210
2023-05-01,316.227081
2023-05-02,313.469025
2023-05-03,311.417816
2023-05-04,310.318542
2023-05-05,316.914154
2023-05-08,317.699310
2023-05-09,315.687286
2023-05-10,319.122498
2023-05-11,320.162903
2023-05-12,319.014465
2023-05-15,320.741974
2023-05-16,321.105164
2023-05-17,324.991852
2023-05-18,331.027924
2023-05-19,330.282074
2023-05-22,331.391144
2023-05-23,327.190338
2023-05-24,325.512024
2023-05-25,333.432648
2023-05-26,341.951935
2023-05-30,343.502777
2023-05-31,341.549591
2023-06-01,345.495239
2023-06-02,348.086334
2023-06-05,348.331726
2023-06-06,348.272797
2023-06-07,342.364288
2023-06-08,346.614044
2023-06-09,347.939026
2023-06-12,353.818237
2023-06-13,356.537048
2023-06-14,359.128082
2023-06-15,363.407471
2023-06-16,361.120544
2023-06-20,360.603577
2023-06-21,355.689392
2023-06-22,359.886139
2023-06-23,356.318420
2023-06-26,351.541840
2023-06-27,357.586304
2023-06-28,358.284088
2023-06-29,357.566589
2023-06-30,363.080322
2023-07-03,363.935394
2023-07-05,363.925598
2023-07-06,361.153931
2023-07-07,359.954956
2023-07-10,360.072845
2023-07-11,361.851807
2023-07-12,366.421997
2023-07-13,372.643372
2023-07-14,372.564728
2023-07-17,376.044006
2023-07-18,379.120209
2023-07-19,379.031769
2023-07-20,370.294403
2023-07-21,369.183746
2023-07-24,369.773468
2023-07-25,372.279663
2023-07-26,371.041321
2023-07-27,370.156677
2023-07-28,376.899078
2023-07-31,377.095612
2023-08-01,376.220886
2023-08-02,367.965057
2023-08-03,367.375366
2023-08-04,365.655365
2023-08-07,368.751312
2023-08-08,365.616058
2023-08-09,361.596191
2023-08-10,362.264557
2023-08-11,359.954956
2023-08-14,363.994446
2023-08-15,360.131775
2023-08-16,356.318420
2023-08-17,352.426392
2023-08-18,351.984131
2023-08-21,357.655121
2023-08-22,357.143982
2023-08-23,362.775635
2023-08-24,355.021057
2023-08-25,357.772980
2023-08-28,360.466003
2023-08-29,368.338562
2023-08-30,370.392609
2023-08-31,371.503265
2023-09-01,371.110199
2023-09-05,371.581879
2023-09-06,368.308990
2023-09-07,365.675110
2023-09-08,366.186127
2023-09-11,370.500732
2023-09-12,366.392456
2023-09-13,367.788147
2023-09-14,370.795654
2023-09-15,364.446472
2023-09-18,364.826324
2023-09-19,364.048828
2023-09-20,358.802734
2023-09-21,352.227783
2023-09-22,352.277039
2023-09-25,353.950287
2023-09-26,348.635284
2023-09-27,349.452240
2023-09-28,352.375458
2023-09-29,352.631439
2023-10-02,355.574310
2023-10-03,349.334198
2023-10-04,354.088104
2023-10-05,353.044800
2023-10-06,358.960205
2023-10-09,360.790894
2023-10-10,362.789032
2023-10-11,365.377594
2023-10-12,364.107880
2023-10-13,359.531036
2023-10-16,363.596069
2023-10-17,362.405090
2023-10-18,357.651184
2023-10-19,354.304657
2023-10-20,349.019104
2023-10-23,350.072327
2023-10-24,353.477905
2023-10-25,344.826202
2023-10-26,338.251343
2023-10-27,339.875305
2023-10-30,343.704102
2023-10-31,345.347870
2023-11-01,351.342010
2023-11-02,357.720062
2023-11-03,361.922791
2023-11-06,363.399170
2023-11-07,366.834290
2023-11-08,367.070496
2023-11-09,364.245697
2023-11-10,372.434753
2023-11-13,371.273346
2023-11-14,379.265503
2023-11-15,379.550873
2023-11-16,379.875732
2023-11-17,379.964325
2023-11-20,384.590424
2023-11-21,382.356110
2023-11-22,383.921082
2023-11-24,383.379761
2023-11-27,383.045074
2023-11-28,384.048981
2023-11-29,383.674988
2023-11-30,382.710419
2023-12-01,383.803009
2023-12-04,380.239929
2023-12-05,381.194702
2023-12-06,378.989899
2023-12-07,384.285248
2023-12-08,385.997864
2023-12-11,389.295105
2023-12-12,392.395569
2023-12-13,397.385773
2023-12-14,397.041290
2023-12-15,398.960571
2023-12-18,401.473480
2023-12-19,403.524841
2023-12-20,397.528625
2023-12-21,402.153992
2023-12-22,402.755585
2023-12-26,405.221191
2023-12-27,406.046112
2023-12-28,405.848694
2023-12-29,404.092316
2024-01-02,397.254181
2024-01-03,393.050629
2024-01-04,391.027832
2024-01-05,391.491577
2024-01-08,399.582916
2024-01-09,400.372345
2024-01-10,403.085876
2024-01-11,403.924622
2024-01-12,404.131805
2024-01-16,404.092316
2024-01-17,401.812988
2024-01-18,407.516357
2024-01-19,415.597778
2024-01-22,416.140564
2024-01-23,417.867340
2024-01-24,420.186157
2024-01-25,420.699341
2024-01-26,418.192902
2024-01-29,422.475433
2024-01-30,419.663177
2024-01-31,411.443604
2024-02-01,416.288544
2024-02-02,423.324036
2024-02-05,422.771484
2024-02-06,421.922882
2024-02-07,426.264496
2024-02-08,427.053955
2024-02-09,431.257416
2024-02-12,429.570160
2024-02-13,422.870117
2024-02-14,427.478271
2024-02-15,428.751190
2024-02-16,424.863342
2024-02-20,421.656433
2024-02-21,419.969055
2024-02-22,432.264008
2024-02-23,430.991058
2024-02-26,430.764038
2024-02-27,431.800201
2024-02-28,429.501038
2024-02-29,433.181641
2024-03-01,439.703979
2024-03-04,438.135132
2024-03-05,430.270660
2024-03-06,432.974457
2024-03-07,439.546143
2024-03-08,433.201355
2024-03-11,431.592957
2024-03-12,437.779816
2024-03-13,434.415070
2024-03-14,433.319794
2024-03-15,428.168976
2024-03-18,432.252563
2024-03-19,433.329590
2024-03-20,438.467377
2024-03-21,440.542358
2024-03-22,441.046234
2024-03-25,439.445618
2024-03-26,438.022797
2024-03-27,439.514740
2024-03-28,438.704529
2024-04-01,439.633362
2024-04-02,435.839172
2024-04-03,436.817352
2024-04-04,430.138153
2024-04-05,435.206787
2024-04-08,435.335358
2024-04-09,436.945831
2024-04-10,433.131927
2024-04-11,440.048309
2024-04-12,433.033142
2024-04-15,425.909302
2024-04-16,425.948792
2024-04-17,420.751648
2024-04-18,418.350677
2024-04-19,409.695374
2024-04-22,413.815552
2024-04-23,419.990906
2024-04-24,421.413666
2024-04-25,419.378296
2024-04-26,425.850006
2024-04-29,427.579132
2024-04-30,419.516602
2024-05-01,416.483307
2024-05-02,421.799011
2024-05-03,430.276459
2024-05-06,434.989502
2024-05-07,435.058624
2024-05-08,434.801727
2024-05-09,435.750244
2024-05-10,436.777863
2024-05-13,437.785645
2024-05-14,440.601593
2024-05-15,447.488312
2024-05-16,446.579346
2024-05-17,446.361938
2024-05-20,449.474304
2024-05-21,450.353638
2024-05-22,450.264740
2024-05-23,448.239288
2024-05-24,452.478027
2024-05-28,454.187347
2024-05-29,450.986023
2024-05-30,446.154480
2024-05-31,445.324524
2024-06-03,447.715576
2024-06-04,448.940765
2024-06-05,457.991302
2024-06-06,457.833221
2024-06-07,457.428101
2024-06-10,459.275757
2024-06-11,462.427673
2024-06-12,468.484406
2024-06-13,471.023682
2024-06-14,473.464203
2024-06-17,479.264038
2024-06-18,479.412231
2024-06-20,475.716919
2024-06-21,474.442352
2024-06-24,469.041016
2024-06-25,474.404785
2024-06-26,475.384460
2024-06-27,476.611603
2024-06-28,474.137543
2024-07-01,476.918396
2024-07-02,481.925903
2024-07-03,485.943756
2024-07-05,491.010590
2024-07-08,492.178345
2024-07-09,492.603912
2024-07-10,497.740051
2024-07-11,486.824463
2024-07-12,489.684479
2024-07-15,491.000671
2024-07-16,491.188751
2024-07-17,476.769928
2024-07-18,474.513580
2024-07-19,470.307739
2024-07-22,477.314209
2024-07-23,475.631866
2024-07-24,458.570801
2024-07-25,453.513855
2024-07-26,458.165070
2024-07-29,459.085388
2024-07-30,452.781555
2024-07-31,466.181000
2024-08-01,454.889435
2024-08-02,444.092651
2024-08-05,430.851532
2024-08-06,434.968353
2024-08-07,430.257721
2024-08-08,443.419739
2024-08-09,445.735443
2024-08-12,446.695374
2024-08-13,457.779053
2024-08-14,457.927582
2024-08-15,469.496216
2024-08-16,470.099884
2024-08-19,476.275116
2024-08-20,475.275635
2024-08-21,477.492401
2024-08-22,469.921814
2024-08-23,475.018311
2024-08-26,470.406677
2024-08-27,471.811920
2024-08-28,466.458099
2024-08-29,465.775269
2024-08-30,471.327026
2024-09-03,457.017120
2024-09-04,455.829529
2024-09-05,456.255066
2024-09-06,444.033264
2024-09-09,449.743378
2024-09-10,453.899811
2024-09-11,463.756439
2024-09-12,468.308655
2024-09-13,470.406677
2024-09-16,468.328522
2024-09-17,468.575867
2024-09-18,466.547150
2024-09-19,478.343353
2024-09-20,477.433014
2024-09-23,478.698547
2024-09-24,481.007568
2024-09-25,481.453522
2024-09-26,485.070709
2024-09-27,482.375153
2024-09-30,483.683350
2024-10-01,476.944397
2024-10-02,477.618317
2024-10-03,477.261536
2024-10-04,482.940033
2024-10-07,477.766968
2024-10-08,484.902222
2024-10-09,488.717651
2024-10-10,488.162659
2024-10-11,488.925781
2024-10-14,493.028534
2024-10-15,486.438354
2024-10-16,486.497803
2024-10-17,486.834747
2024-10-18,490.025787
2024-10-21,490.967255
2024-10-22,491.502411
2024-10-23,483.970703
2024-10-24,487.895081
2024-10-25,490.868164
2024-10-28,490.947449
2024-10-29,495.664673
2024-10-30,491.918610
2024-10-31,479.501221
2024-11-01,483.049072
2024-11-04,481.641846
2024-11-05,487.786102
2024-11-06,501.035889
2024-11-07,508.924377
2024-11-08,509.519043
2024-11-11,509.221680
2024-11-12,508.300018
2024-11-13,507.645966
2024-11-14,504.118011
2024-11-15,492.106964
2024-11-18,495.525909
2024-11-19,498.934967
2024-11-20,498.647583
2024-11-21,500.441345
2024-11-22,501.244080
2024-11-25,502.036865
2024-11-26,504.732361
2024-11-27,500.758453
2024-11-29,505.158539
2024-12-02,510.658661
2024-12-03,512.224487
2024-12-04,518.557007
2024-12-05,517.120117
2024-12-06,521.748108
2024-12-09,517.684998
2024-12-10,515.920959
2024-12-11,525.157104
2024-12-12,521.767883
2024-12-13,525.761719
2024-12-16,533.333008
2024-12-17,530.984314
2024-12-18,511.828003
2024-12-19,509.548706
2024-12-20,513.998413
2024-12-23,519.006104
2024-12-24,526.043762
2024-12-26,525.686340
2024-12-27,518.698364
2024-12-30,511.799713
2024-12-31,507.452118
2025-01-02,506.459503
2025-01-03,514.747742
2025-01-06,520.663757
2025-01-07,511.372894
2025-01-08,511.462219
2025-01-10,503.441986
2025-01-13,501.824005
2025-01-14,501.347534
2025-01-15,512.881714
2025-01-16,509.288513
2025-01-17,517.884460
2025-01-21,520.921814
2025-01-22,527.582275
2025-01-23,528.703979
2025-01-24,525.716187
2025-01-27,510.410126
2025-01-28,517.953857
2025-01-29,516.981262
2025-01-30,519.184753
2025-01-31,518.430359
2025-02-03,514.281250
2025-02-04,520.594238
2025-02-05,522.956665
2025-02-06,525.686340
2025-02-07,519.055725
2025-02-10,525.338867
2025-02-11,524.088257
2025-02-12,524.395935
2025-02-13,531.939819
2025-02-14,534.173218
2025-02-18,535.384216
2025-02-19,535.533142
2025-02-20,533.259949
2025-02-21,522.192383
2025-02-24,516.028259
2025-02-25,509.526672
2025-02-26,510.757538
2025-02-27,496.573090
2025-02-28,504.414734
2025-03-03,493.376862
2025-03-04,491.887970
2025-03-05,498.300232
2025-03-06,484.592255
2025-03-07,488.155762
2025-03-10,469.236633
2025-03-11,468.114960
2025-03-12,473.395691
2025-03-13,464.879089
2025-03-14,476.115417
2025-03-17,479.202393
2025-03-18,471.033234
2025-03-19,477.336365
2025-03-20,475.718323
2025-03-21,477.286652
2025-03-24,487.760437
2025-03-25,490.543854
2025-03-26,481.517548
2025-03-27,478.773834
2025-03-28,466.168762
2025-03-31,466.148926
2025-04-01,469.906555
2025-04-02,473.336182
2025-04-03,447.996796
2025-04-04,420.172180
2025-04-07,421.186188
2025-04-08,413.601257
2025-04-09,463.246155
2025-04-10,443.543243
2025-04-11,451.714661
2025-04-14,454.776550
2025-04-15,455.283478
2025-04-16,441.555084
2025-04-17,441.475555
2025-04-21,430.550476
2025-04-22,441.853333
2025-04-23,451.873749
2025-04-24,464.588196
2025-04-25,469.767395
2025-04-28,469.618256
2025-04-29,472.719788
2025-04-30,472.660217
2025-05-01,478.833466
2025-05-02,485.941193
2025-05-05,483.058380
2025-05-06,478.565063
2025-05-07,480.443878
2025-05-08,485.404449
2025-05-09,485.086273
2025-05-12,504.848816
2025-05-13,512.543091
2025-05-14,515.614807
2025-05-15,516.181458
2025-05-16,518.428101
2025-05-19,518.925171
2025-05-20,517.195435
2025-05-21,510.008118
2025-05-22,510.962524
2025-05-23,506.230591
2025-05-27,518.139832
2025-05-28,515.843445
2025-05-29,516.857422
2025-05-30,516.042358
2025-06-02,520.118103
2025-06-03,524.183838
2025-06-04,525.645264
2025-06-05,521.688660
2025-06-06,526.788330
2025-06-09,527.563782
2025-06-10,531.053040
2025-06-11,529.263611
2025-06-12,530.506226
2025-06-13,523.845886
2025-06-16,531.132568
2025-06-17,525.953369
2025-06-18,525.863892
2025-06-20,523.716675
2025-06-23,529.101746
2025-06-24,537.192810
2025-06-25,538.566101
2025-06-26,543.601868
2025-06-27,545.462952
2025-06-30,548.995972
2025-07-01,544.368164
2025-07-02,548.159973
2025-07-03,553.553894
2025-07-07,549.384155
2025-07-08,549.692566
2025-07-09,553.583862
2025-07-10,552.787659
2025-07-11,551.543701
2025-07-14,553.544006
2025-07-15,554.051514
2025-07-16,554.618774
2025-07-17,559.107239
2025-07-18,558.569824
2025-07-21,561.465820
2025-07-22,558.559875
2025-07-23,561.107605
2025-07-24,562.301819
2025-07-25,563.655334
2025-07-28,565.416931
2025-07-29,564.541077
2025-07-30,565.297424
2025-07-31,562.301819
2025-08-01,551.225159
2025-08-04,561.396118
2025-08-05,557.584595
2025-08-06,564.600769
2025-08-07,566.511536
2025-08-08,571.796082
2025-08-11,570.104248
2025-08-12,577.269714
2025-08-13,577.558350
2025-08-14,577.110474
2025-08-15,574.572754
2025-08-18,574.343811
2025-08-19,566.551392
2025-08-20,563.187622
2025-08-21,560.580200
2025-08-22,569.228455
2025-08-25,567.586487
2025-08-26,569.865356
2025-08-27,570.741211
2025-08-28,574.314026
2025-08-29,567.666016
2025-09-02,562.908875
2025-09-03,567.337585
2025-09-04,572.472839
2025-09-05,573.298828
2025-09-08,576.095398
2025-09-09,577.727600
2025-09-10,577.916687
2025-09-11,581.280457
2025-09-12,583.848022
2025-09-15,588.843933
2025-09-16,588.346375
2025-09-17,587.172058
2025-09-18,592.466553
2025-09-19,596.477173
2025-09-22,600.008362
2025-09-23,596.022888
2025-09-24,593.930542
2025-09-25,591.369934
2025-09-26,593.800964
2025-09-29,596.550964
2025-09-30,598.184998
2025-10-01,601.054504
2025-10-02,603.525513
2025-10-03,600.984802
2025-10-06,605.498291
2025-10-07,602.309998
2025-10-08,609.214722
2025-10-09,608.477417
2025-10-10,587.354553
2025-10-13,599.819031
2025-10-14,595.823669
2025-10-15,600.028259
2025-10-16,597.806396
2025-10-17,601.732056
2025-10-20,609.314331
2025-10-21,609.154907
2025-10-22,603.286377
2025-10-23,608.357910
2025-10-24,614.854065
2025-10-27,625.804199
2025-10-28,630.616516
2025-10-29,633.456177
2025-10-30,623.771545
2025-10-31,626.780579
2025-11-03,629.779663
2025-11-04,616.996338
2025-11-05,621.011658
2025-11-06,609.443848
2025-11-07,607.520935
2025-11-10,620.961792
2025-11-11,619.307861
2025-11-12,618.819641
2025-11-13,606.185852
2025-11-14,606.644043
2025-11-17,601.463013
2025-11-18,594.139771
2025-11-19,597.686829
2025-11-20,583.538513
2025-11-21,587.922485
2025-11-24,602.957581
2025-11-25,606.674072
2025-11-26,612.034424
2025-11-28,616.996338
2025-12-01,614.923828
2025-12-02,619.736267
2025-12-03,621.250793
2025-12-04,620.672852
2025-12-05,623.203674
2025-12-08,622.007996
2025-12-09,622.775208
2025-12-10,625.325867
2025-12-11,623.303345
2025-12-12,611.386780
2025-12-15,608.317993
2025-12-16,609.523560
2025-12-17,598.224792
2025-12-18,606.893188
2025-12-19,614.804260
2025-12-22,617.751343
2025-12-23,620.644470
2025-12-24,622.460205
2025-12-26,622.420349
2025-12-29,619.407410
2025-12-30,617.970764
2025-12-31,612.862854
2026-01-02,611.675659
2026-01-05,616.534180
2026-01-06,621.951416
2026-01-07,622.550049
2026-01-08,619.008362
2026-01-09,625.173828
2026-01-12,625.692566
2026-01-13,624.764771
2026-01-14,618.090515
2026-01-15,620.315308
2026-01-16,619.796509
2026-01-20,606.627625
2026-01-21,614.828247
2026-01-22,619.297668
2026-01-23,621.253052
2026-01-26,623.986633
2026-01-27,629.643250
2026-01-28,631.728271
2026-01-29,627.947205
2026-01-30,620.405029
2026-02-02,624.665039
2026-02-03,615.067688
2026-02-04,604.322998
2026-02-05,595.623596
2026-02-06,608.213867
2026-02-09,612.872864
2026-02-10,610.029541
2026-02-11,611.665710
2026-02-12,599.225098
2026-02-13,600.502014
2026-02-17,599.883484
2026-02-18,604.362976
2026-02-19,602.048340
2026-02-20,607.375793
2026-02-23,599.993225
2026-02-24,606.438049
2026-02-25,615.227295
2026-02-26,607.804810
2026-02-27,605.859436
2026-03-02,606.657532
2026-03-03,600.162842
2026-03-04,609.311218
2026-03-05,607.475586
2026-03-06,598.337158
2026-03-09,606.328308
2026-03-10,606.338318
2026-03-11,606.258423
2026-03-12,595.853027
2026-03-13,592.321350
2026-03-16,598.965698
2026-03-17,601.888794
2026-03-18,593.498657
2026-03-19,591.623047
2026-03-20,580.688843
2026-03-23,587.354553
2026-03-24,583.338928
2026-03-25,587.174744
2026-03-26,573.160095
2026-03-27,561.962463
2026-03-30,557.667175
2026-03-31,576.546387
2026-04-01,583.668579
2026-04-02,584.337830
2026-04-06,587.854004
2026-04-07,587.943909
2026-04-08,605.424683
2026-04-09,609.520203
2026-04-10,610.399231
2026-04-13,616.712280
2026-04-14,627.909912
2026-04-15,636.700317
2026-04-16,639.766907
2026-04-17,648.137695
2026-04-20,646.079956
2026-04-21,643.622681
2026-04-22,654.390869
2026-04-23,650.704895
2026-04-24,663.151245
2026-04-27,663.500854
2026-04-28,656.828186
2026-04-29,660.843750
2026-04-30,667.006958
2026-05-01,673.409973
2026-05-04,672.141357
2026-05-05,680.861755
2026-05-06,695.006226
2026-05-07,694.177124
2026-05-08,710.449219
2026-05-11,712.506958
2026-05-12,706.463623
2026-05-13,713.925476
2026-05-14,718.999817
2026-05-15,708.151794
2026-05-18,705.105103
2026-05-19,700.759949
2026-05-20,712.367188
2026-05-21,713.725647
2026-05-22,716.752319
2026-05-26,729.478394
2026-05-27,728.649292
2026-05-28,734.792480
2026-05-29,737.499512
2026-06-01,741.924683
2026-06-02,745.340881
2026-06-03,743.393066
2026-06-04,739.796997
2026-06-05,704.286011
2026-06-08,715.283936
2026-06-09,707.052979
2026-06-10,692.928528
2026-06-11,716.332764
2026-06-12,720.548157
2026-06-15,743.183289
2026-06-16,729.058777
2026-06-17,721.716858
2026-06-18,739.807007
2026-06-22,737.950012
2026-06-23,713.650024
2026-06-24,710.619995
2026-06-25,716.380005
2026-06-26,706.520020
2026-06-29,724.080017
2026-06-30,736.400024
2026-07-01,725.169983
2026-07-02,712.599976
2026-07-06,722.820007
2026-07-07,709.429993
2026-07-08,711.440002
2026-07-09,723.280029
2026-07-10,725.510010
2026-07-13,711.739990
2026-07-14,719.690002
2026-07-15,717.739990
2026-07-16,705.940002
2026-07-17,695.330017
2026-07-20,696.059998
2026-07-21,708.969971
2026-07-22,705.349976
2026-07-23,691.960022
2026-07-24,684.229980
2026-07-27,682.119995
2026-07-28,675.489990
2026-07-29,661.729980
2026-07-30,683.549988
2026-07-31,687.989990
2026-08-03,700.070007
2026-08-04,723.849976
2026-08-05,717.299988
2026-08-06,714.650024
2026-08-07,723.030029
2026-08-10,720.869995
2026-08-11,718.450012
2026-08-12,723.700012
2026-08-13,732.070007
2026-08-14,731.070007
2026-08-17,729.869995
2026-08-18,717.510010
2026-08-19,716.080017
2026-08-20,710.929993
2026-08-21,713.440002
2026-08-24,706.320007
2026-08-25,710.719971
2026-08-26,711.369995
2026-08-27,721.109985
2026-08-28,716.429993
2026-08-31,716.760010
2026-09-01,707.640015
2026-09-02,709.239990
2026-09-03,717.669983
2026-09-04,718.960022
2026-09-08,718.359985
2026-09-09,716.309998
2026-09-10,708.690002
2026-09-11,714.880005
2026-09-14,709.179993
2026-09-15,704.539978
2026-09-16,704.719971
2026-09-17,716.919983
2026-09-18,721.450012
