date,value
2000-05-26,32.505749
2000-05-30,33.705544
2000-05-31,33.827747
2000-06-01,34.594284
2000-06-02,36.394001
2000-06-05,36.260670
2000-06-06,36.616173
2000-06-07,36.660618
2000-06-08,36.571739
2000-06-09,37.216080
2000-06-12,36.110691
2000-06-13,36.571739
2000-06-14,36.394001
2000-06-15,36.438438
2000-06-16,36.238468
2000-06-19,37.149406
2000-06-20,37.393826
2000-06-21,37.593006
2000-06-22,36.459251
2000-06-23,36.214687
2000-06-26,36.659298
2000-06-27,36.081287
2000-06-28,36.992783
2000-06-29,36.414764
2000-06-30,36.764904
2000-07-03,37.281765
2000-07-05,36.859383
2000-07-06,37.292896
2000-07-07,37.526314
2000-07-10,37.770870
2000-07-11,37.726391
2000-07-12,38.482269
2000-07-13,38.604534
2000-07-14,38.637882
2000-07-17,38.771252
2000-07-18,38.104321
2000-07-19,37.437389
2000-07-20,38.059856
2000-07-21,37.014992
2000-07-24,36.475895
2000-07-25,36.548149
2000-07-26,36.481445
2000-07-27,35.481056
2000-07-28,34.858566
2000-07-31,35.747807
2000-08-01,35.514378
2000-08-02,35.569969
2000-08-03,35.547749
2000-08-04,35.725594
2000-08-07,36.386974
2000-08-08,36.214687
2000-08-09,35.953468
2000-08-10,35.747807
2000-08-11,36.370296
2000-08-14,36.748211
2000-08-15,36.214687
2000-08-16,36.392525
2000-08-17,36.726002
2000-08-18,36.670418
2000-08-21,36.803814
2000-08-22,36.748211
2000-08-23,36.692646
2000-08-24,37.237301
2000-08-25,37.392941
2000-08-28,37.459629
2000-08-29,37.815327
2000-08-30,37.859795
2000-08-31,38.237728
2000-09-01,38.548977
2000-09-05,38.282169
2000-09-06,38.115456
2000-09-07,38.682343
2000-09-08,38.015408
2000-09-11,38.059856
2000-09-12,37.937603
2000-09-13,38.126560
2000-09-14,38.348881
2000-09-15,37.637470
2000-09-18,36.748211
2000-09-19,37.348469
2000-09-20,37.051708
2000-09-21,36.360180
2000-09-22,36.828651
2000-09-25,36.873249
2000-09-26,36.349033
2000-09-27,36.181728
2000-09-28,37.163246
2000-09-29,36.984772
2000-10-02,36.382492
2000-10-03,35.852680
2000-10-04,36.103653
2000-10-05,35.735577
2000-10-06,34.865616
2000-10-09,34.787556
2000-10-10,33.951046
2000-10-11,33.839512
2000-10-12,32.813396
2000-10-13,34.084900
2000-10-16,34.352573
2000-10-17,33.488167
2000-10-18,33.214928
2000-10-19,34.241032
2000-10-20,34.676037
2000-10-23,35.021778
2000-10-24,34.508713
2000-10-25,33.739120
2000-10-26,34.263344
2000-10-27,34.285645
2000-10-30,34.441803
2000-10-31,35.334064
2000-11-01,35.356377
2000-11-02,36.204044
2000-11-03,36.159420
2000-11-06,35.880604
2000-11-07,36.181728
2000-11-08,35.534828
2000-11-09,35.155598
2000-11-10,34.263344
2000-11-13,33.917583
2000-11-14,34.731789
2000-11-15,35.177925
2000-11-16,34.157398
2000-11-17,34.374889
2000-11-20,33.482597
2000-11-21,33.287418
2000-11-22,32.590336
2000-11-24,33.504910
2000-11-27,33.599728
2000-11-28,32.590336
2000-11-29,32.501095
2000-11-30,31.809580
2000-12-01,32.523415
2000-12-04,32.166500
2000-12-05,33.727970
2000-12-06,32.947239
2000-12-07,32.858009
2000-12-08,33.304142
2000-12-11,34.821011
2000-12-12,34.062584
2000-12-13,33.428291
2000-12-14,32.896065
2000-12-15,32.716785
2000-12-18,33.209774
2000-12-19,32.627178
2000-12-20,31.596365
2000-12-21,31.842855
2000-12-22,33.164986
2000-12-26,33.355453
2000-12-27,34.240601
2000-12-28,35.338627
2000-12-29,34.330238
2001-01-02,33.131374
2001-01-03,34.503902
2001-01-04,34.061325
2001-01-05,33.008114
2001-01-08,33.120167
2001-01-09,33.069729
2001-01-10,34.128555
2001-01-11,34.593533
2001-01-12,34.688782
2001-01-16,35.383438
2001-01-17,35.361038
2001-01-18,35.495476
2001-01-19,34.868061
2001-01-22,35.114544
2001-01-23,35.988476
2001-01-24,35.854019
2001-01-25,35.719559
2001-01-26,35.719559
2001-01-29,36.445621
2001-01-30,36.682247
2001-01-31,36.176723
2001-02-01,36.442043
2001-02-02,35.628174
2001-02-05,35.699844
2001-02-06,36.266338
2001-02-07,36.356007
2001-02-08,35.811012
2001-02-09,35.352077
2001-02-12,36.140850
2001-02-13,35.800251
2001-02-14,36.176723
2001-02-15,36.356007
2001-02-16,35.570782
2001-02-20,35.158466
2001-02-21,34.545349
2001-02-22,34.061325
2001-02-23,34.133041
2001-02-26,34.885956
2001-02-27,34.258518
2001-02-28,33.756554
2001-03-01,33.989624
2001-03-02,34.079258
2001-03-05,33.953747
2001-03-06,34.455727
2001-03-07,34.634983
2001-03-08,34.348133
2001-03-09,33.738842
2001-03-12,32.783173
2001-03-13,33.124508
2001-03-14,32.334095
2001-03-15,32.208359
2001-03-16,31.615572
2001-03-19,32.441879
2001-03-20,31.687416
2001-03-21,31.202412
2001-03-22,30.897039
2001-03-23,31.705381
2001-03-26,32.136509
2001-03-27,32.395184
2001-03-28,31.525740
2001-03-29,31.579647
2001-03-30,32.190384
2001-04-02,31.435930
2001-04-03,30.368906
2001-04-04,30.465923
2001-04-05,31.938894
2001-04-06,31.040733
2001-04-09,31.723354
2001-04-10,32.477806
2001-04-11,32.262260
2001-04-12,32.657448
2001-04-16,32.068241
2001-04-17,32.585590
2001-04-18,33.537651
2001-04-19,33.911297
2001-04-20,33.516094
2001-04-23,32.908920
2001-04-24,33.160412
2001-04-25,33.878960
2001-04-26,34.363972
2001-04-27,34.813049
2001-04-30,34.848980
2001-05-01,35.280090
2001-05-02,35.190281
2001-05-03,34.755562
2001-05-04,35.244152
2001-05-07,35.028622
2001-05-08,35.208233
2001-05-09,34.992687
2001-05-10,35.028622
2001-05-11,34.820255
2001-05-14,34.813049
2001-05-15,35.154346
2001-05-16,35.829788
2001-05-17,36.199821
2001-05-18,36.339947
2001-05-21,36.968651
2001-05-22,37.148300
2001-05-23,36.286030
2001-05-24,36.663284
2001-05-25,36.393841
2001-05-29,35.926773
2001-05-30,35.459736
2001-05-31,35.603447
2001-06-01,36.023777
2001-06-04,36.494419
2001-06-05,37.004585
2001-06-06,36.771057
2001-06-07,36.925545
2001-06-08,36.710846
2001-06-11,36.224476
2001-06-12,36.314529
2001-06-13,36.264099
2001-06-14,35.359837
2001-06-15,35.575993
2001-06-18,35.305809
2001-06-19,35.197716
2001-06-20,35.612026
2001-06-21,35.662457
2001-06-22,35.017605
2001-06-25,34.772621
2001-06-26,35.305809
2001-06-27,35.648060
2001-06-28,36.098385
2001-06-29,36.710846
2001-07-02,35.882210
2001-07-03,35.666077
2001-07-05,35.197716
2001-07-06,34.549255
2001-07-09,34.873505
2001-07-10,34.225010
2001-07-11,34.225010
2001-07-12,35.064419
2001-07-13,35.233765
2001-07-16,34.639313
2001-07-17,35.323822
2001-07-18,34.657322
2001-07-19,34.945549
2001-07-20,34.945549
2001-07-23,34.693359
2001-07-24,34.116932
2001-07-25,34.315071
2001-07-26,34.819450
2001-07-27,34.765408
2001-07-30,34.711372
2001-07-31,34.668140
2001-08-01,35.197716
2001-08-02,35.089668
2001-08-03,34.999584
2001-08-06,34.513218
2001-08-07,34.549255
2001-08-08,33.774693
2001-08-09,34.116932
2001-08-10,34.080898
2001-08-13,34.369129
2001-08-14,34.477207
2001-08-15,34.433983
2001-08-16,34.657322
2001-08-17,34.116932
2001-08-20,34.495205
2001-08-21,33.900761
2001-08-22,34.351120
2001-08-23,33.900761
2001-08-24,34.621300
2001-08-27,34.495205
2001-08-28,34.116932
2001-08-29,33.972832
2001-08-30,33.544121
2001-08-31,33.825130
2001-09-04,33.504505
2001-09-05,33.270317
2001-09-06,32.495743
2001-09-07,31.894125
2001-09-10,31.649141
2001-09-17,30.081991
2001-09-18,29.595642
2001-09-19,28.878712
2001-09-20,27.779909
2001-09-21,27.257519
2001-09-24,28.100529
2001-09-25,28.442795
2001-09-26,28.021282
2001-09-27,28.471611
2001-09-28,28.893108
2001-10-01,28.746317
2001-10-02,29.060900
2001-10-03,29.722595
2001-10-04,30.019102
2001-10-05,29.867258
2001-10-08,29.596048
2001-10-09,29.350164
2001-10-10,30.373455
2001-10-11,30.861609
2001-10-12,30.763975
2001-10-15,30.879690
2001-10-16,31.295506
2001-10-17,30.409628
2001-10-18,30.214354
2001-10-19,30.590416
2001-10-22,30.865223
2001-10-23,30.662739
2001-10-24,30.861609
2001-10-25,31.548624
2001-10-26,31.548624
2001-10-29,30.915852
2001-10-30,30.264994
2001-10-31,30.771210
2001-11-01,31.313589
2001-11-02,31.096647
2001-11-05,31.548624
2001-11-06,32.000603
2001-11-07,31.783665
2001-11-08,31.711344
2001-11-09,31.602871
2001-11-12,31.729410
2001-11-13,32.307957
2001-11-14,32.629768
2001-11-15,32.506828
2001-11-16,32.539371
2001-11-19,32.904587
2001-11-20,32.716557
2001-11-21,32.604465
2001-11-23,33.078136
2001-11-26,33.248093
2001-11-27,33.139626
2001-11-28,32.561096
2001-11-29,33.519299
2001-11-30,33.121529
2001-12-03,32.904587
2001-12-04,33.663937
2001-12-05,34.405182
2001-12-06,34.893341
2001-12-07,34.629364
2001-12-10,34.029125
2001-12-11,34.224377
2001-12-12,34.278629
2001-12-13,33.667534
2001-12-14,34.051937
2001-12-17,34.704716
2001-12-18,35.012936
2001-12-19,34.740932
2001-12-20,34.197010
2001-12-21,34.886013
2001-12-24,35.049202
2001-12-26,35.357441
2001-12-27,35.502480
2001-12-28,35.538765
2001-12-31,34.940411
2002-01-02,35.263157
2002-01-03,35.752750
2002-01-04,36.064594
2002-01-07,35.484364
2002-01-08,35.901382
2002-01-09,35.538765
2002-01-10,35.756351
2002-01-11,35.321182
2002-01-14,34.795345
2002-01-15,35.031071
2002-01-16,34.320278
2002-01-17,34.487103
2002-01-18,34.051937
2002-01-22,33.834366
2002-01-23,34.305794
2002-01-24,34.577770
2002-01-25,34.552376
2002-01-28,34.777214
2002-01-29,34.164360
2002-01-30,34.592266
2002-01-31,34.886013
2002-02-01,34.686558
2002-02-04,33.870605
2002-02-05,33.740078
2002-02-06,33.362926
2002-02-07,32.927742
2002-02-08,33.798077
2002-02-11,33.946781
2002-02-12,34.019302
2002-02-13,34.342045
2002-02-14,33.906887
2002-02-15,33.856117
2002-02-19,33.199722
2002-02-20,33.761806
2002-02-21,33.040169
2002-02-22,33.634907
2002-02-25,33.845249
2002-02-26,34.004780
2002-02-27,34.160706
2002-02-28,33.798077
2002-03-01,34.632164
2002-03-04,35.176109
2002-03-05,35.255913
2002-03-06,35.683819
2002-03-07,35.720078
2002-03-08,36.081310
2002-03-11,36.088573
2002-03-12,36.030518
2002-03-13,35.725517
2002-03-14,35.888905
2002-03-15,36.034138
2002-03-18,36.237431
2002-03-19,36.469807
2002-03-20,35.896160
2002-03-21,36.498859
2002-03-22,36.233822
2002-03-25,35.794510
2002-03-26,36.197510
2002-03-27,36.535149
2002-03-28,36.342731
2002-04-01,36.379051
2002-04-02,36.146690
2002-04-03,35.888905
2002-04-04,36.030518
2002-04-05,35.979671
2002-04-08,36.429874
2002-04-09,36.295544
2002-04-10,36.996265
2002-04-11,36.404465
2002-04-12,37.214096
2002-04-15,36.941792
2002-04-16,37.867615
2002-04-17,37.548100
2002-04-18,37.388348
2002-04-19,37.359329
2002-04-22,36.865551
2002-04-23,36.996265
2002-04-24,36.684032
2002-04-25,36.782043
2002-04-26,36.077705
2002-04-29,36.186623
2002-04-30,36.778419
2002-05-01,37.032558
2002-05-02,37.159637
2002-05-03,36.996265
2002-05-06,36.288273
2002-05-07,36.026867
2002-05-08,36.887314
2002-05-09,36.215649
2002-05-10,35.627514
2002-05-13,36.088573
2002-05-14,37.177788
2002-05-15,37.141483
2002-05-16,36.702168
2002-05-17,36.814716
2002-05-20,36.350006
2002-05-21,35.798157
2002-05-22,35.580296
2002-05-23,36.288273
2002-05-24,35.714630
2002-05-28,35.623863
2002-05-29,35.170040
2002-05-30,35.297127
2002-05-31,35.035709
2002-06-03,34.218800
2002-06-04,34.226074
2002-06-05,34.345890
2002-06-06,33.677834
2002-06-07,33.982800
2002-06-10,33.946510
2002-06-11,33.401909
2002-06-12,33.510818
2002-06-13,33.038841
2002-06-14,33.308605
2002-06-17,34.083981
2002-06-18,34.178631
2002-06-19,33.490604
2002-06-20,33.417809
2002-06-21,33.344990
2002-06-24,33.239441
2002-06-25,32.769836
2002-06-26,32.751629
2002-06-27,33.381413
2002-06-28,32.999176
2002-07-01,32.325729
2002-07-02,31.353762
2002-07-03,30.978821
2002-07-05,32.005379
2002-07-08,31.342842
2002-07-09,31.222708
2002-07-10,30.363605
2002-07-11,30.126987
2002-07-12,29.868540
2002-07-15,29.682877
2002-07-16,29.486292
2002-07-17,29.759325
2002-07-18,28.721844
2002-07-19,28.121202
2002-07-22,27.560608
2002-07-23,26.119041
2002-07-24,27.666153
2002-07-25,27.447725
2002-07-26,27.884567
2002-07-29,28.958450
2002-07-30,29.045830
2002-07-31,28.594419
2002-08-01,28.175795
2002-08-02,27.291214
2002-08-05,26.563169
2002-08-06,27.720770
2002-08-07,27.826332
2002-08-08,28.274082
2002-08-09,28.033823
2002-08-12,28.102991
2002-08-13,27.302124
2002-08-14,28.277731
2002-08-15,28.306841
2002-08-16,28.740040
2002-08-19,29.140472
2002-08-20,28.994852
2002-08-21,29.588224
2002-08-22,29.777521
2002-08-23,28.994852
2002-08-26,29.522697
2002-08-27,28.958450
2002-08-28,28.394217
2002-08-29,28.605362
2002-08-30,28.412416
2002-09-03,27.575146
2002-09-04,28.157595
2002-09-05,27.593346
2002-09-06,28.503431
2002-09-09,28.416040
2002-09-10,28.594419
2002-09-11,28.503431
2002-09-12,28.030174
2002-09-13,28.379358
2002-09-16,28.050650
2002-09-17,27.667131
2002-09-18,27.594082
2002-09-19,26.586008
2002-09-20,26.699240
2002-09-23,26.041805
2002-09-24,25.840908
2002-09-25,26.626194
2002-09-26,26.976833
2002-09-27,26.315742
2002-09-30,26.133114
2002-10-01,26.973169
2002-10-02,26.315742
2002-10-03,26.030846
2002-10-04,25.311316
2002-10-07,24.631968
2002-10-08,24.818239
2002-10-09,23.777294
2002-10-10,24.471260
2002-10-11,25.092176
2002-10-14,25.260193
2002-10-15,26.279205
2002-10-16,25.621771
2002-10-17,26.388783
2002-10-18,26.443569
2002-10-21,26.790545
2002-10-22,26.447220
2002-10-23,26.867252
2002-10-24,26.607927
2002-10-25,27.188679
2002-10-28,26.881857
2002-10-29,26.805161
2002-10-30,27.265368
2002-10-31,27.210567
2002-11-01,27.849762
2002-11-04,28.090809
2002-11-05,28.138313
2002-11-06,28.616764
2002-11-07,27.937408
2002-11-08,27.557566
2002-11-11,26.889177
2002-11-12,27.320156
2002-11-13,27.466259
2002-11-14,28.061600
2002-11-15,28.050650
2002-11-18,27.835140
2002-11-19,27.736542
2002-11-20,28.470652
2002-11-21,29.025839
2002-11-22,29.226723
2002-11-25,29.420319
2002-11-26,29.091576
2002-11-27,29.884159
2002-11-29,29.515268
2002-12-02,29.741720
2002-12-03,29.219408
2002-12-04,28.930872
2002-12-05,28.795736
2002-12-06,28.912615
2002-12-09,28.145597
2002-12-10,28.693466
2002-12-11,28.726349
2002-12-12,28.843214
2002-12-13,28.278032
2002-12-16,28.784489
2002-12-17,28.479864
2002-12-18,28.024780
2002-12-19,27.955051
2002-12-20,28.270681
2002-12-23,28.461535
2002-12-24,28.406467
2002-12-26,28.406467
2002-12-27,27.944046
2002-12-30,27.855961
2002-12-31,27.822927
2003-01-02,28.589983
2003-01-03,28.542271
2003-01-06,28.876251
2003-01-07,28.725773
2003-01-08,28.439505
2003-01-09,28.857893
2003-01-10,28.920280
2003-01-13,28.986340
2003-01-14,29.004709
2003-01-15,28.938643
2003-01-16,28.898258
2003-01-17,28.355097
2003-01-21,27.944046
2003-01-22,27.701828
2003-01-23,27.874313
2003-01-24,27.298115
2003-01-27,26.883394
2003-01-28,27.103592
2003-01-29,27.309111
2003-01-30,26.865049
2003-01-31,27.246723
2003-02-03,27.011837
2003-02-04,27.011837
2003-02-05,26.809986
2003-02-06,26.663183
2003-02-07,26.175068
2003-02-10,26.446653
2003-02-11,26.373251
2003-02-12,26.002577
2003-02-13,25.932840
2003-02-14,26.167725
2003-02-18,26.692549
2003-02-19,26.369587
2003-02-20,26.314537
2003-02-21,26.542080
2003-02-24,26.134697
2003-02-25,26.373251
2003-02-26,26.241137
2003-02-27,26.384253
2003-02-28,26.428293
2003-03-03,26.347559
2003-03-04,26.006229
2003-03-05,26.057631
2003-03-06,25.844753
2003-03-07,25.914635
2003-03-10,25.469568
2003-03-11,25.289307
2003-03-12,25.344479
2003-03-13,26.028677
2003-03-14,26.061790
2003-03-17,26.665041
2003-03-18,27.014505
2003-03-19,26.948290
2003-03-20,27.124826
2003-03-21,27.503754
2003-03-24,26.915186
2003-03-25,27.202091
2003-03-26,26.867365
2003-03-27,27.047606
2003-03-28,27.036573
2003-03-31,26.484810
2003-04-01,26.944614
2003-04-02,27.481665
2003-04-03,27.496372
2003-04-04,27.415455
2003-04-07,27.433847
2003-04-08,27.455917
2003-04-09,27.305088
2003-04-10,27.312447
2003-04-11,27.161629
2003-04-14,27.654556
2003-04-15,27.952486
2003-04-16,27.661915
2003-04-17,28.084932
2003-04-21,28.276217
2003-04-22,28.666119
2003-04-23,28.967756
2003-04-24,28.820623
2003-04-25,28.415993
2003-04-28,28.919935
2003-04-29,29.114901
2003-04-30,29.206850
2003-05-01,29.170073
2003-05-02,29.905754
2003-05-05,30.041864
2003-05-06,30.328777
2003-05-07,30.144859
2003-05-08,29.894714
2003-05-09,30.325109
2003-05-12,30.656164
2003-05-13,30.836422
2003-05-14,30.818016
2003-05-15,30.939409
2003-05-16,30.556849
2003-05-19,30.027161
2003-05-20,30.019781
2003-05-21,30.133816
2003-05-22,30.439131
2003-05-23,30.678213
2003-05-27,31.399199
2003-05-28,31.612535
2003-05-29,31.814863
2003-05-30,32.381340
2003-06-02,32.550560
2003-06-03,32.653561
2003-06-04,33.098640
2003-06-05,33.639381
2003-06-06,33.253139
2003-06-09,32.635170
2003-06-10,33.124409
2003-06-11,33.437069
2003-06-12,33.624676
2003-06-13,33.027786
2003-06-16,33.584145
2003-06-17,33.654148
2003-06-18,33.632030
2003-06-19,33.175167
2003-06-20,32.891434
2003-06-23,32.305634
2003-06-24,32.294556
2003-06-25,32.511971
2003-06-26,33.068317
2003-06-27,32.858311
2003-06-30,32.755112
2003-07-01,32.979881
2003-07-02,33.805206
2003-07-03,33.514122
2003-07-07,34.210499
2003-07-08,34.818462
2003-07-09,35.076366
2003-07-10,34.391033
2003-07-11,34.866337
2003-07-14,35.153725
2003-07-15,35.057934
2003-07-16,34.866337
2003-07-17,33.760975
2003-07-18,33.989422
2003-07-21,33.694675
2003-07-22,34.088909
2003-07-23,34.321033
2003-07-24,34.254711
2003-07-25,34.505260
2003-07-28,34.928974
2003-07-29,34.947407
2003-07-30,34.814743
2003-07-31,34.884758
2003-08-01,34.394722
2003-08-04,34.048382
2003-08-05,33.458855
2003-08-06,33.307793
2003-08-07,33.418331
2003-08-08,33.344662
2003-08-11,33.805206
2003-08-12,34.372608
2003-08-13,34.486839
2003-08-14,34.711586
2003-08-15,34.722630
2003-08-18,35.411648
2003-08-19,36.074863
2003-08-20,36.056423
2003-08-21,36.351189
2003-08-22,35.710087
2003-08-25,35.676929
2003-08-26,35.813259
2003-08-27,36.163284
2003-08-28,36.402763
2003-08-29,36.553833
2003-09-02,37.397598
2003-09-03,37.556023
2003-09-04,37.710770
2003-09-05,37.471275
2003-09-08,37.990788
2003-09-09,37.710770
2003-09-10,36.966496
2003-09-11,37.287045
2003-09-12,37.452137
2003-09-15,37.359798
2003-09-16,37.917477
2003-09-17,37.906395
2003-09-18,38.301556
2003-09-19,38.260937
2003-09-22,37.736515
2003-09-23,38.249863
2003-09-24,37.304424
2003-09-25,36.296200
2003-09-26,35.675743
2003-09-29,36.314640
2003-09-30,35.841934
2003-10-01,36.809532
2003-10-02,37.164059
2003-10-03,37.751259
2003-10-06,38.076290
2003-10-07,38.290493
2003-10-08,37.991341
2003-10-09,38.390190
2003-10-10,38.342171
2003-10-13,38.944183
2003-10-14,39.198994
2003-10-15,38.707809
2003-10-16,39.054955
2003-10-17,38.297871
2003-10-20,38.489902
2003-10-21,38.663486
2003-10-22,37.817760
2003-10-23,37.485355
2003-10-24,37.393032
2003-10-27,37.939625
2003-10-28,38.851856
2003-10-29,39.110374
2003-10-30,39.221153
2003-10-31,38.962620
2003-11-03,39.623695
2003-11-04,39.679100
2003-11-05,39.874828
2003-11-06,40.188759
2003-11-07,39.882206
2003-11-10,39.239616
2003-11-11,38.970009
2003-11-12,39.871132
2003-11-13,39.978256
2003-11-14,39.221153
2003-11-17,38.744724
2003-11-18,38.320030
2003-11-19,38.722580
2003-11-20,38.460350
2003-11-21,38.885075
2003-11-24,39.775116
2003-11-25,40.015175
2003-11-26,40.229374
2003-11-28,40.421421
2003-12-01,40.942150
2003-12-02,40.879383
2003-12-03,40.144417
2003-12-04,40.236774
2003-12-05,39.738197
2003-12-08,40.033634
2003-12-09,39.357796
2003-12-10,39.003258
2003-12-11,40.092728
2003-12-12,40.379944
2003-12-15,39.434921
2003-12-16,39.784050
2003-12-17,39.776588
2003-12-18,40.389431
2003-12-19,40.259411
2003-12-22,40.708813
2003-12-23,40.931660
2003-12-24,40.883381
2003-12-26,41.028202
2003-12-29,41.652164
2003-12-30,41.759872
2003-12-31,41.150776
2004-01-02,41.592743
2004-01-05,42.079277
2004-01-06,42.023548
2004-01-07,42.469250
2004-01-08,42.792347
2004-01-09,42.450657
2004-01-12,43.245445
2004-01-13,43.063473
2004-01-14,43.286312
2004-01-15,43.397732
2004-01-16,43.639130
2004-01-20,44.162811
2004-01-21,44.103394
2004-01-22,43.854538
2004-01-23,44.092251
2004-01-26,44.530479
2004-01-27,43.973392
2004-01-28,43.286312
2004-01-29,42.877769
2004-01-30,42.933483
2004-02-02,43.044895
2004-02-03,42.803486
2004-02-04,41.745014
2004-02-05,42.134998
2004-02-06,43.200897
2004-02-09,43.286312
2004-02-10,43.806271
2004-02-11,44.073681
2004-02-12,43.772835
2004-02-13,43.323456
2004-02-17,44.084808
2004-02-18,43.761684
2004-02-19,42.989185
2004-02-20,42.914921
2004-02-23,42.268696
2004-02-24,42.264984
2004-02-25,42.859222
2004-02-26,43.119179
2004-02-27,43.342022
2004-03-01,44.029110
2004-03-02,43.680000
2004-03-03,43.724560
2004-03-04,44.277935
2004-03-05,44.378220
2004-03-08,43.750576
2004-03-09,43.379147
2004-03-10,42.469250
2004-03-11,42.042122
2004-03-12,43.174892
2004-03-15,42.060703
2004-03-16,42.079277
2004-03-17,42.859222
2004-03-18,42.599220
2004-03-19,42.227840
2004-03-22,41.414482
2004-03-23,41.485035
2004-03-24,41.429337
2004-03-25,42.383820
2004-03-26,42.491348
2004-03-29,43.306206
2004-03-30,43.659672
2004-03-31,43.756413
2004-04-01,44.236404
2004-04-02,44.798229
2004-04-05,44.928467
2004-04-06,44.381512
2004-04-07,44.716373
2004-04-08,44.318249
2004-04-12,44.433594
2004-04-13,43.399216
2004-04-14,43.265270
2004-04-15,42.930393
2004-04-16,43.257824
2004-04-19,43.577827
2004-04-20,42.614117
2004-04-21,43.309925
2004-04-22,43.905247
2004-04-23,43.812241
2004-04-26,43.905247
2004-04-27,43.793606
2004-04-28,42.878319
2004-04-29,42.026245
2004-04-30,41.341625
2004-05-03,41.884853
2004-05-04,42.119247
2004-05-05,42.305317
2004-05-06,41.687664
2004-05-07,40.500717
2004-05-10,39.782619
2004-05-11,40.649567
2004-05-12,40.958389
2004-05-13,40.396568
2004-05-14,40.240261
2004-05-17,39.857033
2004-05-18,40.307262
2004-05-19,40.020741
2004-05-20,40.102612
2004-05-21,40.478405
2004-05-24,41.003025
2004-05-25,41.858814
2004-05-26,42.145321
2004-05-27,42.156487
2004-05-28,42.230881
2004-06-01,42.632759
2004-06-02,42.491348
2004-06-03,41.672768
2004-06-04,42.193676
2004-06-07,42.956448
2004-06-08,42.915501
2004-06-09,42.137886
2004-06-10,42.305317
2004-06-14,41.475563
2004-06-15,42.230881
2004-06-16,42.312763
2004-06-17,42.204853
2004-06-18,42.349953
2004-06-21,42.182510
2004-06-22,42.509949
2004-06-23,43.149929
2004-06-24,42.993649
2004-06-25,43.499161
2004-06-28,43.409618
2004-06-29,43.771492
2004-06-30,44.017715
2004-07-01,43.215618
2004-07-02,43.349911
2004-07-06,42.573975
2004-07-07,42.521717
2004-07-08,41.749493
2004-07-09,42.025547
2004-07-12,41.783047
2004-07-13,41.839035
2004-07-14,41.596542
2004-07-15,41.689781
2004-07-16,41.223469
2004-07-19,41.171230
2004-07-20,41.988251
2004-07-21,40.671341
2004-07-22,40.738487
2004-07-23,40.156517
2004-07-26,39.630470
2004-07-27,40.369133
2004-07-28,40.335579
2004-07-29,40.813107
2004-07-30,41.036942
2004-08-02,40.887718
2004-08-03,40.302017
2004-08-04,40.268440
2004-08-05,39.526031
2004-08-06,38.697826
2004-08-09,38.574718
2004-08-10,39.179081
2004-08-11,39.126842
2004-08-12,38.563515
2004-08-13,38.556068
2004-08-16,39.216412
2004-08-17,39.462608
2004-08-18,40.305733
2004-08-19,39.962517
2004-08-20,40.671341
2004-08-23,40.522099
2004-08-24,40.634037
2004-08-25,40.865322
2004-08-26,40.626560
2004-08-27,40.947403
2004-08-30,40.481068
2004-08-31,40.417645
2004-09-01,41.130203
2004-09-02,41.853947
2004-09-03,41.391357
2004-09-07,41.913639
2004-09-08,41.689781
2004-09-09,42.036743
2004-09-10,42.424725
2004-09-13,42.652325
2004-09-14,42.566483
2004-09-15,42.309082
2004-09-16,42.764221
2004-09-17,42.689602
2004-09-20,42.499359
2004-09-21,42.820194
2004-09-22,42.096439
2004-09-23,42.055393
2004-09-24,42.132069
2004-09-27,41.683319
2004-09-28,42.180672
2004-09-29,42.573307
2004-09-30,42.573307
2004-10-01,43.646538
2004-10-04,43.893330
2004-10-05,43.852207
2004-10-06,44.136391
2004-10-07,43.399708
2004-10-08,42.853752
2004-10-11,43.055687
2004-10-12,42.954727
2004-10-13,42.330257
2004-10-14,42.053539
2004-10-15,42.487293
2004-10-18,42.666779
2004-10-19,42.225540
2004-10-20,42.446163
2004-10-21,42.984638
2004-10-22,42.251728
2004-10-25,42.704189
2004-10-26,43.265102
2004-10-27,43.687660
2004-10-28,43.526863
2004-10-29,43.448345
2004-11-01,43.792366
2004-11-02,43.620346
2004-11-03,44.323364
2004-11-04,44.865582
2004-11-05,45.067524
2004-11-08,44.910446
2004-11-09,45.071255
2004-11-10,45.396568
2004-11-11,45.845306
2004-11-12,46.312725
2004-11-15,46.574493
2004-11-16,46.163158
2004-11-17,46.409954
2004-11-18,46.338917
2004-11-19,45.845306
2004-11-22,46.331421
2004-11-23,46.619366
2004-11-24,46.899803
2004-11-26,46.929733
2004-11-29,47.098019
2004-11-30,47.445770
2004-12-01,47.887032
2004-12-02,47.819721
2004-12-03,47.729973
2004-12-06,47.505589
2004-12-07,46.671715
2004-12-08,47.191494
2004-12-09,46.832512
2004-12-10,47.191494
2004-12-13,47.707535
2004-12-14,47.965542
2004-12-15,48.365685
2004-12-16,47.987991
2004-12-17,47.793522
2004-12-20,47.737450
2004-12-21,48.242279
2004-12-22,48.335758
2004-12-23,48.459919
2004-12-27,48.148571
2004-12-28,48.786308
2004-12-29,48.782528
2004-12-30,48.609974
2004-12-31,48.579971
2005-01-03,47.949734
2005-01-04,46.921860
2005-01-05,45.984035
2005-01-06,46.227879
2005-01-07,45.713943
2005-01-10,46.179104
2005-01-11,45.616398
2005-01-12,45.803967
2005-01-13,45.665173
2005-01-14,46.100323
2005-01-18,46.648037
2005-01-19,45.980282
2005-01-20,45.706432
2005-01-21,45.601387
2005-01-24,45.252518
2005-01-25,45.368828
2005-01-26,45.972797
2005-01-27,46.104080
2005-01-28,46.066566
2005-01-31,46.606762
2005-02-01,46.869350
2005-02-02,47.225739
2005-02-03,46.966896
2005-02-04,47.559597
2005-02-07,47.548336
2005-02-08,47.664642
2005-02-09,46.648037
2005-02-10,46.730560
2005-02-11,47.492069
2005-02-14,47.450806
2005-02-15,47.492069
2005-02-16,47.634632
2005-02-17,47.214481
2005-02-18,47.098179
2005-02-22,46.179104
2005-02-23,46.452953
2005-02-24,46.888111
2005-02-25,47.668419
2005-02-28,47.372032
2005-03-01,47.735924
2005-03-02,47.649632
2005-03-03,47.690903
2005-03-04,48.276108
2005-03-07,48.156055
2005-03-08,47.698402
2005-03-09,47.158207
2005-03-10,46.955627
2005-03-11,46.921860
2005-03-14,47.274498
2005-03-15,46.955627
2005-03-16,46.693050
2005-03-17,46.693050
2005-03-18,46.441708
2005-03-21,46.497982
2005-03-22,46.179104
2005-03-23,45.841469
2005-03-24,46.010296
2005-03-28,46.029125
2005-03-29,45.369713
2005-03-30,46.036690
2005-03-31,46.029125
2005-04-01,45.836975
2005-04-04,46.006542
2005-04-05,46.089439
2005-04-06,46.232628
2005-04-07,46.413513
2005-04-08,45.708858
2005-04-11,45.482742
2005-04-12,45.908550
2005-04-13,45.087086
2005-04-14,44.182697
2005-04-15,43.576004
2005-04-18,43.854874
2005-04-19,44.578377
2005-04-20,43.881233
2005-04-21,44.955200
2005-04-22,44.227917
2005-04-25,44.634888
2005-04-26,44.005615
2005-04-27,43.986771
2005-04-28,42.863804
2005-04-29,43.425301
2005-05-02,43.869938
2005-05-03,44.088501
2005-05-04,44.578377
2005-05-05,44.570827
2005-05-06,44.729099
2005-05-09,45.158669
2005-05-10,44.619823
2005-05-11,44.642422
2005-05-12,43.937767
2005-05-13,43.779503
2005-05-16,44.454002
2005-05-17,44.717793
2005-05-18,45.614635
2005-05-19,45.727676
2005-05-20,45.671169
2005-05-23,45.972626
2005-05-24,45.784210
2005-05-25,45.441303
2005-05-26,46.074371
2005-05-27,46.330585
2005-05-31,46.232628
2005-06-01,46.756413
2005-06-02,46.884537
2005-06-03,46.541622
2005-06-06,46.714962
2005-06-07,46.809166
2005-06-08,46.511490
2005-06-09,46.967449
2005-06-10,47.065414
2005-06-13,47.276432
2005-06-14,47.683422
2005-06-15,47.811520
2005-06-16,48.278793
2005-06-17,48.248631
2005-06-20,48.102089
2005-06-21,48.238068
2005-06-22,48.351383
2005-06-23,47.497807
2005-06-24,46.991711
2005-06-27,47.112564
2005-06-28,47.845261
2005-06-29,48.222954
2005-06-30,48.117214
2005-07-01,48.328728
2005-07-05,49.091618
2005-07-06,48.645988
2005-07-07,48.781940
2005-07-08,49.831917
2005-07-11,50.443745
2005-07-12,50.285130
2005-07-13,50.171814
2005-07-14,49.809254
2005-07-15,49.854572
2005-07-18,49.567532
2005-07-19,50.262459
2005-07-20,50.874317
2005-07-21,50.081169
2005-07-22,50.851654
2005-07-25,50.519279
2005-07-26,50.670383
2005-07-27,50.813892
2005-07-28,51.335106
2005-07-29,51.282223
2005-08-01,51.259575
2005-08-02,51.644806
2005-08-03,51.387959
2005-08-04,50.526844
2005-08-05,49.831917
2005-08-08,49.658165
2005-08-09,49.733704
2005-08-10,49.665714
2005-08-11,50.096287
2005-08-12,49.491993
2005-08-15,50.020741
2005-08-16,49.144508
2005-08-17,49.084091
2005-08-18,48.925453
2005-08-19,49.182289
2005-08-22,49.461769
2005-08-23,49.454224
2005-08-24,49.257812
2005-08-25,49.529758
2005-08-26,48.721500
2005-08-29,49.378674
2005-08-30,49.159634
2005-08-31,50.254913
2005-09-01,50.254913
2005-09-02,49.982986
2005-09-06,50.730793
2005-09-07,50.881851
2005-09-08,50.594822
2005-09-09,50.904522
2005-09-12,51.131138
2005-09-13,50.738350
2005-09-14,50.156719
2005-09-15,49.982986
2005-09-16,50.564625
2005-09-19,50.322899
2005-09-20,49.597740
2005-09-21,48.797047
2005-09-22,49.046318
2005-09-23,49.385761
2005-09-26,49.719124
2005-09-27,49.552441
2005-09-28,49.484257
2005-09-29,50.029785
2005-09-30,50.302555
2005-10-03,50.605625
2005-10-04,49.840366
2005-10-05,48.567478
2005-10-06,48.135582
2005-10-07,48.567478
2005-10-10,48.021923
2005-10-11,47.355171
2005-10-12,46.688393
2005-10-13,46.877811
2005-10-14,47.665813
2005-10-17,47.749165
2005-10-18,47.105133
2005-10-19,48.120430
2005-10-20,47.226357
2005-10-21,47.749165
2005-10-24,48.794758
2005-10-25,48.378025
2005-10-26,48.127998
2005-10-27,47.120293
2005-10-28,47.779469
2005-10-31,48.324993
2005-11-01,48.567478
2005-11-02,49.544872
2005-11-03,49.719124
2005-11-04,49.613060
2005-11-07,49.794918
2005-11-08,49.613060
2005-11-09,49.779755
2005-11-10,50.044949
2005-11-11,50.332863
2005-11-14,50.151020
2005-11-15,49.423630
2005-11-16,49.438797
2005-11-17,50.294975
2005-11-18,50.681381
2005-11-21,51.196621
2005-11-22,51.469379
2005-11-23,51.530018
2005-11-25,51.492126
2005-11-28,50.810184
2005-11-29,50.885975
2005-11-30,51.105694
2005-12-01,51.939159
2005-12-02,52.143703
2005-12-05,51.772446
2005-12-06,51.931545
2005-12-07,51.613346
2005-12-08,51.749718
2005-12-09,52.007370
2005-12-12,52.166443
2005-12-13,52.174034
2005-12-14,52.113415
2005-12-15,51.583035
2005-12-16,51.401192
2005-12-19,50.764732
2005-12-20,50.749584
2005-12-21,51.363304
2005-12-22,51.698738
2005-12-23,51.820438
2005-12-27,51.044613
2005-12-28,51.348869
2005-12-29,51.075035
2005-12-30,50.747971
2006-01-03,51.759590
2006-01-04,52.041027
2006-01-05,52.322426
2006-01-06,52.946129
2006-01-09,53.296017
2006-01-10,53.775211
2006-01-11,53.683952
2006-01-12,53.493793
2006-01-13,53.516598
2006-01-17,53.265606
2006-01-18,53.151508
2006-01-19,54.003407
2006-01-20,53.387291
2006-01-23,53.554615
2006-01-24,54.155510
2006-01-25,54.292419
2006-01-26,55.075851
2006-01-27,55.349674
2006-01-30,55.189926
2006-01-31,55.030216
2006-02-01,55.600662
2006-02-02,54.764011
2006-02-03,54.596661
2006-02-06,55.083469
2006-02-07,54.193558
2006-02-08,54.535824
2006-02-09,54.254387
2006-02-10,54.140305
2006-02-13,53.782814
2006-02-14,54.406506
2006-02-15,54.885693
2006-02-16,55.372494
2006-02-17,55.258404
2006-02-21,55.015007
2006-02-22,55.387695
2006-02-23,55.349674
2006-02-24,55.790833
2006-02-27,55.942947
2006-02-28,55.205162
2006-03-01,56.209171
2006-03-02,55.973366
2006-03-03,55.691952
2006-03-06,55.258404
2006-03-07,54.459743
2006-03-08,54.649891
2006-03-09,54.170750
2006-03-10,55.007378
2006-03-13,55.121502
2006-03-14,55.729980
2006-03-15,56.239597
2006-03-16,56.110275
2006-03-17,56.338467
2006-03-20,56.308064
2006-03-21,55.524601
2006-03-22,56.384090
2006-03-23,56.627506
2006-03-24,57.099411
2006-03-27,57.106995
2006-03-28,56.809700
2006-03-29,57.861732
2006-03-30,57.709274
2006-03-31,57.915081
2006-04-03,57.434799
2006-04-04,57.694016
2006-04-05,57.991333
2006-04-06,58.113289
2006-04-07,57.183254
2006-04-10,57.122246
2006-04-11,56.108330
2006-04-12,56.695339
2006-04-13,56.840176
2006-04-17,56.878288
2006-04-18,58.471596
2006-04-19,58.898499
2006-04-20,58.585926
2006-04-21,58.456375
2006-04-24,57.991333
2006-04-25,58.029461
2006-04-26,57.983696
2006-04-27,57.503410
2006-04-28,58.090439
2006-05-01,57.373806
2006-05-02,58.159035
2006-05-03,58.059925
2006-05-04,58.768913
2006-05-05,59.096722
2006-05-08,59.180584
2006-05-09,59.096722
2006-05-10,58.738426
2006-05-11,57.411945
2006-05-12,56.032097
2006-05-15,55.780537
2006-05-16,55.872025
2006-05-17,54.850471
2006-05-18,54.332081
2006-05-19,54.812351
2006-05-22,54.202488
2006-05-23,53.501133
2006-05-24,53.912800
2006-05-25,55.048698
2006-05-26,55.376484
2006-05-30,53.851799
2006-05-31,54.789486
2006-06-01,55.856766
2006-06-02,55.818649
2006-06-05,54.194855
2006-06-06,53.966175
2006-06-07,53.440155
2006-06-08,53.485905
2006-06-09,53.013229
2006-06-12,51.793495
2006-06-13,50.810089
2006-06-14,51.419937
2006-06-15,53.180935
2006-06-16,52.487213
2006-06-19,51.458069
2006-06-20,51.397057
2006-06-21,52.296638
2006-06-22,52.101944
2006-06-23,52.414963
2006-06-26,53.063950
2006-06-27,52.147736
2006-06-28,52.376808
2006-06-29,54.400120
2006-06-30,54.766602
2006-07-03,55.453762
2006-07-05,54.644447
2006-07-06,54.629116
2006-07-07,53.819836
2006-07-10,53.827477
2006-07-11,54.300854
2006-07-12,53.178486
2006-07-13,51.972145
2006-07-14,51.559872
2006-07-17,51.491138
2006-07-18,51.842327
2006-07-19,53.063950
2006-07-20,51.704899
2006-07-21,50.964302
2006-07-24,52.590588
2006-07-25,52.720383
2006-07-26,52.605835
2006-07-27,52.101944
2006-07-28,53.193748
2006-07-31,53.201385
2006-08-01,52.369160
2006-08-02,53.063950
2006-08-03,53.705303
2006-08-04,53.155582
2006-08-07,52.949451
2006-08-08,52.216461
2006-08-09,51.689644
2006-08-10,52.147736
2006-08-11,51.613293
2006-08-14,51.918701
2006-08-15,53.002876
2006-08-16,53.766380
2006-08-17,53.850384
2006-08-18,54.163399
2006-08-21,53.583160
2006-08-22,53.758759
2006-08-23,53.140308
2006-08-24,53.048679
2006-08-25,53.140308
2006-08-28,53.705303
2006-08-29,54.400120
2006-08-30,54.820034
2006-08-31,54.797119
2006-09-01,54.835300
2006-09-05,55.331604
2006-09-06,54.155785
2006-09-07,53.674782
2006-09-08,53.880924
2006-09-11,53.812195
2006-09-12,55.079632
2006-09-13,55.545353
2006-09-14,55.346863
2006-09-15,55.476673
2006-09-18,55.461365
2006-09-19,55.217072
2006-09-20,55.957680
2006-09-21,55.354485
2006-09-22,54.621536
2006-09-25,55.270496
2006-09-26,55.447445
2006-09-27,55.853428
2006-09-28,55.631275
2006-09-29,55.148727
2006-10-02,54.627865
2006-10-03,54.551277
2006-10-04,55.876362
2006-10-05,56.588699
2006-10-06,56.297649
2006-10-09,56.726562
2006-10-10,56.757236
2006-10-11,56.535099
2006-10-12,57.676365
2006-10-13,58.135960
2006-10-16,58.480610
2006-10-17,58.189545
2006-10-18,58.197227
2006-10-19,58.480610
2006-10-20,57.906162
2006-10-23,58.021049
2006-10-24,58.135960
2006-10-25,58.518921
2006-10-26,59.009136
2006-10-27,58.319778
2006-10-30,58.572540
2006-10-31,58.388721
2006-11-01,57.124893
2006-11-02,57.040623
2006-11-03,57.316376
2006-11-06,57.982754
2006-11-07,58.365726
2006-11-08,58.664429
2006-11-09,58.128273
2006-11-10,58.610813
2006-11-13,58.695080
2006-11-14,59.828709
2006-11-15,60.280636
2006-11-16,60.234669
2006-11-17,60.196339
2006-11-20,60.280636
2006-11-21,60.380196
2006-11-22,60.449116
2006-11-24,60.173405
2006-11-27,58.825306
2006-11-28,59.024456
2006-11-29,59.790405
2006-11-30,59.798069
2006-12-01,59.575947
2006-12-04,60.755505
2006-12-05,60.801479
2006-12-06,60.594643
2006-12-07,60.334225
2006-12-08,60.341904
2006-12-11,60.495098
2006-12-12,60.165703
2006-12-13,60.242313
2006-12-14,60.487404
2006-12-15,60.433811
2006-12-18,59.675510
2006-12-19,59.637203
2006-12-20,59.982586
2006-12-21,59.705666
2006-12-22,59.313400
2006-12-26,60.159477
2006-12-27,60.874866
2006-12-28,60.597965
2006-12-29,60.021072
2007-01-03,60.121052
2007-01-04,60.282585
2007-01-05,59.021072
2007-01-08,58.790298
2007-01-09,59.344131
2007-01-10,59.805691
2007-01-11,60.174892
2007-01-12,60.751812
2007-01-16,60.344124
2007-01-17,60.082581
2007-01-18,59.582600
2007-01-19,59.813354
2007-01-22,59.374943
2007-01-23,59.936443
2007-01-24,60.590252
2007-01-25,59.828758
2007-01-26,60.051811
2007-01-29,60.574863
2007-01-30,60.905632
2007-01-31,61.036411
2007-02-01,61.690220
2007-02-02,61.728676
2007-02-05,61.720982
2007-02-06,61.874832
2007-02-07,62.444019
2007-02-08,62.344082
2007-02-09,61.774834
2007-02-12,61.605568
2007-02-13,62.059456
2007-02-14,62.151772
2007-02-15,62.197880
2007-02-16,62.436359
2007-02-20,63.036350
2007-02-21,63.151684
2007-02-22,63.374756
2007-02-23,63.036350
2007-02-26,62.990185
2007-02-27,60.036419
2007-02-28,60.636406
2007-03-01,60.320992
2007-03-02,59.121075
2007-03-05,57.821095
2007-03-06,59.398010
2007-03-07,59.205688
2007-03-08,59.651817
2007-03-09,60.136425
2007-03-12,60.305653
2007-03-13,58.759529
2007-03-14,59.382607
2007-03-15,59.844151
2007-03-16,59.436440
2007-03-19,60.174892
2007-03-20,60.651775
2007-03-21,61.744061
2007-03-22,61.744061
2007-03-23,61.839626
2007-03-26,61.708595
2007-03-27,61.423443
2007-03-28,60.999588
2007-03-29,61.076668
2007-03-30,61.230778
2007-04-02,61.384895
2007-04-03,62.039997
2007-04-04,62.032299
2007-04-05,61.993755
2007-04-09,62.078545
2007-04-10,62.271210
2007-04-11,61.885860
2007-04-12,62.302036
2007-04-13,62.702831
2007-04-16,63.565960
2007-04-17,63.373299
2007-04-18,63.003372
2007-04-19,62.702831
2007-04-20,63.434929
2007-04-23,63.365593
2007-04-24,63.334759
2007-04-25,63.512051
2007-04-26,63.866531
2007-04-27,63.596767
2007-04-30,62.224983
2007-05-01,62.479321
2007-05-02,63.311665
2007-05-03,63.427208
2007-05-04,63.828007
2007-05-07,63.643051
2007-05-08,63.419518
2007-05-09,63.673870
2007-05-10,62.887764
2007-05-11,63.458061
2007-05-14,62.903164
2007-05-15,62.402245
2007-05-16,62.741333
2007-05-17,62.255806
2007-05-18,62.987953
2007-05-21,63.781757
2007-05-22,64.174812
2007-05-23,64.005310
2007-05-24,63.165165
2007-05-25,63.573662
2007-05-29,64.159393
2007-05-30,64.590958
2007-05-31,64.945465
2007-06-01,65.276840
2007-06-04,65.346260
2007-06-05,65.084183
2007-06-06,64.359764
2007-06-07,63.026493
2007-06-08,63.851131
2007-06-11,63.866531
2007-06-12,62.810707
2007-06-13,63.650749
2007-06-14,64.228745
2007-06-15,64.991722
2007-06-18,64.868431
2007-06-19,65.037964
2007-06-20,63.912777
2007-06-21,64.413712
2007-06-22,63.905045
2007-06-25,63.573662
2007-06-26,63.103550
2007-06-27,64.421417
2007-06-28,64.412903
2007-06-29,64.011414
2007-07-02,64.837593
2007-07-03,65.146477
2007-07-05,65.254562
2007-07-06,65.478523
2007-07-09,65.416725
2007-07-10,64.343422
2007-07-11,64.729538
2007-07-12,65.493942
2007-07-13,65.555710
2007-07-16,65.231430
2007-07-17,65.277740
2007-07-18,65.069244
2007-07-19,65.254562
2007-07-20,64.281662
2007-07-23,64.042274
2007-07-24,62.544315
2007-07-25,62.312683
2007-07-26,60.644833
2007-07-27,59.170013
2007-07-30,60.196980
2007-07-31,59.532928
2007-08-01,59.857224
2007-08-02,60.328228
2007-08-03,58.181664
2007-08-06,58.706711
2007-08-07,59.610126
2007-08-08,61.401520
2007-08-09,59.988514
2007-08-10,60.274174
2007-08-13,59.949890
2007-08-14,58.922916
2007-08-15,58.065845
2007-08-16,59.355328
2007-08-17,60.544426
2007-08-20,60.590790
2007-08-21,60.760624
2007-08-22,61.486454
2007-08-23,60.698883
2007-08-24,61.486454
2007-08-27,60.637104
2007-08-28,59.108242
2007-08-29,60.660290
2007-08-30,60.251041
2007-08-31,60.799236
2007-09-04,61.579094
2007-09-05,61.007732
2007-09-06,61.023167
2007-09-07,60.019390
2007-09-10,59.185440
2007-09-11,60.220142
2007-09-12,59.841797
2007-09-13,59.988514
2007-09-14,60.297379
2007-09-17,59.633316
2007-09-18,62.173683
2007-09-19,63.007614
2007-09-20,62.382179
2007-09-21,62.513428
2007-09-24,62.034718
2007-09-25,61.783146
2007-09-26,62.324978
2007-09-27,62.696491
2007-09-28,61.953403
2007-10-01,63.493755
2007-10-02,63.903976
2007-10-03,63.725945
2007-10-04,63.826584
2007-10-05,65.119194
2007-10-08,64.631584
2007-10-09,65.157921
2007-10-10,65.103706
2007-10-11,64.368416
2007-10-12,64.879288
2007-10-15,64.128456
2007-10-16,63.393120
2007-10-17,63.640827
2007-10-18,63.486019
2007-10-19,61.218067
2007-10-22,62.510715
2007-10-23,62.990627
2007-10-24,62.588139
2007-10-25,62.433319
2007-10-26,63.478275
2007-10-29,63.408562
2007-10-30,62.905491
2007-10-31,63.718224
2007-11-01,61.256824
2007-11-02,61.558674
2007-11-05,60.745945
2007-11-06,61.891495
2007-11-07,59.971912
2007-11-08,60.149956
2007-11-09,59.484230
2007-11-12,58.911469
2007-11-13,60.761414
2007-11-14,60.413109
2007-11-15,59.553944
2007-11-16,59.050808
2007-11-19,57.773663
2007-11-20,58.106487
2007-11-21,56.891273
2007-11-23,58.098770
2007-11-26,56.581646
2007-11-27,57.239590
2007-11-28,59.499760
2007-11-29,58.988873
2007-11-30,59.329430
2007-12-03,58.632816
2007-12-04,58.013603
2007-12-05,59.166893
2007-12-06,60.567902
2007-12-07,60.753651
2007-12-10,61.233582
2007-12-11,59.097233
2007-12-12,59.530704
2007-12-13,59.205627
2007-12-14,58.052315
2007-12-17,57.162186
2007-12-18,58.183884
2007-12-19,58.594139
2007-12-20,59.476521
2007-12-21,60.838814
2007-12-24,61.280037
2007-12-26,61.566391
2007-12-27,60.103985
2007-12-28,59.459423
2007-12-31,58.946823
2008-01-02,58.372120
2008-01-03,57.727493
2008-01-04,55.987812
2008-01-07,56.112076
2008-01-08,54.380169
2008-01-09,54.931595
2008-01-10,55.684929
2008-01-11,54.535522
2008-01-14,54.985970
2008-01-15,53.976334
2008-01-16,54.030678
2008-01-17,52.718166
2008-01-18,52.205597
2008-01-22,51.832794
2008-01-23,53.603546
2008-01-24,53.564697
2008-01-25,53.176399
2008-01-28,54.302502
2008-01-29,54.442291
2008-01-30,53.758869
2008-01-31,55.094688
2008-02-01,56.391697
2008-02-04,55.754818
2008-02-05,54.325802
2008-02-06,53.603546
2008-02-07,54.450066
2008-02-08,54.108353
2008-02-11,54.131634
2008-02-12,54.558838
2008-02-13,55.793663
2008-02-14,54.504456
2008-02-15,54.263699
2008-02-19,54.931595
2008-02-20,54.962646
2008-02-21,53.914192
2008-02-22,53.914192
2008-02-25,54.962646
2008-02-26,55.475243
2008-02-27,55.451958
2008-02-28,54.613186
2008-02-29,53.479263
2008-03-03,52.966698
2008-03-04,52.656052
2008-03-05,53.160858
2008-03-06,51.390114
2008-03-07,51.227028
2008-03-10,50.093155
2008-03-11,52.267712
2008-03-12,51.661945
2008-03-13,52.694866
2008-03-14,51.366829
2008-03-17,50.528046
2008-03-18,52.850193
2008-03-19,51.529930
2008-03-20,52.407520
2008-03-24,54.445633
2008-03-25,54.624565
2008-03-26,54.173347
2008-03-27,53.675495
2008-03-28,53.045391
2008-03-31,53.123199
2008-04-01,55.067963
2008-04-02,55.200203
2008-04-03,55.371353
2008-04-04,55.355766
2008-04-07,55.262440
2008-04-08,55.207962
2008-04-09,54.305614
2008-04-10,54.881275
2008-04-11,53.473259
2008-04-14,53.309883
2008-04-15,53.652164
2008-04-16,55.386879
2008-04-17,55.169056
2008-04-18,55.752518
2008-04-21,55.760288
2008-04-22,54.741241
2008-04-23,54.881275
2008-04-24,55.410236
2008-04-25,55.931438
2008-04-28,56.304817
2008-04-29,55.806976
2008-04-30,55.542492
2008-05-01,56.499306
2008-05-02,56.437084
2008-05-05,56.219250
2008-05-06,56.678223
2008-05-07,55.666935
2008-05-08,55.783623
2008-05-09,55.620270
2008-05-12,56.841579
2008-05-13,57.168293
2008-05-14,57.098316
2008-05-15,57.214989
2008-05-16,57.526134
2008-05-19,57.541702
2008-05-20,57.331676
2008-05-21,56.514870
2008-05-22,56.919373
2008-05-23,56.172581
2008-05-27,57.036049
2008-05-28,57.300564
2008-05-29,57.883972
2008-05-30,58.086205
2008-06-02,57.557262
2008-06-03,57.440571
2008-06-04,57.798431
2008-06-05,59.276459
2008-06-06,57.502769
2008-06-09,57.316124
2008-06-10,56.896030
2008-06-11,55.908100
2008-06-12,56.024792
2008-06-13,57.036049
2008-06-16,57.393894
2008-06-17,57.347214
2008-06-18,56.888245
2008-06-19,57.362766
2008-06-20,56.452618
2008-06-23,55.923637
2008-06-24,54.997948
2008-06-25,55.620270
2008-06-26,54.188950
2008-06-27,54.243370
2008-06-30,53.714394
2008-07-01,53.753284
2008-07-02,52.228371
2008-07-03,51.947277
2008-07-07,51.291405
2008-07-08,53.149727
2008-07-09,51.728668
2008-07-10,52.236198
2008-07-11,52.525085
2008-07-14,51.658394
2008-07-15,51.439762
2008-07-16,53.329315
2008-07-17,53.407402
2008-07-18,53.782200
2008-07-21,54.438061
2008-07-22,55.804489
2008-07-23,56.163647
2008-07-24,54.742588
2008-07-25,55.187641
2008-07-28,54.250671
2008-07-29,55.578060
2008-07-30,55.913795
2008-07-31,55.687359
2008-08-01,55.757637
2008-08-04,55.242287
2008-08-05,56.187084
2008-08-06,56.468204
2008-08-07,55.624874
2008-08-08,57.092808
2008-08-11,58.459221
2008-08-12,58.021992
2008-08-13,58.232826
2008-08-14,58.795013
2008-08-15,58.638824
2008-08-18,57.881432
2008-08-19,56.921040
2008-08-20,56.999126
2008-08-21,56.343258
2008-08-22,57.530094
2008-08-25,56.265182
2008-08-26,56.351051
2008-08-27,57.022541
2008-08-28,58.178177
2008-08-29,57.678436
2008-09-02,57.662823
2008-09-03,57.897076
2008-09-04,56.077766
2008-09-05,55.937233
2008-09-08,56.593117
2008-09-09,55.289154
2008-09-10,55.804489
2008-09-11,56.155857
2008-09-12,56.413502
2008-09-15,53.883701
2008-09-16,55.437485
2008-09-17,52.938919
2008-09-18,56.062176
2008-09-19,58.560760
2008-09-22,56.179283
2008-09-23,55.429707
2008-09-24,54.725483
2008-09-25,55.007172
2008-09-26,55.265388
2008-09-29,50.899239
2008-09-30,53.207527
2008-10-01,52.440670
2008-10-02,49.749020
2008-10-03,49.060459
2008-10-06,46.728710
2008-10-07,43.661453
2008-10-08,42.612957
2008-10-09,39.115334
2008-10-10,41.040218
2008-10-13,44.584755
2008-10-14,43.332817
2008-10-15,39.443966
2008-10-16,42.026108
2008-10-17,40.844570
2008-10-20,42.792912
2008-10-21,41.611393
2008-10-22,39.506573
2008-10-23,38.332878
2008-10-24,36.908806
2008-10-27,35.101303
2008-10-28,37.910358
2008-10-29,38.105957
2008-10-30,40.242077
2008-10-31,42.057388
2008-11-03,42.112164
2008-11-04,42.597298
2008-11-05,40.367298
2008-11-06,38.802361
2008-11-07,39.608273
2008-11-10,38.692806
2008-11-11,37.855572
2008-11-12,35.649033
2008-11-13,38.583260
2008-11-14,35.711613
2008-11-17,35.406483
2008-11-18,35.234314
2008-11-19,32.362690
2008-11-20,30.148317
2008-11-21,31.799305
2008-11-24,34.037155
2008-11-25,34.600529
2008-11-26,36.674053
2008-11-28,37.041813
2008-12-01,32.879097
2008-12-02,34.608356
2008-12-03,35.656853
2008-12-04,34.475304
2008-12-05,36.071548
2008-12-08,37.667789
2008-12-09,36.501911
2008-12-10,37.362617
2008-12-11,35.469063
2008-12-12,36.689713
2008-12-15,35.508179
2008-12-16,37.816444
2008-12-17,38.160736
2008-12-18,37.918167
2008-12-19,38.105957
2008-12-22,37.370445
2008-12-23,36.827232
2008-12-24,36.961246
2008-12-26,37.489510
2008-12-29,36.913937
2008-12-30,37.938896
2008-12-31,38.821915
2009-01-02,39.594578
2009-01-05,39.736507
2009-01-06,40.406658
2009-01-07,39.216148
2009-01-08,39.405365
2009-01-09,37.946796
2009-01-12,36.819328
2009-01-13,37.308144
2009-01-14,35.668247
2009-01-15,36.243797
2009-01-16,36.645893
2009-01-20,34.162361
2009-01-21,35.865337
2009-01-22,34.824623
2009-01-23,34.998096
2009-01-26,35.392277
2009-01-27,35.778622
2009-01-28,37.252983
2009-01-29,35.794392
2009-01-30,35.069042
2009-02-02,35.352882
2009-02-03,35.605175
2009-02-04,35.344997
2009-02-05,35.754959
2009-02-06,37.024323
2009-02-09,36.858768
2009-02-10,35.155777
2009-02-11,35.289810
2009-02-12,35.589401
2009-02-13,35.218838
2009-02-17,33.823338
2009-02-18,33.342396
2009-02-19,32.877220
2009-02-20,32.435703
2009-02-23,31.189991
2009-02-24,32.341106
2009-02-25,31.670938
2009-02-26,31.079624
2009-02-27,30.866772
2009-03-02,29.124338
2009-03-03,28.572445
2009-03-04,29.163757
2009-03-05,27.610558
2009-03-06,27.752483
2009-03-09,27.113850
2009-03-10,28.879925
2009-03-11,28.919340
2009-03-12,30.716942
2009-03-13,31.040201
2009-03-16,30.480419
2009-03-17,31.891699
2009-03-18,32.995499
2009-03-19,32.648586
2009-03-20,31.521147
2009-03-23,34.201763
2009-03-24,32.873695
2009-03-25,33.799152
2009-03-26,35.104309
2009-03-27,33.925720
2009-03-30,32.952805
2009-03-31,33.261288
2009-04-01,33.838696
2009-04-02,35.531441
2009-04-03,36.093040
2009-04-06,35.476067
2009-04-07,34.218372
2009-04-08,34.851181
2009-04-09,36.891945
2009-04-13,36.907761
2009-04-14,35.839912
2009-04-15,36.385712
2009-04-16,37.437729
2009-04-17,37.769943
2009-04-20,35.832020
2009-04-21,37.073883
2009-04-22,37.065948
2009-04-23,36.978962
2009-04-24,37.667126
2009-04-27,37.263706
2009-04-28,37.319084
2009-04-29,38.734951
2009-04-30,38.379013
2009-05-01,38.616314
2009-05-04,40.024281
2009-05-05,39.826527
2009-05-06,39.937263
2009-05-07,38.995995
2009-05-08,40.348587
2009-05-11,39.755348
2009-05-12,39.193729
2009-05-13,37.398178
2009-05-14,37.920235
2009-05-15,37.777851
2009-05-18,39.043453
2009-05-19,39.059261
2009-05-20,38.695400
2009-05-21,38.197094
2009-05-22,37.801601
2009-05-26,39.605053
2009-05-27,38.837780
2009-05-28,38.885239
2009-05-29,39.684143
2009-06-01,41.234482
2009-06-02,41.748650
2009-06-03,41.471790
2009-06-04,42.065048
2009-06-05,42.080860
2009-06-08,41.582546
2009-06-09,41.772381
2009-06-10,41.606266
2009-06-11,41.622086
2009-06-12,41.748650
2009-06-15,40.625435
2009-06-16,39.945179
2009-06-17,40.158756
2009-06-18,40.340683
2009-06-19,40.585873
2009-06-22,39.146282
2009-06-23,38.829876
2009-06-24,39.249107
2009-06-25,40.380238
2009-06-26,40.522610
2009-06-29,40.522610
2009-06-30,40.403946
2009-07-01,41.028851
2009-07-02,39.616745
2009-07-06,39.267475
2009-07-07,38.418156
2009-07-08,38.156189
2009-07-09,37.997463
2009-07-10,38.180019
2009-07-13,39.100784
2009-07-14,39.330978
2009-07-15,40.847080
2009-07-16,41.355061
2009-07-17,41.196323
2009-07-20,41.704338
2009-07-21,41.632908
2009-07-22,41.958336
2009-07-23,43.283924
2009-07-24,43.506180
2009-07-27,43.728436
2009-07-28,43.752262
2009-07-29,43.529987
2009-07-30,44.292004
2009-07-31,44.109428
2009-08-03,44.879391
2009-08-04,45.331837
2009-08-05,44.879391
2009-08-06,44.252312
2009-08-07,45.315968
2009-08-10,45.395348
2009-08-11,44.665073
2009-08-12,45.339771
2009-08-13,45.712860
2009-08-14,44.776192
2009-08-17,43.514107
2009-08-18,44.093548
2009-08-19,44.633339
2009-08-20,45.117508
2009-08-21,46.157341
2009-08-24,46.141472
2009-08-25,46.339920
2009-08-26,46.443115
2009-08-27,46.371655
2009-08-28,46.077984
2009-08-31,45.403267
2009-09-01,44.387260
2009-09-02,44.165001
2009-09-03,44.657124
2009-09-04,45.284210
2009-09-08,45.784283
2009-09-09,46.570095
2009-09-10,47.149555
2009-09-11,47.165428
2009-09-14,47.665485
2009-09-15,48.054440
2009-09-16,49.046658
2009-09-17,48.943459
2009-09-18,49.141903
2009-09-21,49.006962
2009-09-22,49.345097
2009-09-23,48.875694
2009-09-24,47.897049
2009-09-25,47.602665
2009-09-28,48.740421
2009-09-29,48.525612
2009-09-30,47.928875
2009-10-01,46.496750
2009-10-02,46.146667
2009-10-05,46.974117
2009-10-06,47.849316
2009-10-07,47.865215
2009-10-08,48.302826
2009-10-09,48.867722
2009-10-12,48.875694
2009-10-13,48.668812
2009-10-14,49.599712
2009-10-15,49.567883
2009-10-16,49.074593
2009-10-19,49.480377
2009-10-20,48.796116
2009-10-21,48.135735
2009-10-22,48.804070
2009-10-23,47.785667
2009-10-26,47.356026
2009-10-27,46.775208
2009-10-28,45.215771
2009-10-29,46.075066
2009-10-30,44.817955
2009-11-02,44.730442
2009-11-03,45.406723
2009-11-04,44.754303
2009-11-05,46.178490
2009-11-06,46.210320
2009-11-09,47.117336
2009-11-10,46.822956
2009-11-11,47.149147
2009-11-12,46.281929
2009-11-13,46.727463
2009-11-16,47.960697
2009-11-17,47.960697
2009-11-18,47.865215
2009-11-19,46.671780
2009-11-20,46.616089
2009-11-23,47.427620
2009-11-24,47.212822
2009-11-25,47.204857
2009-11-27,45.812485
2009-11-30,46.218262
2009-12-01,46.934338
2009-12-02,47.491272
2009-12-03,46.910465
2009-12-04,48.072090
2009-12-07,48.143688
2009-12-08,47.769749
2009-12-09,47.618584
2009-12-10,47.427620
2009-12-11,47.873180
2009-12-14,48.597210
2009-12-15,48.461956
2009-12-16,48.772251
2009-12-17,48.231224
2009-12-18,48.676777
2009-12-21,49.321236
2009-12-22,49.782700
2009-12-23,50.424183
2009-12-24,50.615910
2009-12-28,50.536030
2009-12-29,50.512077
2009-12-30,50.480099
2009-12-31,49.880959
2010-01-04,51.111202
2010-01-05,50.935448
2010-01-06,50.887539
2010-01-07,51.262997
2010-01-08,51.542606
2010-01-11,51.334881
2010-01-12,50.775692
2010-01-13,51.430756
2010-01-14,51.622486
2010-01-15,50.871552
2010-01-19,51.806206
2010-01-20,51.055290
2010-01-21,50.216488
2010-01-22,49.313774
2010-01-25,49.369701
2010-01-26,48.882389
2010-01-27,49.401642
2010-01-28,48.554848
2010-01-29,48.019611
2010-02-01,48.586796
2010-02-02,49.122044
2010-02-03,48.794506
2010-02-04,47.164818
2010-02-05,47.348568
2010-02-08,46.877235
2010-02-09,47.524303
2010-02-10,47.636173
2010-02-11,48.395081
2010-02-12,48.746578
2010-02-16,49.569401
2010-02-17,49.904915
2010-02-18,50.312340
2010-02-19,50.376232
2010-02-22,50.528030
2010-02-23,49.936890
2010-02-24,50.360275
2010-02-25,50.376232
2010-02-26,50.168556
2010-03-01,51.334881
2010-03-02,51.726337
2010-03-03,52.021912
2010-03-04,52.157715
2010-03-05,53.220207
2010-03-08,53.316055
2010-03-09,53.507790
2010-03-10,53.963161
2010-03-11,54.122910
2010-03-12,54.098953
2010-03-15,53.915226
2010-03-16,54.378540
2010-03-17,54.698105
2010-03-18,54.530323
2010-03-19,53.851295
2010-03-22,54.610222
2010-03-23,55.305237
2010-03-24,54.674168
2010-03-25,54.329803
2010-03-26,54.305771
2010-03-29,54.602081
2010-03-30,54.770267
2010-03-31,54.297779
2010-04-01,54.802322
2010-04-05,55.827377
2010-04-06,56.155739
2010-04-07,55.979553
2010-04-08,55.923489
2010-04-09,56.259838
2010-04-12,56.492092
2010-04-13,56.620228
2010-04-14,57.829536
2010-04-15,58.005707
2010-04-16,57.228901
2010-04-19,56.948574
2010-04-20,57.725410
2010-04-21,58.125843
2010-04-22,58.742496
2010-04-23,59.367165
2010-04-26,59.142918
2010-04-27,57.789490
2010-04-28,57.885567
2010-04-29,59.110878
2010-04-30,57.381073
2010-05-03,58.670425
2010-05-04,56.828457
2010-05-05,55.995571
2010-05-06,53.897339
2010-05-07,52.343678
2010-05-10,55.282810
2010-05-11,55.651192
2010-05-12,57.357029
2010-05-13,56.804428
2010-05-14,55.707256
2010-05-17,55.811398
2010-05-18,54.738235
2010-05-19,54.089558
2010-05-20,51.350639
2010-05-21,52.111431
2010-05-24,51.414707
2010-05-25,51.406700
2010-05-26,51.534817
2010-05-27,53.745163
2010-05-28,53.056442
2010-06-01,51.446732
2010-06-02,52.912273
2010-06-03,53.593014
2010-06-04,50.902153
2010-06-07,49.588753
2010-06-08,49.564735
2010-06-09,49.596771
2010-06-10,51.310600
2010-06-11,52.007332
2010-06-14,52.335690
2010-06-15,53.649063
2010-06-16,53.400803
2010-06-17,53.464890
2010-06-18,53.496910
2010-06-21,52.944340
2010-06-22,51.855156
2010-06-23,51.711018
2010-06-24,50.886135
2010-06-25,51.759060
2010-06-28,51.462765
2010-06-29,49.516678
2010-06-30,48.948055
2010-07-01,48.595718
2010-07-02,48.064606
2010-07-06,47.437878
2010-07-07,49.093060
2010-07-08,49.800125
2010-07-09,50.571472
2010-07-12,50.000996
2010-07-13,51.583874
2010-07-14,51.399078
2010-07-15,50.925007
2010-07-16,49.068947
2010-07-19,49.277859
2010-07-20,50.105446
2010-07-21,49.205540
2010-07-22,50.957150
2010-07-23,52.210609
2010-07-26,53.399757
2010-07-27,53.206902
2010-07-28,52.347187
2010-07-29,52.210609
2010-07-30,52.242725
2010-08-02,53.150673
2010-08-03,52.724827
2010-08-04,53.279236
2010-08-05,52.652496
2010-08-06,52.339134
2010-08-09,52.917648
2010-08-10,51.921310
2010-08-11,49.880482
2010-08-12,49.631390
2010-08-13,49.068947
2010-08-16,49.462669
2010-08-17,50.314350
2010-08-18,50.467026
2010-08-19,49.085030
2010-08-20,49.133236
2010-08-23,48.466343
2010-08-24,47.911934
2010-08-25,48.635071
2010-08-26,48.273495
2010-08-27,49.534969
2010-08-30,48.450264
2010-08-31,48.353851
2010-09-01,50.225979
2010-09-02,50.780373
2010-09-03,51.688328
2010-09-07,50.708073
2010-09-08,51.005348
2010-09-09,51.037495
2010-09-10,51.198200
2010-09-13,52.443607
2010-09-14,52.218628
2010-09-15,52.515907
2010-09-16,52.178452
2010-09-17,52.395390
2010-09-20,53.849705
2010-09-21,53.536350
2010-09-22,52.901581
2010-09-23,52.261200
2010-09-24,53.960819
2010-09-27,53.823883
2010-09-28,54.355526
2010-09-29,54.508560
2010-09-30,54.371651
2010-10-01,54.661633
2010-10-04,53.920578
2010-10-05,55.451000
2010-10-06,55.265743
2010-10-07,55.104652
2010-10-08,55.805439
2010-10-11,55.853756
2010-10-12,55.998745
2010-10-13,56.852585
2010-10-14,56.812309
2010-10-15,56.618999
2010-10-18,57.094254
2010-10-19,55.982635
2010-10-20,56.554565
2010-10-21,56.280693
2010-10-22,56.643162
2010-10-25,56.981457
2010-10-26,56.941204
2010-10-27,56.796211
2010-10-28,56.449837
2010-10-29,56.627045
2010-11-01,56.240406
2010-11-02,57.408375
2010-11-03,57.633926
2010-11-04,59.091904
2010-11-05,59.422134
2010-11-08,59.373833
2010-11-09,58.584450
2010-11-10,59.236893
2010-11-11,59.003284
2010-11-12,58.020584
2010-11-15,58.028637
2010-11-16,56.900948
2010-11-17,57.053989
2010-11-18,58.165565
2010-11-19,58.358898
2010-11-22,58.640820
2010-11-23,58.085014
2010-11-24,59.389961
2010-11-26,58.979156
2010-11-29,59.067715
2010-11-30,58.600510
2010-12-01,59.913517
2010-12-02,60.517666
2010-12-03,60.952614
2010-12-06,61.331188
2010-12-07,61.685631
2010-12-08,61.645336
2010-12-09,61.854786
2010-12-10,62.628090
2010-12-13,62.305866
2010-12-14,62.273632
2010-12-15,62.080345
2010-12-16,62.652248
2010-12-17,62.845558
2010-12-20,63.095272
2010-12-21,63.796032
2010-12-22,63.777443
2010-12-23,63.696518
2010-12-27,63.890724
2010-12-28,63.712704
2010-12-29,63.850281
2010-12-30,63.728893
2010-12-31,63.308121
2011-01-03,64.408592
2011-01-04,63.453773
2011-01-05,64.198219
2011-01-06,63.898838
2011-01-07,63.534687
2011-01-10,63.898838
2011-01-11,64.157722
2011-01-12,64.707970
2011-01-13,64.683701
2011-01-14,65.169182
2011-01-18,65.217758
2011-01-19,63.542782
2011-01-20,62.879307
2011-01-21,62.458549
2011-01-24,62.919750
2011-01-25,63.016842
2011-01-26,64.020187
2011-01-27,64.206329
2011-01-28,62.636524
2011-01-31,63.073467
2011-02-01,64.529961
2011-02-02,64.287224
2011-02-03,64.513771
2011-02-04,64.627052
2011-02-07,65.266289
2011-02-08,65.727524
2011-02-09,65.436218
2011-02-10,65.695160
2011-02-11,66.407181
2011-02-14,66.747025
2011-02-15,66.366707
2011-02-16,66.900764
2011-02-17,67.370094
2011-02-18,67.442924
2011-02-22,65.711327
2011-02-23,64.578514
2011-02-24,64.991150
2011-02-25,66.496216
2011-02-28,66.569016
2011-03-01,65.233925
2011-03-02,65.509018
2011-03-03,66.997849
2011-03-04,66.706558
2011-03-07,65.614235
2011-03-08,66.682304
2011-03-09,66.415268
2011-03-10,64.707970
2011-03-11,64.877914
2011-03-14,64.529961
2011-03-15,63.955467
2011-03-16,63.316238
2011-03-17,63.453773
2011-03-18,64.295303
2011-03-21,65.784142
2011-03-22,65.436218
2011-03-23,65.638519
2011-03-24,66.091766
2011-03-25,66.667450
2011-03-28,66.521507
2011-03-29,67.145866
2011-03-30,68.013474
2011-03-31,68.248611
2011-04-01,68.548599
2011-04-04,68.702675
2011-04-05,69.075653
2011-04-06,69.229683
2011-04-07,68.816177
2011-04-08,68.094543
2011-04-11,67.486412
2011-04-12,66.602585
2011-04-13,66.691803
2011-04-14,66.999908
2011-04-15,67.713455
2011-04-18,66.594475
2011-04-19,66.610703
2011-04-20,67.972870
2011-04-21,68.475609
2011-04-25,68.386421
2011-04-26,69.067566
2011-04-27,69.481064
2011-04-28,69.797325
2011-04-29,70.048653
2011-05-02,69.229683
2011-05-03,68.354019
2011-05-04,67.470177
2011-05-05,67.162079
2011-05-06,67.518822
2011-05-09,68.305351
2011-05-10,69.351364
2011-05-11,68.070213
2011-05-12,68.670219
2011-05-13,67.713455
2011-05-16,66.724236
2011-05-17,66.513374
2011-05-18,67.535057
2011-05-19,67.681000
2011-05-20,67.186401
2011-05-23,65.978256
2011-05-24,65.662003
2011-05-25,66.489082
2011-05-26,67.364777
2011-05-27,67.826950
2011-05-31,68.791855
2011-06-01,66.578239
2011-06-02,66.553940
2011-06-03,65.580925
2011-06-06,64.502502
2011-06-07,64.656555
2011-06-08,63.934917
2011-06-09,64.275459
2011-06-10,63.245708
2011-06-13,63.067295
2011-06-14,64.421432
2011-06-15,63.270008
2011-06-16,63.415981
2011-06-17,63.432186
2011-06-20,64.015991
2011-06-21,65.402534
2011-06-22,64.899811
2011-06-23,65.151169
2011-06-24,64.818741
2011-06-27,65.321465
2011-06-28,66.334999
2011-06-29,66.651260
2011-06-30,67.137779
2011-07-01,68.183731
2011-07-05,68.348015
2011-07-06,68.624527
2011-07-07,69.657410
2011-07-08,69.234482
2011-07-11,67.762474
2011-07-12,67.380211
2011-07-13,67.982048
2011-07-14,66.900391
2011-07-15,67.347679
2011-07-18,66.266022
2011-07-19,67.762474
2011-07-20,67.648598
2011-07-21,68.266685
2011-07-22,68.356140
2011-07-25,67.551018
2011-07-26,67.038635
2011-07-27,65.037979
2011-07-28,64.932228
2011-07-29,64.850922
2011-08-01,64.428017
2011-08-02,62.419228
2011-08-03,62.833988
2011-08-04,59.044086
2011-08-05,58.011230
2011-08-08,52.960762
2011-08-09,56.490410
2011-08-10,53.725254
2011-08-11,56.409065
2011-08-12,56.758774
2011-08-15,58.360939
2011-08-16,57.287418
2011-08-17,57.303707
2011-08-18,54.042431
2011-08-19,53.090897
2011-08-22,52.903839
2011-08-23,55.457531
2011-08-24,56.278961
2011-08-25,54.896381
2011-08-26,56.205742
2011-08-29,58.865170
2011-08-30,59.206753
2011-08-31,59.084766
2011-09-01,57.816017
2011-09-02,55.677139
2011-09-06,55.522575
2011-09-07,57.620842
2011-09-08,56.563599
2011-09-09,54.896381
2011-09-12,55.368080
2011-09-13,56.262684
2011-09-14,57.271160
2011-09-15,58.076313
2011-09-16,58.165760
2011-09-19,57.124756
2011-09-20,56.238274
2011-09-21,54.156284
2011-09-22,52.643604
2011-09-23,53.182434
2011-09-26,54.186657
2011-09-27,55.354130
2011-09-28,53.231411
2011-09-29,54.153976
2011-09-30,52.496632
2011-10-03,49.794228
2011-10-04,52.896679
2011-10-05,53.623302
2011-10-06,54.815292
2011-10-07,53.476330
2011-10-10,55.819515
2011-10-11,56.203232
2011-10-12,57.003361
2011-10-13,56.954353
2011-10-14,58.081028
2011-10-17,56.317539
2011-10-18,57.811623
2011-10-19,56.684925
2011-10-20,56.840034
2011-10-21,58.072865
2011-10-24,59.942505
2011-10-25,58.260639
2011-10-26,59.264858
2011-10-27,62.391788
2011-10-28,62.073380
2011-10-31,60.424221
2011-11-01,58.285160
2011-11-02,59.722050
2011-11-03,61.207973
2011-11-04,60.905884
2011-11-07,60.783421
2011-11-08,61.673336
2011-11-09,58.734173
2011-11-10,59.166893
2011-11-11,60.726265
2011-11-14,59.852665
2011-11-15,60.611946
2011-11-16,59.632252
2011-11-17,58.783180
2011-11-18,58.766823
2011-11-21,57.362576
2011-11-22,56.880882
2011-11-23,55.092884
2011-11-25,54.390755
2011-11-28,56.978832
2011-11-29,56.872719
2011-11-30,60.195599
2011-12-01,59.762882
2011-12-02,60.007774
2011-12-05,61.036514
2011-12-06,61.093704
2011-12-07,60.971195
2011-12-08,59.077065
2011-12-09,60.856892
2011-12-12,59.983341
2011-12-13,58.734173
2011-12-14,57.999382
2011-12-15,58.538208
2011-12-16,58.995461
2011-12-19,57.974892
2011-12-20,60.301720
2011-12-21,60.546627
2011-12-22,60.932243
2011-12-23,61.161983
2011-12-27,61.342480
2011-12-28,60.226719
2011-12-29,60.833801
2011-12-30,60.505638
2012-01-03,61.506519
2012-01-04,61.170151
2012-01-05,61.514736
2012-01-06,61.358879
2012-01-09,61.670612
2012-01-10,62.573097
2012-01-11,62.819218
2012-01-12,63.007923
2012-01-13,62.671543
2012-01-17,62.646931
2012-01-18,63.762703
2012-01-19,64.156471
2012-01-20,64.197525
2012-01-23,64.115463
2012-01-24,64.484657
2012-01-25,65.034317
2012-01-26,64.960495
2012-01-27,65.403534
2012-01-30,64.894844
2012-01-31,64.829239
2012-02-01,66.223930
2012-02-02,66.601334
2012-02-03,68.053467
2012-02-06,67.831955
2012-02-07,67.790955
2012-02-08,67.938606
2012-02-09,67.602226
2012-02-10,66.675140
2012-02-13,67.536613
2012-02-14,67.233032
2012-02-15,66.675140
2012-02-16,67.930382
2012-02-17,67.922211
2012-02-21,67.462776
2012-02-22,66.929474
2012-02-23,67.930382
2012-02-24,67.799126
2012-02-27,67.684265
2012-02-28,67.503784
2012-02-29,66.494682
2012-03-01,66.839241
2012-03-02,65.838348
2012-03-05,65.912163
2012-03-06,64.599495
2012-03-07,65.206619
2012-03-08,66.051674
2012-03-09,66.945892
2012-03-12,66.814629
2012-03-13,68.143715
2012-03-14,67.585823
2012-03-15,68.151909
2012-03-16,68.094490
2012-03-19,68.668777
2012-03-20,68.053467
2012-03-21,68.037064
2012-03-22,67.380707
2012-03-23,68.039894
2012-03-26,69.455322
2012-03-27,68.969803
2012-03-28,68.566574
2012-03-29,68.369049
2012-03-30,68.146866
2012-04-02,68.986275
2012-04-03,68.525414
2012-04-04,67.430931
2012-04-05,67.134644
2012-04-09,66.031929
2012-04-10,64.476608
2012-04-11,65.390045
2012-04-12,66.328163
2012-04-13,65.455879
2012-04-16,65.562851
2012-04-17,66.509224
2012-04-18,66.007225
2012-04-19,65.628685
2012-04-20,66.007225
2012-04-23,65.093781
2012-04-24,65.587555
2012-04-25,66.607979
2012-04-26,67.266304
2012-04-27,67.793007
2012-04-30,67.044128
2012-05-01,67.109985
2012-05-02,67.290993
2012-05-03,66.344597
2012-05-04,65.085548
2012-05-07,65.258369
2012-05-08,65.217216
2012-05-09,64.846924
2012-05-10,65.093781
2012-05-11,64.929222
2012-05-14,64.065117
2012-05-15,63.949913
2012-05-16,63.489082
2012-05-17,62.048927
2012-05-18,61.464661
2012-05-21,62.913033
2012-05-22,62.534473
2012-05-23,62.937729
2012-05-24,63.069370
2012-05-25,63.028240
2012-05-29,63.941700
2012-05-30,62.715504
2012-05-31,62.633240
2012-06-01,60.748707
2012-06-04,60.608826
2012-06-05,61.390625
2012-06-06,62.904819
2012-06-07,62.493313
2012-06-08,63.340965
2012-06-11,61.941963
2012-06-12,62.723774
2012-06-13,61.999561
2012-06-14,62.707306
2012-06-15,63.546661
2012-06-18,63.620743
2012-06-19,64.723473
2012-06-20,64.624725
2012-06-21,63.052929
2012-06-22,63.768860
2012-06-25,62.773117
2012-06-26,63.018757
2012-06-27,64.044250
2012-06-28,63.936737
2012-06-29,65.797546
2012-07-02,66.558365
2012-07-03,67.426750
2012-07-05,67.352318
2012-07-06,66.599724
2012-07-09,66.343391
2012-07-10,65.607330
2012-07-11,65.384033
2012-07-12,65.160751
2012-07-13,65.971214
2012-07-16,65.706551
2012-07-17,65.938133
2012-07-18,66.343391
2012-07-19,66.120071
2012-07-20,65.276489
2012-07-23,64.234436
2012-07-24,63.390900
2012-07-25,63.531483
2012-07-26,64.077324
2012-07-27,65.599037
2012-07-30,65.375755
2012-07-31,64.796844
2012-08-01,63.729973
2012-08-02,63.498444
2012-08-03,65.011864
2012-08-06,65.516342
2012-08-07,66.111816
2012-08-08,66.012558
2012-08-09,66.326805
2012-08-10,66.095261
2012-08-13,65.987770
2012-08-14,65.830612
2012-08-15,66.409515
2012-08-16,67.104218
2012-08-17,67.575615
2012-08-20,67.426750
2012-08-21,67.385429
2012-08-22,67.062859
2012-08-23,66.591454
2012-08-24,66.773430
2012-08-27,66.971886
2012-08-28,67.277878
2012-08-29,67.484650
2012-08-30,66.814751
2012-08-31,67.087692
2012-09-04,67.906433
2012-09-05,67.922966
2012-09-06,69.171730
2012-09-07,69.684532
2012-09-10,69.370216
2012-09-11,69.519119
2012-09-12,69.874733
2012-09-13,70.792725
2012-09-14,71.454330
2012-09-17,71.123535
2012-09-18,70.891960
2012-09-19,70.767921
2012-09-20,70.453651
2012-09-21,70.710014
2012-09-24,70.479179
2012-09-25,69.466324
2012-09-26,69.026306
2012-09-27,69.773521
2012-09-28,69.275375
2012-10-01,69.507820
2012-10-02,69.640640
2012-10-03,69.441406
2012-10-04,69.914673
2012-10-05,69.831627
2012-10-08,69.391586
2012-10-09,68.577950
2012-10-10,68.470024
2012-10-11,68.719116
2012-10-12,68.162827
2012-10-15,68.611168
2012-10-16,69.117622
2012-10-17,69.740295
2012-10-18,69.358376
2012-10-19,67.955299
2012-10-22,67.938667
2012-10-23,67.598274
2012-10-24,67.415649
2012-10-25,67.689583
2012-10-26,67.365791
2012-10-31,67.772636
2012-11-01,68.486618
2012-11-02,67.407318
2012-11-05,67.855652
2012-11-06,68.362091
2012-11-07,66.701591
2012-11-08,65.763443
2012-11-09,65.904556
2012-11-12,65.713631
2012-11-13,65.340012
2012-11-14,64.127846
2012-11-15,63.795773
2012-11-16,64.327148
2012-11-19,65.688713
2012-11-20,65.804962
2012-11-21,66.153656
2012-11-23,66.809525
2012-11-26,67.025398
2012-11-27,66.942398
2012-11-28,67.506935
2012-11-29,68.279076
2012-11-30,68.146233
2012-12-03,68.071487
2012-12-04,68.154541
2012-12-05,68.071487
2012-12-06,68.179436
2012-12-07,68.229263
2012-12-10,68.528137
2012-12-11,69.250481
2012-12-12,68.860229
2012-12-13,68.420212
2012-12-14,68.378693
2012-12-17,69.341774
2012-12-18,70.288239
2012-12-19,70.444847
2012-12-20,70.796577
2012-12-21,70.503487
2012-12-24,70.160118
2012-12-26,69.657684
2012-12-27,69.607422
2012-12-28,69.113297
2012-12-31,70.612350
2013-01-02,72.689178
2013-01-03,72.521698
2013-01-04,73.057655
2013-01-07,72.781288
2013-01-08,72.731026
2013-01-09,73.082771
2013-01-10,73.250259
2013-01-11,73.141388
2013-01-14,73.183250
2013-01-15,73.501503
2013-01-16,73.283745
2013-01-17,73.962097
2013-01-18,74.171440
2013-01-22,74.707367
2013-01-23,74.531509
2013-01-24,74.774384
2013-01-25,75.318741
2013-01-28,75.368958
2013-01-29,75.410812
2013-01-30,74.506401
2013-01-31,75.017250
2013-02-01,75.678818
2013-02-04,74.766029
2013-02-05,75.435974
2013-02-06,75.754181
2013-02-07,75.502937
2013-02-08,76.038864
2013-02-11,75.955147
2013-02-12,76.290123
2013-02-13,76.608383
2013-02-14,76.800987
2013-02-15,76.826088
2013-02-19,77.504425
2013-02-20,76.064034
2013-02-21,75.327110
2013-02-22,76.231514
2013-02-25,74.548286
2013-02-26,74.841370
2013-02-27,75.628586
2013-02-28,75.770958
2013-03-01,76.114258
2013-03-04,76.315254
2013-03-05,77.202950
2013-03-06,77.403931
2013-03-07,77.772377
2013-03-08,78.492615
2013-03-11,78.467476
2013-03-12,78.308342
2013-03-13,78.601463
2013-03-14,79.388649
2013-03-15,79.346756
2013-03-18,78.911308
2013-03-19,78.576332
2013-03-20,79.304901
2013-03-21,78.609825
2013-03-22,78.852661
2013-03-25,78.898026
2013-03-26,79.149963
2013-03-27,79.200317
2013-03-28,79.301117
2013-04-01,78.234581
2013-04-02,77.747513
2013-04-03,76.529816
2013-04-04,77.184853
2013-04-05,77.033714
2013-04-08,77.671936
2013-04-09,77.445206
2013-04-10,78.847649
2013-04-11,78.956818
2013-04-12,78.637703
2013-04-15,75.673225
2013-04-16,76.983322
2013-04-17,75.648079
2013-04-18,75.228172
2013-04-19,76.093155
2013-04-22,76.311478
2013-04-23,77.520767
2013-04-24,77.923904
2013-04-25,78.436142
2013-04-26,78.016243
2013-04-29,78.578918
2013-04-30,79.023987
2013-05-01,77.109291
2013-05-02,78.335373
2013-05-03,79.578255
2013-05-06,80.090523
2013-05-07,80.745605
2013-05-08,80.980690
2013-05-09,80.703583
2013-05-10,81.316620
2013-05-13,81.257843
2013-05-14,82.299164
2013-05-15,82.467110
2013-05-16,82.257187
2013-05-17,83.180946
2013-05-20,83.315315
2013-05-21,83.332146
2013-05-22,82.114418
2013-05-23,82.215202
2013-05-24,82.198410
2013-05-28,83.264923
2013-05-29,82.492332
2013-05-30,83.046600
2013-05-31,82.131210
2013-06-03,82.912224
2013-06-04,82.030449
2013-06-05,80.980690
2013-06-06,81.837257
2013-06-07,82.467110
2013-06-10,82.971016
2013-06-11,82.072464
2013-06-12,81.257843
2013-06-13,82.693878
2013-06-14,82.055626
2013-06-17,82.593109
2013-06-18,83.567253
2013-06-19,82.542717
2013-06-20,80.359283
2013-06-21,80.594398
2013-06-24,79.536270
2013-06-25,80.300491
2013-06-26,80.678352
2013-06-27,81.929649
2013-06-28,81.459381
2013-07-01,82.786247
2013-07-02,82.727196
2013-07-03,82.895897
2013-07-05,84.068306
2013-07-08,84.405685
2013-07-09,85.190117
2013-07-10,85.426300
2013-07-11,86.430023
2013-07-12,86.607147
2013-07-15,87.366280
2013-07-16,86.927658
2013-07-17,87.265045
2013-07-18,87.847069
2013-07-19,87.981995
2013-07-22,88.167534
2013-07-23,88.108521
2013-07-24,87.374702
2013-07-25,88.176018
2013-07-26,87.821754
2013-07-29,87.206032
2013-07-30,87.281898
2013-07-31,87.433762
2013-08-01,88.623032
2013-08-02,88.698944
2013-08-05,89.002594
2013-08-06,88.108521
2013-08-07,87.484344
2013-08-08,87.847069
2013-08-09,87.754272
2013-08-12,88.218155
2013-08-13,88.100098
2013-08-14,87.754272
2013-08-15,86.126373
2013-08-16,85.763687
2013-08-19,84.894897
2013-08-20,86.117966
2013-08-21,85.595001
2013-08-22,86.801147
2013-08-23,87.020439
2013-08-26,87.028870
2013-08-27,84.987709
2013-08-28,85.156403
2013-08-29,86.008316
2013-08-30,84.667168
2013-09-03,85.240723
2013-09-04,85.991409
2013-09-05,86.126373
2013-09-06,86.362564
2013-09-09,87.669922
2013-09-10,88.530251
2013-09-11,88.572441
2013-09-12,87.922943
2013-09-13,88.403748
2013-09-16,88.597740
2013-09-17,89.474945
2013-09-18,90.326828
2013-09-19,90.234070
2013-09-20,89.905113
2013-09-23,89.913528
2013-09-24,90.212059
2013-09-25,90.042931
2013-09-26,90.541916
2013-09-27,90.135971
2013-09-30,90.161354
2013-10-01,91.210030
2013-10-02,90.837914
2013-10-03,89.907608
2013-10-04,90.508080
2013-10-07,89.450920
2013-10-08,88.004761
2013-10-09,87.649574
2013-10-10,89.763855
2013-10-11,91.066246
2013-10-14,91.522903
2013-10-15,90.626465
2013-10-16,91.751282
2013-10-17,92.554688
2013-10-18,93.611847
2013-10-21,93.425774
2013-10-22,93.671028
2013-10-23,93.358116
2013-10-24,93.857079
2013-10-25,93.941689
2013-10-28,93.899376
2013-10-29,94.169991
2013-10-30,92.884552
2013-10-31,92.343285
2013-11-01,91.945786
2013-11-04,93.002899
2013-11-05,92.681526
2013-11-06,92.284081
2013-11-07,90.727959
2013-11-08,92.377083
2013-11-11,92.503937
2013-11-12,92.580078
2013-11-13,93.468048
2013-11-14,93.375023
2013-11-15,93.730232
2013-11-18,93.070564
2013-11-19,92.495499
2013-11-20,92.461670
2013-11-21,94.127739
2013-11-22,94.592865
2013-11-25,94.711243
2013-11-26,95.413216
2013-11-27,95.945999
2013-11-29,95.996742
2013-12-02,95.032608
2013-12-03,94.575943
2013-12-04,94.322243
2013-12-05,94.389877
2013-12-06,95.125633
2013-12-09,95.100266
2013-12-10,94.237686
2013-12-11,92.690033
2013-12-12,92.892998
2013-12-13,93.197441
2013-12-16,94.305336
2013-12-17,94.169991
2013-12-18,95.463951
2013-12-19,94.753555
2013-12-20,96.351944
2013-12-23,97.444588
2013-12-24,97.818138
2013-12-26,97.826591
2013-12-27,97.767174
2013-12-30,97.707726
2013-12-31,97.936951
2014-01-02,96.875717
2014-01-03,97.368156
2014-01-06,96.578629
2014-01-07,97.385117
2014-01-08,97.512482
2014-01-09,97.537926
2014-01-10,98.072815
2014-01-13,96.731422
2014-01-14,97.919960
2014-01-15,98.650085
2014-01-16,98.768951
2014-01-17,98.420898
2014-01-21,99.006653
2014-01-22,99.507545
2014-01-23,98.836868
2014-01-24,96.315422
2014-01-27,94.906151
2014-01-28,95.907936
2014-01-29,94.524101
2014-01-30,95.933388
2014-01-31,95.220276
2014-02-03,92.240410
2014-02-04,92.936546
2014-02-05,92.240410
2014-02-06,92.970497
2014-02-07,94.023232
2014-02-10,94.269432
2014-02-11,95.109894
2014-02-12,95.483444
2014-02-13,96.697487
2014-02-14,96.833336
2014-02-18,97.843575
2014-02-19,96.841789
2014-02-20,97.886063
2014-02-21,98.191666
2014-02-24,98.913284
2014-02-25,99.015167
2014-02-26,99.626404
2014-02-27,100.169739
2014-02-28,99.770760
2014-03-03,99.235893
2014-03-04,101.731834
2014-03-05,101.672432
2014-03-06,101.655457
2014-03-07,101.621521
2014-03-10,101.281891
2014-03-11,100.229164
2014-03-12,100.534790
2014-03-13,99.371735
2014-03-14,99.787712
2014-03-17,100.229164
2014-03-18,101.689400
2014-03-19,101.027222
2014-03-20,101.163010
2014-03-21,100.696121
2014-03-24,99.550003
2014-03-25,99.526192
2014-03-26,97.619560
2014-03-27,97.372734
2014-03-28,97.279121
2014-03-31,99.023994
2014-04-01,100.326279
2014-04-02,100.777374
2014-04-03,99.755981
2014-04-04,97.449326
2014-04-07,96.027885
2014-04-08,96.700310
2014-04-09,98.096207
2014-04-10,95.295891
2014-04-11,93.976593
2014-04-14,94.240471
2014-04-15,94.606445
2014-04-16,95.636360
2014-04-17,96.113007
2014-04-21,96.564133
2014-04-22,97.559982
2014-04-23,96.947174
2014-04-24,96.700310
2014-04-25,94.998016
2014-04-28,94.444771
2014-04-29,94.683060
2014-04-30,95.312920
2014-05-01,95.278877
2014-05-02,95.355453
2014-05-05,95.236328
2014-05-06,93.687210
2014-05-07,93.746826
2014-05-08,92.802002
2014-05-09,93.653152
2014-05-12,95.781067
2014-05-13,94.844757
2014-05-14,93.304184
2014-05-15,92.674339
2014-05-16,93.261642
2014-05-19,94.265999
2014-05-20,92.827530
2014-05-21,93.304184
2014-05-22,94.274529
2014-05-23,95.304428
2014-05-27,96.674774
2014-05-28,96.172577
2014-05-29,96.496048
2014-05-30,96.061935
2014-06-02,95.542747
2014-06-03,95.312920
2014-06-04,95.687416
2014-06-05,97.696167
2014-06-06,98.632423
2014-06-09,99.500641
2014-06-10,99.304871
2014-06-11,98.819740
2014-06-12,98.215408
2014-06-13,98.385590
2014-06-16,98.862274
2014-06-17,99.560211
2014-06-18,100.232605
2014-06-19,100.317757
2014-06-20,100.649696
2014-06-23,100.453926
2014-06-24,99.381485
2014-06-25,100.224106
2014-06-26,100.053894
2014-06-27,100.726303
2014-06-30,101.126358
2014-07-01,102.156250
2014-07-02,101.762360
2014-07-03,102.377533
2014-07-07,100.625961
2014-07-08,99.404144
2014-07-09,99.532318
2014-07-10,98.472801
2014-07-11,98.344627
2014-07-14,98.848763
2014-07-15,97.874710
2014-07-16,97.609818
2014-07-17,96.106049
2014-07-18,97.601303
2014-07-21,97.208267
2014-07-22,98.028488
2014-07-23,98.148132
2014-07-24,97.951614
2014-07-25,97.062981
2014-07-28,96.575981
2014-07-29,96.840843
2014-07-30,97.225357
2014-07-31,95.003830
2014-08-01,94.568085
2014-08-04,95.405449
2014-08-05,95.166183
2014-08-06,95.465218
2014-08-07,95.003830
2014-08-08,95.926636
2014-08-11,96.840843
2014-08-12,96.174362
2014-08-13,96.926277
2014-08-14,97.071579
2014-08-15,96.883560
2014-08-18,98.293373
2014-08-19,98.635124
2014-08-20,98.216484
2014-08-21,98.430084
2014-08-22,98.438637
2014-08-25,98.900024
2014-08-26,99.797211
2014-08-27,99.549408
2014-08-28,99.036728
2014-08-29,99.592102
2014-09-02,100.138969
2014-09-03,99.506691
2014-09-04,99.122192
2014-09-05,99.438316
2014-09-08,99.592102
2014-09-09,98.413002
2014-09-10,98.993996
2014-09-11,99.634842
2014-09-12,98.575348
2014-09-15,97.498772
2014-09-16,97.772186
2014-09-17,98.028488
2014-09-18,98.626633
2014-09-19,97.379150
2014-09-22,96.012070
2014-09-23,95.114929
2014-09-24,95.975952
2014-09-25,94.356659
2014-09-26,95.204895
2014-09-29,95.127777
2014-09-30,93.688385
2014-10-01,92.360374
2014-10-02,93.242828
2014-10-03,93.945404
2014-10-06,93.140060
2014-10-07,91.606407
2014-10-08,93.362816
2014-10-09,90.843872
2014-10-10,89.738625
2014-10-13,89.378815
2014-10-14,90.424065
2014-10-15,91.332253
2014-10-16,92.360374
2014-10-17,92.086212
2014-10-20,93.165749
2014-10-21,94.699371
2014-10-22,93.345680
2014-10-23,94.999237
2014-10-24,95.162033
2014-10-27,95.110649
2014-10-28,97.818047
2014-10-29,97.586739
2014-10-30,98.417778
2014-10-31,99.865730
2014-11-03,99.694374
2014-11-04,99.231712
2014-11-05,99.411636
2014-11-06,99.840034
2014-11-07,99.994247
2014-11-10,100.491188
2014-11-11,100.559700
2014-11-12,101.013802
2014-11-13,100.157036
2014-11-14,99.977066
2014-11-17,99.146049
2014-11-18,99.720078
2014-11-19,98.657669
2014-11-20,99.762939
2014-11-21,99.882874
2014-11-24,101.073814
2014-11-25,101.150902
2014-11-26,101.485054
2014-11-28,99.977066
2014-12-01,98.417778
2014-12-02,99.600143
2014-12-03,100.559700
2014-12-04,100.079933
2014-12-05,100.833878
2014-12-08,99.574440
2014-12-09,101.245148
2014-12-10,99.094658
2014-12-11,99.488754
2014-12-12,98.280724
2014-12-15,97.286858
2014-12-16,97.149742
2014-12-17,100.148468
2014-12-18,101.639259
2014-12-19,101.870590
2014-12-22,102.564598
2014-12-23,102.693100
2014-12-24,102.989769
2014-12-26,103.660561
2014-12-29,104.099159
2014-12-30,103.488548
2014-12-31,102.869400
2015-01-02,102.276016
2015-01-05,100.908653
2015-01-06,99.162918
2015-01-07,100.384087
2015-01-08,102.086800
2015-01-09,101.106461
2015-01-12,100.771065
2015-01-13,100.848442
2015-01-14,100.444275
2015-01-15,98.750122
2015-01-16,100.358261
2015-01-20,99.936874
2015-01-21,99.618698
2015-01-22,101.648216
2015-01-23,101.579422
2015-01-26,102.559799
2015-01-27,102.069603
2015-01-28,100.349678
2015-01-29,101.734215
2015-01-30,99.498306
2015-02-02,100.409851
2015-02-03,102.207199
2015-02-04,101.828812
2015-02-05,103.144585
2015-02-06,103.032799
2015-02-09,102.215813
2015-02-10,102.869400
2015-02-11,102.723175
2015-02-12,103.892761
2015-02-13,104.511940
2015-02-17,104.838722
2015-02-18,104.950485
2015-02-19,104.959099
2015-02-20,105.242897
2015-02-23,105.346069
2015-02-24,105.483696
2015-02-25,105.604065
2015-02-26,105.991081
2015-02-27,105.414902
2015-03-02,106.180283
2015-03-03,105.552475
2015-03-04,105.225693
2015-03-05,105.535301
2015-03-06,104.202316
2015-03-09,104.658104
2015-03-10,103.454178
2015-03-11,104.090553
2015-03-12,105.819077
2015-03-13,105.440712
2015-03-16,106.059868
2015-03-17,106.343674
2015-03-18,107.195023
2015-03-19,107.401421
2015-03-20,108.347366
2015-03-23,108.252785
2015-03-24,108.227013
2015-03-25,105.641762
2015-03-26,105.512413
2015-03-27,106.185242
2015-03-30,107.625786
2015-03-31,107.280746
2015-04-01,107.323845
2015-04-02,107.522232
2015-04-06,107.996689
2015-04-07,107.306618
2015-04-08,108.229584
2015-04-09,107.841393
2015-04-10,108.358978
2015-04-13,108.427956
2015-04-14,108.402084
2015-04-15,109.161201
2015-04-16,109.100792
2015-04-17,107.332458
2015-04-20,108.384834
2015-04-21,108.272667
2015-04-22,108.436592
2015-04-23,108.928268
2015-04-24,108.565979
2015-04-27,107.366959
2015-04-28,107.962151
2015-04-29,106.789040
2015-04-30,104.529076
2015-05-01,105.210495
2015-05-04,105.590034
2015-05-05,104.244385
2015-05-06,104.606651
2015-05-07,105.003479
2015-05-08,105.788422
2015-05-11,105.848839
2015-05-12,105.659035
2015-05-13,105.659035
2015-05-14,106.780418
2015-05-15,106.659645
2015-05-18,107.867287
2015-05-19,107.720673
2015-05-20,107.919022
2015-05-21,107.798264
2015-05-22,107.332458
2015-05-26,106.305969
2015-05-27,107.608521
2015-05-28,107.513626
2015-05-29,106.866692
2015-06-01,107.203094
2015-06-02,107.410110
2015-06-03,108.479729
2015-06-04,107.392845
2015-06-05,108.169189
2015-06-08,107.668922
2015-06-09,107.341110
2015-06-10,108.678108
2015-06-11,108.954140
2015-06-12,108.626373
2015-06-15,108.281326
2015-06-16,109.049034
2015-06-17,108.885147
2015-06-18,110.342949
2015-06-19,110.291168
2015-06-22,111.050270
2015-06-23,111.283150
2015-06-24,110.342949
2015-06-25,110.282539
2015-06-26,109.980644
2015-06-29,107.203094
2015-06-30,107.703392
2015-07-01,108.022552
2015-07-02,107.224754
2015-07-06,107.190079
2015-07-07,107.311356
2015-07-08,105.674110
2015-07-09,106.055305
2015-07-10,107.527924
2015-07-13,108.740662
2015-07-14,109.347031
2015-07-15,108.766647
2015-07-16,109.416351
2015-07-17,108.939911
2015-07-20,108.350853
2015-07-21,107.839775
2015-07-22,108.238220
2015-07-23,107.042839
2015-07-24,105.318970
2015-07-27,104.444069
2015-07-28,105.336281
2015-07-29,105.630814
2015-07-30,105.934021
2015-07-31,106.514427
2015-08-03,105.985992
2015-08-04,105.734756
2015-08-05,105.977325
2015-08-06,104.548027
2015-08-07,103.846352
2015-08-10,105.041756
2015-08-11,104.140892
2015-08-12,103.941635
2015-08-13,103.595116
2015-08-14,104.262146
2015-08-17,105.362289
2015-08-18,104.522026
2015-08-19,103.439194
2015-08-20,100.823135
2015-08-21,99.645042
2015-08-24,95.755569
2015-08-25,95.019234
2015-08-26,97.436058
2015-08-27,99.177238
2015-08-28,100.156105
2015-08-31,99.792297
2015-09-01,96.933647
2015-09-02,98.674850
2015-09-03,98.518898
2015-09-04,97.773911
2015-09-08,100.008858
2015-09-09,98.856743
2015-09-10,99.307167
2015-09-11,99.774948
2015-09-14,99.315811
2015-09-15,100.433311
2015-09-16,101.299591
2015-09-17,101.646072
2015-09-18,100.242737
2015-09-21,100.060822
2015-09-22,98.544891
2015-09-23,98.250351
2015-09-24,98.085770
2015-09-25,96.794807
2015-09-28,94.084358
2015-09-29,93.415428
2015-09-30,94.866211
2015-10-01,94.701180
2015-10-02,96.108528
2015-10-05,98.401978
2015-10-06,97.724373
2015-10-07,99.453156
2015-10-08,100.347954
2015-10-09,100.547760
2015-10-12,100.400078
2015-10-13,99.027489
2015-10-14,98.054489
2015-10-15,100.400078
2015-10-16,100.269775
2015-10-19,100.460915
2015-10-20,100.321899
2015-10-21,98.792923
2015-10-22,99.661682
2015-10-23,100.643341
2015-10-26,99.957024
2015-10-27,98.862419
2015-10-28,101.746643
2015-10-29,100.660698
2015-10-30,100.200302
2015-11-02,102.285225
2015-11-03,102.815163
2015-11-04,102.763077
2015-11-05,102.841217
2015-11-06,103.571007
2015-11-09,102.354782
2015-11-10,102.658783
2015-11-11,101.764008
2015-11-12,99.818047
2015-11-13,99.097008
2015-11-16,99.948326
2015-11-17,99.566086
2015-11-18,101.251465
2015-11-19,100.825752
2015-11-20,101.477310
2015-11-23,101.981194
2015-11-24,102.728310
2015-11-25,103.527542
2015-11-27,103.918480
2015-11-30,103.466721
2015-12-01,104.153030
2015-12-02,103.032356
2015-12-03,101.294891
2015-12-04,102.319984
2015-12-07,100.782333
2015-12-08,100.226349
2015-12-09,99.105690
2015-12-10,99.435783
2015-12-11,97.220505
2015-12-14,96.525520
2015-12-15,97.915497
2015-12-16,99.409721
2015-12-17,98.349854
2015-12-18,96.846977
2015-12-21,97.576691
2015-12-22,98.471489
2015-12-23,99.713791
2015-12-24,99.902245
2015-12-28,99.439835
2015-12-29,100.513000
2015-12-30,99.500916
2015-12-31,98.261955
2016-01-04,95.984688
2016-01-05,96.194092
2016-01-06,94.728294
2016-01-07,92.197975
2016-01-08,90.610039
2016-01-11,90.217407
2016-01-12,90.487877
2016-01-13,87.582428
2016-01-14,88.795219
2016-01-15,87.355583
2016-01-19,86.177681
2016-01-20,86.535423
2016-01-21,86.334732
2016-01-22,88.446190
2016-01-25,86.483063
2016-01-26,88.210632
2016-01-27,86.997864
2016-01-28,86.980408
2016-01-29,89.833481
2016-02-01,89.423424
2016-02-02,87.495178
2016-02-03,87.608582
2016-02-04,87.948860
2016-02-05,85.540771
2016-02-08,84.136002
2016-02-09,83.568886
2016-02-10,83.612526
2016-02-11,82.705109
2016-02-12,84.275635
2016-02-16,86.273651
2016-02-17,87.626038
2016-02-18,87.207237
2016-02-19,87.643486
2016-02-22,88.620705
2016-02-23,87.809288
2016-02-24,88.655609
2016-02-25,89.467049
2016-02-26,90.034187
2016-02-29,89.632828
2016-03-01,91.561066
2016-03-02,92.503357
2016-03-03,93.471855
2016-03-04,93.986641
2016-03-07,95.007462
2016-03-08,92.712753
2016-03-09,93.183945
2016-03-10,92.424858
2016-03-11,94.405434
2016-03-14,94.161133
2016-03-15,92.695320
2016-03-16,93.349709
2016-03-17,94.780617
2016-03-18,95.635658
2016-03-21,95.408813
2016-03-22,95.295418
2016-03-23,93.533752
2016-03-24,93.813797
2016-03-28,93.927582
2016-03-29,96.535446
2016-03-30,96.544205
2016-03-31,96.815506
2016-04-01,97.244301
2016-04-04,96.430450
2016-04-05,95.336517
2016-04-06,96.412933
2016-04-07,95.108994
2016-04-08,95.485306
2016-04-11,95.187759
2016-04-12,96.211662
2016-04-13,98.285690
2016-04-14,98.163185
2016-04-15,98.408226
2016-04-18,99.152092
2016-04-19,99.230850
2016-04-20,99.379608
2016-04-21,98.880806
2016-04-22,99.860931
2016-04-25,99.152092
2016-04-26,100.123512
2016-04-27,100.473526
2016-04-28,99.327126
2016-04-29,98.434494
2016-05-02,99.309624
2016-05-03,97.681892
2016-05-04,96.876762
2016-05-05,96.491684
2016-05-06,97.060547
2016-05-09,97.340569
2016-05-10,98.320732
2016-05-11,97.104286
2016-05-12,96.587967
2016-05-13,95.949135
2016-05-16,97.165558
2016-05-17,95.625305
2016-05-18,96.124146
2016-05-19,95.354042
2016-05-20,96.955544
2016-05-23,96.841759
2016-05-24,98.837067
2016-05-25,99.414627
2016-05-26,99.300873
2016-05-27,100.289780
2016-05-31,100.639824
2016-06-01,101.322411
2016-06-02,102.101250
2016-06-03,101.488678
2016-06-06,102.582603
2016-06-07,102.880142
2016-06-08,103.641518
2016-06-09,102.976410
2016-06-10,101.576202
2016-06-13,100.473526
2016-06-14,100.184761
2016-06-15,100.254745
2016-06-16,100.246002
2016-06-17,99.817192
2016-06-20,100.902382
2016-06-21,100.709808
2016-06-22,100.315987
2016-06-23,102.232536
2016-06-24,98.346947
2016-06-27,95.117744
2016-06-28,96.587967
2016-06-29,98.784538
2016-06-30,100.622330
2016-07-01,100.981110
2016-07-05,99.493416
2016-07-06,100.215836
2016-07-07,100.427002
2016-07-08,102.767647
2016-07-11,103.955536
2016-07-12,105.345848
2016-07-13,104.932304
2016-07-14,105.037865
2016-07-15,105.328224
2016-07-18,105.504227
2016-07-19,104.976280
2016-07-20,105.662605
2016-07-21,105.161079
2016-07-22,105.944191
2016-07-25,105.785820
2016-07-26,106.296181
2016-07-27,106.595352
2016-07-28,106.322586
2016-07-29,106.533760
2016-08-01,106.621750
2016-08-02,105.134666
2016-08-03,105.988213
2016-08-04,106.084984
2016-08-05,107.616074
2016-08-08,107.563301
2016-08-09,107.677673
2016-08-10,106.903313
2016-08-11,107.413689
2016-08-12,107.519287
2016-08-15,108.583984
2016-08-16,107.704079
2016-08-17,107.387299
2016-08-18,108.179237
2016-08-19,108.179237
2016-08-22,108.425629
2016-08-23,109.182381
2016-08-24,108.293633
2016-08-25,108.504784
2016-08-26,108.284813
2016-08-29,108.847984
2016-08-30,109.050377
2016-08-31,108.434402
2016-09-01,108.513588
2016-09-02,109.560722
2016-09-06,109.666313
2016-09-07,110.352661
2016-09-08,110.132721
2016-09-09,106.692177
2016-09-12,108.179237
2016-09-13,106.102608
2016-09-14,106.120193
2016-09-15,107.387299
2016-09-16,107.228920
2016-09-19,107.941666
2016-09-20,107.484100
2016-09-21,109.041580
2016-09-22,110.607864
2016-09-23,109.824715
2016-09-26,108.734093
2016-09-27,109.175293
2016-09-28,110.013535
2016-09-29,108.407639
2016-09-30,109.598824
2016-10-03,109.254677
2016-10-04,108.716469
2016-10-05,109.369408
2016-10-06,109.254677
2016-10-07,108.381157
2016-10-10,109.678230
2016-10-11,107.675255
2016-10-12,107.587044
2016-10-13,106.695847
2016-10-14,106.263474
2016-10-17,106.139961
2016-10-18,106.748825
2016-10-19,107.198784
2016-10-20,106.881149
2016-10-21,106.828201
2016-10-24,107.507622
2016-10-25,106.704681
2016-10-26,105.645844
2016-10-27,104.436996
2016-10-28,104.145805
2016-10-31,104.560509
2016-11-01,103.281075
2016-11-02,101.966339
2016-11-03,101.472237
2016-11-04,102.125198
2016-11-07,104.622261
2016-11-08,104.895813
2016-11-09,108.125252
2016-11-10,109.854713
2016-11-11,112.378281
2016-11-14,113.957726
2016-11-15,114.310646
2016-11-16,114.301826
2016-11-17,114.972466
2016-11-18,115.581268
2016-11-21,116.119545
2016-11-22,117.178368
2016-11-23,117.910736
2016-11-25,118.298950
2016-11-28,116.763672
2016-11-29,116.701920
2016-11-30,116.128342
2016-12-01,115.563644
2016-12-02,115.501854
2016-12-05,117.487198
2016-12-06,118.757790
2016-12-07,119.913689
2016-12-08,121.801956
2016-12-09,122.040161
2016-12-12,120.751961
2016-12-13,120.760765
2016-12-14,119.251930
2016-12-15,120.143097
2016-12-16,119.922539
2016-12-19,120.707794
2016-12-20,121.731384
2016-12-21,120.937271
2016-12-22,119.894417
2016-12-23,120.532372
2016-12-27,121.072800
2016-12-28,119.832367
2016-12-29,119.938713
2016-12-30,119.478004
2017-01-03,120.071617
2017-01-04,122.073982
2017-01-05,120.665237
2017-01-06,120.222214
2017-01-09,119.433670
2017-01-10,120.576614
2017-01-11,120.789261
2017-01-12,119.858994
2017-01-13,120.727249
2017-01-17,119.088142
2017-01-18,119.478004
2017-01-19,118.503357
2017-01-20,119.114746
2017-01-23,118.618584
2017-01-24,120.434868
2017-01-25,121.569016
2017-01-26,121.081688
2017-01-27,120.665237
2017-01-30,118.981827
2017-01-31,119.814659
2017-02-01,119.743797
2017-02-02,119.442574
2017-02-03,121.267746
2017-02-06,120.355118
2017-02-07,119.823555
2017-02-08,119.610893
2017-02-09,121.294281
2017-02-10,122.215752
2017-02-13,122.534714
2017-02-14,122.942268
2017-02-15,123.677628
2017-02-16,123.332115
2017-02-17,123.252373
2017-02-21,124.218117
2017-02-22,123.668777
2017-02-23,122.933411
2017-02-24,122.844818
2017-02-27,124.040932
2017-02-28,122.127151
2017-03-01,124.359924
2017-03-02,122.933411
2017-03-03,122.844818
2017-03-06,122.003113
2017-03-07,121.205696
2017-03-08,120.408302
2017-03-09,119.929863
2017-03-10,120.461487
2017-03-13,120.744957
2017-03-14,120.169090
2017-03-15,122.029671
2017-03-16,122.189156
2017-03-17,122.676491
2017-03-20,122.144890
2017-03-21,118.698349
2017-03-22,118.724861
2017-03-23,119.415962
2017-03-24,119.502167
2017-03-27,119.724289
2017-03-28,120.657265
2017-03-29,121.048248
2017-03-30,121.963432
2017-03-31,122.158936
2017-04-03,120.870544
2017-04-04,120.728401
2017-04-05,119.359985
2017-04-06,120.470718
2017-04-07,120.417366
2017-04-10,120.683922
2017-04-11,121.643562
2017-04-12,119.990883
2017-04-13,118.817963
2017-04-17,120.213013
2017-04-18,120.239655
2017-04-19,120.657265
2017-04-20,122.194481
2017-04-21,121.919090
2017-04-24,123.438477
2017-04-25,124.638046
2017-04-26,125.277763
2017-04-27,125.242249
2017-04-28,123.562889
2017-05-01,124.273689
2017-05-02,123.642876
2017-05-03,122.878685
2017-05-04,122.709862
2017-05-05,123.500694
2017-05-08,122.985344
2017-05-09,122.932037
2017-05-10,123.696129
2017-05-11,122.834221
2017-05-12,122.185616
2017-05-15,123.136406
2017-05-16,123.180763
2017-05-17,119.857574
2017-05-18,120.292984
2017-05-19,120.870544
2017-05-22,121.688004
2017-05-23,122.087868
2017-05-24,122.167831
2017-05-25,122.247810
2017-05-26,122.212250
2017-05-30,121.252632
2017-05-31,121.128220
2017-06-01,123.465149
2017-06-02,124.264816
2017-06-05,123.491753
2017-06-06,123.376305
2017-06-07,123.491753
2017-06-08,125.180016
2017-06-09,125.828667
2017-06-12,125.624344
2017-06-13,126.264107
2017-06-14,125.517700
2017-06-15,124.877892
2017-06-16,124.566940
2017-06-19,125.490997
2017-06-20,124.220375
2017-06-21,123.909416
2017-06-22,124.380371
2017-06-23,125.206726
2017-06-26,125.357780
2017-06-27,124.255943
2017-06-28,126.157471
2017-06-29,125.411064
2017-06-30,125.215546
2017-07-03,126.264107
2017-07-05,125.810936
2017-07-06,124.167999
2017-07-07,125.372734
2017-07-10,124.828392
2017-07-11,125.194267
2017-07-12,126.158073
2017-07-13,126.265190
2017-07-14,126.479340
2017-07-17,126.773842
2017-07-18,126.443657
2017-07-19,127.701897
2017-07-20,127.791130
2017-07-21,127.211143
2017-07-24,127.389565
2017-07-25,128.549652
2017-07-26,127.835800
2017-07-27,127.023697
2017-07-28,126.684631
2017-07-31,126.283012
2017-08-01,126.523956
2017-08-02,125.140694
2017-08-03,124.516014
2017-08-04,125.122856
2017-08-07,125.328140
2017-08-08,124.935463
2017-08-09,123.855698
2017-08-10,121.606834
2017-08-11,121.785309
2017-08-14,123.632576
2017-08-15,122.615257
2017-08-16,122.650940
2017-08-17,120.411018
2017-08-18,120.402130
2017-08-21,120.321793
2017-08-22,121.624702
2017-08-23,121.428360
2017-08-24,121.803215
2017-08-25,122.151230
2017-08-28,122.668762
2017-08-29,122.695572
2017-08-30,123.480865
2017-08-31,124.694572
2017-09-01,125.399544
2017-09-05,124.194801
2017-09-06,124.453621
2017-09-07,124.141243
2017-09-08,124.239395
2017-09-11,125.542244
2017-09-12,126.309700
2017-09-13,126.684631
2017-09-14,126.568550
2017-09-15,127.086189
2017-09-18,127.951744
2017-09-19,127.951744
2017-09-20,128.362320
2017-09-21,128.228424
2017-09-22,128.772797
2017-09-25,128.951248
2017-09-26,129.361877
2017-09-27,131.893509
2017-09-28,132.242386
2017-09-29,132.555420
2017-10-02,134.183517
2017-10-03,134.478745
2017-10-04,134.049362
2017-10-05,134.416107
2017-10-06,134.228256
2017-10-09,133.673660
2017-10-10,134.058289
2017-10-11,133.959900
2017-10-12,133.861557
2017-10-13,133.619980
2017-10-16,133.503662
2017-10-17,133.119064
2017-10-18,133.754196
2017-10-19,133.548401
2017-10-20,134.165634
2017-10-23,133.163696
2017-10-24,133.441055
2017-10-25,132.797028
2017-10-26,133.074280
2017-10-27,133.995667
2017-10-30,132.582275
2017-10-31,133.521545
2017-11-01,132.635910
2017-11-02,133.029572
2017-11-03,132.940109
2017-11-06,133.092163
2017-11-07,131.499832
2017-11-08,131.678787
2017-11-09,131.213638
2017-11-10,131.115189
2017-11-13,131.150955
2017-11-14,130.793152
2017-11-15,130.274338
2017-11-16,132.188675
2017-11-17,132.797028
2017-11-20,133.763107
2017-11-21,135.158615
2017-11-22,134.979660
2017-11-24,135.033371
2017-11-27,134.621872
2017-11-28,136.741959
2017-11-29,137.198196
2017-11-30,137.448685
2017-12-01,136.885132
2017-12-04,136.375153
2017-12-05,135.015457
2017-12-06,134.380371
2017-12-07,135.319626
2017-12-08,135.444839
2017-12-11,135.391190
2017-12-12,134.970764
2017-12-13,135.775787
2017-12-14,134.273026
2017-12-15,136.187332
2017-12-18,138.030121
2017-12-19,136.938797
2017-12-20,137.207138
2017-12-21,137.807892
2017-12-22,137.556442
2017-12-26,137.637222
2017-12-27,137.502548
2017-12-28,138.041306
2017-12-29,136.900925
2018-01-02,138.193954
2018-01-03,138.337631
2018-01-04,138.705780
2018-01-05,138.993149
2018-01-08,139.208633
2018-01-09,139.020126
2018-01-10,139.038025
2018-01-11,141.426620
2018-01-12,142.019196
2018-01-16,140.205368
2018-01-17,141.534317
2018-01-18,140.564529
2018-01-19,142.414337
2018-01-22,143.177567
2018-01-23,143.635544
2018-01-24,142.746567
2018-01-25,142.800476
2018-01-26,143.312286
2018-01-29,142.504150
2018-01-30,141.139236
2018-01-31,140.402924
2018-02-01,140.842911
2018-02-02,138.131119
2018-02-05,132.824234
2018-02-06,134.413635
2018-02-07,134.548294
2018-02-08,130.597351
2018-02-09,131.791565
2018-02-12,133.039795
2018-02-13,133.327148
2018-02-14,135.724625
2018-02-15,137.206192
2018-02-16,137.691177
2018-02-20,136.559738
2018-02-21,136.703384
2018-02-22,136.487885
2018-02-23,138.265839
2018-02-26,139.172729
2018-02-27,137.170319
2018-02-28,135.006287
2018-03-01,134.647079
2018-03-02,136.802124
2018-03-05,138.023361
2018-03-06,139.513962
2018-03-07,140.744141
2018-03-08,140.456818
2018-03-09,142.701645
2018-03-12,142.953094
2018-03-13,142.288651
2018-03-14,141.615173
2018-03-15,140.905792
2018-03-16,141.695969
2018-03-19,140.331039
2018-03-20,140.295181
2018-03-21,141.112305
2018-03-22,138.018021
2018-03-23,135.047958
2018-03-26,138.000015
2018-03-27,135.326996
2018-03-28,135.281998
2018-03-29,136.649963
2018-04-02,133.319916
2018-04-03,135.228012
2018-04-04,136.947006
2018-04-05,138.080994
2018-04-06,135.326996
2018-04-09,135.488968
2018-04-10,138.045090
2018-04-11,138.342041
2018-04-12,139.287064
2018-04-13,138.558060
2018-04-16,139.836060
2018-04-17,141.357117
2018-04-18,141.735077
2018-04-19,140.754105
2018-04-20,139.998077
2018-04-23,139.791107
2018-04-24,138.990036
2018-04-25,138.783096
2018-04-26,139.422073
2018-04-27,139.224014
2018-04-30,137.991013
2018-05-01,138.666031
2018-05-02,139.188080
2018-05-03,138.432022
2018-05-04,140.160080
2018-05-07,141.348099
2018-05-08,142.050125
2018-05-09,142.815155
2018-05-10,143.580154
2018-05-11,143.859131
2018-05-14,143.310135
2018-05-15,143.337173
2018-05-16,144.831161
2018-05-17,145.497223
2018-05-18,145.686218
2018-05-21,146.649200
2018-05-22,145.587173
2018-05-23,145.776184
2018-05-24,145.830246
2018-05-25,145.569138
2018-05-29,145.371216
2018-05-30,147.675247
2018-05-31,146.496246
2018-06-01,147.459259
2018-06-04,148.242279
2018-06-05,149.160263
2018-06-06,150.240295
2018-06-07,149.421310
2018-06-08,149.871277
2018-06-11,150.096313
2018-06-12,150.780380
2018-06-13,150.186295
2018-06-14,150.987335
2018-06-15,151.032303
2018-06-18,151.743317
2018-06-19,151.752335
2018-06-20,152.976318
2018-06-21,151.545319
2018-06-22,151.041306
2018-06-25,148.575272
2018-06-26,149.439240
2018-06-27,147.045242
2018-06-28,147.495239
2018-06-29,147.396225
2018-07-02,148.413254
2018-07-03,149.004913
2018-07-05,150.703079
2018-07-06,151.976669
2018-07-09,152.934189
2018-07-10,152.238617
2018-07-11,150.946930
2018-07-12,151.678604
2018-07-13,151.226944
2018-07-16,150.639862
2018-07-17,151.308304
2018-07-18,151.732819
2018-07-19,152.807663
2018-07-20,152.184433
2018-07-23,152.374161
2018-07-24,150.748245
2018-07-25,151.299179
2018-07-26,152.112167
2018-07-27,149.275894
2018-07-30,148.318420
2018-07-31,149.826935
2018-08-01,149.727509
2018-08-02,150.820526
2018-08-03,150.296585
2018-08-06,151.136642
2018-08-07,151.497971
2018-08-08,151.362534
2018-08-09,151.750931
2018-08-10,151.326385
2018-08-13,150.441116
2018-08-14,151.931534
2018-08-15,150.025650
2018-08-16,151.416687
2018-08-17,152.067017
2018-08-20,152.491592
2018-08-21,154.243896
2018-08-22,154.623306
2018-08-23,154.153641
2018-08-24,154.993698
2018-08-27,155.219482
2018-08-28,155.363983
2018-08-29,155.815598
2018-08-30,155.689178
2018-08-31,156.285339
2018-09-04,155.589813
2018-09-05,155.174286
2018-09-06,154.126526
2018-09-07,154.045166
2018-09-10,154.234879
2018-09-11,154.487823
2018-09-12,154.117477
2018-09-13,154.153641
2018-09-14,154.803955
2018-09-17,153.159988
2018-09-18,153.801376
2018-09-19,153.241287
2018-09-20,154.659424
2018-09-21,153.918762
2018-09-24,153.349686
2018-09-25,153.584549
2018-09-26,152.180695
2018-09-27,152.189789
2018-09-28,152.651672
2018-10-01,150.641083
2018-10-02,149.010880
2018-10-03,150.315079
2018-10-04,148.204834
2018-10-05,146.864441
2018-10-08,146.556442
2018-10-09,145.985901
2018-10-10,141.792679
2018-10-11,139.084656
2018-10-12,139.111832
2018-10-15,139.628067
2018-10-16,143.676453
2018-10-17,143.060577
2018-10-18,140.379761
2018-10-19,138.894470
2018-10-22,138.595581
2018-10-23,137.354813
2018-10-24,132.183380
2018-10-25,135.045349
2018-10-26,133.569107
2018-10-29,132.835480
2018-10-30,135.606857
2018-10-31,135.878540
2018-11-01,139.012192
2018-11-02,139.474121
2018-11-05,139.365433
2018-11-06,140.053757
2018-11-07,142.562439
2018-11-08,142.182083
2018-11-09,139.546539
2018-11-12,136.784225
2018-11-13,136.349548
2018-11-14,135.353302
2018-11-15,137.282379
2018-11-16,137.608414
2018-11-19,134.818924
2018-11-20,132.219650
2018-11-21,134.067261
2018-11-23,133.940369
2018-11-26,135.679291
2018-11-27,134.556259
2018-11-28,137.880051
2018-11-29,137.508759
2018-11-30,138.224289
2018-12-03,139.546539
2018-12-04,133.605331
2018-12-06,133.315521
2018-12-07,130.435455
2018-12-10,130.055069
2018-12-11,129.919220
2018-12-12,131.160049
2018-12-13,129.303375
2018-12-14,127.347115
2018-12-17,124.511032
2018-12-18,124.356544
2018-12-19,121.766731
2018-12-20,119.758469
2018-12-21,116.650711
2018-12-24,114.388039
2018-12-26,119.885719
2018-12-27,120.385506
2018-12-28,120.730782
2018-12-31,121.675835
2019-01-02,122.366478
2019-01-03,120.176498
2019-01-04,124.665497
2019-01-07,126.846397
2019-01-08,128.791016
2019-01-09,129.854202
2019-01-10,130.526688
2019-01-11,130.563004
2019-01-14,129.263519
2019-01-15,130.354004
2019-01-16,131.326324
2019-01-17,132.516754
2019-01-18,133.879807
2019-01-22,131.762512
2019-01-23,131.399002
2019-01-24,132.189621
2019-01-25,133.888855
2019-01-28,133.170975
2019-01-29,132.852951
2019-01-30,134.306885
2019-01-31,135.451859
2019-02-01,135.560898
2019-02-04,137.178421
2019-02-05,137.323761
2019-02-06,137.151108
2019-02-07,136.024384
2019-02-08,136.169724
2019-02-11,137.305649
2019-02-12,139.023102
2019-02-13,139.413818
2019-02-14,139.731888
2019-02-15,141.958221
2019-02-19,142.348953
2019-02-20,143.021423
2019-02-21,142.476151
2019-02-22,143.711990
2019-02-25,143.748352
2019-02-26,142.757874
2019-02-27,142.957809
2019-02-28,142.467056
2019-03-01,143.793793
2019-03-04,142.494339
2019-03-05,141.830978
2019-03-06,139.050308
2019-03-07,137.832642
2019-03-08,137.796326
2019-03-11,140.204361
2019-03-12,140.277069
2019-03-13,140.831375
2019-03-14,140.258957
2019-03-15,140.631500
2019-03-18,141.531097
2019-03-19,140.813232
2019-03-20,139.639694
2019-03-21,141.471069
2019-03-22,136.323151
2019-03-25,136.924484
2019-03-26,138.364151
2019-03-27,137.826538
2019-03-28,139.056549
2019-03-29,139.484802
2019-04-01,141.006378
2019-04-02,140.641937
2019-04-03,141.370819
2019-04-04,142.063293
2019-04-05,143.393555
2019-04-08,143.156631
2019-04-09,141.407303
2019-04-10,143.329773
2019-04-11,143.147522
2019-04-12,143.666901
2019-04-15,143.202240
2019-04-16,143.539322
2019-04-17,142.227295
2019-04-18,141.808151
2019-04-22,141.434616
2019-04-23,143.566650
2019-04-24,144.013153
2019-04-25,142.819534
2019-04-26,144.204453
2019-04-29,144.896927
2019-04-30,144.222672
2019-05-01,142.855957
2019-05-02,143.521088
2019-05-03,146.263565
2019-05-06,146.427643
2019-05-07,143.530197
2019-05-08,142.828629
2019-05-09,142.309311
2019-05-10,142.701080
2019-05-13,138.154541
2019-05-14,139.894806
2019-05-15,140.350342
2019-05-16,141.225067
2019-05-17,139.257019
2019-05-20,138.291199
2019-05-21,140.149933
2019-05-22,138.974548
2019-05-23,136.113617
2019-05-24,137.389206
2019-05-28,136.295837
2019-05-29,135.156921
2019-05-30,134.783356
2019-05-31,132.897308
2019-06-03,133.362000
2019-06-04,136.815155
2019-06-05,136.842499
2019-06-06,136.487183
2019-06-07,137.453003
2019-06-10,138.263885
2019-06-11,137.853882
2019-06-12,138.008743
2019-06-13,139.466568
2019-06-14,138.245621
2019-06-17,139.199310
2019-06-18,140.817657
2019-06-19,141.320587
2019-06-20,141.988052
2019-06-21,140.762833
2019-06-24,139.053055
2019-06-25,138.202698
2019-06-26,137.882645
2019-06-27,140.470261
2019-06-28,142.180054
2019-07-01,142.728714
2019-07-02,141.860031
2019-07-03,142.874939
2019-07-05,143.259003
2019-07-08,141.896667
2019-07-09,142.088623
2019-07-10,142.335495
2019-07-11,141.640594
2019-07-12,142.737793
2019-07-15,141.988052
2019-07-16,141.942352
2019-07-17,140.927444
2019-07-18,141.457748
2019-07-19,140.644012
2019-07-22,140.515976
2019-07-23,141.448624
2019-07-24,143.789307
2019-07-25,142.052063
2019-07-26,143.734436
2019-07-29,142.774384
2019-07-30,144.319595
2019-07-31,143.149246
2019-08-01,141.073715
2019-08-02,139.510178
2019-08-05,135.322525
2019-08-06,136.566040
2019-08-07,136.529480
2019-08-08,139.473648
2019-08-09,137.718109
2019-08-12,135.935104
2019-08-13,137.398071
2019-08-14,133.557816
2019-08-15,133.027496
2019-08-16,135.898560
2019-08-19,137.270050
2019-08-20,136.373993
2019-08-21,137.498627
2019-08-22,137.178635
2019-08-23,132.972610
2019-08-26,134.435608
2019-08-27,132.442383
2019-08-28,133.987610
2019-08-29,136.337433
2019-08-30,136.090515
2019-09-03,134.097260
2019-09-04,135.176224
2019-09-05,137.690704
2019-09-06,137.059723
2019-09-09,138.897614
2019-09-10,140.671387
2019-09-11,143.551575
2019-09-12,143.588135
2019-09-13,143.835022
2019-09-16,144.374466
2019-09-17,143.999619
2019-09-18,143.112732
2019-09-19,142.417786
2019-09-20,142.116074
2019-09-23,142.006302
2019-09-24,139.862915
2019-09-25,141.395264
2019-09-26,139.817093
2019-09-27,138.697632
2019-09-30,138.862793
2019-10-01,136.137650
2019-10-02,135.110001
2019-10-03,135.559601
2019-10-04,136.844147
2019-10-07,136.605652
2019-10-08,134.385178
2019-10-09,134.999863
2019-10-10,135.541290
2019-10-11,137.835175
2019-10-14,137.330475
2019-10-15,138.908630
2019-10-16,139.055481
2019-10-17,140.697922
2019-10-18,140.028076
2019-10-21,141.340179
2019-10-22,141.496201
2019-10-23,141.670502
2019-10-24,141.468674
2019-10-25,142.221039
2019-10-28,143.450531
2019-10-29,143.918518
2019-10-30,143.441406
2019-10-31,142.633957
2019-11-01,145.065506
2019-11-04,145.845398
2019-11-05,146.028900
2019-11-06,145.184753
2019-11-07,145.570129
2019-11-08,145.964691
2019-11-11,145.689423
2019-11-12,145.735245
2019-11-13,145.111359
2019-11-14,145.065506
2019-11-15,145.817902
2019-11-18,145.450882
2019-11-19,145.992218
2019-11-20,145.441666
2019-11-21,144.725952
2019-11-22,145.175568
2019-11-25,148.258575
2019-11-26,148.359497
2019-11-27,149.405518
2019-11-29,148.432953
2019-12-02,146.983154
2019-12-03,146.515228
2019-12-04,147.524475
2019-12-05,147.671341
2019-12-06,149.396332
2019-12-09,149.111908
2019-12-10,149.203690
2019-12-11,149.157761
2019-12-12,150.442383
2019-12-13,149.864319
2019-12-16,150.920578
2019-12-17,151.675705
2019-12-18,151.970413
2019-12-19,152.624222
2019-12-20,152.845291
2019-12-23,153.149231
2019-12-24,153.499130
2019-12-26,153.499130
2019-12-27,152.744019
2019-12-30,152.357239
2019-12-31,152.569046
2020-01-02,152.670334
2020-01-03,152.071762
2020-01-06,152.274353
2020-01-07,151.767868
2020-01-08,152.237503
2020-01-09,152.421677
2020-01-10,151.850708
2020-01-13,152.836105
2020-01-14,153.397827
2020-01-15,154.134598
2020-01-16,156.123795
2020-01-17,155.700211
2020-01-21,154.410904
2020-01-22,154.309540
2020-01-23,154.208267
2020-01-24,152.311157
2020-01-27,150.579849
2020-01-28,151.832260
2020-01-29,150.966629
2020-01-30,150.966629
2020-01-31,147.835434
2020-02-03,149.483932
2020-02-04,151.740204
2020-02-05,154.079361
2020-02-06,153.729385
2020-02-07,151.841522
2020-02-10,152.697952
2020-02-11,153.757034
2020-02-12,154.816071
2020-02-13,155.221252
2020-02-14,154.622650
2020-02-18,154.291168
2020-02-19,155.083160
2020-02-20,155.460709
2020-02-21,153.885971
2020-02-24,149.253693
2020-02-25,143.949173
2020-02-26,142.282333
2020-02-27,137.272537
2020-02-28,134.758423
2020-03-02,139.086746
2020-03-03,136.250320
2020-03-04,140.127396
2020-03-05,135.670105
2020-03-06,132.981003
2020-03-09,120.051300
2020-03-10,123.799423
2020-03-11,115.925583
2020-03-12,103.115562
2020-03-13,110.022476
2020-03-16,95.425865
2020-03-17,99.800247
2020-03-18,92.064499
2020-03-19,95.656105
2020-03-20,93.381439
2020-03-23,92.000046
2020-03-24,100.417259
2020-03-25,101.665321
2020-03-26,107.988770
2020-03-27,104.059715
2020-03-30,106.352440
2020-03-31,105.816246
2020-04-01,98.605278
2020-04-02,99.539017
2020-04-03,96.719345
2020-04-06,104.124420
2020-04-07,104.392525
2020-04-08,109.153610
2020-04-09,114.376930
2020-04-13,111.279907
2020-04-14,113.535660
2020-04-15,108.903984
2020-04-16,108.081215
2020-04-17,112.842293
2020-04-20,111.511040
2020-04-21,108.848549
2020-04-22,110.170540
2020-04-23,111.252213
2020-04-24,113.165894
2020-04-27,117.649597
2020-04-28,119.359909
2020-04-29,125.230370
2020-04-30,120.469292
2020-05-01,115.689682
2020-05-04,116.188934
2020-05-05,117.085678
2020-05-06,116.225891
2020-05-07,117.816017
2020-05-08,122.364494
2020-05-11,121.754326
2020-05-12,117.381500
2020-05-13,113.452454
2020-05-14,113.822235
2020-05-15,115.634247
2020-05-18,122.660316
2020-05-19,120.238167
2020-05-20,123.880585
2020-05-21,124.102524
2020-05-22,124.703430
2020-05-26,128.299576
2020-05-27,132.284134
2020-05-28,129.150162
2020-05-29,128.410568
2020-06-01,129.640137
2020-06-02,130.712524
2020-06-03,133.865036
2020-06-04,133.670837
2020-06-05,138.838684
2020-06-08,141.528976
2020-06-09,138.912689
2020-06-10,135.140808
2020-06-11,124.832809
2020-06-12,127.828171
2020-06-15,130.783539
2020-06-16,133.928101
2020-06-17,131.507050
2020-06-18,131.460724
2020-06-19,130.783539
2020-06-22,132.091431
2020-06-23,132.648026
2020-06-24,128.343918
2020-06-25,130.282608
2020-06-26,126.776253
2020-06-29,130.922668
2020-06-30,132.814987
2020-07-01,131.553421
2020-07-02,132.091431
2020-07-06,133.046890
2020-07-07,130.690765
2020-07-08,131.664780
2020-07-09,129.002518
2020-07-10,131.080322
2020-07-13,129.419907
2020-07-14,131.562714
2020-07-15,136.386230
2020-07-16,135.579269
2020-07-17,135.978119
2020-07-20,135.393677
2020-07-21,137.313873
2020-07-22,137.388123
2020-07-23,137.527252
2020-07-24,135.505051
2020-07-27,136.915024
2020-07-28,135.551453
2020-07-29,138.538361
2020-07-30,137.990997
2020-07-31,136.692368
2020-08-03,138.918671
2020-08-04,139.874069
2020-08-05,142.656906
2020-08-06,142.601257
2020-08-07,144.864624
2020-08-10,146.367371
2020-08-11,145.523193
2020-08-12,146.116898
2020-08-13,145.810760
2020-08-14,145.718018
2020-08-17,146.469376
2020-08-18,145.068726
2020-08-19,145.077957
2020-08-20,144.484253
2020-08-21,143.417511
2020-08-24,144.920258
2020-08-25,145.077957
2020-08-26,144.168884
2020-08-27,144.521378
2020-08-28,145.745819
2020-08-31,144.178177
2020-09-01,145.829361
2020-09-02,146.988861
2020-09-03,142.647598
2020-09-04,141.738556
2020-09-08,139.011414
2020-09-09,141.117050
2020-09-10,139.280411
2020-09-11,138.352783
2020-09-14,141.998291
2020-09-15,142.267273
2020-09-16,143.612335
2020-09-17,142.564117
2020-09-18,142.193100
2020-09-21,137.211823
2020-09-22,138.269318
2020-09-23,134.149979
2020-09-24,134.149979
2020-09-25,136.328827
2020-09-28,139.690216
2020-09-29,139.057037
2020-09-30,139.476074
2020-10-01,141.701508
2020-10-02,142.325424
2020-10-05,146.254776
2020-10-06,145.835785
2020-10-07,149.020294
2020-10-08,150.714981
2020-10-09,151.497131
2020-10-12,152.512100
2020-10-13,151.497131
2020-10-14,149.997986
2020-10-15,151.543701
2020-10-16,151.171249
2020-10-19,149.364838
2020-10-20,149.690735
2020-10-21,148.405731
2020-10-22,150.966400
2020-10-23,151.841675
2020-10-26,148.564072
2020-10-27,147.288391
2020-10-28,142.753677
2020-10-29,144.457718
2020-10-30,142.548828
2020-11-02,145.090897
2020-11-03,149.206512
2020-11-04,149.374100
2020-11-05,153.554962
2020-11-06,152.353790
2020-11-09,157.875473
2020-11-10,160.808594
2020-11-11,160.743393
2020-11-12,158.275894
2020-11-13,161.553513
2020-11-16,165.399170
2020-11-17,166.171967
2020-11-18,163.844116
2020-11-19,165.101166
2020-11-20,165.278091
2020-11-23,168.369476
2020-11-24,171.535309
2020-11-25,170.948761
2020-11-27,171.675034
2020-11-30,168.555725
2020-12-01,170.120010
2020-12-02,170.296997
2020-12-03,171.256042
2020-12-04,175.241318
2020-12-07,175.408920
2020-12-08,177.662292
2020-12-09,176.368027
2020-12-10,178.072021
2020-12-11,177.196747
2020-12-14,177.404099
2020-12-15,181.840775
2020-12-16,181.186920
2020-12-17,183.344681
2020-12-18,182.457260
2020-12-21,182.363922
2020-12-22,184.437454
2020-12-23,186.006683
2020-12-24,185.885254
2020-12-28,185.194061
2020-12-29,181.607285
2020-12-30,183.456741
2020-12-31,183.129791
2021-01-04,180.738632
2021-01-05,183.531448
2021-01-06,191.041229
2021-01-07,194.441147
2021-01-08,194.020859
2021-01-11,193.852692
2021-01-12,197.327347
2021-01-13,195.916946
2021-01-14,199.830643
2021-01-15,196.850983
2021-01-19,199.372925
2021-01-20,200.250931
2021-01-21,198.513580
2021-01-22,200.820694
2021-01-25,200.624573
2021-01-26,199.232849
2021-01-27,195.580688
2021-01-28,194.954880
2021-01-29,192.003265
2021-02-01,196.720230
2021-02-02,199.522400
2021-02-03,200.120163
2021-02-04,204.201935
2021-02-05,207.032150
2021-02-08,212.318848
2021-02-09,213.318329
2021-02-10,211.917236
2021-02-11,211.674377
2021-02-12,212.272171
2021-02-16,210.936478
2021-02-17,209.283234
2021-02-18,206.042053
2021-02-19,210.338730
2021-02-22,208.975006
2021-02-23,207.134903
2021-02-24,212.029312
2021-02-25,204.192657
2021-02-26,203.912430
2021-03-01,211.160675
2021-03-02,207.097519
2021-03-03,204.855835
2021-03-04,199.130096
2021-03-05,203.352005
2021-03-08,204.314087
2021-03-09,208.610703
2021-03-10,212.234787
2021-03-11,216.905029
2021-03-12,218.184723
2021-03-15,218.959976
2021-03-16,215.298492
2021-03-17,216.989105
2021-03-18,210.385391
2021-03-19,211.973282
2021-03-22,210.376038
2021-03-23,202.744873
2021-03-24,198.055908
2021-03-25,202.751785
2021-03-26,206.448227
2021-03-29,200.636871
2021-03-30,204.015167
2021-03-31,206.757080
2021-04-01,209.377319
2021-04-05,210.528366
2021-04-06,209.910721
2021-04-07,206.523132
2021-04-08,208.273087
2021-04-09,208.301132
2021-04-12,207.487000
2021-04-13,206.944214
2021-04-14,208.984268
2021-04-15,209.891998
2021-04-16,210.228882
2021-04-19,207.496338
2021-04-20,203.247818
2021-04-21,208.216904
2021-04-22,207.355988
2021-04-23,211.267639
2021-04-26,213.466782
2021-04-27,213.784958
2021-04-28,214.149948
2021-04-29,213.354523
2021-04-30,210.453506
2021-05-03,211.482880
2021-05-04,208.956192
2021-05-05,208.123322
2021-05-06,208.301132
2021-05-07,210.921432
2021-05-10,205.559235
2021-05-11,204.904205
2021-05-12,198.250595
2021-05-13,201.900253
2021-05-14,206.831909
2021-05-17,207.112671
2021-05-18,205.540482
2021-05-19,203.959015
2021-05-20,205.315887
2021-05-21,205.849319
2021-05-24,207.187515
2021-05-25,205.184845
2021-05-26,209.012329
2021-05-27,211.164688
2021-05-28,211.024338
2021-06-01,213.419968
2021-06-02,213.672668
2021-06-03,211.885300
2021-06-04,212.802368
2021-06-07,215.656540
2021-06-08,217.939941
2021-06-09,216.489471
2021-06-10,214.883987
2021-06-11,217.152054
2021-06-14,216.514725
2021-06-15,215.896164
2021-06-16,215.436951
2021-06-17,213.018936
2021-06-18,208.182938
2021-06-21,212.634689
2021-06-22,213.600021
2021-06-23,214.302917
2021-06-24,217.330093
2021-06-25,217.695618
2021-06-28,215.971176
2021-06-29,214.940247
2021-06-30,214.968369
2021-07-01,216.861557
2021-07-02,214.799637
2021-07-06,211.678757
2021-07-07,209.710587
2021-07-08,207.779938
2021-07-09,212.166107
2021-07-12,212.344162
2021-07-13,208.342285
2021-07-14,205.127609
2021-07-15,203.965500
2021-07-16,201.453735
2021-07-19,198.435928
2021-07-20,204.593384
2021-07-21,208.117340
2021-07-22,204.808960
2021-07-23,205.764923
2021-07-26,206.364731
2021-07-27,203.956100
2021-07-28,206.955215
2021-07-29,208.548447
2021-07-30,207.170746
2021-08-02,206.139832
2021-08-03,206.992706
2021-08-04,204.415359
2021-08-05,208.089203
2021-08-06,209.363846
2021-08-09,208.211029
2021-08-10,208.623428
2021-08-11,209.645004
2021-08-12,209.148285
2021-08-13,207.245728
2021-08-16,205.315109
2021-08-17,202.812698
2021-08-18,201.041382
2021-08-19,198.632751
2021-08-20,201.987991
2021-08-23,205.830536
2021-08-24,207.854904
2021-08-25,208.585953
2021-08-26,206.374146
2021-08-27,212.194183
2021-08-30,211.322586
2021-08-31,211.734970
2021-09-01,213.159515
2021-09-02,214.640320
2021-09-03,213.646912
2021-09-07,212.175461
2021-09-08,209.860535
2021-09-09,209.757401
2021-09-10,207.704910
2021-09-13,208.885834
2021-09-14,206.224152
2021-09-15,208.089203
2021-09-16,208.239182
2021-09-17,208.510971
2021-09-20,203.553131
2021-09-21,203.862396
2021-09-22,207.030136
2021-09-23,210.694626
2021-09-24,209.678482
2021-09-27,212.865234
2021-09-28,208.023987
2021-09-29,207.582184
2021-09-30,205.636261
2021-10-01,208.954575
2021-10-04,207.055710
2021-10-05,207.770157
2021-10-06,206.689087
2021-10-07,209.875885
2021-10-08,208.296585
2021-10-11,207.102722
2021-10-12,208.240189
2021-10-13,209.227280
2021-10-14,212.329422
2021-10-15,211.661972
2021-10-18,211.539780
2021-10-19,212.329422
2021-10-20,213.739487
2021-10-21,214.284744
2021-10-22,213.777115
2021-10-25,215.807602
2021-10-26,214.181290
2021-10-27,210.242523
2021-10-28,214.435135
2021-10-29,214.378738
2021-11-01,219.934448
2021-11-02,220.395035
2021-11-03,224.333862
2021-11-04,224.249268
2021-11-05,227.313843
2021-11-08,228.018845
2021-11-09,226.693405
2021-11-10,223.121231
2021-11-11,224.916702
2021-11-12,225.142288
2021-11-15,224.249268
2021-11-16,224.662888
2021-11-17,221.720520
2021-11-18,220.780457
2021-11-19,218.768753
2021-11-22,217.838104
2021-11-23,217.462082
2021-11-24,217.697159
2021-11-26,209.490433
2021-11-29,209.358856
2021-11-30,205.091019
2021-12-01,200.475372
2021-12-02,206.068680
2021-12-03,201.838455
2021-12-06,205.890076
2021-12-07,210.665512
2021-12-08,212.103836
2021-12-09,207.300125
2021-12-10,206.726715
2021-12-13,203.705612
2021-12-14,201.951813
2021-12-15,205.157730
2021-12-16,201.008896
2021-12-17,202.856979
2021-12-20,200.009415
2021-12-21,205.723450
2021-12-22,207.703552
2021-12-23,209.363068
2021-12-27,211.324295
2021-12-28,210.032486
2021-12-29,210.258850
2021-12-30,210.202240
2021-12-31,209.749680
2022-01-03,212.455826
2022-01-04,212.135208
2022-01-05,204.950272
2022-01-06,206.119507
2022-01-07,203.733902
2022-01-10,203.026733
2022-01-11,205.186005
2022-01-12,203.658493
2022-01-13,201.791519
2022-01-14,202.074417
2022-01-18,195.964371
2022-01-19,192.777344
2022-01-20,189.288589
2022-01-21,185.743301
2022-01-24,190.024078
2022-01-25,187.487640
2022-01-26,184.781494
2022-01-27,180.585510
2022-01-28,184.102585
2022-01-31,189.750641
2022-02-01,191.749588
2022-02-02,189.844879
2022-02-03,186.252457
2022-02-04,187.053909
2022-02-07,187.977936
2022-02-08,191.183823
2022-02-09,194.814026
2022-02-10,191.825012
2022-02-11,189.882599
2022-02-14,189.222565
2022-02-15,194.295395
2022-02-16,194.700882
2022-02-17,189.712875
2022-02-18,188.081650
2022-02-22,185.432068
2022-02-23,181.962219
2022-02-24,186.733307
2022-02-25,190.938660
2022-02-28,191.711884
2022-03-01,188.100510
2022-03-02,192.579330
2022-03-03,190.297455
2022-03-04,187.317886
2022-03-07,182.659927
2022-03-08,183.668900
2022-03-09,188.845428
2022-03-10,188.505966
2022-03-11,185.498093
2022-03-14,181.707626
2022-03-15,184.602325
2022-03-16,190.410645
2022-03-17,193.399643
2022-03-18,195.436325
2022-03-21,193.710785
2022-03-22,195.653198
2022-03-23,192.258743
2022-03-24,194.469452
2022-03-25,194.734009
2022-03-28,194.800125
2022-03-29,200.015244
2022-03-30,196.000000
2022-03-31,193.930984
2022-04-01,196.103928
2022-04-04,196.425125
2022-04-05,191.776947
2022-04-06,189.056015
2022-04-07,188.441910
2022-04-08,186.939728
2022-04-11,185.683167
2022-04-12,186.268967
2022-04-13,189.811813
2022-04-14,187.969543
2022-04-18,186.703552
2022-04-19,190.425919
2022-04-20,191.153366
2022-04-21,186.873627
2022-04-22,182.036438
2022-04-25,183.141800
2022-04-26,177.369324
2022-04-27,176.632416
2022-04-28,179.929596
2022-04-29,174.733444
2022-05-02,176.566269
2022-05-03,178.077881
2022-05-04,182.830063
2022-05-05,175.413696
2022-05-06,172.494385
2022-05-09,165.238571
2022-05-10,165.285828
2022-05-11,161.176163
2022-05-12,163.065674
2022-05-13,168.233490
2022-05-16,167.430435
2022-05-17,172.551056
2022-05-18,166.504562
2022-05-19,166.778534
2022-05-20,166.353424
2022-05-23,168.365768
2022-05-24,165.871567
2022-05-25,168.857010
2022-05-26,172.626617
2022-05-27,177.274841
2022-05-31,175.073563
2022-06-01,174.081528
2022-06-02,178.332977
2022-06-03,176.726898
2022-06-06,177.492142
2022-06-07,180.354782
2022-06-08,177.567719
2022-06-09,173.886749
2022-06-10,169.169418
2022-06-13,161.222000
2022-06-14,160.445236
2022-06-15,162.794434
2022-06-16,155.254303
2022-06-17,156.466766
2022-06-21,159.270630
2022-06-22,158.967560
2022-06-23,160.871475
2022-06-24,165.854004
2022-06-27,166.469742
2022-06-28,163.343826
2022-06-29,161.686157
2022-06-30,160.426315
2022-07-01,162.368179
2022-07-05,163.713257
2022-07-06,162.500778
2022-07-07,166.346619
2022-07-08,166.327637
2022-07-11,162.983856
2022-07-12,162.424988
2022-07-13,162.282913
2022-07-14,160.615723
2022-07-15,163.959503
2022-07-18,163.495392
2022-07-19,169.264130
2022-07-20,171.916443
2022-07-21,172.797348
2022-07-22,170.040848
2022-07-25,170.921814
2022-07-26,169.870377
2022-07-27,173.735138
2022-07-28,176.122208
2022-07-29,177.372574
2022-08-01,177.306320
2022-08-02,177.135757
2022-08-03,179.740707
2022-08-04,179.361786
2022-08-05,180.735321
2022-08-08,182.648788
2022-08-09,180.157486
2022-08-10,185.301056
2022-08-11,185.992584
2022-08-12,189.791031
2022-08-15,190.463593
2022-08-16,190.387787
2022-08-17,187.186096
2022-08-18,188.427002
2022-08-19,184.382233
2022-08-22,180.583786
2022-08-23,180.877426
2022-08-24,182.260391
2022-08-25,185.092667
2022-08-26,179.011322
2022-08-29,177.363129
2022-08-30,174.881332
2022-08-31,173.820389
2022-09-01,171.925919
2022-09-02,170.590240
2022-09-06,168.904175
2022-09-07,172.579498
2022-09-08,174.019318
2022-09-09,177.514694
2022-09-12,179.664902
2022-09-13,172.636383
2022-09-14,173.308914
2022-09-15,172.049042
2022-09-16,169.548309
2022-09-19,170.997604
2022-09-20,168.667358
2022-09-21,166.090851
2022-09-22,162.349197
2022-09-23,158.484421
2022-09-26,156.314453
2022-09-27,156.847672
2022-09-28,161.808365
2022-09-29,158.180710
2022-09-30,157.028595
2022-10-03,161.189484
2022-10-04,167.578415
2022-10-05,166.340622
2022-10-06,165.407501
2022-10-07,160.542023
2022-10-10,159.647034
2022-10-11,159.694611
2022-10-12,159.256622
2022-10-13,163.198486
2022-10-14,158.828140
2022-10-17,163.893616
2022-10-18,165.835968
2022-10-19,163.017609
2022-10-20,160.941925
2022-10-21,164.436325
2022-10-24,165.140930
2022-10-25,169.644592
2022-10-26,170.482468
2022-10-27,170.520538
2022-10-28,174.395798
2022-10-31,174.557663
2022-11-01,174.795670
2022-11-02,168.997147
2022-11-03,167.864044
2022-11-04,170.130157
2022-11-07,170.901413
2022-11-08,170.968048
2022-11-09,166.273956
2022-11-10,176.509598
2022-11-11,177.956863
2022-11-14,175.966858
2022-11-15,178.575745
2022-11-16,175.433624
2022-11-17,173.805435
2022-11-18,174.929016
2022-11-21,174.014969
2022-11-22,175.871658
2022-11-23,176.328705
2022-11-25,176.700012
2022-11-28,173.138977
2022-11-29,173.643600
2022-11-30,178.404373
2022-12-01,178.013962
2022-12-02,179.051819
2022-12-05,174.119690
2022-12-06,171.453659
2022-12-07,170.949005
2022-12-08,172.186844
2022-12-09,170.073044
2022-12-12,172.072556
2022-12-13,173.497787
2022-12-14,172.359528
2022-12-15,168.045502
2022-12-16,166.792450
2022-12-19,164.535004
2022-12-20,165.405457
2022-12-21,168.255920
2022-12-22,166.055893
2022-12-23,166.811569
2022-12-27,165.692413
2022-12-28,163.119324
2022-12-29,167.251617
2022-12-30,166.782852
2023-01-03,165.864609
2023-01-04,167.930740
2023-01-05,166.132401
2023-01-06,169.862961
2023-01-09,170.149887
2023-01-10,172.665604
2023-01-11,174.817810
2023-01-12,177.754425
2023-01-13,178.921387
2023-01-17,178.701385
2023-01-18,175.812683
2023-01-19,174.129135
2023-01-20,176.998749
2023-01-23,179.189240
2023-01-24,178.806610
2023-01-25,179.304031
2023-01-26,180.365768
2023-01-27,181.341446
2023-01-30,178.816162
2023-01-31,183.158920
2023-02-01,186.038116
2023-02-02,189.701660
2023-02-03,188.429459
2023-02-06,185.703278
2023-02-07,187.080734
2023-02-08,184.345032
2023-02-09,181.676254
2023-02-10,182.039734
2023-02-13,184.230240
2023-02-14,184.144119
2023-02-15,186.009384
2023-02-16,184.230240
2023-02-17,184.737198
2023-02-21,179.284851
2023-02-22,179.772766
2023-02-23,181.054535
2023-02-24,179.361389
2023-02-27,179.992737
2023-02-28,180.002304
2023-03-01,180.231842
2023-03-02,180.662323
2023-03-03,183.178024
2023-03-06,180.499680
2023-03-07,178.404846
2023-03-08,178.490967
2023-03-09,173.526535
2023-03-10,168.523758
2023-03-13,165.778488
2023-03-14,168.849045
2023-03-15,166.065475
2023-03-16,168.332474
2023-03-17,163.788895
2023-03-20,165.912399
2023-03-21,168.973358
2023-03-22,164.181076
2023-03-23,163.452377
2023-03-24,164.930878
2023-03-27,166.764618
2023-03-28,166.524612
2023-03-29,168.415924
2023-03-30,168.185516
2023-03-31,171.276993
2023-04-03,171.353790
2023-04-04,168.348785
2023-04-05,166.697403
2023-04-06,166.947037
2023-04-10,168.732788
2023-04-11,170.067261
2023-04-12,168.819168
2023-04-13,171.056152
2023-04-14,169.462418
2023-04-17,171.641830
2023-04-18,170.912140
2023-04-19,171.132935
2023-04-20,170.249695
2023-04-21,170.470505
2023-04-24,170.355331
2023-04-25,166.150177
2023-04-26,164.546860
2023-04-27,166.745438
2023-04-28,168.204742
2023-05-01,168.300751
2023-05-02,164.844467
2023-05-03,165.449341
2023-05-04,163.596390
2023-05-05,167.484680
2023-05-08,167.100632
2023-05-09,166.601395
2023-05-10,167.446274
2023-05-11,166.159775
2023-05-12,165.823761
2023-05-15,167.849548
2023-05-16,165.401321
2023-05-17,169.088013
2023-05-18,170.115280
2023-05-19,169.078400
2023-05-22,171.142548
2023-05-23,170.336105
2023-05-24,168.531158
2023-05-25,167.215851
2023-05-26,169.116791
2023-05-30,168.492767
2023-05-31,166.831848
2023-06-01,168.636810
2023-06-02,174.752426
2023-06-05,172.409866
2023-06-06,176.950974
2023-06-07,180.261856
2023-06-08,179.587906
2023-06-09,178.134201
2023-06-12,178.875519
2023-06-13,180.926117
2023-06-14,178.981430
2023-06-15,180.454376
2023-06-16,179.010284
2023-06-20,178.230469
2023-06-21,177.816498
2023-06-22,176.497559
2023-06-23,173.840408
2023-06-26,174.013702
2023-06-27,176.526443
2023-06-28,177.392899
2023-06-29,179.433914
2023-06-30,180.290741
2023-07-03,180.656570
2023-07-05,178.856216
2023-07-06,175.968018
2023-07-07,177.826157
2023-07-10,180.868362
2023-07-11,182.726425
2023-07-12,184.719269
2023-07-13,186.211502
2023-07-14,184.391953
2023-07-17,186.365555
2023-07-18,188.666473
2023-07-19,189.465576
2023-07-20,187.809616
2023-07-21,187.212769
2023-07-24,187.674866
2023-07-25,187.655640
2023-07-26,189.138245
2023-07-27,186.692886
2023-07-28,189.109314
2023-07-31,191.304367
2023-08-01,190.428314
2023-08-02,187.838547
2023-08-03,187.309036
2023-08-04,186.933563
2023-08-07,187.058716
2023-08-08,185.884186
2023-08-09,184.430481
2023-08-10,183.612152
2023-08-11,183.872070
2023-08-14,183.554382
2023-08-15,181.128281
2023-08-16,178.914017
2023-08-17,176.805634
2023-08-18,177.768356
2023-08-21,177.508408
2023-08-22,176.978943
2023-08-23,178.865875
2023-08-24,176.391663
2023-08-25,177.142578
2023-08-28,178.721466
2023-08-29,181.214935
2023-08-30,181.898483
2023-08-31,181.580780
2023-09-01,183.737320
2023-09-05,179.867111
2023-09-06,179.193222
2023-09-07,177.460281
2023-09-08,177.065582
2023-09-11,177.489136
2023-09-12,177.315857
2023-09-13,176.150970
2023-09-14,178.634827
2023-09-15,176.767136
2023-09-18,175.592590
2023-09-19,174.909042
2023-09-20,173.156860
2023-09-21,170.470856
2023-09-22,170.085785
2023-09-25,170.846344
2023-09-26,168.649658
2023-09-27,170.226303
2023-09-28,171.764252
2023-09-29,170.951736
2023-10-02,168.369217
2023-10-03,165.535156
2023-10-04,165.612534
2023-10-05,165.738281
2023-10-06,167.334229
2023-10-09,168.301483
2023-10-10,170.206970
2023-10-11,169.916794
2023-10-12,166.076782
2023-10-13,164.693649
2023-10-16,167.353577
2023-10-17,169.220398
2023-10-18,165.738281
2023-10-19,163.097656
2023-10-20,160.989075
2023-10-23,159.625244
2023-10-24,161.018097
2023-10-25,158.358185
2023-10-26,158.764420
2023-10-27,156.897598
2023-10-30,157.768143
2023-10-31,159.131927
2023-11-01,160.041199
2023-11-02,164.306747
2023-11-03,168.775406
2023-11-06,166.666824
2023-11-07,166.076782
2023-11-08,164.306747
2023-11-09,161.762863
2023-11-10,163.571640
2023-11-13,163.629669
2023-11-14,172.615433
2023-11-15,172.915283
2023-11-16,170.119934
2023-11-17,172.450974
2023-11-20,173.456940
2023-11-21,171.222580
2023-11-22,172.296249
2023-11-24,173.456940
2023-11-27,172.876572
2023-11-28,172.209183
2023-11-29,173.118393
2023-11-30,173.776093
2023-12-01,178.854202
2023-12-04,180.769333
2023-12-05,178.351242
2023-12-06,178.031998
2023-12-07,179.318436
2023-12-08,180.682281
2023-12-11,181.059509
2023-12-12,180.875717
2023-12-13,186.998413
2023-12-14,192.202225
2023-12-15,190.586899
2023-12-18,190.654633
2023-12-19,194.349548
2023-12-20,190.547897
2023-12-21,193.790298
2023-12-22,195.596008
2023-12-26,198.139542
2023-12-27,198.838470
2023-12-28,198.081238
2023-12-29,194.848526
2024-01-02,193.693268
2024-01-03,188.528625
2024-01-04,188.159714
2024-01-05,187.606384
2024-01-08,190.984756
2024-01-09,189.276154
2024-01-10,189.382904
2024-01-11,187.897598
2024-01-12,187.586960
2024-01-16,185.266724
2024-01-17,183.946442
2024-01-18,185.033783
2024-01-19,186.810318
2024-01-22,190.800278
2024-01-23,190.246933
2024-01-24,188.683975
2024-01-25,190.246933
2024-01-26,190.256622
2024-01-29,193.586502
2024-01-30,191.936142
2024-01-31,187.247177
2024-02-01,189.732407
2024-02-02,188.732513
2024-02-05,186.334641
2024-02-06,188.014114
2024-02-07,187.577240
2024-02-08,190.421677
2024-02-09,193.518494
2024-02-12,197.032806
2024-02-13,188.926666
2024-02-14,193.314667
2024-02-15,198.469574
2024-02-16,195.770767
2024-02-20,193.071945
2024-02-21,192.159409
2024-02-22,193.615631
2024-02-23,194.052444
2024-02-26,195.275635
2024-02-27,198.042404
2024-02-28,196.411499
2024-02-29,197.780304
2024-03-01,199.877243
2024-03-04,199.692795
2024-03-05,197.780304
2024-03-06,199.255936
2024-03-07,200.915970
2024-03-08,200.789795
2024-03-11,199.197678
2024-03-12,198.925827
2024-03-13,199.702499
2024-03-14,196.129959
2024-03-15,196.498856
2024-03-18,195.372726
2024-03-19,196.197922
2024-03-20,200.081116
2024-03-21,202.379959
2024-03-22,199.586700
2024-03-25,200.044113
2024-03-26,199.684006
2024-03-27,204.034470
2024-03-28,204.676865
2024-04-01,202.749771
2024-04-02,199.022202
2024-04-03,200.326355
2024-04-04,198.321457
2024-04-05,198.983261
2024-04-08,200.073318
2024-04-09,200.861679
2024-04-10,195.557388
2024-04-11,196.880997
2024-04-12,193.377289
2024-04-15,190.545090
2024-04-16,189.844360
2024-04-17,187.839432
2024-04-18,187.683685
2024-04-19,187.975693
2024-04-22,190.077911
2024-04-23,193.260483
2024-04-24,192.394272
2024-04-25,191.226364
2024-04-26,193.056107
2024-04-29,194.613342
2024-04-30,190.661880
2024-05-01,191.060944
2024-05-02,194.574402
2024-05-03,196.501419
2024-05-06,199.041641
2024-05-07,199.489365
2024-05-08,198.331177
2024-05-09,200.355560
2024-05-10,198.847031
2024-05-13,199.265503
2024-05-14,201.328827
2024-05-15,203.839844
2024-05-16,202.370193
2024-05-17,202.516220
2024-05-20,202.963898
2024-05-21,202.769241
2024-05-22,201.056320
2024-05-23,197.756973
2024-05-24,199.946777
2024-05-28,199.674286
2024-05-29,196.725311
2024-05-30,198.593964
2024-05-31,200.267975
2024-06-03,199.138977
2024-06-04,196.569580
2024-06-05,199.576981
2024-06-06,198.146255
2024-06-07,195.820160
2024-06-10,196.491730
2024-06-11,195.820221
2024-06-12,198.826279
2024-06-13,197.089035
2024-06-14,193.956131
2024-06-17,195.586014
2024-06-18,195.927628
2024-06-20,195.098007
2024-06-21,195.537231
2024-06-24,196.386322
2024-06-25,195.742188
2024-06-26,195.224899
2024-06-27,197.206161
2024-06-28,198.016205
2024-07-01,196.357056
2024-07-02,197.030472
2024-07-03,196.981644
2024-07-05,196.044724
2024-07-08,197.420868
2024-07-09,196.561996
2024-07-10,198.484665
2024-07-11,205.619064
2024-07-12,208.019958
2024-07-15,211.972702
2024-07-16,219.204697
2024-07-17,216.911133
2024-07-18,212.714432
2024-07-19,211.631058
2024-07-22,214.998215
2024-07-23,217.282028
2024-07-24,212.616852
2024-07-25,215.271500
2024-07-26,218.833817
2024-07-29,216.403625
2024-07-30,217.223450
2024-07-31,218.482452
2024-08-01,211.377335
2024-08-02,203.901352
2024-08-05,197.342773
2024-08-06,199.489883
2024-08-07,197.128036
2024-08-08,201.920105
2024-08-09,201.500427
2024-08-12,199.685120
2024-08-13,202.974152
2024-08-14,201.715149
2024-08-15,206.946365
2024-08-16,207.492966
2024-08-19,210.030502
2024-08-20,207.580795
2024-08-21,210.284241
2024-08-22,208.429886
2024-08-23,215.086075
2024-08-26,215.154373
2024-08-27,213.485458
2024-08-28,212.041000
2024-08-29,213.553772
2024-08-30,214.793274
2024-09-03,208.224960
2024-09-04,207.873581
2024-09-05,206.839020
2024-09-06,202.905838
2024-09-09,203.471924
2024-09-10,203.306015
2024-09-11,203.901352
2024-09-12,206.526733
2024-09-13,211.621323
2024-09-16,212.382599
2024-09-17,214.139374
2024-09-18,214.178391
2024-09-19,218.589828
2024-09-20,216.247498
2024-09-23,215.456909
2024-09-24,215.818069
2024-09-25,213.185669
2024-09-26,214.321671
2024-09-27,215.771027
2024-09-30,216.319458
2024-10-01,213.381531
2024-10-02,213.087723
2024-10-03,211.657928
2024-10-04,214.615448
2024-10-07,212.931061
2024-10-08,213.077957
2024-10-09,213.547989
2024-10-10,212.363052
2024-10-11,216.681793
2024-10-14,218.278061
2024-10-15,218.454376
2024-10-16,222.048401
2024-10-17,221.441238
2024-10-18,220.980972
2024-10-21,217.504410
2024-10-22,216.681793
2024-10-23,214.703583
2024-10-24,215.173660
2024-10-25,214.360825
2024-10-28,217.856979
2024-10-29,217.151871
2024-10-30,216.858078
2024-10-31,213.254227
2024-11-01,214.448959
2024-11-04,215.536011
2024-11-05,219.590347
2024-11-06,232.311554
2024-11-07,231.488937
2024-11-08,233.192947
2024-11-11,236.698853
2024-11-12,232.546616
2024-11-13,230.245224
2024-11-14,227.140793
2024-11-15,223.752380
2024-11-18,224.193069
2024-11-19,225.857910
2024-11-20,226.151718
2024-11-21,229.589081
2024-11-22,233.829498
2024-11-25,237.384384
2024-11-26,235.641205
2024-11-27,235.964371
2024-11-29,236.865326
2024-12-02,236.747849
2024-12-03,235.063416
2024-12-04,235.905640
2024-12-05,233.153763
2024-12-06,233.986160
2024-12-09,232.811005
2024-12-10,231.802338
2024-12-11,232.850189
2024-12-12,229.824112
2024-12-13,228.247452
2024-12-16,229.589081
2024-12-17,226.960663
2024-12-18,216.912598
2024-12-19,215.950027
2024-12-20,217.973404
2024-12-23,217.472488
2024-12-24,219.417267
2024-12-26,221.666534
2024-12-27,218.435028
2024-12-30,216.755447
2024-12-31,217.030502
2025-01-02,217.207260
2025-01-03,220.438751
2025-01-06,220.527191
2025-01-07,218.759155
2025-01-08,217.767151
2025-01-10,212.973923
2025-01-13,213.386459
2025-01-14,215.812531
2025-01-15,220.055679
2025-01-16,220.497696
2025-01-17,221.450455
2025-01-21,225.703430
2025-01-22,224.230103
2025-01-23,225.251633
2025-01-24,224.622986
2025-01-27,222.471939
2025-01-28,222.717499
2025-01-29,222.206757
2025-01-30,224.465851
2025-01-31,222.452301
2025-02-03,219.849426
2025-02-04,222.894302
2025-02-05,225.320389
2025-02-06,224.583725
2025-02-07,221.980835
2025-02-10,222.982697
2025-02-11,221.686157
2025-02-12,219.643158
2025-02-13,222.118347
2025-02-14,221.951385
2025-02-18,223.169327
2025-02-19,222.403168
2025-02-20,220.271790
2025-02-21,213.926666
2025-02-24,212.384598
2025-02-25,211.579163
2025-02-26,211.844360
2025-02-27,208.612885
2025-02-28,210.832672
2025-03-03,205.067078
2025-03-04,202.749039
2025-03-05,204.762589
2025-03-06,201.629318
2025-03-07,202.287415
2025-03-10,197.199509
2025-03-11,197.179886
2025-03-12,197.523666
2025-03-13,194.577026
2025-03-14,199.281830
2025-03-17,201.796295
2025-03-18,200.044052
2025-03-19,203.154800
2025-03-20,201.865219
2025-03-21,200.614990
2025-03-24,205.606003
2025-03-25,204.464066
2025-03-26,202.386963
2025-03-27,201.422226
2025-03-28,197.327026
2025-03-31,196.382004
2025-04-01,196.401657
2025-04-02,199.502594
2025-04-03,186.695282
2025-04-04,178.367096
2025-04-07,176.752670
2025-04-08,172.096344
2025-04-09,186.724823
2025-04-10,178.879013
2025-04-11,181.487717
2025-04-14,183.623901
2025-04-15,183.850327
2025-04-16,182.088226
2025-04-17,183.574677
2025-04-21,179.892960
2025-04-22,184.549255
2025-04-23,187.285934
2025-04-24,191.036606
2025-04-25,191.095657
2025-04-28,191.902878
2025-04-29,193.034943
2025-04-30,191.824127
2025-05-01,193.015289
2025-05-02,197.356583
2025-05-05,195.840576
2025-05-06,193.704346
2025-05-07,194.344223
2025-05-08,198.045670
2025-05-09,197.681412
2025-05-12,204.631409
2025-05-13,205.379608
2025-05-14,203.558411
2025-05-15,204.887390
2025-05-16,206.580597
2025-05-19,205.714310
2025-05-20,205.822586
2025-05-21,200.044052
2025-05-22,200.034180
2025-05-23,199.404175
2025-05-27,204.464066
2025-05-28,202.308182
2025-05-29,202.908691
2025-05-30,201.875061
2025-06-02,202.505096
2025-06-03,205.773376
2025-06-04,205.192566
2025-06-05,205.281143
2025-06-06,208.598633
2025-06-09,210.035904
2025-06-10,211.167969
2025-06-11,210.301682
2025-06-12,209.464935
2025-06-13,205.635544
2025-06-16,208.059967
2025-06-17,205.868500
2025-06-18,206.954361
2025-06-20,206.520020
2025-06-23,209.047119
2025-06-24,211.712372
2025-06-25,209.244537
2025-06-26,212.640305
2025-06-27,212.709396
2025-06-30,213.015411
2025-07-01,215.206879
2025-07-02,218.188034
2025-07-03,220.211670
2025-07-07,216.904739
2025-07-08,218.405212
2025-07-09,220.774338
2025-07-10,221.909561
2025-07-11,218.849426
2025-07-14,220.320282
2025-07-15,216.006454
2025-07-16,218.178162
2025-07-17,221.040878
2025-07-18,219.471313
2025-07-21,218.582901
2025-07-22,220.399246
2025-07-23,223.765381
2025-07-24,220.675644
2025-07-25,221.494965
2025-07-28,221.238312
2025-07-29,219.826706
2025-07-30,218.711243
2025-07-31,216.569122
2025-08-01,212.156601
2025-08-04,216.904739
2025-08-05,218.010361
2025-08-06,217.724075
2025-08-07,217.013336
2025-08-08,217.487183
2025-08-11,217.437805
2025-08-12,223.893723
2025-08-13,228.247025
2025-08-14,225.305344
2025-08-15,224.209610
2025-08-18,225.028946
2025-08-19,223.301422
2025-08-20,222.511719
2025-08-21,223.064529
2025-08-22,231.810593
2025-08-25,229.372345
2025-08-26,231.267685
2025-08-27,232.906326
2025-08-28,233.182739
2025-08-29,232.146225
2025-09-02,230.892563
2025-09-03,230.665512
2025-09-04,233.547958
2025-09-05,234.712814
2025-09-08,235.186615
2025-09-09,233.804626
2025-09-10,233.390030
2025-09-11,237.703857
2025-09-12,235.275482
2025-09-15,236.272476
2025-09-16,235.883438
2025-09-17,236.487289
2025-09-18,242.377441
2025-09-19,240.536148
2025-09-22,241.931976
2025-09-23,241.387512
2025-09-24,239.170059
2025-09-25,236.883270
2025-09-26,238.912643
2025-09-29,239.189819
2025-09-30,239.526428
2025-10-01,240.051102
2025-10-02,241.565704
2025-10-03,243.357498
2025-10-06,244.327637
2025-10-07,241.704285
2025-10-08,244.238541
2025-10-09,242.664551
2025-10-10,235.398361
2025-10-13,241.951797
2025-10-14,245.406677
2025-10-15,247.812241
2025-10-16,242.595230
2025-10-17,240.961838
2025-10-20,245.664062
2025-10-21,244.505844
2025-10-22,240.892532
2025-10-23,243.941574
2025-10-24,246.921280
2025-10-27,247.782532
2025-10-28,246.456024
2025-10-29,244.357346
2025-10-30,242.387375
2025-10-31,243.753479
2025-11-03,242.971420
2025-11-04,238.774063
2025-11-05,242.219055
2025-11-06,237.932617
2025-11-07,239.179947
2025-11-10,241.575592
2025-11-11,241.783508
2025-11-12,241.189529
2025-11-13,234.408401
2025-11-14,235.091476
2025-11-17,230.418930
2025-11-18,231.121826
2025-11-19,231.082199
2025-11-20,226.805649
2025-11-21,233.230392
2025-11-24,237.487137
2025-11-25,242.664551
2025-11-26,244.812714
2025-11-28,246.248123
2025-12-01,243.149612
2025-12-02,242.704132
2025-12-03,247.119278
2025-12-04,249.287262
2025-12-05,248.247833
2025-12-08,248.346802
2025-12-09,248.861572
2025-12-10,252.247162
2025-12-11,255.207092
2025-12-12,251.296829
2025-12-15,249.396149
2025-12-16,248.216141
2025-12-17,245.574066
2025-12-18,247.034180
2025-12-19,249.100143
2025-12-22,251.871368
2025-12-23,250.381470
2025-12-24,251.007217
2025-12-26,249.725906
2025-12-29,248.196304
2025-12-30,246.358749
2025-12-31,244.501343
2026-01-02,247.103699
2026-01-05,251.027084
2026-01-06,254.354507
2026-01-07,253.758560
2026-01-08,256.529724
2026-01-09,258.476532
2026-01-12,259.737976
2026-01-13,259.588989
2026-01-14,261.416595
2026-01-15,263.720978
2026-01-16,263.969299
2026-01-20,260.810699
2026-01-21,265.985596
2026-01-22,267.972137
2026-01-23,263.025696
2026-01-26,262.201294
2026-01-27,262.946259
2026-01-28,261.525879
2026-01-29,261.595398
2026-01-30,257.900452
2026-02-02,260.413391
2026-02-03,261.009369
2026-02-04,258.764618
2026-02-05,254.106201
2026-02-06,263.234253
2026-02-09,265.081726
2026-02-10,264.366577
2026-02-11,263.164764
2026-02-12,257.791229
2026-02-13,261.188171
2026-02-17,261.267639
2026-02-18,262.211212
2026-02-19,262.817108
2026-02-20,262.827026
2026-02-23,258.734772
2026-02-24,261.555634
2026-02-25,262.797211
2026-02-26,264.197723
2026-02-27,259.648621
2026-03-02,262.032410
2026-03-03,257.493225
2026-03-04,259.996246
2026-03-05,255.029938
2026-03-06,249.199478
2026-03-09,251.911087
2026-03-10,251.652847
2026-03-11,251.146286
2026-03-12,245.742935
2026-03-13,244.928452
2026-03-16,247.242752
2026-03-17,248.806946
2026-03-18,244.796982
2026-03-19,246.398987
2026-03-20,241.015884
2026-03-23,246.219879
2026-03-24,247.543259
2026-03-25,250.568161
2026-03-26,246.209915
2026-03-27,241.891495
2026-03-30,238.418839
2026-03-31,246.767136
2026-04-01,248.319366
2026-04-02,250.040771
2026-04-06,251.105453
2026-04-07,251.652740
2026-04-08,259.175140
2026-04-09,260.657715
2026-04-10,260.001007
2026-04-13,263.752289
2026-04-14,267.384125
2026-04-15,268.050812
2026-04-16,268.608032
2026-04-17,274.409058
2026-04-20,275.971252
2026-04-21,273.145355
2026-04-22,275.105560
2026-04-23,274.150330
2026-04-24,275.274689
2026-04-27,275.762299
2026-04-28,272.548340
2026-04-29,270.727417
2026-04-30,276.588165
2026-05-01,277.891632
2026-05-04,276.498596
2026-05-05,281.155334
2026-05-06,285.374237
2026-05-07,280.856812
2026-05-08,282.757324
2026-05-11,283.911530
2026-05-12,281.165283
2026-05-13,281.264771
2026-05-14,283.035950
2026-05-15,276.220001
2026-05-18,274.598083
2026-05-19,271.642853
2026-05-20,278.478699
2026-05-21,281.085663
2026-05-22,283.702576
2026-05-26,289.065826
2026-05-27,288.926483
2026-05-28,290.578278
2026-05-29,288.986206
2026-06-01,287.543427
2026-06-02,290.210083
2026-06-03,286.239960
2026-06-04,290.558350
2026-06-05,280.249847
2026-06-08,282.697632
2026-06-09,283.603088
2026-06-10,280.647827
2026-06-11,288.966309
2026-06-12,291.493683
2026-06-15,293.872498
2026-06-16,291.319122
2026-06-17,289.124878
2026-06-18,294.820007
2026-06-22,297.403259
2026-06-23,294.550720
2026-06-24,295.917145
2026-06-25,298.131348
2026-06-26,299.048950
2026-06-29,298.191193
2026-06-30,299.667358
2026-07-01,298.540283
2026-07-02,296.804810
2026-07-06,298.121368
2026-07-07,295.418427
2026-07-08,292.715515
2026-07-09,296.465698
2026-07-10,295.218933
2026-07-13,292.715515
2026-07-14,293.742828
2026-07-15,294.999512
2026-07-16,294.820007
2026-07-17,293.274048
2026-07-20,291.548553
2026-07-21,295.767548
2026-07-22,293.024689
2026-07-23,291.329102
2026-07-24,290.411530
2026-07-27,292.146973
2026-07-28,292.605774
2026-07-29,287.818298
2026-07-30,291.827820
2026-07-31,290.441437
2026-08-03,295.448364
2026-08-04,300.924042
2026-08-05,298.989105
2026-08-06,297.473083
2026-08-07,300.774445
2026-08-10,299.198578
2026-08-11,300.205933
2026-08-12,301.921448
2026-08-13,302.709381
2026-08-14,304.295258
2026-08-17,303.267944
2026-08-18,299.447937
2026-08-19,300.934021
2026-08-20,296.894592
2026-08-21,299.178619
2026-08-24,297.193787
2026-08-25,298.450531
2026-08-26,298.151306
2026-08-27,299.028992
2026-08-28,294.979584
2026-08-31,293.164307
2026-09-01,289.813080
2026-09-02,293.244110
2026-09-03,294.421051
2026-09-04,295.238922
2026-09-08,293.902405
2026-09-09,289.882904
2026-09-10,286.950562
2026-09-11,288.137482
2026-09-14,287.160004
2026-09-15,285.140015
2026-09-16,283.920013
2026-09-17,285.429993
2026-09-18,284.100006
