date,value
1993-01-29,24.053528
1993-02-01,24.224607
1993-02-02,24.275936
1993-02-03,24.532541
1993-02-04,24.635201
1993-02-05,24.618090
1993-02-08,24.618090
1993-02-09,24.447018
1993-02-10,24.481222
1993-02-11,24.600988
1993-02-12,24.412790
1993-02-16,23.796917
1993-02-17,23.779823
1993-02-18,23.762697
1993-02-19,23.848234
1993-02-22,23.933773
1993-02-23,23.916676
1993-02-24,24.224607
1993-02-25,24.275936
1993-02-26,24.310148
1993-03-01,24.241716
1993-03-02,24.600988
1993-03-03,24.703609
1993-03-04,24.566761
1993-03-05,24.498339
1993-03-08,25.045784
1993-03-09,24.960238
1993-03-10,25.011580
1993-03-11,24.943136
1993-03-12,24.686525
1993-03-15,24.806274
1993-03-16,24.806274
1993-03-17,24.652304
1993-03-18,24.806274
1993-03-19,24.768736
1993-03-22,24.631233
1993-03-23,24.682798
1993-03-24,24.682798
1993-03-25,24.837482
1993-03-26,24.699991
1993-03-29,24.803104
1993-03-30,24.871862
1993-03-31,24.854677
1993-04-01,24.768736
1993-04-02,24.253071
1993-04-05,24.373392
1993-04-06,24.304638
1993-04-07,24.390591
1993-04-08,24.356201
1993-04-12,24.699991
1993-04-13,24.751535
1993-04-14,24.717176
1993-04-15,24.717176
1993-04-16,24.717176
1993-04-19,24.614031
1993-04-20,24.493723
1993-04-21,24.476543
1993-04-22,24.167130
1993-04-23,24.064011
1993-04-26,23.874922
1993-04-27,24.132751
1993-04-28,24.081182
1993-04-29,24.184328
1993-04-30,24.218712
1993-05-03,24.373392
1993-05-04,24.459349
1993-05-05,24.528088
1993-05-06,24.442156
1993-05-07,24.390591
1993-05-10,24.442156
1993-05-11,24.545282
1993-05-12,24.510897
1993-05-13,24.218712
1993-05-14,24.201519
1993-05-17,24.287453
1993-05-18,24.270267
1993-05-19,24.768736
1993-05-20,24.837482
1993-05-21,24.614031
1993-05-24,24.717176
1993-05-25,24.768736
1993-05-26,25.078136
1993-05-27,24.992172
1993-05-28,24.871862
1993-06-01,25.112509
1993-06-02,25.078136
1993-06-03,24.992172
1993-06-04,24.906231
1993-06-07,24.820290
1993-06-08,24.596842
1993-06-09,24.682798
1993-06-10,24.699991
1993-06-11,24.803104
1993-06-14,24.768736
1993-06-15,24.717176
1993-06-16,24.768736
1993-06-17,24.854677
1993-06-18,24.650003
1993-06-21,24.701925
1993-06-22,24.719238
1993-06-23,24.494211
1993-06-24,24.823090
1993-06-25,24.805788
1993-06-28,25.082748
1993-06-29,24.961578
1993-06-30,24.961578
1993-07-01,24.892355
1993-07-02,24.753868
1993-07-06,24.494211
1993-07-07,24.563446
1993-07-08,24.840414
1993-07-09,24.909651
1993-07-12,24.892355
1993-07-13,24.875027
1993-07-14,24.961578
1993-07-15,24.857712
1993-07-16,24.788477
1993-07-19,24.771156
1993-07-20,24.840414
1993-07-21,24.823090
1993-07-22,24.650003
1993-07-23,24.771156
1993-07-26,24.909651
1993-07-27,24.892355
1993-07-28,24.840414
1993-07-29,24.978893
1993-07-30,24.840414
1993-08-02,24.909651
1993-08-03,24.926960
1993-08-04,24.926960
1993-08-05,24.875027
1993-08-06,24.909651
1993-08-09,25.048134
1993-08-10,25.030828
1993-08-11,25.030828
1993-08-12,24.961578
1993-08-13,24.996193
1993-08-16,25.134682
1993-08-17,25.221235
1993-08-18,25.359720
1993-08-19,25.359720
1993-08-20,25.377037
1993-08-23,25.325106
1993-08-24,25.602060
1993-08-25,25.619377
1993-08-26,25.636681
1993-08-27,25.619377
1993-08-30,25.723230
1993-08-31,25.792488
1993-09-01,25.757856
1993-09-02,25.671303
1993-09-03,25.688620
1993-09-07,25.515512
1993-09-08,25.428968
1993-09-09,25.480894
1993-09-10,25.705915
1993-09-13,25.723230
1993-09-14,25.619377
1993-09-15,25.688620
1993-09-16,25.584745
1993-09-17,25.535156
1993-09-20,25.326139
1993-09-21,25.239031
1993-09-22,25.448069
1993-09-23,25.587406
1993-09-24,25.517736
1993-09-27,25.796434
1993-09-28,25.744158
1993-09-29,25.657085
1993-09-30,25.604830
1993-10-01,25.726753
1993-10-04,25.761583
1993-10-05,25.726753
1993-10-06,25.709332
1993-10-07,25.639664
1993-10-08,25.674482
1993-10-11,25.726753
1993-10-12,25.761583
1993-10-13,25.761583
1993-10-14,26.092537
1993-10-15,26.231884
1993-10-18,26.162209
1993-10-19,25.970612
1993-10-20,26.005449
1993-10-21,25.970612
1993-10-22,25.848680
1993-10-25,25.918339
1993-10-26,25.900940
1993-10-27,25.918339
1993-10-28,26.109953
1993-10-29,26.109953
1993-11-01,26.179636
1993-11-02,26.162209
1993-11-03,25.831268
1993-11-04,25.552580
1993-11-05,25.674482
1993-11-08,25.709332
1993-11-09,25.726753
1993-11-10,25.918339
1993-11-11,25.848680
1993-11-12,25.970612
1993-11-15,25.953192
1993-11-16,26.075106
1993-11-17,25.935778
1993-11-18,25.866095
1993-11-19,25.813828
1993-11-22,25.657085
1993-11-23,25.796434
1993-11-24,25.900940
1993-11-26,25.918339
1993-11-29,25.813828
1993-11-30,25.831268
1993-12-01,25.866095
1993-12-02,25.935778
1993-12-03,26.040287
1993-12-06,26.127365
1993-12-07,26.109953
1993-12-08,26.109953
1993-12-09,26.022858
1993-12-10,25.970612
1993-12-13,26.127365
1993-12-14,25.935778
1993-12-15,25.900940
1993-12-16,25.988031
1993-12-17,26.130852
1993-12-20,26.165930
1993-12-21,26.078247
1993-12-22,26.253597
1993-12-23,26.236090
1993-12-27,26.376392
1993-12-28,26.428989
1993-12-29,26.393923
1993-12-30,26.288689
1993-12-31,26.148394
1994-01-03,26.078247
1994-01-04,26.183474
1994-01-05,26.236090
1994-01-06,26.236090
1994-01-07,26.393923
1994-01-10,26.709579
1994-01-11,26.656979
1994-01-12,26.569286
1994-01-13,26.499130
1994-01-14,26.604364
1994-01-17,26.604364
1994-01-18,26.639435
1994-01-19,26.569286
1994-01-20,26.639435
1994-01-21,26.586843
1994-01-24,26.481602
1994-01-25,26.481602
1994-01-26,26.551762
1994-01-27,26.797283
1994-01-28,26.867420
1994-01-31,27.060339
1994-02-01,26.920036
1994-02-02,27.095404
1994-02-03,26.972652
1994-02-04,26.358852
1994-02-07,26.481602
1994-02-08,26.499130
1994-02-09,26.604364
1994-02-10,26.376392
1994-02-11,26.464054
1994-02-14,26.499130
1994-02-15,26.639435
1994-02-16,26.621916
1994-02-17,26.464054
1994-02-18,26.306229
1994-02-22,26.569286
1994-02-23,26.499130
1994-02-24,26.148394
1994-02-25,26.271154
1994-02-28,26.271154
1994-03-01,26.165930
1994-03-02,26.200991
1994-03-03,26.130852
1994-03-04,26.200991
1994-03-07,26.341309
1994-03-08,26.236090
1994-03-09,26.358852
1994-03-10,26.148394
1994-03-11,26.288689
1994-03-14,26.323763
1994-03-15,26.306229
1994-03-16,26.516670
1994-03-17,26.516670
1994-03-18,26.510887
1994-03-21,26.440325
1994-03-22,26.510887
1994-03-23,26.493252
1994-03-24,26.175755
1994-03-25,25.928814
1994-03-28,25.964092
1994-03-29,25.452572
1994-03-30,25.099794
1994-03-31,25.170345
1994-04-04,24.782301
1994-04-05,25.293823
1994-04-06,25.293823
1994-04-07,25.417286
1994-04-08,25.223270
1994-04-11,25.329109
1994-04-12,25.293823
1994-04-13,25.161535
1994-04-14,25.170345
1994-04-15,25.170345
1994-04-18,25.002785
1994-04-19,25.038061
1994-04-20,25.011604
1994-04-21,25.346745
1994-04-22,25.320278
1994-04-25,25.584877
1994-04-26,25.558409
1994-04-28,25.373186
1994-04-29,25.452572
1994-05-02,25.611322
1994-05-03,25.584877
1994-05-04,25.540747
1994-05-05,25.505482
1994-05-06,25.258545
1994-05-09,25.038061
1994-05-10,25.232090
1994-05-11,25.002785
1994-05-12,25.126276
1994-05-13,25.126276
1994-05-16,25.135078
1994-05-17,25.505482
1994-05-18,25.690691
1994-05-19,25.814171
1994-05-20,25.717144
1994-05-23,25.673054
1994-05-24,25.778883
1994-05-25,25.849442
1994-05-26,25.867073
1994-05-27,25.893545
1994-05-31,25.858274
1994-06-01,25.972897
1994-06-02,25.946453
1994-06-03,26.096394
1994-06-06,26.087580
1994-06-07,26.052298
1994-06-08,25.840624
1994-06-09,25.981733
1994-06-10,26.025837
1994-06-13,26.061111
1994-06-14,26.263958
1994-06-15,26.158125
1994-06-16,26.211021
1994-06-17,26.064735
1994-06-20,25.842787
1994-06-21,25.620850
1994-06-22,25.718496
1994-06-23,25.567570
1994-06-24,25.034916
1994-06-27,25.469917
1994-06-28,25.345644
1994-06-29,25.425541
1994-06-30,25.265739
1994-07-01,25.319008
1994-07-05,25.452164
1994-07-06,25.416655
1994-07-07,25.523203
1994-07-08,25.514320
1994-07-11,25.425541
1994-07-12,25.461052
1994-07-13,25.505436
1994-07-14,25.780647
1994-07-15,25.789522
1994-07-18,25.833920
1994-07-19,25.780647
1994-07-20,25.665239
1994-07-21,25.718496
1994-07-22,25.762899
1994-07-25,25.798405
1994-07-26,25.771776
1994-07-27,25.771776
1994-07-28,25.825041
1994-07-29,26.082481
1994-08-01,26.206774
1994-08-02,26.242268
1994-08-03,26.251160
1994-08-04,26.100241
1994-08-05,26.011467
1994-08-08,26.073606
1994-08-09,26.117996
1994-08-10,26.215639
1994-08-11,26.117996
1994-08-12,26.322170
1994-08-15,26.313316
1994-08-16,26.499752
1994-08-17,26.481991
1994-08-18,26.393198
1994-08-19,26.375433
1994-08-22,26.348816
1994-08-23,26.499752
1994-08-24,26.783808
1994-08-25,26.712795
1994-08-26,27.094517
1994-08-29,27.076782
1994-08-30,27.147804
1994-08-31,27.076782
1994-09-01,26.987997
1994-09-02,26.872581
1994-09-06,26.881477
1994-09-07,26.854832
1994-09-08,26.987997
1994-09-09,26.703917
1994-09-12,26.624018
1994-09-13,26.703917
1994-09-14,26.730562
1994-09-15,27.067907
1994-09-16,26.875267
1994-09-19,26.902060
1994-09-20,26.392967
1994-09-21,26.392967
1994-09-22,26.330421
1994-09-23,26.241116
1994-09-26,26.375074
1994-09-27,26.357239
1994-09-28,26.562658
1994-09-29,26.428692
1994-09-30,26.392967
1994-10-03,26.330421
1994-10-04,25.937452
1994-10-05,25.946377
1994-10-06,25.865973
1994-10-07,25.982109
1994-10-10,26.258987
1994-10-11,26.651978
1994-10-12,26.687696
1994-10-13,26.777012
1994-10-14,26.893135
1994-10-17,26.839531
1994-10-18,26.777012
1994-10-19,26.902060
1994-10-20,26.723444
1994-10-21,26.616243
1994-10-24,26.392967
1994-10-25,26.419764
1994-10-26,26.518000
1994-10-27,26.678776
1994-10-28,27.241467
1994-10-31,27.143206
1994-11-01,26.839531
1994-11-02,26.687696
1994-11-03,26.830606
1994-11-04,26.482267
1994-11-07,26.562658
1994-11-08,26.768074
1994-11-09,26.812738
1994-11-10,26.625175
1994-11-11,26.526934
1994-11-14,26.777012
1994-11-15,26.687696
1994-11-16,26.777012
1994-11-17,26.598389
1994-11-18,26.562658
1994-11-21,26.294712
1994-11-22,25.723078
1994-11-23,25.865973
1994-11-25,25.991041
1994-11-28,26.107145
1994-11-29,26.098211
1994-11-30,26.062492
1994-12-01,25.803465
1994-12-02,26.044619
1994-12-05,26.071424
1994-12-06,26.089287
1994-12-07,25.901720
1994-12-08,25.651644
1994-12-09,25.749872
1994-12-12,25.919588
1994-12-13,26.017828
1994-12-14,26.151814
1994-12-15,26.232187
1994-12-16,26.360327
1994-12-19,26.396334
1994-12-20,26.315304
1994-12-21,26.594406
1994-12-22,26.513363
1994-12-23,26.540361
1994-12-27,26.684423
1994-12-28,26.549383
1994-12-29,26.567392
1994-12-30,26.252285
1995-01-03,26.378326
1995-01-04,26.504353
1995-01-05,26.504353
1995-01-06,26.531374
1995-01-09,26.558376
1995-01-10,26.585381
1995-01-11,26.603401
1995-01-12,26.612392
1995-01-13,26.927511
1995-01-16,27.089546
1995-01-17,27.098555
1995-01-18,27.071539
1995-01-19,26.918488
1995-01-20,26.819462
1995-01-23,26.900482
1995-01-24,26.936508
1995-01-25,27.008520
1995-01-26,27.035521
1995-01-27,27.143568
1995-01-30,27.026522
1995-01-31,27.134560
1995-02-01,27.125551
1995-02-02,27.287615
1995-02-03,27.674749
1995-02-06,27.791763
1995-02-07,27.827780
1995-02-08,27.827780
1995-02-09,27.827780
1995-02-10,27.863775
1995-02-13,27.872810
1995-02-14,27.908796
1995-02-15,28.061853
1995-02-16,28.025822
1995-02-17,27.917816
1995-02-21,27.908796
1995-02-22,28.115873
1995-02-23,28.160889
1995-02-24,28.232899
1995-02-27,28.007833
1995-02-28,28.241920
1995-03-01,28.061853
1995-03-02,28.097872
1995-03-03,28.106865
1995-03-06,28.124866
1995-03-07,27.908796
1995-03-08,27.980839
1995-03-09,27.971817
1995-03-10,28.385963
1995-03-13,28.358961
1995-03-14,28.566019
1995-03-15,28.511988
1995-03-16,28.683035
1995-03-17,28.711580
1995-03-20,28.711580
1995-03-21,28.639174
1995-03-22,28.666323
1995-03-23,28.684427
1995-03-24,29.091749
1995-03-27,29.209423
1995-03-28,29.209423
1995-03-29,29.200363
1995-03-30,29.146049
1995-03-31,29.028372
1995-04-03,29.100777
1995-04-04,29.290873
1995-04-05,29.290873
1995-04-06,29.399496
1995-04-07,29.372355
1995-04-10,29.426661
1995-04-11,29.327074
1995-04-12,29.426661
1995-04-13,29.589588
1995-04-17,29.417597
1995-04-18,29.318035
1995-04-19,29.290873
1995-04-20,29.336151
1995-04-21,29.480957
1995-04-24,29.824924
1995-04-25,29.743452
1995-04-26,29.770632
1995-04-27,29.843035
1995-04-28,29.888292
1995-05-01,29.806814
1995-05-02,29.870180
1995-05-03,30.286549
1995-05-04,30.268448
1995-05-05,30.232237
1995-05-08,30.449486
1995-05-09,30.422333
1995-05-10,30.458529
1995-05-11,30.540007
1995-05-12,30.558102
1995-05-15,30.702930
1995-05-16,30.721037
1995-05-17,30.603365
1995-05-18,30.159836
1995-05-19,30.177938
1995-05-22,30.512840
1995-05-23,30.793432
1995-05-24,30.775330
1995-05-25,30.802498
1995-05-26,30.449486
1995-05-30,30.440420
1995-05-31,31.074045
1995-06-01,30.992575
1995-06-02,31.019735
1995-06-05,31.209795
1995-06-06,31.155485
1995-06-07,30.992575
1995-06-08,30.920149
1995-06-09,30.739124
1995-06-12,30.911114
1995-06-13,31.246023
1995-06-14,31.218874
1995-06-15,31.354645
1995-06-16,31.447735
1995-06-19,31.802792
1995-06-20,31.720858
1995-06-21,31.702648
1995-06-22,32.121471
1995-06-23,32.057743
1995-06-26,31.675350
1995-06-27,31.611620
1995-06-28,31.775484
1995-06-29,31.720858
1995-06-30,31.702648
1995-07-03,31.821022
1995-07-05,31.939377
1995-07-06,32.349083
1995-07-07,32.494781
1995-07-10,32.512985
1995-07-11,32.358208
1995-07-12,32.758801
1995-07-13,32.685959
1995-07-14,32.658649
1995-07-17,32.840755
1995-07-18,32.558498
1995-07-19,32.203419
1995-07-20,32.321777
1995-07-21,32.285347
1995-07-24,32.522099
1995-07-25,32.767910
1995-07-26,32.740585
1995-07-27,33.013741
1995-07-28,32.804325
1995-07-31,32.722397
1995-08-01,32.667763
1995-08-02,32.594910
1995-08-03,32.585827
1995-08-04,32.622231
1995-08-07,32.695065
1995-08-08,32.695065
1995-08-09,32.685959
1995-08-10,32.613144
1995-08-11,32.431011
1995-08-14,32.722397
1995-08-15,32.658649
1995-08-16,32.749714
1995-08-17,32.695065
1995-08-18,32.731510
1995-08-21,32.640450
1995-08-22,32.704159
1995-08-23,32.585827
1995-08-24,32.622231
1995-08-25,32.804325
1995-08-28,32.685959
1995-08-29,32.767910
1995-08-30,32.840755
1995-08-31,32.868069
1995-09-01,33.013741
1995-09-05,33.323303
1995-09-06,33.387032
1995-09-07,33.405235
1995-09-08,33.532707
1995-09-11,33.623756
1995-09-12,33.778511
1995-09-13,33.933315
1995-09-14,34.242889
1995-09-15,34.233440
1995-09-18,34.105282
1995-09-19,34.270031
1995-09-20,34.434776
1995-09-21,34.151058
1995-09-22,34.160202
1995-09-25,34.105282
1995-09-26,34.096127
1995-09-27,34.068672
1995-09-28,34.324974
1995-09-29,34.260906
1995-10-02,34.086975
1995-10-03,34.123589
1995-10-04,34.086975
1995-10-05,34.187679
1995-10-06,34.215141
1995-10-09,33.931370
1995-10-10,33.913059
1995-10-11,34.022892
1995-10-12,34.233440
1995-10-13,34.343262
1995-10-16,34.178516
1995-10-17,34.407349
1995-10-18,34.508060
1995-10-19,34.672783
1995-10-20,34.462261
1995-10-23,34.389034
1995-10-24,34.425648
1995-10-25,34.141891
1995-10-26,33.830677
1995-10-27,34.086975
1995-10-30,34.306656
1995-10-31,34.160202
1995-11-01,34.434776
1995-11-02,34.654488
1995-11-03,34.700237
1995-11-06,34.581261
1995-11-07,34.453110
1995-11-08,34.764320
1995-11-09,34.892467
1995-11-10,34.874161
1995-11-13,34.837555
1995-11-14,34.608723
1995-11-15,34.956551
1995-11-16,35.148773
1995-11-17,35.258606
1995-11-20,35.075539
1995-11-21,35.359299
1995-11-22,35.249439
1995-11-24,35.340977
1995-11-27,35.350132
1995-11-28,35.725426
1995-11-29,35.762039
1995-11-30,35.679649
1995-12-01,35.725426
1995-12-04,36.164783
1995-12-05,36.402763
1995-12-06,36.485161
1995-12-07,36.292927
1995-12-08,36.411930
1995-12-11,36.567524
1995-12-12,36.457680
1995-12-13,36.686512
1995-12-14,36.421066
1995-12-15,36.434399
1995-12-18,35.734447
1995-12-19,36.112061
1995-12-20,35.762085
1995-12-21,35.946301
1995-12-22,36.075222
1995-12-26,36.250217
1995-12-27,36.231800
1995-12-28,36.194942
1995-12-29,36.241013
1996-01-02,36.627827
1996-01-03,36.729141
1996-01-04,36.379169
1996-01-05,36.305485
1996-01-08,36.443623
1996-01-09,35.817337
1996-01-10,35.347637
1996-01-11,35.559479
1996-01-12,35.504211
1996-01-15,35.430523
1996-01-16,35.863403
1996-01-17,35.752884
1996-01-18,35.872623
1996-01-19,36.112061
1996-01-22,36.121269
1996-01-23,36.204178
1996-01-24,36.498871
1996-01-25,36.369934
1996-01-26,36.683079
1996-01-29,36.830433
1996-01-30,37.143574
1996-01-31,37.530392
1996-02-01,37.668537
1996-02-02,37.511974
1996-02-05,37.815895
1996-02-06,38.175079
1996-02-07,38.396133
1996-02-08,38.810589
1996-02-09,38.801365
1996-02-12,39.096066
1996-02-13,39.013191
1996-02-14,38.672405
1996-02-15,38.432953
1996-02-16,38.276421
1996-02-20,37.898781
1996-02-21,38.368496
1996-02-22,38.976353
1996-02-23,38.865829
1996-02-26,38.313240
1996-02-27,38.193516
1996-02-28,38.018509
1996-02-29,37.650112
1996-03-01,38.248779
1996-03-04,38.469799
1996-03-05,38.828976
1996-03-06,38.488216
1996-03-07,38.681606
1996-03-08,37.429092
1996-03-11,37.861965
1996-03-12,37.567219
1996-03-13,37.825123
1996-03-14,37.990887
1996-03-15,37.965363
1996-03-18,38.696182
1996-03-19,38.612907
1996-03-20,38.566662
1996-03-21,38.474167
1996-03-22,38.575905
1996-03-25,38.501923
1996-03-26,38.686905
1996-03-27,38.335388
1996-03-28,38.483410
1996-03-29,38.298386
1996-04-01,38.742432
1996-04-02,38.816437
1996-04-03,38.816437
1996-04-04,38.788685
1996-04-08,38.122620
1996-04-09,37.974613
1996-04-10,37.299282
1996-04-11,37.253059
1996-04-12,37.724823
1996-04-15,38.039349
1996-04-16,38.150394
1996-04-17,38.057858
1996-04-18,38.113377
1996-04-19,38.205887
1996-04-22,38.501923
1996-04-23,38.622173
1996-04-24,38.483410
1996-04-25,38.659161
1996-04-26,38.742432
1996-04-29,38.742432
1996-04-30,38.714687
1996-05-01,38.797939
1996-05-02,38.131889
1996-05-03,38.076366
1996-05-06,38.039349
1996-05-07,37.882107
1996-05-08,38.353882
1996-05-09,38.326138
1996-05-10,38.705429
1996-05-13,39.288219
1996-05-14,39.528732
1996-05-15,39.482491
1996-05-16,39.565735
1996-05-17,39.778500
1996-05-20,40.046795
1996-05-21,39.991280
1996-05-22,40.370564
1996-05-23,40.204060
1996-05-24,40.361309
1996-05-28,39.954288
1996-05-29,39.685989
1996-05-30,39.889523
1996-05-31,39.593510
1996-06-03,39.704506
1996-06-04,39.982056
1996-06-05,40.333561
1996-06-06,40.037548
1996-06-07,40.037548
1996-06-10,39.908024
1996-06-11,39.871037
1996-06-12,39.797001
1996-06-13,39.797001
1996-06-14,39.630497
1996-06-17,39.602726
1996-06-18,39.278957
1996-06-19,39.454731
1996-06-20,39.426968
1996-06-21,39.766113
1996-06-24,39.840492
1996-06-25,39.794006
1996-06-26,39.524284
1996-06-27,39.803310
1996-06-28,39.942799
1996-07-01,40.286877
1996-07-02,40.138084
1996-07-03,40.054390
1996-07-05,39.031395
1996-07-08,38.873299
1996-07-09,39.031395
1996-07-10,39.189522
1996-07-11,38.399025
1996-07-12,38.426907
1996-07-15,37.292332
1996-07-16,37.385334
1996-07-17,37.831738
1996-07-18,38.352543
1996-07-19,38.073532
1996-07-22,37.794537
1996-07-23,37.310921
1996-07-24,37.385334
1996-07-25,37.720139
1996-07-26,37.924717
1996-07-29,37.506237
1996-07-30,37.868935
1996-07-31,38.147930
1996-08-01,38.780308
1996-08-02,39.617298
1996-08-05,39.384800
1996-08-06,39.505692
1996-08-07,39.607975
1996-08-08,39.542892
1996-08-09,39.412697
1996-08-12,39.700985
1996-08-13,39.384800
1996-08-14,39.524284
1996-08-15,39.449902
1996-08-16,39.784683
1996-08-19,39.803310
1996-08-20,39.775387
1996-08-21,39.635876
1996-08-22,40.007877
1996-08-23,39.794006
1996-08-26,39.598690
1996-08-27,39.747501
1996-08-28,39.682392
1996-08-29,39.291813
1996-08-30,38.882614
1996-09-03,39.133701
1996-09-04,39.170898
1996-09-05,38.696621
1996-09-06,39.245296
1996-09-09,39.710308
1996-09-10,39.691700
1996-09-11,39.914890
1996-09-12,40.193901
1996-09-13,40.807671
1996-09-16,40.956478
1996-09-17,40.863476
1996-09-18,40.761177
1996-09-19,40.919285
1996-09-20,41.064426
1996-09-23,41.055058
1996-09-24,41.045734
1996-09-25,41.073784
1996-09-26,41.055058
1996-09-27,41.092453
1996-09-30,41.055058
1996-10-01,41.279419
1996-10-02,41.559860
1996-10-03,41.522457
1996-10-04,42.083317
1996-10-07,42.130058
1996-10-08,41.961769
1996-10-09,41.634647
1996-10-10,41.550507
1996-10-11,42.064629
1996-10-14,42.120705
1996-10-15,42.064629
1996-10-16,42.270290
1996-10-17,42.382450
1996-10-18,42.606796
1996-10-21,42.550713
1996-10-22,42.251564
1996-10-23,42.391781
1996-10-24,42.027229
1996-10-25,42.064629
1996-10-28,41.784180
1996-10-29,42.120705
1996-10-30,41.980495
1996-10-31,42.382450
1996-11-01,42.232895
1996-11-04,42.513325
1996-11-05,42.756332
1996-11-06,43.578964
1996-11-07,43.681782
1996-11-08,43.924831
1996-11-11,43.878071
1996-11-12,43.747215
1996-11-13,43.943520
1996-11-14,44.233299
1996-11-15,44.289398
1996-11-18,44.298710
1996-11-19,44.616535
1996-11-20,44.691326
1996-11-21,44.625893
1996-11-22,44.971760
1996-11-25,45.541965
1996-11-26,45.392391
1996-11-27,45.308273
1996-11-29,45.476521
1996-12-02,45.495243
1996-12-03,44.719379
1996-12-04,44.840912
1996-12-05,44.719379
1996-12-06,44.457638
1996-12-09,45.111992
1996-12-10,44.896965
1996-12-11,44.485699
1996-12-12,43.747215
1996-12-13,43.859379
1996-12-16,43.298519
1996-12-17,43.644371
1996-12-18,43.990242
1996-12-19,44.896965
1996-12-20,44.995480
1996-12-23,44.882786
1996-12-24,45.211540
1996-12-26,45.559090
1996-12-27,45.615471
1996-12-30,45.220932
1996-12-31,44.394310
1997-01-02,44.507030
1997-01-03,45.145779
1997-01-06,44.751266
1997-01-07,45.296097
1997-01-08,44.901566
1997-01-09,45.277328
1997-01-10,45.765778
1997-01-13,45.700020
1997-01-14,46.273022
1997-01-15,46.160309
1997-01-16,46.348171
1997-01-17,46.629997
1997-01-20,46.686344
1997-01-21,47.062107
1997-01-22,47.400246
1997-01-23,46.742733
1997-01-24,46.141518
1997-01-27,46.010014
1997-01-28,46.141518
1997-01-29,46.592426
1997-01-30,47.193630
1997-01-31,47.137260
1997-02-03,47.278133
1997-02-04,47.569359
1997-02-05,46.676941
1997-02-06,46.986946
1997-02-07,47.625713
1997-02-10,47.174835
1997-02-11,47.719681
1997-02-12,48.396008
1997-02-13,48.922043
1997-02-14,48.809338
1997-02-18,49.222645
1997-02-19,48.893871
1997-02-20,48.302071
1997-02-21,48.320854
1997-02-24,48.893871
1997-02-25,48.931435
1997-02-26,48.452354
1997-02-27,47.729031
1997-02-28,47.588161
1997-03-03,47.907520
1997-03-04,47.644501
1997-03-05,48.452354
1997-03-06,48.170540
1997-03-07,48.602650
1997-03-10,49.109894
1997-03-11,48.846897
1997-03-12,48.414780
1997-03-13,47.663292
1997-03-14,47.907520
1997-03-17,48.039021
1997-03-18,47.522373
1997-03-19,47.362682
1997-03-20,47.118458
1997-03-21,47.336643
1997-03-24,47.996670
1997-03-25,47.525219
1997-03-26,47.732662
1997-03-27,46.469097
1997-03-31,45.488422
1997-04-01,45.780743
1997-04-02,44.960369
1997-04-03,45.205524
1997-04-04,45.771305
1997-04-07,45.950500
1997-04-08,46.280506
1997-04-09,45.903343
1997-04-10,45.733578
1997-04-11,44.281414
1997-04-14,44.875511
1997-04-15,45.639282
1997-04-16,46.167328
1997-04-17,45.978756
1997-04-18,46.205070
1997-04-21,45.903343
1997-04-22,46.912266
1997-04-23,46.959415
1997-04-24,46.723705
1997-04-25,46.186192
1997-04-28,46.638828
1997-04-29,48.109859
1997-04-30,48.336140
1997-05-01,48.279598
1997-05-02,49.147110
1997-05-05,50.316368
1997-05-06,50.278660
1997-05-07,49.184830
1997-05-08,49.524277
1997-05-09,49.863762
1997-05-12,50.693554
1997-05-13,50.486115
1997-05-14,50.580425
1997-05-15,50.919865
1997-05-16,50.222084
1997-05-19,50.372936
1997-05-20,50.976467
1997-05-21,50.863289
1997-05-22,50.693554
1997-05-23,51.165051
1997-05-27,51.372486
1997-05-28,51.363068
1997-05-29,51.061333
1997-05-30,51.391373
1997-06-02,51.165051
1997-06-03,50.995300
1997-06-04,50.938736
1997-06-05,51.127323
1997-06-06,52.126900
1997-06-09,52.390877
1997-06-10,52.551224
1997-06-11,52.673756
1997-06-12,53.692173
1997-06-13,54.144810
1997-06-16,54.163651
1997-06-17,54.088215
1997-06-18,53.899620
1997-06-19,54.455978
1997-06-20,54.270451
1997-06-23,52.954609
1997-06-24,54.298840
1997-06-25,53.920193
1997-06-26,53.655148
1997-06-27,53.863407
1997-06-30,53.503677
1997-07-01,54.128460
1997-07-02,55.018272
1997-07-03,55.775589
1997-07-07,55.207607
1997-07-08,55.785080
1997-07-09,55.169739
1997-07-10,55.415871
1997-07-11,55.605164
1997-07-14,55.775589
1997-07-15,56.059536
1997-07-16,56.797939
1997-07-17,56.513969
1997-07-18,55.311733
1997-07-21,55.321213
1997-07-22,56.788506
1997-07-23,56.741142
1997-07-24,57.006199
1997-07-25,56.968330
1997-07-28,56.930485
1997-07-29,57.119766
1997-07-30,57.801384
1997-07-31,57.744583
1997-08-01,57.517418
1997-08-04,57.668850
1997-08-05,57.706707
1997-08-06,58.180046
1997-08-07,57.744583
1997-08-08,56.570751
1997-08-11,56.987251
1997-08-12,56.078503
1997-08-13,55.908104
1997-08-14,56.116356
1997-08-15,54.393494
1997-08-18,55.605164
1997-08-19,56.248894
1997-08-20,57.100872
1997-08-21,56.097458
1997-08-22,56.078503
1997-08-25,55.870239
1997-08-26,55.046680
1997-08-27,55.378002
1997-08-28,54.535488
1997-08-29,54.753223
1997-09-02,56.532894
1997-09-03,56.229954
1997-09-04,56.589668
1997-09-05,56.428730
1997-09-08,56.674904
1997-09-09,56.703285
1997-09-10,55.529469
1997-09-11,55.245464
1997-09-12,56.135296
1997-09-15,56.040619
1997-09-16,57.441654
1997-09-17,57.441654
1997-09-18,57.687809
1997-09-19,57.785366
1997-09-22,58.108383
1997-09-23,57.842365
1997-09-24,57.367336
1997-09-25,56.968281
1997-09-26,57.443340
1997-09-29,57.994400
1997-09-30,57.386322
1997-10-01,58.146400
1997-10-02,58.469414
1997-10-03,58.763981
1997-10-06,59.153507
1997-10-07,59.704605
1997-10-08,59.286541
1997-10-09,59.077515
1997-10-10,58.906506
1997-10-13,58.963490
1997-10-14,58.982502
1997-10-15,58.849483
1997-10-16,57.918400
1997-10-17,57.329292
1997-10-20,58.146400
1997-10-21,59.277054
1997-10-22,58.887505
1997-10-23,57.728409
1997-10-24,57.158333
1997-10-27,53.015820
1997-10-28,56.075172
1997-10-29,55.923172
1997-10-30,54.688042
1997-10-31,55.980160
1997-11-03,57.158333
1997-11-04,57.158333
1997-11-05,57.348324
1997-11-06,57.129795
1997-11-07,56.512238
1997-11-10,56.170189
1997-11-11,56.189194
1997-11-12,55.030106
1997-11-13,55.828156
1997-11-14,56.588245
1997-11-17,57.633369
1997-11-18,57.272270
1997-11-19,57.557350
1997-11-20,58.431438
1997-11-21,58.830490
1997-11-24,57.766327
1997-11-25,57.918400
1997-11-26,58.089386
1997-11-28,58.146400
1997-12-01,59.647568
1997-12-02,59.286541
1997-12-03,59.457558
1997-12-04,59.400558
1997-12-05,60.160606
1997-12-08,59.989590
1997-12-09,59.628532
1997-12-10,59.115494
1997-12-11,58.108383
1997-12-12,58.222408
1997-12-15,58.811489
1997-12-16,59.172535
1997-12-17,58.868469
1997-12-18,58.298454
1997-12-19,57.862701
1997-12-22,58.234734
1997-12-23,57.194977
1997-12-24,57.023254
1997-12-26,57.252197
1997-12-29,58.377785
1997-12-30,59.293533
1997-12-31,59.255352
1998-01-02,59.560596
1998-01-05,59.694157
1998-01-06,58.740242
1998-01-07,58.892891
1998-01-08,58.377785
1998-01-09,56.355534
1998-01-12,57.385777
1998-01-13,58.187038
1998-01-14,58.454060
1998-01-15,57.967628
1998-01-16,58.797504
1998-01-20,59.751373
1998-01-21,59.179081
1998-01-22,58.654396
1998-01-23,58.568554
1998-01-26,58.530426
1998-01-27,59.121834
1998-01-28,59.656021
1998-01-29,59.980339
1998-01-30,60.018406
1998-02-02,61.010506
1998-02-03,61.468346
1998-02-04,61.392056
1998-02-05,61.353935
1998-02-06,62.040714
1998-02-09,61.830845
1998-02-10,62.422283
1998-02-11,62.365040
1998-02-12,62.632099
1998-02-13,62.269646
1998-02-17,62.574860
1998-02-18,63.147243
1998-02-19,62.813328
1998-02-20,63.280758
1998-02-23,63.528778
1998-02-24,63.032719
1998-02-25,63.814945
1998-02-26,64.177376
1998-02-27,64.177376
1998-03-02,64.043861
1998-03-03,64.406349
1998-03-04,63.986603
1998-03-05,63.395199
1998-03-06,64.673416
1998-03-09,64.444481
1998-03-10,65.054962
1998-03-11,65.360268
1998-03-12,65.627296
1998-03-13,65.379288
1998-03-16,66.085190
1998-03-17,66.275940
1998-03-18,66.523964
1998-03-19,66.695679
1998-03-20,67.269928
1998-03-23,67.116898
1998-03-24,67.690857
1998-03-25,67.442154
1998-03-26,67.403885
1998-03-27,67.116898
1998-03-30,67.078644
1998-03-31,67.308212
1998-04-01,67.853493
1998-04-02,68.590103
1998-04-03,68.934509
1998-04-06,68.379616
1998-04-07,67.920448
1998-04-08,67.537834
1998-04-09,68.073509
1998-04-13,67.882179
1998-04-14,68.456177
1998-04-15,68.647499
1998-04-16,67.843964
1998-04-17,68.743172
1998-04-20,68.724007
1998-04-21,69.049301
1998-04-22,69.240616
1998-04-23,68.570976
1998-04-24,67.843964
1998-04-27,66.562073
1998-04-28,66.466385
1998-04-29,66.925591
1998-04-30,68.169182
1998-05-01,68.934509
1998-05-04,68.762291
1998-05-05,68.283966
1998-05-06,67.480400
1998-05-07,66.944733
1998-05-08,68.035301
1998-05-11,67.805656
1998-05-12,68.532715
1998-05-13,68.704887
1998-05-14,68.360481
1998-05-15,67.977890
1998-05-18,67.709984
1998-05-19,68.169182
1998-05-20,68.819687
1998-05-21,68.379616
1998-05-22,68.111801
1998-05-26,67.021248
1998-05-27,67.116898
1998-05-28,67.422997
1998-05-29,66.753365
1998-06-01,67.059502
1998-06-02,67.116898
1998-06-03,66.045509
1998-06-04,67.269928
1998-06-05,68.570976
1998-06-08,68.494446
1998-06-09,68.704887
1998-06-10,68.264839
1998-06-11,66.982941
1998-06-12,67.614334
1998-06-15,65.835037
1998-06-16,66.849068
1998-06-17,68.245720
1998-06-18,67.939583
1998-06-19,67.599167
1998-06-22,67.925461
1998-06-23,68.731598
1998-06-24,69.652840
1998-06-25,69.537720
1998-06-26,69.825600
1998-06-29,70.075127
1998-06-30,69.595299
1998-07-01,70.401382
1998-07-02,70.535782
1998-07-06,71.245903
1998-07-07,71.111572
1998-07-08,71.629791
1998-07-09,71.149940
1998-07-10,71.533821
1998-07-13,71.553017
1998-07-14,72.359138
1998-07-15,72.224808
1998-07-16,72.723808
1998-07-17,72.819786
1998-07-20,72.819786
1998-07-21,71.553017
1998-07-22,71.553017
1998-07-23,70.132713
1998-07-24,70.075127
1998-07-27,70.574188
1998-07-28,69.384125
1998-07-29,69.115448
1998-07-30,70.151901
1998-07-31,68.654808
1998-08-03,68.366898
1998-08-04,65.718224
1998-08-05,66.620316
1998-08-06,66.908195
1998-08-07,67.023354
1998-08-10,66.639503
1998-08-11,65.641449
1998-08-12,66.754646
1998-08-13,65.948517
1998-08-14,65.180809
1998-08-17,66.562714
1998-08-18,67.791107
1998-08-19,67.618355
1998-08-20,67.215309
1998-08-21,66.677910
1998-08-24,67.100159
1998-08-25,67.253708
1998-08-26,66.869835
1998-08-27,63.722103
1998-08-28,63.491833
1998-08-31,58.962158
1998-09-01,61.457294
1998-09-02,61.015842
1998-09-03,60.536003
1998-09-04,60.036976
1998-09-08,63.261459
1998-09-09,61.726013
1998-09-10,60.497616
1998-09-11,62.455357
1998-09-14,63.530174
1998-09-15,63.914059
1998-09-16,64.489830
1998-09-17,62.647266
1998-09-18,62.926319
1998-09-21,62.887814
1998-09-22,63.407879
1998-09-23,65.950348
1998-09-24,64.332420
1998-09-25,64.255386
1998-09-28,64.833183
1998-09-29,64.679100
1998-09-30,62.714462
1998-10-01,60.903927
1998-10-02,62.078857
1998-10-05,60.826889
1998-10-06,60.769085
1998-10-07,59.863800
1998-10-08,59.536339
1998-10-09,60.730553
1998-10-12,61.616554
1998-10-13,61.404686
1998-10-14,61.982525
1998-10-15,65.314720
1998-10-16,65.333984
1998-10-19,65.565117
1998-10-20,65.950348
1998-10-21,65.719208
1998-10-22,66.701561
1998-10-23,65.854042
1998-10-26,66.335564
1998-10-27,65.950348
1998-10-28,65.834763
1998-10-29,67.433449
1998-10-30,67.799423
1998-11-02,68.955093
1998-11-03,68.454277
1998-11-04,69.186226
1998-11-05,70.129990
1998-11-06,70.341927
1998-11-09,69.841080
1998-11-10,69.648491
1998-11-11,69.186226
1998-11-12,69.109200
1998-11-13,69.783340
1998-11-16,70.303413
1998-11-17,70.303413
1998-11-18,70.727127
1998-11-19,71.343506
1998-11-20,71.882767
1998-11-23,73.577774
1998-11-24,73.115517
1998-11-25,73.115517
1998-11-27,73.654816
1998-11-30,71.574593
1998-12-01,72.499146
1998-12-02,72.287239
1998-12-03,71.093102
1998-12-04,72.961426
1998-12-07,73.308136
1998-12-08,72.980652
1998-12-09,73.115517
1998-12-10,72.046524
1998-12-11,72.191010
1998-12-14,70.110764
1998-12-15,71.921333
1998-12-16,71.825005
1998-12-17,72.971039
1998-12-18,73.281105
1998-12-21,74.305275
1998-12-22,74.633881
1998-12-23,76.199219
1998-12-24,75.870697
1998-12-28,75.677414
1998-12-29,76.875603
1998-12-30,76.257149
1998-12-31,76.257149
1999-01-04,76.083267
1999-01-05,76.952888
1999-01-06,78.808121
1999-01-07,78.421608
1999-01-08,79.001366
1999-01-11,78.247688
1999-01-12,76.836922
1999-01-13,76.295799
1999-01-14,74.962372
1999-01-15,76.914246
1999-01-19,77.416641
1999-01-20,78.035133
1999-01-21,75.967300
1999-01-22,75.793396
1999-01-25,76.566376
1999-01-26,77.957787
1999-01-27,77.049522
1999-01-28,78.344315
1999-01-29,78.943382
1999-02-01,78.479568
1999-02-02,77.996445
1999-02-03,78.788811
1999-02-04,77.609962
1999-02-05,76.720993
1999-02-08,76.875603
1999-02-09,75.155647
1999-02-10,75.638779
1999-02-11,77.378052
1999-02-12,76.450409
1999-02-16,75.986649
1999-02-17,75.909317
1999-02-18,76.508446
1999-02-19,76.836922
1999-02-22,78.885406
1999-02-23,78.846748
1999-02-24,77.455353
1999-02-25,76.720993
1999-02-26,76.411819
1999-03-01,76.624329
1999-03-02,75.947952
1999-03-03,76.353790
1999-03-04,77.320091
1999-03-05,78.875748
1999-03-08,79.387886
1999-03-09,79.194611
1999-03-10,79.890320
1999-03-11,80.779266
1999-03-12,80.006241
1999-03-15,81.146454
1999-03-16,80.837273
1999-03-17,80.489441
1999-03-18,81.784218
1999-03-19,80.394058
1999-03-22,80.548996
1999-03-23,78.224380
1999-03-24,78.669930
1999-03-25,80.277794
1999-03-26,79.696655
1999-03-29,81.304550
1999-03-30,80.878349
1999-03-31,79.580383
1999-04-01,80.180954
1999-04-05,82.079445
1999-04-06,81.885696
1999-04-07,82.544327
1999-04-08,83.590439
1999-04-09,83.609810
1999-04-12,84.500923
1999-04-13,83.958504
1999-04-14,82.544327
1999-04-15,82.234360
1999-04-16,81.536995
1999-04-19,80.277794
1999-04-20,81.285187
1999-04-21,83.609810
1999-04-22,84.404053
1999-04-23,84.190956
1999-04-26,84.675240
1999-04-27,85.082077
1999-04-28,83.919754
1999-04-29,83.280472
1999-04-30,82.602455
1999-05-03,84.113472
1999-05-04,82.912415
1999-05-05,83.571068
1999-05-06,83.057755
1999-05-07,83.687325
1999-05-10,83.270767
1999-05-11,84.113472
1999-05-12,84.772148
1999-05-13,85.140221
1999-05-14,82.931763
1999-05-17,83.183609
1999-05-18,83.028641
1999-05-19,83.629181
1999-05-20,83.125465
1999-05-21,82.660599
1999-05-24,81.285187
1999-05-25,79.967880
1999-05-26,80.858978
1999-05-27,79.696655
1999-05-28,80.713676
1999-06-01,80.432770
1999-06-02,80.510300
1999-06-03,80.955841
1999-06-04,82.583054
1999-06-07,82.796181
1999-06-08,81.982552
1999-06-09,81.905052
1999-06-10,81.149567
1999-06-11,80.471512
1999-06-14,80.548996
1999-06-15,81.091438
1999-06-16,82.641190
1999-06-17,83.416092
1999-06-18,83.512444
1999-06-21,83.706718
1999-06-22,83.123795
1999-06-23,82.715805
1999-06-24,82.094078
1999-06-25,81.890030
1999-06-28,82.890671
1999-06-29,83.667892
1999-06-30,85.183441
1999-07-01,85.824677
1999-07-02,86.679672
1999-07-06,86.660248
1999-07-07,86.776794
1999-07-08,86.844788
1999-07-09,87.359665
1999-07-12,86.971085
1999-07-13,86.660248
1999-07-14,87.145996
1999-07-15,87.699745
1999-07-16,88.175774
1999-07-19,87.592834
1999-07-20,85.795532
1999-07-21,85.698395
1999-07-22,84.571434
1999-07-23,84.406258
1999-07-26,83.784500
1999-07-27,84.483978
1999-07-28,84.756020
1999-07-29,83.570717
1999-07-30,82.540909
1999-08-02,82.735214
1999-08-03,82.346611
1999-08-04,81.219658
1999-08-05,81.958046
1999-08-06,81.064209
1999-08-09,80.889336
1999-08-10,79.995522
1999-08-11,80.967049
1999-08-12,80.918442
1999-08-13,82.793533
1999-08-16,83.162712
1999-08-17,83.706718
1999-08-18,83.104393
1999-08-19,82.424362
1999-08-20,83.259872
1999-08-23,84.853157
1999-08-24,85.164055
1999-08-25,86.038422
1999-08-26,85.008614
1999-08-27,83.978851
1999-08-30,82.424362
1999-08-31,82.113419
1999-09-01,83.123795
1999-09-02,82.142624
1999-09-03,84.542282
1999-09-07,84.231422
1999-09-08,83.823357
1999-09-09,83.784500
1999-09-10,84.483978
1999-09-13,83.910820
1999-09-14,83.357018
1999-09-15,82.035767
1999-09-16,82.356323
1999-09-17,83.396935
1999-09-20,83.280014
1999-09-21,81.526360
1999-09-22,81.438675
1999-09-23,79.733688
1999-09-24,79.655769
1999-09-27,80.181847
1999-09-28,80.025986
1999-09-29,79.071198
1999-09-30,80.279282
1999-10-01,80.103912
1999-10-04,81.526360
1999-10-05,81.448395
1999-10-06,82.695480
1999-10-07,82.227821
1999-10-08,83.474846
1999-10-11,83.338455
1999-10-12,82.052452
1999-10-13,79.928551
1999-10-14,79.909065
1999-10-15,77.863121
1999-10-18,78.428223
1999-10-19,79.188126
1999-10-20,79.967545
1999-10-21,80.435188
1999-10-22,81.117142
1999-10-25,80.707962
1999-10-26,79.694756
1999-10-27,81.136635
1999-10-28,83.903542
1999-10-29,85.423355
1999-11-01,84.527061
1999-11-02,83.923035
1999-11-03,84.488091
1999-11-04,85.131104
1999-11-05,85.969009
1999-11-08,86.046936
1999-11-09,85.238266
1999-11-10,85.871574
1999-11-11,86.358681
1999-11-12,87.138107
1999-11-15,87.342674
1999-11-16,88.073372
1999-11-17,88.307243
1999-11-18,88.930740
1999-11-19,88.852814
1999-11-22,88.833328
1999-11-23,88.053902
1999-11-24,88.521568
1999-11-26,88.190292
1999-11-29,87.878532
1999-11-30,86.845818
1999-12-01,87.547325
1999-12-02,88.073372
1999-12-03,89.690666
1999-12-06,89.028160
1999-12-07,88.307243
1999-12-08,87.742119
1999-12-09,88.170845
1999-12-10,88.463058
1999-12-13,88.618965
1999-12-14,87.761620
1999-12-15,88.229256
1999-12-16,88.618965
1999-12-17,89.188126
1999-12-20,88.543465
1999-12-21,89.891289
1999-12-22,90.125687
1999-12-23,91.561348
1999-12-27,91.434380
1999-12-28,91.375771
1999-12-29,91.766479
1999-12-30,91.659004
1999-12-31,91.805534
2000-01-03,90.907043
2000-01-04,87.351982
2000-01-05,87.508224
2000-01-06,86.101868
2000-01-07,91.102356
2000-01-10,91.414902
2000-01-11,90.321030
2000-01-12,89.422501
2000-01-13,90.633545
2000-01-14,91.864120
2000-01-18,91.141434
2000-01-19,91.883644
2000-01-20,90.477310
2000-01-21,90.281975
2000-01-24,87.723129
2000-01-25,88.719307
2000-01-26,88.016083
2000-01-27,87.664505
2000-01-28,84.929893
2000-01-31,87.234787
2000-02-01,88.094246
2000-02-02,88.172386
2000-02-03,89.500610
2000-02-04,89.129494
2000-02-07,88.992790
2000-02-08,90.203819
2000-02-09,88.309105
2000-02-10,88.484886
2000-02-11,86.687820
2000-02-14,87.195732
2000-02-15,88.182198
2000-02-16,86.883171
2000-02-17,86.433952
2000-02-18,84.578270
2000-02-22,84.363449
2000-02-23,85.359612
2000-02-24,83.640709
2000-02-25,83.337967
2000-02-28,85.086205
2000-02-29,85.906548
2000-03-01,86.531593
2000-03-02,86.590218
2000-03-03,88.211502
2000-03-06,87.351982
2000-03-07,85.662369
2000-03-08,85.554962
2000-03-09,88.055176
2000-03-10,87.586349
2000-03-13,86.629242
2000-03-14,85.398712
2000-03-15,87.391029
2000-03-16,91.473457
2000-03-17,92.078026
2000-03-20,91.608040
2000-03-21,93.488014
2000-03-22,94.055893
2000-03-23,95.661667
2000-03-24,96.229568
2000-03-27,95.211266
2000-03-28,94.662979
2000-03-29,94.760857
2000-03-30,93.174622
2000-03-31,94.232109
2000-04-03,94.780426
2000-04-04,94.075455
2000-04-05,93.488014
2000-04-06,94.300667
2000-04-07,94.897957
2000-04-10,94.525879
2000-04-11,94.251686
2000-04-12,91.666733
2000-04-13,90.393906
2000-04-14,85.224014
2000-04-17,88.200623
2000-04-18,90.530991
2000-04-19,89.688927
2000-04-20,90.119781
2000-04-24,89.140602
2000-04-25,92.841797
2000-04-26,91.794067
2000-04-27,91.490540
2000-04-28,90.922615
2000-05-01,92.156334
2000-05-02,90.315575
2000-05-03,88.200623
2000-05-04,88.866455
2000-05-05,89.943512
2000-05-08,89.267899
2000-05-09,88.553131
2000-05-10,86.555710
2000-05-11,88.533539
2000-05-12,89.493118
2000-05-15,91.040154
2000-05-16,91.921394
2000-05-17,90.961830
2000-05-18,89.845642
2000-05-19,88.435646
2000-05-22,87.769806
2000-05-23,86.477364
2000-05-24,87.887329
2000-05-25,86.379463
2000-05-26,86.477364
2000-05-30,89.297287
2000-05-31,89.493118
2000-06-01,91.059731
2000-06-02,92.645897
2000-06-05,92.195503
2000-06-06,91.784286
2000-06-07,92.420715
2000-06-08,92.058434
2000-06-09,91.862617
2000-06-12,90.785522
2000-06-13,92.489281
2000-06-14,92.645897
2000-06-15,92.841797
2000-06-16,92.078918
2000-06-19,93.256592
2000-06-20,92.922920
2000-06-21,92.883659
2000-06-22,91.470428
2000-06-23,90.685265
2000-06-26,91.853172
2000-06-27,91.175972
2000-06-28,91.431152
2000-06-29,90.567451
2000-06-30,91.254471
2000-07-03,92.510719
2000-07-05,90.842278
2000-07-06,91.548950
2000-07-07,93.021080
2000-07-10,92.864052
2000-07-11,93.060371
2000-07-12,93.668800
2000-07-13,94.081062
2000-07-14,95.003624
2000-07-17,94.846542
2000-07-18,94.071220
2000-07-19,93.315498
2000-07-20,94.611046
2000-07-21,92.765892
2000-07-24,92.235962
2000-07-25,92.530373
2000-07-26,91.627441
2000-07-27,91.313385
2000-07-28,89.252357
2000-07-31,89.821556
2000-08-01,90.371201
2000-08-02,90.822708
2000-08-03,91.450806
2000-08-04,91.941483
2000-08-07,93.040672
2000-08-08,93.394051
2000-08-09,92.608894
2000-08-10,92.157425
2000-08-11,92.589256
2000-08-14,93.766991
2000-08-15,93.688454
2000-08-16,93.354805
2000-08-17,94.336220
2000-08-18,94.022202
2000-08-21,94.532547
2000-08-22,94.375465
2000-08-23,94.748405
2000-08-24,95.042847
2000-08-25,95.003624
2000-08-28,95.327461
2000-08-29,95.347107
2000-08-30,94.434357
2000-08-31,95.690582
2000-09-01,95.788712
2000-09-05,95.023262
2000-09-06,93.943619
2000-09-07,94.748405
2000-09-08,94.100670
2000-09-11,93.963234
2000-09-12,93.276268
2000-09-13,93.521637
2000-09-14,93.992691
2000-09-15,91.936317
2000-09-18,91.090149
2000-09-19,91.916649
2000-09-20,91.237755
2000-09-21,89.850449
2000-09-22,91.483742
2000-09-25,90.834381
2000-09-26,89.673393
2000-09-27,90.145622
2000-09-28,91.306641
2000-09-29,90.440826
2000-10-02,90.578568
2000-10-03,89.732384
2000-10-04,90.480171
2000-10-05,90.794983
2000-10-06,88.827217
2000-10-09,88.158142
2000-10-10,86.701981
2000-10-11,85.973846
2000-10-12,83.828949
2000-10-13,86.623283
2000-10-16,87.016815
2000-10-17,84.852226
2000-10-18,84.537376
2000-10-19,87.725243
2000-10-20,88.099075
2000-10-23,88.492653
2000-10-24,87.902336
2000-10-25,85.836113
2000-10-26,86.072266
2000-10-27,87.705551
2000-10-30,88.492653
2000-10-31,90.017723
2000-11-01,89.712654
2000-11-02,89.860291
2000-11-03,89.909485
2000-11-06,90.539185
2000-11-07,90.519516
2000-11-08,88.512344
2000-11-09,88.177826
2000-11-10,86.032921
2000-11-13,85.363869
2000-11-14,87.607170
2000-11-15,87.882614
2000-11-16,86.505157
2000-11-17,86.042740
2000-11-20,84.812859
2000-11-21,85.245758
2000-11-22,83.209076
2000-11-24,84.911255
2000-11-27,85.659012
2000-11-28,84.183121
2000-11-29,84.025719
2000-11-30,83.297638
2000-12-01,83.258286
2000-12-04,83.966698
2000-12-05,86.721619
2000-12-06,85.334312
2000-12-07,84.163460
2000-12-08,84.360268
2000-12-11,87.292320
2000-12-12,86.918419
2000-12-13,85.727882
2000-12-14,84.635735
2000-12-15,82.724136
2000-12-18,83.829475
2000-12-19,82.122086
2000-12-20,79.743599
2000-12-21,80.296272
2000-12-22,82.704414
2000-12-26,83.592644
2000-12-27,84.204491
2000-12-28,84.461098
2000-12-29,82.862289
2001-01-02,81.362167
2001-01-03,85.270393
2001-01-04,84.352570
2001-01-05,81.599014
2001-01-08,82.230659
2001-01-09,82.013519
2001-01-10,83.454453
2001-01-11,83.533386
2001-01-12,83.375458
2001-01-16,83.908401
2001-01-17,84.293289
2001-01-18,85.132195
2001-01-19,84.648613
2001-01-22,85.211174
2001-01-23,85.882240
2001-01-24,86.138908
2001-01-25,85.921776
2001-01-26,85.823074
2001-01-29,86.281044
2001-01-30,87.038956
2001-01-31,86.546257
2001-02-01,87.121063
2001-02-02,85.144051
2001-02-05,85.769386
2001-02-06,85.516708
2001-02-07,85.074554
2001-02-08,84.082901
2001-02-09,83.274445
2001-02-12,84.228218
2001-02-13,83.539696
2001-02-14,83.413391
2001-02-15,84.221855
2001-02-16,82.364861
2001-02-20,81.095276
2001-02-21,79.345680
2001-02-22,79.465706
2001-02-23,78.928810
2001-02-26,80.608948
2001-02-27,79.863594
2001-02-28,78.290825
2001-03-01,78.701393
2001-03-02,78.076096
2001-03-05,78.789848
2001-03-06,79.636208
2001-03-07,80.204697
2001-03-08,80.293152
2001-03-09,77.918182
2001-03-12,74.583153
2001-03-13,75.808510
2001-03-14,74.311577
2001-03-15,74.330498
2001-03-16,72.839638
2001-03-19,74.321648
2001-03-20,72.326622
2001-03-21,71.097977
2001-03-22,70.375977
2001-03-23,72.503960
2001-03-26,73.428650
2001-03-27,74.929626
2001-03-28,72.858620
2001-03-29,73.137283
2001-03-30,73.903633
2001-04-02,72.326622
2001-04-03,69.913628
2001-04-04,70.204971
2001-04-05,72.864952
2001-04-06,71.756599
2001-04-09,72.554619
2001-04-10,73.878288
2001-04-11,73.928986
2001-04-12,75.271690
2001-04-16,74.479973
2001-04-17,75.531311
2001-04-18,78.533310
2001-04-19,79.578300
2001-04-20,78.849945
2001-04-23,77.418633
2001-04-24,77.000671
2001-04-25,78.007660
2001-04-26,78.355972
2001-04-27,79.660683
2001-04-30,80.217964
2001-05-01,80.464996
2001-05-02,80.319305
2001-05-03,79.299629
2001-05-04,80.648613
2001-05-07,79.951958
2001-05-08,79.913986
2001-05-09,79.578300
2001-05-10,79.812592
2001-05-11,79.261650
2001-05-14,79.420006
2001-05-15,79.787338
2001-05-16,81.668320
2001-05-17,81.794975
2001-05-18,82.168686
2001-05-21,83.378304
2001-05-22,83.270638
2001-05-23,81.858292
2001-05-24,82.098976
2001-05-25,81.129990
2001-05-29,80.483963
2001-05-30,79.356644
2001-05-31,79.768318
2001-06-01,80.262314
2001-06-04,80.648613
2001-06-05,81.573280
2001-06-06,80.895691
2001-06-07,81.186966
2001-06-08,80.433296
2001-06-11,79.863274
2001-06-12,79.723976
2001-06-13,79.039963
2001-06-14,77.266640
2001-06-15,77.391098
2001-06-18,77.016434
2001-06-19,77.353027
2001-06-20,77.759483
2001-06-21,78.642334
2001-06-22,78.026260
2001-06-25,77.308571
2001-06-26,77.200592
2001-06-27,77.156128
2001-06-28,77.581665
2001-06-29,77.867477
2001-07-02,78.839256
2001-07-03,78.820190
2001-07-05,77.283165
2001-07-06,75.612755
2001-07-09,76.025581
2001-07-10,75.110985
2001-07-11,75.187225
2001-07-12,76.971916
2001-07-13,77.638802
2001-07-16,76.667061
2001-07-17,77.384766
2001-07-18,76.857582
2001-07-19,77.530823
2001-07-20,77.067215
2001-07-23,75.549248
2001-07-24,74.818848
2001-07-25,75.644501
2001-07-26,76.438431
2001-07-27,76.730537
2001-07-30,76.755981
2001-07-31,77.073517
2001-08-01,77.556282
2001-08-02,77.873840
2001-08-03,77.448273
2001-08-06,76.406670
2001-08-07,76.705162
2001-08-08,75.282463
2001-08-09,75.504799
2001-08-10,75.765182
2001-08-13,75.784233
2001-08-14,75.752464
2001-08-15,75.098320
2001-08-16,75.358734
2001-08-17,74.151909
2001-08-20,74.837906
2001-08-21,73.561295
2001-08-22,74.323425
2001-08-23,74.056648
2001-08-24,75.593712
2001-08-27,75.142754
2001-08-28,74.043968
2001-08-29,73.383392
2001-08-30,71.973434
2001-08-31,72.500565
2001-09-04,72.036957
2001-09-05,72.214760
2001-09-06,70.353844
2001-09-07,69.051796
2001-09-10,69.896545
2001-09-17,66.244507
2001-09-18,66.085732
2001-09-19,64.751961
2001-09-20,62.694141
2001-09-21,62.017719
2001-09-24,64.198044
2001-09-25,64.867416
2001-09-26,64.637901
2001-09-27,65.198944
2001-09-28,66.582367
2001-10-01,66.473991
2001-10-02,67.309128
2001-10-03,68.437531
2001-10-04,68.494881
2001-10-05,68.361008
2001-10-08,67.914742
2001-10-09,67.551353
2001-10-10,69.055885
2001-10-11,70.126953
2001-10-12,69.808159
2001-10-15,69.680679
2001-10-16,70.120560
2001-10-17,68.628792
2001-10-18,68.482124
2001-10-19,68.437531
2001-10-22,69.789070
2001-10-23,69.432030
2001-10-24,69.247169
2001-10-25,70.490326
2001-10-26,70.330940
2001-10-29,68.501274
2001-10-30,67.678864
2001-10-31,67.449348
2001-11-01,69.177048
2001-11-02,69.648827
2001-11-05,70.560417
2001-11-06,71.657005
2001-11-07,71.561325
2001-11-08,71.784508
2001-11-09,71.861000
2001-11-12,71.421097
2001-11-13,73.027641
2001-11-14,73.097778
2001-11-15,73.231628
2001-11-16,72.906494
2001-11-19,73.805412
2001-11-20,73.187042
2001-11-21,72.702522
2001-11-23,73.748047
2001-11-26,73.907425
2001-11-27,73.588661
2001-11-28,72.256248
2001-11-29,73.231628
2001-11-30,72.708885
2001-12-03,72.275375
2001-12-04,73.499413
2001-12-05,74.844597
2001-12-06,74.806313
2001-12-07,74.309029
2001-12-10,72.919243
2001-12-11,72.772598
2001-12-12,72.855499
2001-12-13,71.440216
2001-12-14,72.122375
2001-12-17,72.868301
2001-12-18,73.301788
2001-12-19,73.818138
2001-12-20,73.091385
2001-12-21,73.534729
2001-12-24,73.393997
2001-12-26,73.797028
2001-12-27,74.244797
2001-12-28,74.206421
2001-12-31,73.118958
2002-01-02,73.905731
2002-01-03,74.743774
2002-01-04,75.242729
2002-01-07,74.711777
2002-01-08,74.539040
2002-01-09,73.931313
2002-01-10,74.257614
2002-01-11,73.528282
2002-01-14,73.067719
2002-01-15,73.662643
2002-01-16,72.172119
2002-01-17,72.715881
2002-01-18,72.383232
2002-01-22,71.884216
2002-01-23,72.434418
2002-01-24,72.658279
2002-01-25,72.639107
2002-01-28,72.837425
2002-01-29,70.547256
2002-01-30,71.564415
2002-01-31,72.402420
2002-02-01,72.063385
2002-02-04,70.272194
2002-02-05,69.837181
2002-02-06,69.536530
2002-02-07,69.101501
2002-02-08,70.425728
2002-02-11,71.289337
2002-02-12,71.065361
2002-02-13,71.820267
2002-02-14,71.685936
2002-02-15,70.937492
2002-02-19,69.574890
2002-02-20,70.745552
2002-02-21,69.280640
2002-02-22,70.137856
2002-02-25,71.295708
2002-02-26,71.148582
2002-02-27,71.423637
2002-02-28,71.103790
2002-03-01,72.760635
2002-03-04,74.046494
2002-03-05,73.809761
2002-03-06,74.686180
2002-03-07,74.526260
2002-03-08,74.839745
2002-03-11,74.999619
2002-03-12,74.954887
2002-03-13,74.231995
2002-03-14,74.129646
2002-03-15,74.835968
2002-03-18,74.848824
2002-03-19,75.349205
2002-03-20,73.931396
2002-03-21,73.963486
2002-03-22,73.803078
2002-03-25,72.885658
2002-03-26,73.309105
2002-03-27,73.501556
2002-03-28,73.469498
2002-04-01,73.501556
2002-04-02,73.097389
2002-04-03,72.584145
2002-04-04,72.282661
2002-04-05,72.295464
2002-04-08,72.449455
2002-04-09,71.942635
2002-04-10,72.757385
2002-04-11,70.948204
2002-04-12,71.480713
2002-04-15,70.935387
2002-04-16,72.622681
2002-04-17,72.468704
2002-04-18,72.154320
2002-04-19,72.417366
2002-04-22,71.211243
2002-04-23,70.903305
2002-04-24,70.191223
2002-04-25,70.229729
2002-04-26,68.895294
2002-04-29,68.555252
2002-04-30,69.196823
2002-05-01,70.043671
2002-05-02,69.774216
2002-05-03,69.017181
2002-05-06,67.663521
2002-05-07,67.426163
2002-05-08,69.934608
2002-05-09,69.126236
2002-05-10,67.823906
2002-05-13,69.203224
2002-05-14,70.710854
2002-05-15,70.434990
2002-05-16,70.800713
2002-05-17,71.147087
2002-05-20,70.377274
2002-05-21,69.735718
2002-05-22,69.889671
2002-05-23,70.633850
2002-05-24,69.729301
2002-05-28,69.350784
2002-05-29,68.837578
2002-05-30,68.645103
2002-05-31,68.786232
2002-06-03,66.957817
2002-06-04,67.124626
2002-06-05,67.753380
2002-06-06,66.373978
2002-06-07,66.297020
2002-06-10,66.553665
2002-06-11,65.411705
2002-06-12,65.809471
2002-06-13,65.148682
2002-06-14,65.052422
2002-06-17,66.797455
2002-06-18,67.342781
2002-06-19,65.770958
2002-06-20,64.930550
2002-06-21,63.915306
2002-06-24,64.250053
2002-06-25,62.807980
2002-06-26,62.910976
2002-06-27,64.011864
2002-06-28,63.709263
2002-07-01,62.466743
2002-07-02,61.140564
2002-07-03,61.488209
2002-07-05,63.934639
2002-07-08,63.136288
2002-07-09,61.546185
2002-07-10,59.305786
2002-07-11,59.788639
2002-07-12,59.131958
2002-07-15,59.447441
2002-07-16,58.301453
2002-07-17,58.417328
2002-07-18,56.524582
2002-07-19,54.535305
2002-07-22,52.919411
2002-07-23,51.470863
2002-07-24,54.541740
2002-07-25,54.078213
2002-07-26,55.108292
2002-07-29,57.792908
2002-07-30,58.546108
2002-07-31,58.687740
2002-08-01,57.155537
2002-08-02,55.874397
2002-08-05,53.930119
2002-08-06,55.745655
2002-08-07,56.717747
2002-08-08,58.552536
2002-08-09,58.771416
2002-08-12,58.340084
2002-08-13,57.277843
2002-08-14,59.370159
2002-08-15,60.194218
2002-08-16,60.013935
2002-08-19,61.417412
2002-08-20,60.767220
2002-08-21,61.642715
2002-08-22,62.241463
2002-08-23,60.902367
2002-08-26,61.327263
2002-08-27,60.619087
2002-08-28,59.292912
2002-08-29,59.318661
2002-08-30,59.086891
2002-09-03,56.833611
2002-09-04,57.644817
2002-09-05,57.155537
2002-09-06,57.940960
2002-09-09,58.365864
2002-09-10,59.035385
2002-09-11,58.668427
2002-09-12,57.586849
2002-09-13,57.728500
2002-09-16,57.870136
2002-09-17,56.543922
2002-09-18,55.977367
2002-09-19,54.528858
2002-09-20,54.546974
2002-09-23,54.100780
2002-09-24,53.227745
2002-09-25,54.546974
2002-09-26,55.439388
2002-09-27,53.512306
2002-09-30,52.891499
2002-10-01,55.432941
2002-10-02,53.770962
2002-10-03,53.227745
2002-10-04,52.251320
2002-10-07,51.171307
2002-10-08,51.973217
2002-10-09,50.505264
2002-10-10,52.141354
2002-10-11,54.424110
2002-10-14,54.728039
2002-10-15,57.360001
2002-10-16,55.969669
2002-10-17,57.081940
2002-10-18,57.321182
2002-10-21,58.310608
2002-10-22,57.890270
2002-10-23,58.329994
2002-10-24,57.140125
2002-10-25,58.329994
2002-10-28,57.948460
2002-10-29,57.275944
2002-10-30,57.832085
2002-10-31,57.243603
2002-11-01,58.375282
2002-11-04,58.931423
2002-11-05,59.397041
2002-11-06,60.166584
2002-11-07,58.692154
2002-11-08,57.974323
2002-11-11,57.075462
2002-11-12,57.528137
2002-11-13,57.586353
2002-11-14,58.672764
2002-11-15,59.106026
2002-11-18,58.511082
2002-11-19,58.433475
2002-11-20,59.733318
2002-11-21,60.845589
2002-11-22,60.412300
2002-11-25,60.451115
2002-11-26,59.300022
2002-11-27,60.968430
2002-11-29,60.774464
2002-12-02,60.871429
2002-12-03,60.056664
2002-12-04,59.785030
2002-12-05,59.125401
2002-12-06,59.513435
2002-12-09,57.877338
2002-12-10,58.653362
2002-12-11,58.705128
2002-12-12,58.698593
2002-12-13,57.773884
2002-12-16,59.267712
2002-12-17,58.750340
2002-12-18,58.071316
2002-12-19,57.657494
2002-12-20,58.480186
2002-12-23,58.499699
2002-12-24,58.064281
2002-12-26,58.090267
2002-12-27,56.784069
2002-12-30,57.258495
2002-12-31,57.336464
2003-01-02,59.182022
2003-01-03,59.363987
2003-01-06,60.410275
2003-01-07,60.260777
2003-01-08,59.389984
2003-01-09,60.312782
2003-01-10,60.475208
2003-01-13,60.455715
2003-01-14,60.650711
2003-01-15,60.046329
2003-01-16,59.799370
2003-01-17,58.915588
2003-01-21,57.999298
2003-01-22,57.297474
2003-01-23,57.648380
2003-01-24,56.134266
2003-01-27,55.367371
2003-01-28,55.776817
2003-01-29,56.199223
2003-01-30,54.867001
2003-01-31,55.926277
2003-02-03,56.036770
2003-02-04,55.484398
2003-02-05,55.139919
2003-02-06,54.880013
2003-02-07,54.210674
2003-02-10,54.594070
2003-02-11,54.217148
2003-02-12,53.352840
2003-02-13,53.515327
2003-02-14,54.685070
2003-02-18,55.646828
2003-02-19,55.354416
2003-02-20,54.802044
2003-02-21,55.354416
2003-02-24,54.457607
2003-02-25,54.893013
2003-02-26,54.093670
2003-02-27,54.808506
2003-02-28,55.172436
2003-03-03,54.646076
2003-03-04,53.775265
2003-03-05,54.230175
2003-03-06,53.775265
2003-03-07,54.145676
2003-03-10,52.845978
2003-03-11,52.326077
2003-03-12,52.677002
2003-03-13,54.496605
2003-03-14,54.672085
2003-03-17,56.394157
2003-03-18,56.725586
2003-03-19,57.160973
2003-03-20,57.284477
2003-03-21,58.507202
2003-03-24,56.562820
2003-03-25,57.104389
2003-03-26,56.817310
2003-03-27,56.862961
2003-03-28,56.575901
2003-03-31,55.290527
2003-04-01,56.138733
2003-04-02,57.495853
2003-04-03,57.221802
2003-04-04,57.561108
2003-04-07,57.450203
2003-04-08,57.541553
2003-04-09,56.784679
2003-04-10,57.097851
2003-04-11,56.862961
2003-04-14,58.037395
2003-04-15,58.578964
2003-04-16,57.580685
2003-04-17,58.435429
2003-04-21,58.494122
2003-04-22,59.596809
2003-04-23,60.144905
2003-04-24,59.609863
2003-04-25,58.872589
2003-04-28,59.890465
2003-04-29,60.099224
2003-04-30,59.968750
2003-05-01,59.962212
2003-05-02,60.816933
2003-05-05,60.699505
2003-05-06,61.273678
2003-05-07,60.934387
2003-05-08,60.321095
2003-05-09,61.156235
2003-05-12,61.906601
2003-05-13,61.795650
2003-05-14,61.665176
2003-05-15,62.056622
2003-05-16,61.900051
2003-05-19,60.451538
2003-05-20,60.327583
2003-05-21,60.451538
2003-05-22,61.051826
2003-05-23,61.175800
2003-05-27,62.245869
2003-05-28,62.422039
2003-05-29,62.258915
2003-05-30,63.257175
2003-06-02,63.518185
2003-06-03,63.779163
2003-06-04,64.699165
2003-06-05,65.018890
2003-06-06,64.764427
2003-06-09,64.105392
2003-06-10,64.757881
2003-06-11,65.443001
2003-06-12,65.645210
2003-06-13,64.960129
2003-06-16,66.330345
2003-06-17,66.330345
2003-06-18,66.271606
2003-06-19,65.260300
2003-06-20,65.116219
2003-06-23,64.448334
2003-06-24,64.513779
2003-06-25,63.865475
2003-06-26,64.697136
2003-06-27,63.950611
2003-06-30,63.930988
2003-07-01,64.520332
2003-07-02,65.332283
2003-07-03,64.657845
2003-07-07,65.941307
2003-07-08,66.236000
2003-07-09,65.862717
2003-07-10,65.024551
2003-07-11,65.640068
2003-07-14,65.960938
2003-07-15,65.816895
2003-07-16,65.430550
2003-07-17,64.500671
2003-07-18,65.162071
2003-07-21,64.356651
2003-07-22,64.939407
2003-07-23,64.985245
2003-07-24,64.494133
2003-07-25,65.633545
2003-07-28,65.391251
2003-07-29,65.090012
2003-07-30,64.932892
2003-07-31,65.083488
2003-08-01,64.507256
2003-08-04,64.507256
2003-08-05,63.138630
2003-08-06,63.505344
2003-08-07,64.173256
2003-08-08,64.356651
2003-08-11,64.598930
2003-08-12,65.188232
2003-08-13,64.854301
2003-08-14,65.031090
2003-08-15,65.234085
2003-08-18,65.797234
2003-08-19,66.046097
2003-08-20,65.777611
2003-08-21,65.987137
2003-08-22,65.332283
2003-08-25,65.437057
2003-08-26,65.554947
2003-08-27,65.574631
2003-08-28,65.980621
2003-08-29,66.425880
2003-09-02,67.316429
2003-09-03,67.683144
2003-09-04,67.715912
2003-09-05,67.336105
2003-09-08,67.892708
2003-09-09,67.447411
2003-09-10,66.766380
2003-09-11,66.962830
2003-09-12,67.087257
2003-09-15,66.851517
2003-09-16,67.827232
2003-09-17,67.696251
2003-09-18,68.495178
2003-09-19,68.146751
2003-09-22,67.410530
2003-09-23,67.666901
2003-09-24,66.463966
2003-09-25,65.918388
2003-09-26,65.701431
2003-09-29,66.345642
2003-09-30,65.701431
2003-10-01,67.101593
2003-10-02,67.344795
2003-10-03,67.962700
2003-10-06,68.271660
2003-10-07,68.534569
2003-10-08,68.363686
2003-10-09,68.547707
2003-10-10,68.738350
2003-10-13,68.955261
2003-10-14,69.198502
2003-10-15,69.014450
2003-10-16,69.290550
2003-10-17,68.534569
2003-10-20,69.047318
2003-10-21,68.928993
2003-10-22,68.061302
2003-10-23,67.936394
2003-10-24,68.087608
2003-10-27,68.120407
2003-10-28,69.047318
2003-10-29,69.139328
2003-10-30,69.283951
2003-10-31,69.218224
2003-11-03,69.671791
2003-11-04,69.520599
2003-11-05,69.573166
2003-11-06,69.941299
2003-11-07,69.422012
2003-11-10,69.139328
2003-11-11,69.119629
2003-11-12,69.895309
2003-11-13,69.914978
2003-11-14,69.323402
2003-11-17,68.975021
2003-11-18,68.258461
2003-11-19,68.836960
2003-11-20,68.219025
2003-11-21,68.501724
2003-11-24,69.408821
2003-11-25,69.671791
2003-11-26,69.921585
2003-11-28,69.974159
2003-12-01,70.730057
2003-12-02,70.552628
2003-12-03,70.440887
2003-12-04,70.730057
2003-12-05,70.237099
2003-12-08,70.710388
2003-12-09,70.164803
2003-12-10,70.158211
2003-12-11,70.947052
2003-12-12,71.085075
2003-12-15,70.730057
2003-12-16,71.098259
2003-12-17,71.321686
2003-12-18,72.123695
2003-12-19,71.922897
2003-12-22,72.424843
2003-12-23,72.471085
2003-12-24,72.398392
2003-12-26,72.451271
2003-12-29,73.415550
2003-12-30,73.428734
2003-12-31,73.494781
2004-01-02,73.461754
2004-01-05,74.260887
2004-01-06,74.333542
2004-01-07,74.584541
2004-01-08,74.881676
2004-01-09,74.227867
2004-01-12,74.776024
2004-01-13,74.340118
2004-01-14,74.960991
2004-01-15,75.145905
2004-01-16,75.443100
2004-01-20,75.423286
2004-01-21,76.017677
2004-01-22,75.819565
2004-01-23,75.575180
2004-01-26,76.526222
2004-01-27,75.740280
2004-01-28,74.875153
2004-01-29,74.947746
2004-01-30,74.947746
2004-02-02,75.271370
2004-02-03,75.145905
2004-02-04,74.531685
2004-02-05,74.749626
2004-02-06,75.588394
2004-02-09,75.608200
2004-02-10,75.852554
2004-02-11,76.658333
2004-02-12,76.380920
2004-02-13,76.037483
2004-02-17,76.724335
2004-02-18,76.387535
2004-02-19,76.103546
2004-02-20,75.872383
2004-02-23,75.680855
2004-02-24,75.548752
2004-02-25,75.865791
2004-02-26,75.912064
2004-02-27,75.964828
2004-03-01,76.717751
2004-03-02,76.268654
2004-03-03,76.407364
2004-03-04,76.605446
2004-03-05,76.863068
2004-03-08,75.925224
2004-03-09,75.621399
2004-03-10,74.353363
2004-03-11,73.389099
2004-03-12,74.353363
2004-03-15,73.441948
2004-03-16,73.831573
2004-03-17,74.657173
2004-03-18,74.676971
2004-03-19,73.606590
2004-03-22,72.672150
2004-03-23,72.546181
2004-03-24,72.605843
2004-03-25,73.566856
2004-03-26,73.586754
2004-03-29,74.620613
2004-03-30,74.872498
2004-03-31,74.958626
2004-04-01,75.409294
2004-04-02,75.979301
2004-04-05,76.396851
2004-04-06,76.151642
2004-04-07,75.972679
2004-04-08,75.800385
2004-04-12,76.098595
2004-04-13,75.031548
2004-04-14,75.150848
2004-04-15,74.865868
2004-04-16,75.442482
2004-04-19,75.442482
2004-04-20,74.176575
2004-04-21,74.673653
2004-04-22,75.720825
2004-04-23,75.793709
2004-04-26,75.687691
2004-04-27,75.753983
2004-04-28,74.773056
2004-04-29,74.116928
2004-04-30,73.540298
2004-05-03,74.329018
2004-05-04,74.269379
2004-05-05,74.746536
2004-05-06,74.103691
2004-05-07,72.877548
2004-05-10,72.128624
2004-05-11,72.738373
2004-05-12,73.202316
2004-05-13,72.897453
2004-05-14,72.930626
2004-05-17,72.307579
2004-05-18,72.672150
2004-05-19,72.420288
2004-05-20,72.652252
2004-05-21,72.778168
2004-05-24,73.083015
2004-05-25,74.130219
2004-05-26,74.388657
2004-05-27,74.806198
2004-05-28,74.799583
2004-06-01,74.700157
2004-06-02,74.978546
2004-06-03,74.289276
2004-06-04,74.879089
2004-06-07,76.019058
2004-06-08,76.125099
2004-06-09,75.415939
2004-06-10,75.787132
2004-06-14,75.038170
2004-06-15,75.568405
2004-06-16,75.555153
2004-06-17,75.442482
2004-06-18,75.584801
2004-06-21,75.298767
2004-06-22,75.677940
2004-06-23,76.329842
2004-06-24,76.090347
2004-06-25,75.724487
2004-06-28,75.465088
2004-06-29,75.777748
2004-06-30,76.183456
2004-07-01,75.125870
2004-07-02,75.085968
2004-07-06,74.427414
2004-07-07,74.646896
2004-07-08,74.128067
2004-07-09,74.320953
2004-07-12,74.354240
2004-07-13,74.407440
2004-07-14,74.181282
2004-07-15,73.702347
2004-07-16,73.642464
2004-07-19,73.329880
2004-07-20,74.261078
2004-07-21,72.890854
2004-07-22,73.090378
2004-07-23,72.478409
2004-07-26,72.338692
2004-07-27,73.017166
2004-07-28,73.236694
2004-07-29,73.549332
2004-07-30,73.728973
2004-08-02,73.881958
2004-08-03,73.309906
2004-08-04,73.303238
2004-08-05,72.105949
2004-08-06,71.074875
2004-08-09,71.174614
2004-08-10,72.092598
2004-08-11,71.946243
2004-08-12,71.161346
2004-08-13,71.301018
2004-08-16,72.039383
2004-08-17,72.445168
2004-08-18,73.190163
2004-08-19,72.977272
2004-08-20,73.489479
2004-08-23,73.303238
2004-08-24,73.402977
2004-08-25,73.901917
2004-08-26,73.901917
2004-08-27,74.134720
2004-08-30,73.522751
2004-08-31,73.908577
2004-09-01,74.048225
2004-09-02,74.886368
2004-09-03,74.580391
2004-09-07,75.072617
2004-09-08,74.886368
2004-09-09,74.819855
2004-09-10,75.205666
2004-09-13,75.451820
2004-09-14,75.604790
2004-09-15,75.032707
2004-09-16,75.258881
2004-09-17,75.578835
2004-09-20,75.124603
2004-09-21,75.451912
2004-09-22,74.510101
2004-09-23,74.109352
2004-09-24,74.449982
2004-09-27,73.975754
2004-09-28,74.329735
2004-09-29,74.703789
2004-09-30,74.650352
2004-10-01,75.912773
2004-10-04,76.039688
2004-10-05,76.079773
2004-10-06,76.600807
2004-10-07,75.779213
2004-10-08,75.151344
2004-10-11,75.458611
2004-10-12,75.164680
2004-10-13,74.503448
2004-10-14,73.902283
2004-10-15,74.316406
2004-10-18,74.596954
2004-10-19,73.969070
2004-10-20,73.822113
2004-10-21,74.303017
2004-10-22,73.468086
2004-10-25,73.381248
2004-10-26,74.503448
2004-10-27,75.398483
2004-10-28,75.625603
2004-10-29,75.612190
2004-11-01,75.819283
2004-11-02,75.845985
2004-11-03,76.801178
2004-11-04,77.849892
2004-11-05,78.337479
2004-11-08,78.223907
2004-11-09,78.070297
2004-11-10,78.130402
2004-11-11,78.724899
2004-11-12,79.346077
2004-11-15,79.541061
2004-11-16,78.971603
2004-11-17,79.440559
2004-11-18,79.547691
2004-11-19,78.663414
2004-11-22,79.038605
2004-11-23,79.159149
2004-11-24,79.346748
2004-11-26,79.286461
2004-11-29,78.924698
2004-11-30,78.978294
2004-12-01,79.875977
2004-12-02,79.942970
2004-12-03,79.889404
2004-12-06,79.862633
2004-12-07,79.118958
2004-12-08,79.581230
2004-12-09,79.862633
2004-12-10,79.942970
2004-12-13,80.639709
2004-12-14,80.921074
2004-12-15,80.981354
2004-12-16,80.934502
2004-12-17,80.394661
2004-12-20,80.414848
2004-12-21,81.034096
2004-12-22,81.229332
2004-12-23,81.289871
2004-12-27,81.121590
2004-12-28,81.565819
2004-12-29,81.687027
2004-12-30,81.532196
2004-12-31,81.357178
2005-01-03,80.973541
2005-01-04,79.984077
2005-01-05,79.432114
2005-01-06,79.835999
2005-01-07,79.721573
2005-01-10,80.098526
2005-01-11,79.546562
2005-01-12,79.809074
2005-01-13,79.169617
2005-01-14,79.586929
2005-01-18,80.414848
2005-01-19,79.573471
2005-01-20,79.088844
2005-01-21,78.604202
2005-01-24,78.449425
2005-01-25,78.671577
2005-01-26,78.907143
2005-01-27,79.041725
2005-01-28,79.041725
2005-01-31,79.533073
2005-02-01,80.037933
2005-02-02,80.280235
2005-02-03,80.071579
2005-02-04,80.926430
2005-02-07,80.818710
2005-02-08,80.912956
2005-02-09,80.307213
2005-02-10,80.596596
2005-02-11,81.289871
2005-02-14,81.229332
2005-02-15,81.532196
2005-02-16,81.586052
2005-02-17,80.926430
2005-02-18,81.034096
2005-02-22,79.829247
2005-02-23,80.401367
2005-02-24,80.933159
2005-02-25,81.734161
2005-02-28,81.195663
2005-03-01,81.599495
2005-03-02,81.559128
2005-03-03,81.592789
2005-03-04,82.609108
2005-03-07,82.649529
2005-03-08,82.339905
2005-03-09,81.424500
2005-03-10,81.606239
2005-03-11,81.034096
2005-03-14,81.538933
2005-03-15,80.865822
2005-03-16,80.179276
2005-03-17,80.340828
2005-03-18,80.102303
2005-03-21,79.804932
2005-03-22,78.994087
2005-03-23,79.061630
2005-03-24,79.156242
2005-03-28,79.271111
2005-03-29,78.744064
2005-03-30,79.859001
2005-03-31,79.710327
2005-04-01,79.352180
2005-04-04,79.487373
2005-04-05,79.865761
2005-04-06,80.142815
2005-04-07,80.575294
2005-04-08,79.737366
2005-04-11,79.798203
2005-04-12,80.210373
2005-04-13,79.264320
2005-04-14,78.230484
2005-04-15,77.135780
2005-04-18,77.372292
2005-04-19,77.987198
2005-04-20,76.899261
2005-04-21,78.392670
2005-04-22,78.095322
2005-04-25,78.608932
2005-04-26,77.845299
2005-04-27,78.149353
2005-04-28,77.169579
2005-04-29,78.216957
2005-05-02,78.656204
2005-05-03,78.791344
2005-05-04,79.399506
2005-05-05,79.372490
2005-05-06,79.122429
2005-05-09,79.615753
2005-05-10,78.791344
2005-05-11,79.223808
2005-05-12,78.352135
2005-05-13,78.196686
2005-05-16,78.926491
2005-05-17,79.453568
2005-05-18,80.271240
2005-05-19,80.609108
2005-05-20,80.494225
2005-05-23,80.940201
2005-05-24,80.751015
2005-05-25,80.690193
2005-05-26,81.122620
2005-05-27,81.257759
2005-05-31,80.737473
2005-06-01,81.426765
2005-06-02,81.602425
2005-06-03,81.190239
2005-06-06,81.115875
2005-06-07,81.176689
2005-06-08,81.028030
2005-06-09,81.413216
2005-06-10,81.223976
2005-06-13,81.480782
2005-06-14,81.670006
2005-06-15,81.825401
2005-06-16,82.034889
2005-06-17,82.338890
2005-06-20,82.365982
2005-06-21,82.413498
2005-06-22,82.481316
2005-06-23,81.321175
2005-06-24,80.724121
2005-06-27,80.839409
2005-06-28,81.517921
2005-06-29,81.300797
2005-06-30,80.859795
2005-07-01,81.097260
2005-07-05,81.748604
2005-07-06,81.063309
2005-07-07,81.382225
2005-07-08,82.311729
2005-07-11,82.732368
2005-07-12,82.949463
2005-07-13,83.064857
2005-07-14,83.390465
2005-07-15,83.342972
2005-07-18,83.010521
2005-07-19,83.465103
2005-07-20,83.750092
2005-07-21,83.261566
2005-07-22,83.817863
2005-07-25,83.580460
2005-07-26,83.682205
2005-07-27,83.987549
2005-07-28,84.516731
2005-07-29,83.953621
2005-08-01,83.892548
2005-08-02,84.394630
2005-08-03,84.618484
2005-08-04,83.940041
2005-08-05,83.370132
2005-08-08,83.214081
2005-08-09,83.716125
2005-08-10,83.675461
2005-08-11,84.007874
2005-08-12,83.492233
2005-08-15,84.007874
2005-08-16,82.915543
2005-08-17,82.908783
2005-08-18,82.901962
2005-08-19,83.091965
2005-08-22,83.091965
2005-08-23,82.935913
2005-08-24,82.196365
2005-08-25,82.494911
2005-08-26,81.931778
2005-08-29,82.562737
2005-08-30,82.128532
2005-08-31,83.166580
2005-09-01,83.105522
2005-09-02,82.956253
2005-09-06,83.926460
2005-09-07,84.068916
2005-09-08,83.790787
2005-09-09,84.537102
2005-09-12,84.367500
2005-09-13,83.899323
2005-09-14,83.593987
2005-09-15,83.553284
2005-09-16,84.147461
2005-09-19,83.868065
2005-09-20,83.159492
2005-09-21,82.382736
2005-09-22,82.675720
2005-09-23,82.743866
2005-09-26,82.839226
2005-09-27,82.818810
2005-09-28,82.900589
2005-09-29,83.575119
2005-09-30,83.834038
2005-10-03,83.534210
2005-10-04,82.593964
2005-10-05,81.510612
2005-10-06,81.217628
2005-10-07,81.496986
2005-10-10,80.808823
2005-10-11,80.692963
2005-10-12,80.059326
2005-10-13,80.011620
2005-10-14,80.856529
2005-10-17,81.156296
2005-10-18,80.277359
2005-10-19,81.612854
2005-10-20,80.175148
2005-10-21,80.488541
2005-10-24,81.735466
2005-10-25,81.571915
2005-10-26,81.333435
2005-10-27,80.468117
2005-10-28,81.626427
2005-10-31,81.851250
2005-11-01,82.096581
2005-11-02,82.955093
2005-11-03,83.309364
2005-11-04,83.200363
2005-11-07,83.282120
2005-11-08,83.282120
2005-11-09,83.391136
2005-11-10,84.038399
2005-11-11,84.324638
2005-11-14,84.276917
2005-11-15,83.970299
2005-11-16,84.140633
2005-11-17,84.924194
2005-11-18,85.258049
2005-11-21,85.687317
2005-11-22,86.055260
2005-11-23,86.552643
2005-11-25,86.620804
2005-11-28,86.007545
2005-11-29,85.912148
2005-11-30,85.448868
2005-12-01,86.320953
2005-12-02,86.429970
2005-12-05,86.246017
2005-12-06,86.409561
2005-12-07,85.905319
2005-12-08,85.850838
2005-12-09,86.075706
2005-12-12,86.157455
2005-12-13,86.743401
2005-12-14,87.084106
2005-12-15,86.832008
2005-12-16,86.552521
2005-12-19,86.107300
2005-12-20,86.189514
2005-12-21,86.326492
2005-12-22,86.778542
2005-12-23,86.826500
2005-12-27,85.942924
2005-12-28,86.134720
2005-12-29,85.751114
2005-12-30,85.285324
2006-01-03,86.785431
2006-01-04,87.196388
2006-01-05,87.251190
2006-01-06,87.977234
2006-01-09,88.203300
2006-01-10,88.292320
2006-01-11,88.573158
2006-01-12,88.223885
2006-01-13,88.141609
2006-01-17,87.901909
2006-01-18,87.552582
2006-01-19,87.888191
2006-01-20,86.285400
2006-01-23,86.593613
2006-01-24,86.682709
2006-01-25,86.758034
2006-01-26,87.237488
2006-01-27,88.045776
2006-01-30,87.977234
2006-01-31,87.333389
2006-02-01,87.943008
2006-02-02,86.922409
2006-02-03,86.490883
2006-02-06,86.716942
2006-02-07,85.949768
2006-02-08,86.730621
2006-02-09,86.586777
2006-02-10,86.744308
2006-02-13,86.586777
2006-02-14,87.504631
2006-02-15,87.812859
2006-02-16,88.470428
2006-02-17,88.230705
2006-02-21,88.011497
2006-02-22,88.545784
2006-02-23,88.415634
2006-02-24,88.641655
2006-02-27,88.675964
2006-02-28,87.833405
2006-03-01,88.614273
2006-03-02,88.607422
2006-03-03,88.196449
2006-03-06,87.792328
2006-03-07,87.655312
2006-03-08,87.840279
2006-03-09,87.251190
2006-03-10,88.080009
2006-03-13,88.244392
2006-03-14,89.169113
2006-03-15,89.566383
2006-03-16,89.751312
2006-03-17,89.826294
2006-03-20,89.681854
2006-03-21,89.117958
2006-03-22,89.661247
2006-03-23,89.475555
2006-03-24,89.544296
2006-03-27,89.413666
2006-03-28,88.863518
2006-03-29,89.420540
2006-03-30,89.262390
2006-03-31,89.282997
2006-04-03,89.214226
2006-04-04,89.785011
2006-04-05,90.094460
2006-04-06,89.998207
2006-04-07,89.083603
2006-04-10,89.221092
2006-04-11,88.464676
2006-04-12,88.629723
2006-04-13,88.512794
2006-04-17,88.478416
2006-04-18,89.881317
2006-04-19,90.053200
2006-04-20,90.176994
2006-04-21,90.190758
2006-04-24,90.025734
2006-04-25,89.654327
2006-04-26,89.674980
2006-04-27,90.108223
2006-04-28,90.410797
2006-05-01,89.674980
2006-05-02,90.348930
2006-05-03,90.011955
2006-05-04,90.335197
2006-05-05,91.132904
2006-05-08,91.022842
2006-05-09,91.201675
2006-05-10,91.153526
2006-05-11,90.053200
2006-05-12,88.877274
2006-05-15,89.056084
2006-05-16,88.925407
2006-05-17,87.233665
2006-05-18,86.793556
2006-05-19,87.405617
2006-05-22,86.738548
2006-05-23,86.078346
2006-05-24,86.766083
2006-05-25,87.838852
2006-05-26,88.285851
2006-05-30,86.717934
2006-05-31,87.687553
2006-06-01,88.526527
2006-06-02,88.712196
2006-06-05,87.419357
2006-06-06,87.206154
2006-06-07,86.552879
2006-06-08,86.477226
2006-06-09,86.202164
2006-06-12,85.266869
2006-06-13,84.276619
2006-06-14,84.929939
2006-06-15,86.731667
2006-06-16,86.099655
2006-06-19,85.422722
2006-06-20,85.712868
2006-06-21,86.348328
2006-06-22,85.968422
2006-06-23,85.954597
2006-06-26,86.334503
2006-06-27,85.588463
2006-06-28,86.168716
2006-06-29,87.909355
2006-06-30,87.916290
2006-07-03,88.275452
2006-07-05,87.771202
2006-07-06,88.026802
2006-07-07,87.453476
2006-07-10,87.619240
2006-07-11,88.006073
2006-07-12,87.066666
2006-07-13,85.650658
2006-07-14,85.319115
2006-07-17,85.194794
2006-07-18,85.629967
2006-07-19,86.818016
2006-07-20,86.224014
2006-07-21,85.616127
2006-07-24,87.177208
2006-07-25,87.488029
2006-07-26,87.605431
2006-07-27,87.522537
2006-07-28,88.399773
2006-07-31,88.309982
2006-08-01,87.874809
2006-08-02,88.468872
2006-08-03,88.703705
2006-08-04,88.551758
2006-08-07,88.344536
2006-08-08,88.006073
2006-08-09,87.709038
2006-08-10,87.978439
2006-08-11,87.729759
2006-08-14,87.798805
2006-08-15,88.848763
2006-08-16,89.587837
2006-08-17,89.815781
2006-08-18,90.271675
2006-08-21,89.884865
2006-08-22,89.877960
2006-08-23,89.629295
2006-08-24,89.553291
2006-08-25,89.663811
2006-08-28,90.092072
2006-08-29,90.195671
2006-08-30,90.250938
2006-08-31,90.237114
2006-09-01,90.775917
2006-09-05,90.948578
2006-09-06,90.147293
2006-09-07,89.732887
2006-09-08,89.988464
2006-09-11,90.078262
2006-09-12,90.962387
2006-09-13,91.328476
2006-09-14,91.335388
2006-09-15,91.549789
2006-09-18,91.674614
2006-09-19,91.445686
2006-09-20,91.931335
2006-09-21,91.487328
2006-09-22,91.209816
2006-09-25,91.910545
2006-09-26,92.673698
2006-09-27,92.784683
2006-09-28,92.749985
2006-09-29,92.673698
2006-10-02,92.326805
2006-10-03,92.521049
2006-10-04,93.603317
2006-10-05,93.783669
2006-10-06,93.665741
2006-10-09,93.721283
2006-10-10,93.846130
2006-10-11,93.735138
2006-10-12,94.546852
2006-10-13,94.789627
2006-10-16,94.935379
2006-10-17,94.637047
2006-10-18,94.761902
2006-10-19,94.914589
2006-10-20,94.935379
2006-10-23,95.372421
2006-10-24,95.656868
2006-10-25,95.982956
2006-10-26,96.281273
2006-10-27,95.677719
2006-10-30,95.608322
2006-10-31,95.594437
2006-11-01,94.949226
2006-11-02,94.893745
2006-11-03,94.727226
2006-11-06,95.795624
2006-11-07,96.163322
2006-11-08,96.371468
2006-11-09,95.865013
2006-11-10,95.906654
2006-11-13,96.142502
2006-11-14,96.864044
2006-11-15,97.141541
2006-11-16,97.391296
2006-11-17,97.419052
2006-11-20,97.474556
2006-11-21,97.571693
2006-11-22,97.765968
2006-11-24,97.370461
2006-11-27,96.031532
2006-11-28,96.447762
2006-11-29,97.453735
2006-11-30,97.495384
2006-12-01,97.280312
2006-12-04,98.022568
2006-12-05,98.445808
2006-12-06,98.362610
2006-12-07,97.932426
2006-12-08,98.112793
2006-12-11,98.397255
2006-12-12,98.320938
2006-12-13,98.425003
2006-12-14,99.292213
2006-12-15,99.301270
2006-12-18,99.029190
2006-12-19,99.217606
2006-12-20,99.161774
2006-12-21,98.799004
2006-12-22,98.192101
2006-12-26,98.771111
2006-12-27,99.419907
2006-12-28,99.210571
2006-12-29,98.799004
2007-01-03,98.624588
2007-01-04,98.833878
2007-01-05,98.045547
2007-01-08,98.499031
2007-01-09,98.415359
2007-01-10,98.743179
2007-01-11,99.175728
2007-01-12,99.929184
2007-01-16,99.733826
2007-01-17,99.775681
2007-01-18,99.440819
2007-01-19,99.636185
2007-01-22,99.329216
2007-01-23,99.622200
2007-01-24,100.424461
2007-01-25,99.245483
2007-01-26,99.154800
2007-01-29,99.098991
2007-01-30,99.615280
2007-01-31,100.284950
2007-02-01,100.884956
2007-02-02,101.024475
2007-02-05,101.052368
2007-02-06,101.080254
2007-02-07,101.303505
2007-02-08,101.170959
2007-02-09,100.417526
2007-02-12,100.075676
2007-02-13,100.919823
2007-02-14,101.582558
2007-02-15,101.715141
2007-02-16,101.666298
2007-02-20,101.882561
2007-02-21,101.840668
2007-02-22,101.763924
2007-02-23,101.366280
2007-02-26,101.275574
2007-02-27,97.320007
2007-02-28,98.317566
2007-03-01,98.024620
2007-03-02,96.740997
2007-03-05,95.820084
2007-03-06,97.459541
2007-03-07,97.361862
2007-03-08,98.185036
2007-03-09,98.212982
2007-03-12,98.359497
2007-03-13,96.447975
2007-03-14,97.166565
2007-03-15,97.299080
2007-03-16,97.026627
2007-03-19,98.196320
2007-03-20,98.735550
2007-03-21,100.360527
2007-03-22,100.283470
2007-03-23,100.430603
2007-03-26,100.297546
2007-03-27,100.059380
2007-03-28,99.330963
2007-03-29,99.436028
2007-03-30,99.457001
2007-04-02,99.569077
2007-04-03,100.640724
2007-04-04,100.752769
2007-04-05,101.025955
2007-04-09,101.165985
2007-04-10,101.285118
2007-04-11,100.871826
2007-04-12,101.320099
2007-04-13,101.782372
2007-04-16,102.748901
2007-04-17,103.022041
2007-04-18,103.148163
2007-04-19,103.120117
2007-04-20,104.093727
2007-04-23,103.701431
2007-04-24,103.743500
2007-04-25,104.696007
2007-04-26,104.815094
2007-04-27,104.731049
2007-04-30,103.862503
2007-05-01,104.128738
2007-05-02,104.738045
2007-05-03,105.305412
2007-05-04,105.704628
2007-05-07,105.725609
2007-05-08,105.585541
2007-05-09,105.872711
2007-05-10,104.766045
2007-05-11,105.662582
2007-05-14,105.431412
2007-05-15,105.459465
2007-05-16,106.180862
2007-05-17,105.970764
2007-05-18,106.895279
2007-05-21,106.839272
2007-05-22,106.755173
2007-05-23,106.769203
2007-05-24,105.802643
2007-05-25,106.243935
2007-05-29,106.629112
2007-05-30,107.497650
2007-05-31,107.385559
2007-06-01,107.917870
2007-06-04,107.931908
2007-06-05,107.504669
2007-06-06,106.348999
2007-06-07,104.429886
2007-06-08,105.788673
2007-06-11,105.970764
2007-06-12,104.815094
2007-06-13,106.384010
2007-06-14,107.063362
2007-06-15,107.672562
2007-06-18,107.545898
2007-06-19,107.813232
2007-06-20,106.314980
2007-06-21,106.905815
2007-06-22,105.899940
2007-06-25,105.393486
2007-06-26,104.310165
2007-06-27,105.794411
2007-06-28,105.780350
2007-06-29,105.815483
2007-07-02,106.772133
2007-07-03,107.159088
2007-07-05,107.046501
2007-07-06,107.609245
2007-07-09,107.693665
2007-07-10,106.160217
2007-07-11,106.912849
2007-07-12,108.601074
2007-07-13,108.924622
2007-07-16,108.910561
2007-07-17,108.854256
2007-07-18,108.657372
2007-07-19,109.079422
2007-07-20,107.974983
2007-07-23,108.305626
2007-07-24,106.427490
2007-07-25,106.645523
2007-07-26,104.120338
2007-07-27,102.073318
2007-07-30,103.670082
2007-07-31,102.502403
2007-08-01,103.001808
2007-08-02,103.824844
2007-08-03,101.151855
2007-08-06,102.847038
2007-08-07,103.944405
2007-08-08,105.393486
2007-08-09,102.270325
2007-08-10,101.791931
2007-08-13,102.157669
2007-08-14,100.596138
2007-08-15,99.210403
2007-08-16,99.956017
2007-08-17,101.791931
2007-08-20,101.742729
2007-08-21,101.946701
2007-08-22,103.156563
2007-08-23,103.065147
2007-08-24,104.338341
2007-08-27,103.367561
2007-08-28,101.095581
2007-08-29,103.079231
2007-08-30,102.804871
2007-08-31,103.817780
2007-09-04,104.865936
2007-09-05,103.958496
2007-09-06,104.197708
2007-09-07,102.748611
2007-09-10,102.551636
2007-09-11,103.747437
2007-09-12,104.014809
2007-09-13,104.746338
2007-09-14,104.739281
2007-09-17,104.176620
2007-09-18,107.243416
2007-09-19,107.876526
2007-09-20,107.116867
2007-09-21,107.405876
2007-09-24,107.208031
2007-09-25,106.995956
2007-09-26,107.561417
2007-09-27,108.197487
2007-09-28,107.837044
2007-10-01,109.052681
2007-10-02,108.904213
2007-10-03,108.685120
2007-10-04,108.854790
2007-10-05,110.148132
2007-10-08,109.561485
2007-10-09,110.593384
2007-10-10,110.409622
2007-10-11,109.879517
2007-10-12,110.487358
2007-10-15,109.554482
2007-10-16,108.685120
2007-10-17,109.017311
2007-10-18,108.621567
2007-10-19,105.780388
2007-10-22,106.395264
2007-10-23,107.257530
2007-10-24,107.059624
2007-10-25,107.314072
2007-10-26,108.572067
2007-10-29,108.932533
2007-10-30,108.176247
2007-10-31,109.299995
2007-11-01,106.741577
2007-11-02,106.861725
2007-11-05,106.048920
2007-11-06,107.476624
2007-11-07,104.536484
2007-11-08,104.006416
2007-11-09,102.578758
2007-11-12,101.561020
2007-11-13,104.656647
2007-11-14,104.366837
2007-11-15,102.861458
2007-11-16,103.038124
2007-11-19,101.603416
2007-11-20,102.225388
2007-11-21,100.133362
2007-11-23,101.864967
2007-11-26,99.617470
2007-11-27,100.762367
2007-11-28,103.985229
2007-11-29,104.020531
2007-11-30,105.066536
2007-12-03,104.373924
2007-12-04,103.441055
2007-12-05,105.172523
2007-12-06,106.677933
2007-12-07,106.656754
2007-12-10,107.483658
2007-12-11,104.536484
2007-12-12,105.568375
2007-12-13,105.349220
2007-12-14,104.013481
2007-12-17,102.529274
2007-12-18,103.101768
2007-12-19,103.101768
2007-12-20,103.751999
2007-12-21,105.247650
2007-12-24,106.029198
2007-12-26,106.256454
2007-12-27,104.920738
2007-12-28,104.657913
2007-12-31,103.883392
2008-01-02,102.973938
2008-01-03,102.924225
2008-01-04,100.401924
2008-01-07,100.316696
2008-01-08,98.696701
2008-01-09,99.734032
2008-01-10,100.387703
2008-01-11,99.577744
2008-01-14,100.380608
2008-01-15,98.170944
2008-01-16,97.325394
2008-01-17,94.803123
2008-01-18,93.829727
2008-01-22,92.877670
2008-01-23,95.108620
2008-01-24,95.911530
2008-01-25,94.525993
2008-01-28,96.089172
2008-01-29,96.565216
2008-01-30,95.854691
2008-01-31,97.602501
2008-02-01,99.172737
2008-02-04,97.922279
2008-02-05,95.300484
2008-02-06,94.533142
2008-02-07,95.158379
2008-02-08,94.547333
2008-02-11,95.030502
2008-02-12,95.911530
2008-02-13,96.891998
2008-02-14,96.039413
2008-02-15,96.018097
2008-02-19,96.288071
2008-02-20,96.572281
2008-02-21,95.769379
2008-02-22,96.359146
2008-02-25,97.574120
2008-02-26,98.305916
2008-02-27,98.206474
2008-02-28,97.247246
2008-02-29,95.080246
2008-03-03,94.852882
2008-03-04,94.490532
2008-03-05,95.087318
2008-03-06,93.119232
2008-03-07,92.160034
2008-03-10,90.945061
2008-03-11,94.213402
2008-03-12,93.332375
2008-03-13,93.538414
2008-03-14,92.088974
2008-03-17,91.158211
2008-03-18,94.945251
2008-03-19,92.593468
2008-03-20,94.308578
2008-03-24,96.193520
2008-03-25,96.286392
2008-03-26,95.108246
2008-03-27,94.808350
2008-03-28,93.901543
2008-03-31,94.230003
2008-04-01,97.543045
2008-04-02,97.607353
2008-04-03,97.850098
2008-04-04,97.742981
2008-04-07,97.793007
2008-04-08,97.693054
2008-04-09,96.986153
2008-04-10,97.121758
2008-04-11,95.236771
2008-04-14,94.915459
2008-04-15,95.136810
2008-04-16,97.714417
2008-04-17,97.857246
2008-04-18,98.878273
2008-04-21,98.928253
2008-04-22,98.492714
2008-04-23,98.335640
2008-04-24,98.764069
2008-04-25,99.678040
2008-04-28,99.699432
2008-04-29,99.306747
2008-04-30,98.721153
2008-05-01,100.763344
2008-05-02,101.041817
2008-05-05,100.556259
2008-05-06,101.427383
2008-05-07,99.620918
2008-05-08,99.363861
2008-05-09,99.178192
2008-05-12,100.292099
2008-05-13,100.306335
2008-05-14,100.513435
2008-05-15,101.770103
2008-05-16,101.862900
2008-05-19,102.141426
2008-05-20,101.313110
2008-05-21,99.599449
2008-05-22,99.613808
2008-05-23,98.278496
2008-05-27,99.006828
2008-05-28,99.463783
2008-05-29,99.963631
2008-05-30,100.213509
2008-06-02,99.178192
2008-06-03,98.599846
2008-06-04,98.549835
2008-06-05,100.520531
2008-06-06,97.314560
2008-06-09,97.550171
2008-06-10,97.064667
2008-06-11,95.636604
2008-06-12,96.000763
2008-06-13,97.214607
2008-06-16,97.271729
2008-06-17,96.800499
2008-06-18,95.857948
2008-06-19,95.979355
2008-06-20,94.421463
2008-06-23,94.328140
2008-06-24,94.141602
2008-06-25,94.586502
2008-06-26,92.017502
2008-06-27,91.515182
2008-06-30,91.838097
2008-07-01,92.125153
2008-07-02,90.546432
2008-07-03,90.639687
2008-07-07,89.713982
2008-07-08,91.307091
2008-07-09,89.548958
2008-07-10,89.914955
2008-07-11,88.867264
2008-07-14,88.063522
2008-07-15,86.822083
2008-07-16,88.953354
2008-07-17,89.843170
2008-07-18,90.402916
2008-07-21,90.453156
2008-07-22,91.479301
2008-07-23,91.974434
2008-07-24,90.065605
2008-07-25,90.044098
2008-07-28,88.723686
2008-07-29,90.618202
2008-07-30,92.232780
2008-07-31,91.012833
2008-08-01,90.532051
2008-08-04,89.692482
2008-08-05,92.110817
2008-08-06,92.519829
2008-08-07,91.142006
2008-08-08,92.835526
2008-08-11,93.797150
2008-08-12,92.821220
2008-08-13,92.261490
2008-08-14,92.957535
2008-08-15,93.409637
2008-08-18,92.132347
2008-08-19,91.127701
2008-08-20,91.551056
2008-08-21,91.708931
2008-08-22,93.036461
2008-08-25,91.149208
2008-08-26,91.414696
2008-08-27,92.304550
2008-08-28,93.423988
2008-08-29,92.419373
2008-09-02,91.845291
2008-09-03,91.766342
2008-09-04,89.003586
2008-09-05,89.283440
2008-09-08,91.127701
2008-09-09,88.422310
2008-09-10,88.781136
2008-09-11,90.065605
2008-09-12,90.481834
2008-09-15,86.176262
2008-09-16,87.618622
2008-09-17,83.679031
2008-09-18,86.161888
2008-09-19,89.583717
2008-09-22,87.555595
2008-09-23,85.563591
2008-09-24,85.837860
2008-09-25,87.180267
2008-09-26,87.223602
2008-09-29,80.388603
2008-09-30,83.715919
2008-10-01,83.766411
2008-10-02,80.727852
2008-10-03,79.637993
2008-10-06,75.581749
2008-10-07,72.196785
2008-10-08,70.377930
2008-10-09,65.462791
2008-10-10,63.874950
2008-10-13,73.149445
2008-10-14,72.066811
2008-10-15,64.971992
2008-10-16,67.678581
2008-10-17,67.274406
2008-10-20,71.316208
2008-10-21,69.187057
2008-10-22,65.419464
2008-10-23,66.177315
2008-10-24,62.821198
2008-10-27,60.590984
2008-10-28,67.671394
2008-10-29,67.180588
2008-10-30,69.504623
2008-10-31,69.887138
2008-11-03,70.089249
2008-11-04,72.471001
2008-11-05,69.425201
2008-11-06,65.578300
2008-11-07,67.743523
2008-11-10,66.855774
2008-11-11,64.791588
2008-11-12,61.940666
2008-11-13,65.802040
2008-11-14,62.518055
2008-11-17,61.688061
2008-11-18,62.850090
2008-11-19,58.822697
2008-11-20,54.456104
2008-11-21,57.393627
2008-11-24,61.370480
2008-11-25,61.825169
2008-11-26,64.214157
2008-11-28,65.022552
2008-12-01,59.262970
2008-12-02,61.543716
2008-12-03,63.023277
2008-12-04,61.565357
2008-12-05,63.463562
2008-12-08,65.679359
2008-12-09,64.596741
2008-12-10,65.036987
2008-12-11,63.470764
2008-12-12,64.228592
2008-12-15,63.333660
2008-12-16,66.314507
2008-12-17,65.672104
2008-12-18,64.445129
2008-12-19,64.167908
2008-12-22,63.345737
2008-12-23,62.690884
2008-12-24,63.054703
2008-12-26,63.418491
2008-12-29,63.236561
2008-12-30,64.735428
2008-12-31,65.659508
2009-01-02,67.638603
2009-01-05,67.558586
2009-01-06,68.009674
2009-01-07,65.972374
2009-01-08,66.241608
2009-01-09,64.822792
2009-01-12,63.265709
2009-01-13,63.382126
2009-01-14,61.388462
2009-01-15,61.410290
2009-01-16,61.890480
2009-01-20,58.623512
2009-01-21,61.155605
2009-01-22,60.209736
2009-01-23,60.471664
2009-01-26,60.886387
2009-01-27,61.504868
2009-01-28,63.585846
2009-01-29,61.519428
2009-01-30,60.267941
2009-02-02,60.086052
2009-02-03,60.930050
2009-02-04,60.631748
2009-02-05,61.533970
2009-02-06,63.287506
2009-02-09,63.374809
2009-02-10,60.471664
2009-02-11,60.828190
2009-02-12,60.871819
2009-02-13,60.216991
2009-02-17,57.641281
2009-02-18,57.503017
2009-02-19,56.884514
2009-02-20,56.331585
2009-02-23,54.316078
2009-02-24,56.375206
2009-02-25,55.931366
2009-02-26,55.021866
2009-02-27,53.792206
2009-03-02,51.369267
2009-03-03,50.983620
2009-03-04,52.191471
2009-03-05,50.059566
2009-03-06,50.146858
2009-03-09,49.557522
2009-03-10,52.511604
2009-03-11,52.853577
2009-03-12,54.934517
2009-03-13,55.363831
2009-03-16,55.196461
2009-03-17,56.884514
2009-03-18,58.157867
2009-03-19,57.437515
2009-03-20,56.214470
2009-03-23,60.252262
2009-03-24,59.065098
2009-03-25,59.688004
2009-03-26,60.904488
2009-03-27,59.805264
2009-03-30,57.738716
2009-03-31,58.273678
2009-04-01,59.402237
2009-04-02,61.138977
2009-04-03,61.747234
2009-04-06,61.263573
2009-04-07,59.834572
2009-04-08,60.479462
2009-04-09,62.883083
2009-04-13,62.897766
2009-04-14,61.813179
2009-04-15,62.472706
2009-04-16,63.388741
2009-04-17,63.813766
2009-04-20,61.138977
2009-04-21,62.333481
2009-04-22,61.952400
2009-04-23,62.560661
2009-04-24,63.506001
2009-04-27,62.905117
2009-04-28,62.707218
2009-04-29,64.040970
2009-04-30,64.062943
2009-05-01,64.407372
2009-05-04,66.598473
2009-05-05,66.371300
2009-05-06,67.521790
2009-05-07,66.583839
2009-05-08,68.137383
2009-05-11,66.862305
2009-05-12,66.664444
2009-05-13,64.986267
2009-05-14,65.543213
2009-05-15,65.008263
2009-05-18,66.854942
2009-05-19,66.774361
2009-05-20,66.327339
2009-05-21,65.374687
2009-05-22,65.235420
2009-05-26,66.906273
2009-05-27,65.711754
2009-05-28,66.627815
2009-05-29,67.807617
2009-06-01,69.449135
2009-06-02,69.507751
2009-06-03,68.628403
2009-06-04,69.273285
2009-06-05,69.287895
2009-06-08,69.002113
2009-06-09,69.353867
2009-06-10,69.178017
2009-06-11,69.485771
2009-06-12,69.676285
2009-06-15,68.078766
2009-06-16,67.155403
2009-06-17,67.089485
2009-06-18,67.580452
2009-06-19,67.829559
2009-06-22,65.795532
2009-06-23,65.847130
2009-06-24,66.414581
2009-06-25,67.859024
2009-06-26,67.682159
2009-06-29,68.315941
2009-06-30,67.763245
2009-07-01,68.043282
2009-07-02,66.186172
2009-07-06,66.178772
2009-07-07,64.896446
2009-07-08,64.852234
2009-07-09,64.977539
2009-07-10,64.822784
2009-07-13,66.399811
2009-07-14,66.775711
2009-07-15,68.728638
2009-07-16,68.618095
2009-07-17,69.369789
2009-07-20,70.106743
2009-07-21,70.431000
2009-07-22,70.416267
2009-07-23,71.971245
2009-07-24,72.266022
2009-07-27,72.479759
2009-07-28,72.140755
2009-07-29,71.963882
2009-07-30,72.715576
2009-07-31,72.818741
2009-08-03,74.019989
2009-08-04,74.211609
2009-08-05,73.997887
2009-08-06,73.614655
2009-08-07,74.580078
2009-08-10,74.425308
2009-08-11,73.496742
2009-08-12,74.285309
2009-08-13,74.852760
2009-08-14,74.277954
2009-08-17,72.450249
2009-08-18,73.025085
2009-08-19,73.666237
2009-08-20,74.425308
2009-08-21,75.884491
2009-08-24,75.877129
2009-08-25,76.024498
2009-08-26,76.031876
2009-08-27,76.201408
2009-08-28,76.186646
2009-08-31,75.508652
2009-09-01,73.843140
2009-09-02,73.563072
2009-09-03,74.174751
2009-09-04,75.213882
2009-09-08,75.862366
2009-09-09,76.444565
2009-09-10,77.225746
2009-09-11,77.211006
2009-09-14,77.586853
2009-09-15,77.911133
2009-09-16,79.090263
2009-09-17,78.972359
2009-09-18,79.022690
2009-09-21,78.822784
2009-09-22,79.281860
2009-09-23,78.622856
2009-09-24,77.756493
2009-09-25,77.341827
2009-09-28,78.726509
2009-09-29,78.489578
2009-09-30,78.185966
2009-10-01,76.245941
2009-10-02,75.890541
2009-10-05,77.023438
2009-10-06,78.126740
2009-10-07,78.341476
2009-10-08,78.941246
2009-10-09,79.422539
2009-10-12,79.733559
2009-10-13,79.570633
2009-10-14,80.940491
2009-10-15,81.236702
2009-10-16,80.629524
2009-10-19,81.295944
2009-10-20,80.866463
2009-10-21,80.140823
2009-10-22,80.955307
2009-10-23,80.029755
2009-10-26,79.163368
2009-10-27,78.800537
2009-10-28,77.312225
2009-10-29,78.970879
2009-10-30,76.682808
2009-11-02,77.245567
2009-11-03,77.489922
2009-11-04,77.689850
2009-11-05,79.118935
2009-11-06,79.326294
2009-11-09,81.133041
2009-11-10,81.147842
2009-11-11,81.562508
2009-11-12,80.733170
2009-11-13,81.170013
2009-11-16,82.347420
2009-11-17,82.443657
2009-11-18,82.391838
2009-11-19,81.318108
2009-11-20,81.029358
2009-11-23,82.058640
2009-11-24,82.184479
2009-11-25,82.473236
2009-11-27,81.133041
2009-11-30,81.407013
2009-12-01,82.414055
2009-12-02,82.376991
2009-12-03,81.732811
2009-12-04,82.199295
2009-12-07,82.073418
2009-12-08,81.162659
2009-12-09,81.466225
2009-12-10,81.925346
2009-12-11,82.273354
2009-12-14,82.836113
2009-12-15,82.451073
2009-12-16,82.576920
2009-12-17,81.584717
2009-12-18,82.046272
2009-12-21,82.880089
2009-12-22,83.177864
2009-12-23,83.341599
2009-12-24,83.736206
2009-12-28,83.914886
2009-12-29,83.795731
2009-12-30,83.765968
2009-12-31,82.961960
2010-01-04,84.368973
2010-01-05,84.592308
2010-01-06,84.651840
2010-01-07,85.009178
2010-01-08,85.292114
2010-01-11,85.411209
2010-01-12,84.614639
2010-01-13,85.329338
2010-01-14,85.560066
2010-01-15,84.599770
2010-01-19,85.656898
2010-01-20,84.785858
2010-01-21,83.155495
2010-01-22,81.301819
2010-01-25,81.718689
2010-01-26,81.376244
2010-01-27,81.763382
2010-01-28,80.825333
2010-01-29,79.946899
2010-02-01,81.190170
2010-02-02,82.172852
2010-02-03,81.763382
2010-02-04,79.239693
2010-02-05,79.403473
2010-02-08,78.830254
2010-02-09,79.820396
2010-02-10,79.664047
2010-02-11,80.497826
2010-02-12,80.430809
2010-02-16,81.696373
2010-02-17,82.083496
2010-02-18,82.567390
2010-02-19,82.738647
2010-02-22,82.753517
2010-02-23,81.748474
2010-02-24,82.500427
2010-02-25,82.388710
2010-02-26,82.440826
2010-03-01,83.296936
2010-03-02,83.527740
2010-03-03,83.602226
2010-03-04,83.855301
2010-03-05,85.053902
2010-03-08,85.068771
2010-03-09,85.210243
2010-03-10,85.589882
2010-03-11,85.947212
2010-03-12,85.954666
2010-03-15,85.977013
2010-03-16,86.661911
2010-03-17,87.175568
2010-03-18,87.130905
2010-03-19,86.689842
2010-03-22,87.153320
2010-03-23,87.766289
2010-03-24,87.340202
2010-03-25,87.198181
2010-03-26,87.145859
2010-03-29,87.699013
2010-03-30,87.758820
2010-03-31,87.459808
2010-04-01,88.057831
2010-04-05,88.775459
2010-04-06,88.984764
2010-04-07,88.476425
2010-04-08,88.782883
2010-04-09,89.365982
2010-04-12,89.508034
2010-04-13,89.575294
2010-04-14,90.591919
2010-04-15,90.666679
2010-04-16,89.223953
2010-04-19,89.560349
2010-04-20,90.360176
2010-04-21,90.195724
2010-04-22,90.464828
2010-04-23,91.055382
2010-04-26,90.711510
2010-04-27,88.566116
2010-04-28,89.238914
2010-04-29,90.345222
2010-04-30,88.812813
2010-05-03,89.963974
2010-05-04,87.848511
2010-05-05,87.325287
2010-05-06,84.424889
2010-05-07,83.169090
2010-05-10,86.831879
2010-05-11,86.585205
2010-05-12,87.796173
2010-05-13,86.704826
2010-05-14,85.135002
2010-05-17,85.179863
2010-05-18,84.021210
2010-05-19,83.542793
2010-05-20,80.388268
2010-05-21,81.561890
2010-05-24,80.515350
2010-05-25,80.597580
2010-05-26,80.111687
2010-05-27,82.795288
2010-05-28,81.756233
2010-06-01,80.380783
2010-06-02,82.473846
2010-06-03,82.757896
2010-06-04,79.850075
2010-06-07,78.855835
2010-06-08,79.700562
2010-06-09,79.274475
2010-06-10,81.591797
2010-06-11,81.987961
2010-06-14,81.860893
2010-06-15,83.722206
2010-06-16,83.692322
2010-06-17,83.826859
2010-06-18,83.917755
2010-06-21,83.677391
2010-06-22,82.295425
2010-06-23,82.040092
2010-06-24,80.680611
2010-06-25,81.018570
2010-06-28,80.763214
2010-06-29,78.269646
2010-06-30,77.526070
2010-07-01,77.180588
2010-07-02,76.760002
2010-07-06,77.263199
2010-07-07,79.696693
2010-07-08,80.485344
2010-07-09,81.086197
2010-07-12,81.138763
2010-07-13,82.363014
2010-07-14,82.355507
2010-07-15,82.378029
2010-07-16,80.109787
2010-07-19,80.582954
2010-07-20,81.476730
2010-07-21,80.417725
2010-07-22,82.212784
2010-07-23,82.926338
2010-07-26,83.790070
2010-07-27,83.782516
2010-07-28,83.241783
2010-07-29,82.836205
2010-07-30,82.821159
2010-08-02,84.691330
2010-08-03,84.285782
2010-08-04,84.849083
2010-08-05,84.758919
2010-08-06,84.413429
2010-08-09,84.864098
2010-08-10,84.405952
2010-08-11,82.092636
2010-08-12,81.589401
2010-08-13,81.349060
2010-08-16,81.311485
2010-08-17,82.310455
2010-08-18,82.460655
2010-08-19,81.026108
2010-08-20,80.763214
2010-08-23,80.455292
2010-08-24,79.261063
2010-08-25,79.569038
2010-08-26,79.035744
2010-08-27,80.260010
2010-08-30,79.095840
2010-08-31,79.095840
2010-09-01,81.461739
2010-09-02,82.220306
2010-09-03,83.286827
2010-09-07,82.347992
2010-09-08,82.926338
2010-09-09,83.309372
2010-09-10,83.729973
2010-09-13,84.661308
2010-09-14,84.608711
2010-09-15,84.931717
2010-09-16,84.909164
2010-09-17,84.940865
2010-09-20,86.239639
2010-09-21,86.065971
2010-09-22,85.643082
2010-09-23,84.948448
2010-09-24,86.700241
2010-09-27,86.284958
2010-09-28,86.587006
2010-09-29,86.435982
2010-09-30,86.179253
2010-10-01,86.541695
2010-10-04,85.892319
2010-10-05,87.621468
2010-10-06,87.613914
2010-10-07,87.508194
2010-10-08,87.999031
2010-10-11,88.082085
2010-10-12,88.353905
2010-10-13,89.041069
2010-10-14,88.693703
2010-10-15,88.874939
2010-10-18,89.312889
2010-10-19,88.142487
2010-10-20,89.003334
2010-10-21,89.199623
2010-10-22,89.365776
2010-10-25,89.630020
2010-10-26,89.645134
2010-10-27,89.388382
2010-10-28,89.403511
2010-10-29,89.471458
2010-11-01,89.501656
2010-11-02,90.211464
2010-11-03,90.573929
2010-11-04,92.318161
2010-11-05,92.665527
2010-11-08,92.491852
2010-11-09,91.827393
2010-11-10,92.197334
2010-11-11,91.850021
2010-11-12,90.762688
2010-11-15,90.634293
2010-11-16,89.222267
2010-11-17,89.267593
2010-11-18,90.581451
2010-11-19,90.830650
2010-11-22,90.755135
2010-11-23,89.441231
2010-11-24,90.762688
2010-11-26,89.705544
2010-11-29,89.977402
2010-11-30,89.471458
2010-12-01,91.374329
2010-12-02,92.544724
2010-12-03,92.793900
2010-12-06,92.695740
2010-12-07,92.748596
2010-12-08,93.088379
2010-12-09,93.450821
2010-12-10,93.994507
2010-12-13,94.054893
2010-12-14,94.137955
2010-12-15,93.707542
2010-12-16,94.251221
2010-12-17,94.352196
2010-12-20,94.579933
2010-12-21,95.179581
2010-12-22,95.475624
2010-12-23,95.338982
2010-12-27,95.376945
2010-12-28,95.513580
2010-12-29,95.581863
2010-12-30,95.430069
2010-12-31,95.452843
2011-01-03,96.439629
2011-01-04,96.386505
2011-01-05,96.887497
2011-01-06,96.697678
2011-01-07,96.507965
2011-01-10,96.386505
2011-01-11,96.728058
2011-01-12,97.600990
2011-01-13,97.441597
2011-01-14,98.147522
2011-01-18,98.314552
2011-01-19,97.350494
2011-01-20,97.221428
2011-01-21,97.441597
2011-01-24,97.995705
2011-01-25,98.048843
2011-01-26,98.428398
2011-01-27,98.671280
2011-01-28,96.948212
2011-01-31,97.676888
2011-02-01,99.240593
2011-02-02,99.050819
2011-02-03,99.270943
2011-02-04,99.551811
2011-02-07,100.174255
2011-02-08,100.629700
2011-02-09,100.401955
2011-02-10,100.439934
2011-02-11,101.039589
2011-02-14,101.282455
2011-02-15,100.963676
2011-02-16,101.601288
2011-02-17,101.904900
2011-02-18,102.117455
2011-02-22,100.067993
2011-02-23,99.453133
2011-02-24,99.384789
2011-02-25,100.447533
2011-02-28,101.069939
2011-03-01,99.384789
2011-03-02,99.597366
2011-03-03,101.312828
2011-03-04,100.553795
2011-03-07,99.764343
2011-03-08,100.637291
2011-03-09,100.493034
2011-03-10,98.633362
2011-03-11,99.316483
2011-03-14,98.716858
2011-03-15,97.585800
2011-03-16,95.779236
2011-03-17,97.046860
2011-03-18,97.399849
2011-03-21,98.909317
2011-03-22,98.566277
2011-03-23,98.848335
2011-03-24,99.793655
2011-03-25,100.098595
2011-03-28,99.854660
2011-03-29,100.525581
2011-03-30,101.219330
2011-03-31,101.082092
2011-04-01,101.509003
2011-04-04,101.592857
2011-04-05,101.577629
2011-04-06,101.897820
2011-04-07,101.638634
2011-04-08,101.287903
2011-04-11,100.982994
2011-04-12,100.228233
2011-04-13,100.220612
2011-04-14,100.296844
2011-04-15,100.662773
2011-04-18,99.534485
2011-04-19,100.106247
2011-04-20,101.470856
2011-04-21,101.989281
2011-04-25,101.882599
2011-04-26,102.759270
2011-04-27,103.430153
2011-04-28,103.765594
2011-04-29,104.009529
2011-05-02,103.849464
2011-05-03,103.475929
2011-05-04,102.789795
2011-05-05,101.859703
2011-05-06,102.309494
2011-05-09,102.705902
2011-05-10,103.582626
2011-05-11,102.492439
2011-05-12,102.980400
2011-05-13,102.187531
2011-05-16,101.539497
2011-05-17,101.524261
2011-05-18,102.431473
2011-05-19,102.675461
2011-05-20,101.859703
2011-05-23,100.678001
2011-05-24,100.594154
2011-05-25,100.929596
2011-05-26,101.394653
2011-05-27,101.783478
2011-05-31,102.843155
2011-06-01,100.533173
2011-06-02,100.426460
2011-06-03,99.427757
2011-06-06,98.375679
2011-06-07,98.314713
2011-06-08,97.903000
2011-06-09,98.650154
2011-06-10,97.277870
2011-06-13,97.354111
2011-06-14,98.589157
2011-06-15,96.835693
2011-06-16,97.049156
2011-06-17,97.338768
2011-06-20,97.836777
2011-06-21,99.177513
2011-06-22,98.579918
2011-06-23,98.296440
2011-06-24,97.154900
2011-06-27,98.020668
2011-06-28,99.300117
2011-06-29,100.150543
2011-06-30,101.108223
2011-07-01,102.602180
2011-07-05,102.517899
2011-07-06,102.640503
2011-07-07,103.705437
2011-07-08,102.969940
2011-07-11,101.108223
2011-07-12,100.671486
2011-07-13,101.008636
2011-07-14,100.311409
2011-07-15,100.893684
2011-07-18,100.066261
2011-07-19,101.690460
2011-07-20,101.629181
2011-07-21,103.038895
2011-07-22,103.107849
2011-07-25,102.533234
2011-07-26,102.150177
2011-07-27,100.058556
2011-07-28,99.767441
2011-07-29,99.085564
2011-08-01,98.664207
2011-08-02,96.143593
2011-08-03,96.664574
2011-08-04,92.136650
2011-08-05,91.998749
2011-08-08,86.007507
2011-08-09,90.006744
2011-08-10,86.030449
2011-08-11,89.891808
2011-08-12,90.497108
2011-08-15,92.412453
2011-08-16,91.623329
2011-08-17,91.684601
2011-08-18,87.731323
2011-08-19,86.298630
2011-08-22,86.367584
2011-08-23,89.209976
2011-08-24,90.466454
2011-08-25,89.087357
2011-08-26,90.382202
2011-08-29,92.979408
2011-08-30,93.224556
2011-08-31,93.638298
2011-09-01,92.657631
2011-09-02,90.290230
2011-09-06,89.631371
2011-09-07,92.159615
2011-09-08,91.201965
2011-09-09,88.811562
2011-09-12,89.386177
2011-09-13,90.205963
2011-09-14,91.454773
2011-09-15,93.033035
2011-09-16,93.583664
2011-09-19,92.651855
2011-09-20,92.544029
2011-09-21,89.817818
2011-09-22,86.914505
2011-09-23,87.438210
2011-09-26,89.517464
2011-09-27,90.518646
2011-09-28,88.670380
2011-09-29,89.371178
2011-09-30,87.137833
2011-10-03,84.658089
2011-10-04,86.514030
2011-10-05,88.115883
2011-10-06,89.709999
2011-10-07,89.109299
2011-10-10,92.089645
2011-10-11,92.182053
2011-10-12,92.990654
2011-10-13,92.805847
2011-10-14,94.392281
2011-10-17,92.590233
2011-10-18,94.399986
2011-10-19,93.283279
2011-10-20,93.691475
2011-10-21,95.470421
2011-10-24,96.641006
2011-10-25,94.761925
2011-10-26,95.724564
2011-10-27,99.059143
2011-10-28,99.036041
2011-10-31,96.648674
2011-11-01,93.953300
2011-11-02,95.485840
2011-11-03,97.226295
2011-11-04,96.633278
2011-11-07,97.233963
2011-11-08,98.481544
2011-11-09,94.846611
2011-11-10,95.739952
2011-11-11,97.542038
2011-11-14,96.617889
2011-11-15,97.095352
2011-11-16,95.555138
2011-11-17,94.038040
2011-11-18,93.937943
2011-11-21,92.151245
2011-11-22,91.789360
2011-11-23,89.763924
2011-11-25,89.594490
2011-11-28,92.189751
2011-11-29,92.451599
2011-11-30,96.255928
2011-12-01,96.240524
2011-12-02,96.155807
2011-12-05,97.203178
2011-12-06,97.233963
2011-12-07,97.595924
2011-12-08,95.455032
2011-12-09,97.072258
2011-12-12,95.655266
2011-12-13,94.761925
2011-12-14,93.753082
2011-12-15,94.091904
2011-12-16,94.231422
2011-12-19,93.223930
2011-12-20,96.044899
2011-12-21,96.230911
2011-12-22,97.083397
2011-12-23,97.951431
2011-12-27,98.028870
2011-12-28,96.742409
2011-12-29,97.742149
2011-12-30,97.261642
2012-01-03,98.811668
2012-01-04,98.966652
2012-01-05,99.230141
2012-01-06,98.974403
2012-01-09,99.214638
2012-01-10,100.074867
2012-01-11,100.129120
2012-01-12,100.369385
2012-01-13,99.850136
2012-01-17,100.237633
2012-01-18,101.345848
2012-01-19,101.880630
2012-01-20,102.260361
2012-01-23,101.996880
2012-01-24,101.880630
2012-01-25,102.733131
2012-01-26,102.206116
2012-01-27,102.159615
2012-01-30,101.810860
2012-01-31,101.772118
2012-02-01,102.663353
2012-02-02,102.826088
2012-02-03,104.267563
2012-02-06,104.197838
2012-02-07,104.461327
2012-02-08,104.771332
2012-02-09,104.903099
2012-02-10,104.128082
2012-02-13,104.903099
2012-02-14,104.771332
2012-02-15,104.283073
2012-02-16,105.437843
2012-02-17,105.716858
2012-02-21,105.763336
2012-02-22,105.422318
2012-02-23,105.887314
2012-02-24,106.119789
2012-02-27,106.298073
2012-02-28,106.608078
2012-02-29,106.189583
2012-03-01,106.739853
2012-03-02,106.414322
2012-03-05,105.980293
2012-03-06,104.430397
2012-03-07,105.158829
2012-03-08,106.205063
2012-03-09,106.615829
2012-03-12,106.623573
2012-03-13,108.545547
2012-03-14,108.429298
2012-03-15,109.057060
2012-03-16,109.208054
2012-03-19,109.636177
2012-03-20,109.317009
2012-03-21,109.137985
2012-03-22,108.351791
2012-03-23,108.702133
2012-03-26,110.227722
2012-03-27,109.885269
2012-03-28,109.340355
2012-03-29,109.153603
2012-03-30,109.605011
2012-04-02,110.406784
2012-04-03,109.955338
2012-04-04,108.865562
2012-04-05,108.811096
2012-04-09,107.588982
2012-04-10,105.783157
2012-04-11,106.639359
2012-04-12,108.032692
2012-04-13,106.748329
2012-04-16,106.678299
2012-04-17,108.258453
2012-04-18,107.892578
2012-04-19,107.199806
2012-04-20,107.378860
2012-04-23,106.475937
2012-04-24,106.880676
2012-04-25,108.344048
2012-04-26,109.099106
2012-04-27,109.278137
2012-04-30,108.873322
2012-05-01,109.550552
2012-05-02,109.223602
2012-05-03,108.390762
2012-05-04,106.639359
2012-05-07,106.717224
2012-05-08,106.289124
2012-05-09,105.658585
2012-05-10,105.876595
2012-05-11,105.557404
2012-05-14,104.389832
2012-05-15,103.790489
2012-05-16,103.393509
2012-05-17,101.860054
2012-05-18,100.988281
2012-05-21,102.724098
2012-05-22,102.903099
2012-05-23,102.957603
2012-05-24,103.159966
2012-05-25,102.825272
2012-05-29,104.070648
2012-05-30,102.560608
2012-05-31,102.334846
2012-06-01,99.758430
2012-06-04,99.711708
2012-06-05,100.466782
2012-06-06,102.724098
2012-06-07,102.786354
2012-06-08,103.603645
2012-06-11,102.288216
2012-06-12,103.463539
2012-06-13,102.801910
2012-06-14,103.891663
2012-06-15,104.954216
2012-06-18,105.157639
2012-06-19,106.174767
2012-06-20,106.002647
2012-06-21,103.624107
2012-06-22,104.422134
2012-06-25,102.747757
2012-06-26,103.264183
2012-06-27,104.195251
2012-06-28,103.897919
2012-06-29,106.487747
2012-07-02,106.808510
2012-07-03,107.512695
2012-07-05,107.027611
2012-07-06,106.010483
2012-07-09,105.877449
2012-07-10,104.954216
2012-07-11,104.969833
2012-07-12,104.461273
2012-07-13,106.213867
2012-07-16,105.963524
2012-07-17,106.691139
2012-07-18,107.481422
2012-07-19,107.763092
2012-07-20,106.777260
2012-07-23,105.697464
2012-07-24,104.789894
2012-07-25,104.813370
2012-07-26,106.542465
2012-07-27,108.506378
2012-07-30,108.506378
2012-07-31,107.747452
2012-08-01,107.653534
2012-08-02,106.910240
2012-08-03,109.030647
2012-08-06,109.241882
2012-08-07,109.789589
2012-08-08,109.922585
2012-08-09,110.016441
2012-08-10,110.196426
2012-08-13,110.141678
2012-08-14,110.157295
2012-08-15,110.282509
2012-08-16,111.096199
2012-08-17,111.244881
2012-08-20,111.252716
2012-08-21,110.916229
2012-08-22,110.963234
2012-08-23,110.055565
2012-08-24,110.720619
2012-08-27,110.744102
2012-08-28,110.634529
2012-08-29,110.720619
2012-08-30,109.922585
2012-08-31,110.446785
2012-09-04,110.345085
2012-09-05,110.251221
2012-09-06,112.488914
2012-09-07,112.927101
2012-09-10,112.285530
2012-09-11,112.598450
2012-09-12,112.974022
2012-09-13,114.695358
2012-09-14,115.203941
2012-09-17,114.812675
2012-09-18,114.718826
2012-09-19,114.781418
2012-09-20,114.789268
2012-09-21,114.741302
2012-09-24,114.568161
2012-09-25,113.348999
2012-09-26,112.711845
2012-09-27,113.773788
2012-09-28,113.246727
2012-10-01,113.545631
2012-10-02,113.663666
2012-10-03,114.127731
2012-10-04,114.945793
2012-10-05,114.953621
2012-10-08,114.560326
2012-10-09,113.427635
2012-10-10,112.704002
2012-10-11,112.766907
2012-10-12,112.397209
2012-10-15,113.333252
2012-10-16,114.481720
2012-10-17,115.000832
2012-10-18,114.701927
2012-10-19,112.790543
2012-10-22,112.806236
2012-10-23,111.240883
2012-10-24,110.926239
2012-10-25,111.248779
2012-10-26,111.185860
2012-10-31,111.185860
2012-11-01,112.350021
2012-11-02,111.351028
2012-11-05,111.579147
2012-11-06,112.452286
2012-11-07,109.903709
2012-11-08,108.582176
2012-11-09,108.676559
2012-11-12,108.763123
2012-11-13,108.385559
2012-11-14,106.922462
2012-11-15,106.741547
2012-11-16,107.268555
2012-11-19,109.439613
2012-11-20,109.486809
2012-11-21,109.691338
2012-11-23,111.185860
2012-11-26,110.949852
2012-11-27,110.383507
2012-11-28,111.272385
2012-11-29,111.791496
2012-11-30,111.815132
2012-12-03,111.264511
2012-12-04,111.107208
2012-12-05,111.303818
2012-12-06,111.681404
2012-12-07,112.019691
2012-12-10,112.066818
2012-12-11,112.829826
2012-12-12,112.884895
2012-12-13,112.192665
2012-12-14,111.775772
2012-12-17,113.089417
2012-12-18,114.347984
2012-12-19,113.498436
2012-12-20,114.151299
2012-12-21,113.115150
2012-12-24,112.766594
2012-12-26,112.291290
2012-12-27,112.140770
2012-12-28,110.928749
2012-12-31,112.814133
2013-01-02,115.705574
2013-01-03,115.444138
2013-01-04,115.951134
2013-01-07,115.634270
2013-01-08,115.301567
2013-01-09,115.594666
2013-01-10,116.513580
2013-01-11,116.505699
2013-01-14,116.426453
2013-01-15,116.505699
2013-01-16,116.489838
2013-01-17,117.242447
2013-01-18,117.503830
2013-01-22,118.137482
2013-01-23,118.327690
2013-01-24,118.359337
2013-01-25,119.024757
2013-01-28,118.882225
2013-01-29,119.349625
2013-01-30,118.882225
2013-01-31,118.589104
2013-02-01,119.809044
2013-02-04,118.462326
2013-02-05,119.658569
2013-02-06,119.745667
2013-02-07,119.587257
2013-02-08,120.252655
2013-02-11,120.228935
2013-02-12,120.426971
2013-02-13,120.529930
2013-02-14,120.640892
2013-02-15,120.498268
2013-02-19,121.401344
2013-02-20,119.888298
2013-02-21,119.159492
2013-02-22,120.323921
2013-02-25,118.034576
2013-02-26,118.842567
2013-02-27,120.339836
2013-02-28,120.102150
2013-03-01,120.498268
2013-03-04,121.139915
2013-03-05,122.225197
2013-03-06,122.391571
2013-03-07,122.613350
2013-03-08,123.136246
2013-03-11,123.603645
2013-03-12,123.326332
2013-03-13,123.500633
2013-03-14,124.158150
2013-03-15,123.994179
2013-03-18,123.309944
2013-03-19,123.023399
2013-03-20,123.882812
2013-03-21,122.824516
2013-03-22,123.811203
2013-03-25,123.293961
2013-03-26,124.280663
2013-03-27,124.280663
2013-03-28,124.662598
2013-04-01,124.169235
2013-04-02,124.781937
2013-04-03,123.516777
2013-04-04,124.018082
2013-04-05,123.461121
2013-04-08,124.296547
2013-04-09,124.726242
2013-04-10,126.253983
2013-04-11,126.667793
2013-04-12,126.357445
2013-04-15,123.429184
2013-04-16,125.251419
2013-04-17,123.421265
2013-04-18,122.649437
2013-04-19,123.715675
2013-04-22,124.264740
2013-04-23,125.545837
2013-04-24,125.625381
2013-04-25,126.134636
2013-04-26,125.911873
2013-04-29,126.755287
2013-04-30,127.057648
2013-05-01,125.943649
2013-05-02,127.113365
2013-05-03,128.402359
2013-05-06,128.728622
2013-05-07,129.381104
2013-05-08,129.969910
2013-05-09,129.603882
2013-05-10,130.025665
2013-05-13,130.129074
2013-05-14,131.473831
2013-05-15,132.182037
2013-05-16,131.561249
2013-05-17,132.834457
2013-05-20,132.826508
2013-05-21,133.017441
2013-05-22,132.030792
2013-05-23,131.648895
2013-05-24,131.537460
2013-05-28,132.325195
2013-05-29,131.465805
2013-05-30,131.951218
2013-05-31,130.057495
2013-06-03,130.773575
2013-06-04,130.144928
2013-06-05,128.322784
2013-06-06,129.484512
2013-06-07,131.131683
2013-06-10,131.131683
2013-06-11,129.778976
2013-06-12,128.704803
2013-06-13,130.662216
2013-06-14,129.842636
2013-06-17,130.845215
2013-06-18,131.879578
2013-06-19,130.057495
2013-06-20,126.834846
2013-06-21,127.241982
2013-06-24,125.634132
2013-06-25,126.842056
2013-06-26,128.097885
2013-06-27,128.849838
2013-06-28,128.321823
2013-07-01,129.073837
2013-07-02,128.953842
2013-07-03,129.009766
2013-07-05,130.401688
2013-07-08,131.145538
2013-07-09,132.089508
2013-07-10,132.137466
2013-07-11,133.937256
2013-07-12,133.993240
2013-07-15,134.505173
2013-07-16,134.001266
2013-07-17,134.345230
2013-07-18,135.081085
2013-07-19,135.321106
2013-07-22,135.585129
2013-07-23,135.297134
2013-07-24,134.801147
2013-07-25,135.129196
2013-07-26,135.273132
2013-07-29,134.857178
2013-07-30,134.857178
2013-07-31,134.953171
2013-08-01,136.512970
2013-08-02,136.744904
2013-08-05,136.544968
2013-08-06,135.769058
2013-08-07,135.329132
2013-08-08,135.825043
2013-08-09,135.433060
2013-08-12,135.273132
2013-08-13,135.673080
2013-08-14,134.977219
2013-08-15,133.089432
2013-08-16,132.649445
2013-08-19,131.801575
2013-08-20,132.449417
2013-08-21,131.633530
2013-08-22,132.833450
2013-08-23,133.281296
2013-08-26,132.785385
2013-08-27,130.649612
2013-08-28,131.113541
2013-08-29,131.321548
2013-08-30,130.905594
2013-09-03,131.497498
2013-09-04,132.585403
2013-09-05,132.753357
2013-09-06,132.817398
2013-09-09,134.089310
2013-09-10,135.081085
2013-09-11,135.505081
2013-09-12,135.145126
2013-09-13,135.449097
2013-09-16,136.233047
2013-09-17,136.840958
2013-09-18,138.424789
2013-09-19,138.192810
2013-09-20,137.226654
2013-09-23,136.591660
2013-09-24,136.270111
2013-09-25,135.876266
2013-09-26,136.398682
2013-09-27,135.771713
2013-09-30,135.048294
2013-10-01,136.117340
2013-10-02,135.988708
2013-10-03,134.734772
2013-10-04,135.755661
2013-10-07,134.582123
2013-10-08,133.014648
2013-10-09,133.111160
2013-10-10,135.980682
2013-10-11,136.856842
2013-10-14,137.403458
2013-10-15,136.406723
2013-10-16,138.311768
2013-10-17,139.236130
2013-10-18,140.176636
2013-10-21,140.184662
2013-10-22,140.996460
2013-10-23,140.321335
2013-10-24,140.787506
2013-10-25,141.430588
2013-10-28,141.655579
2013-10-29,142.411240
2013-10-30,141.703842
2013-10-31,141.301941
2013-11-01,141.639572
2013-11-04,142.137894
2013-11-05,141.687820
2013-11-06,142.411240
2013-11-07,140.610657
2013-11-08,142.507614
2013-11-11,142.531784
2013-11-12,142.242416
2013-11-13,143.383820
2013-11-14,144.099213
2013-11-15,144.726151
2013-11-18,144.219803
2013-11-19,143.906250
2013-11-20,143.456131
2013-11-21,144.613632
2013-11-22,145.337067
2013-11-25,145.192398
2013-11-26,145.232620
2013-11-27,145.586243
2013-11-29,145.489838
2013-12-02,145.112000
2013-12-03,144.485001
2013-12-04,144.468948
2013-12-05,143.833984
2013-12-06,145.441620
2013-12-09,145.811356
2013-12-10,145.288864
2013-12-11,143.657104
2013-12-12,143.182846
2013-12-13,143.166794
2013-12-16,144.058990
2013-12-17,143.600861
2013-12-18,146.052505
2013-12-19,145.883713
2013-12-20,146.732224
2013-12-23,147.516205
2013-12-24,147.839447
2013-12-26,148.591125
2013-12-27,148.583054
2013-12-30,148.558701
2013-12-31,149.261841
2014-01-02,147.831390
2014-01-03,147.807190
2014-01-06,147.378723
2014-01-07,148.283905
2014-01-08,148.316269
2014-01-09,148.413239
2014-01-10,148.817368
2014-01-13,146.837357
2014-01-14,148.437531
2014-01-15,149.237610
2014-01-16,149.043671
2014-01-17,148.413239
2014-01-21,148.849686
2014-01-22,148.946655
2014-01-23,147.726303
2014-01-24,144.574463
2014-01-27,143.863266
2014-01-28,144.719925
2014-01-29,143.329849
2014-01-30,144.849243
2014-01-31,144.000610
2014-02-03,140.759857
2014-02-04,141.745865
2014-02-05,141.568008
2014-02-06,143.434891
2014-02-07,145.212860
2014-02-10,145.479584
2014-02-11,147.071716
2014-02-12,147.144440
2014-02-13,147.904083
2014-02-14,148.720352
2014-02-18,148.898163
2014-02-19,147.912201
2014-02-20,148.785065
2014-02-21,148.615341
2014-02-24,149.439667
2014-02-25,149.383041
2014-02-26,149.391174
2014-02-27,150.175095
2014-02-28,150.554901
2014-03-03,149.496246
2014-03-04,151.597488
2014-03-05,151.734863
2014-03-06,152.082352
2014-03-07,152.147049
2014-03-10,152.066177
2014-03-11,151.314606
2014-03-12,151.354996
2014-03-13,149.657852
2014-03-14,149.237610
2014-03-17,150.587219
2014-03-18,151.662170
2014-03-19,150.853928
2014-03-20,151.734863
2014-03-21,151.146362
2014-03-24,150.521317
2014-03-25,151.235657
2014-03-26,150.147919
2014-03-27,149.831390
2014-03-28,150.570023
2014-03-31,151.803864
2014-04-01,152.810455
2014-04-02,153.321808
2014-04-03,153.118851
2014-04-04,151.308640
2014-04-07,149.636566
2014-04-08,150.253448
2014-04-09,151.868835
2014-04-10,148.678635
2014-04-11,147.339264
2014-04-14,148.500031
2014-04-15,149.522858
2014-04-16,151.089508
2014-04-17,151.300583
2014-04-21,151.828186
2014-04-22,152.518250
2014-04-23,152.161011
2014-04-24,152.469559
2014-04-25,151.219391
2014-04-28,151.698318
2014-04-29,152.404572
2014-04-30,152.859131
2014-05-01,152.875397
2014-05-02,152.656158
2014-05-05,152.948380
2014-05-06,151.617188
2014-05-07,152.510056
2014-05-08,152.347702
2014-05-09,152.574997
2014-05-12,154.060501
2014-05-13,154.198471
2014-05-14,153.467926
2014-05-15,152.120483
2014-05-16,152.648056
2014-05-19,153.208145
2014-05-20,152.242172
2014-05-21,153.524765
2014-05-22,153.898132
2014-05-23,154.515076
2014-05-27,155.464813
2014-05-28,155.351135
2014-05-29,156.154785
2014-05-30,156.406448
2014-06-02,156.585037
2014-06-03,156.503860
2014-06-04,156.820450
2014-06-05,157.843216
2014-06-06,158.598206
2014-06-09,158.760452
2014-06-10,158.776779
2014-06-11,158.224716
2014-06-12,157.104507
2014-06-13,157.583450
2014-06-16,157.713303
2014-06-17,158.151718
2014-06-18,159.312439
2014-06-19,159.491043
2014-06-20,159.814850
2014-06-23,159.765915
2014-06-24,158.803482
2014-06-25,159.521210
2014-06-26,159.407059
2014-06-27,159.716995
2014-06-30,159.635437
2014-07-01,160.703842
2014-07-02,160.867004
2014-07-03,161.658188
2014-07-07,161.095398
2014-07-08,160.059525
2014-07-09,160.777298
2014-07-10,160.141052
2014-07-11,160.361359
2014-07-14,161.168793
2014-07-15,160.867004
2014-07-16,161.462463
2014-07-17,159.627213
2014-07-18,161.258560
2014-07-21,160.956741
2014-07-22,161.658188
2014-07-23,162.017059
2014-07-24,162.025192
2014-07-25,161.266678
2014-07-28,161.331879
2014-07-29,160.638626
2014-07-30,160.663132
2014-07-31,157.490326
2014-08-01,157.009064
2014-08-04,158.142792
2014-08-05,156.609406
2014-08-06,156.658356
2014-08-07,155.810104
2014-08-08,157.612671
2014-08-11,158.069443
2014-08-12,157.849213
2014-08-13,158.917648
2014-08-14,159.668060
2014-08-15,159.635437
2014-08-18,160.973099
2014-08-19,161.813156
2014-08-20,162.245392
2014-08-21,162.718506
2014-08-22,162.465668
2014-08-25,163.289429
2014-08-26,163.395493
2014-08-27,163.330276
2014-08-28,163.240509
2014-08-29,163.705429
2014-09-02,163.623840
2014-09-03,163.534134
2014-09-04,163.297592
2014-09-05,164.031677
2014-09-08,163.607513
2014-09-09,162.571686
2014-09-10,163.183365
2014-09-11,163.371033
2014-09-12,162.416702
2014-09-15,162.294342
2014-09-16,163.517914
2014-09-17,163.738007
2014-09-18,164.610809
2014-09-19,164.462509
2014-09-22,163.192291
2014-09-23,162.258163
2014-09-24,163.528290
2014-09-25,160.889633
2014-09-26,162.167999
2014-09-29,161.873001
2014-09-30,161.446945
2014-10-01,159.259003
2014-10-02,159.283539
2014-10-03,161.037216
2014-10-06,160.848663
2014-10-07,158.365799
2014-10-08,161.135559
2014-10-09,157.939636
2014-10-10,156.136948
2014-10-13,153.572083
2014-10-14,153.809708
2014-10-15,152.768967
2014-10-16,152.637878
2014-10-17,154.440643
2014-10-20,155.940262
2014-10-21,159.029541
2014-10-22,157.898712
2014-10-23,159.734283
2014-10-24,160.963394
2014-10-27,160.742172
2014-10-28,162.585892
2014-10-29,162.340057
2014-10-30,163.380798
2014-10-31,165.249054
2014-11-03,165.339279
2014-11-04,164.765656
2014-11-05,165.806320
2014-11-06,166.470093
2014-11-07,166.625763
2014-11-10,167.150223
2014-11-11,167.314102
2014-11-12,167.133820
2014-11-13,167.322327
2014-11-14,167.363297
2014-11-17,167.469818
2014-11-18,168.436768
2014-11-19,168.166306
2014-11-20,168.461349
2014-11-21,169.362701
2014-11-24,169.837967
2014-11-25,169.715134
2014-11-26,170.149368
2014-11-28,169.788834
2014-12-01,168.608841
2014-12-02,169.698669
2014-12-03,170.354263
2014-12-04,170.165756
2014-12-05,170.444382
2014-12-08,169.305435
2014-12-09,169.190659
2014-12-10,166.478333
2014-12-11,167.322327
2014-12-12,164.618103
2014-12-15,163.487244
2014-12-16,162.176254
2014-12-17,165.355637
2014-12-18,169.444702
2014-12-19,170.165665
2014-12-22,170.948425
2014-12-23,171.179169
2014-12-24,171.195648
2014-12-26,171.747635
2014-12-29,171.978363
2014-12-30,171.055542
2014-12-31,169.358139
2015-01-02,169.267487
2015-01-05,166.210587
2015-01-06,164.645096
2015-01-07,166.696762
2015-01-08,169.654770
2015-01-09,168.295212
2015-01-12,166.976883
2015-01-13,166.507233
2015-01-14,165.502029
2015-01-15,163.985901
2015-01-16,166.136475
2015-01-20,166.490753
2015-01-21,167.331207
2015-01-22,169.819611
2015-01-23,168.888489
2015-01-26,169.283997
2015-01-27,167.051071
2015-01-28,164.908752
2015-01-29,166.433090
2015-01-30,164.340210
2015-02-02,166.375443
2015-02-03,168.781357
2015-02-04,168.138702
2015-02-05,169.836029
2015-02-06,169.366425
2015-02-09,168.608383
2015-02-10,170.404572
2015-02-11,170.503479
2015-02-12,172.143173
2015-02-13,172.851852
2015-02-17,173.123749
2015-02-18,173.140167
2015-02-19,173.016556
2015-02-20,174.054794
2015-02-23,174.030060
2015-02-24,174.524460
2015-02-25,174.376129
2015-02-26,174.170135
2015-02-27,173.576874
2015-03-02,174.672745
2015-03-03,173.955902
2015-03-04,173.222580
2015-03-05,173.412094
2015-03-06,170.973175
2015-03-09,171.681747
2015-03-10,168.896729
2015-03-11,168.501236
2015-03-12,170.643555
2015-03-13,169.597137
2015-03-16,171.863037
2015-03-17,171.352158
2015-03-18,173.412094
2015-03-19,172.621078
2015-03-20,174.144775
2015-03-23,173.805389
2015-03-24,172.828812
2015-03-25,170.296219
2015-03-26,169.890686
2015-03-27,170.279648
2015-03-30,172.357071
2015-03-31,170.850708
2015-04-01,170.246536
2015-04-02,170.859024
2015-04-06,172.009384
2015-04-07,171.554184
2015-04-08,172.133545
2015-04-09,172.895065
2015-04-10,173.838531
2015-04-13,173.052277
2015-04-14,173.383377
2015-04-15,174.161316
2015-04-16,174.111679
2015-04-17,172.108765
2015-04-20,173.681305
2015-04-21,173.474411
2015-04-22,174.326828
2015-04-23,174.765472
2015-04-24,175.171097
2015-04-27,174.442734
2015-04-28,174.997238
2015-04-29,174.277191
2015-04-30,172.530884
2015-05-01,174.401367
2015-05-04,174.897919
2015-05-05,172.895065
2015-05-06,172.183182
2015-05-07,172.870178
2015-05-08,175.146210
2015-05-11,174.310272
2015-05-12,173.788864
2015-05-13,173.822006
2015-05-14,175.634537
2015-05-15,175.824875
2015-05-18,176.371140
2015-05-19,176.313141
2015-05-20,176.189026
2015-05-21,176.702148
2015-05-22,176.280121
2015-05-26,174.384766
2015-05-27,176.040054
2015-05-28,175.841400
2015-05-29,174.748947
2015-06-01,175.104843
2015-06-02,174.931030
2015-06-03,175.394562
2015-06-04,173.913025
2015-06-05,173.615112
2015-06-08,172.547363
2015-06-09,172.522568
2015-06-10,174.591660
2015-06-11,175.154510
2015-06-12,173.813675
2015-06-15,173.068817
2015-06-16,174.012314
2015-06-17,174.293716
2015-06-18,176.106293
2015-06-19,175.324539
2015-06-22,176.222717
2015-06-23,176.347443
2015-06-24,175.066681
2015-06-25,174.534424
2015-06-26,174.501175
2015-06-29,170.841797
2015-06-30,171.199402
2015-07-01,172.571747
2015-07-02,172.413651
2015-07-06,171.923019
2015-07-07,173.004150
2015-07-08,170.101624
2015-07-09,170.409317
2015-07-10,172.555054
2015-07-13,174.459595
2015-07-14,175.216339
2015-07-15,175.158157
2015-07-16,176.563675
2015-07-17,176.713440
2015-07-20,176.804871
2015-07-21,176.106308
2015-07-22,175.790268
2015-07-23,174.800583
2015-07-24,172.987518
2015-07-27,171.981171
2015-07-28,174.093597
2015-07-29,175.291260
2015-07-30,175.332870
2015-07-31,175.066681
2015-08-03,174.476166
2015-08-04,174.135208
2015-08-05,174.709076
2015-08-06,173.278595
2015-08-07,172.945953
2015-08-10,175.124939
2015-08-11,173.544708
2015-08-12,173.752625
2015-08-13,173.536423
2015-08-14,174.168488
2015-08-17,175.141541
2015-08-18,174.634201
2015-08-19,173.253708
2015-08-20,169.635834
2015-08-21,164.529404
2015-08-24,157.601608
2015-08-25,155.746979
2015-08-26,161.726700
2015-08-27,165.727066
2015-08-28,165.735336
2015-08-31,164.396393
2015-09-01,159.489517
2015-09-02,162.516815
2015-09-03,162.633209
2015-09-04,160.171478
2015-09-08,164.196762
2015-09-09,162.001205
2015-09-10,162.882706
2015-09-11,163.622925
2015-09-14,163.015778
2015-09-15,165.053375
2015-09-16,166.483826
2015-09-17,166.109619
2015-09-18,163.395096
2015-09-21,164.239517
2015-09-22,162.107697
2015-09-23,161.848541
2015-09-24,161.263367
2015-09-25,161.221573
2015-09-28,157.175323
2015-09-29,157.267288
2015-09-30,160.201614
2015-10-01,160.619644
2015-10-02,163.018921
2015-10-05,165.919815
2015-10-06,165.351364
2015-10-07,166.705688
2015-10-08,168.210464
2015-10-09,168.310760
2015-10-12,168.469604
2015-10-13,167.407883
2015-10-14,166.605331
2015-10-15,169.163437
2015-10-16,169.932587
2015-10-19,170.016174
2015-10-20,169.798828
2015-10-21,168.745529
2015-10-22,171.596222
2015-10-23,173.477219
2015-10-26,173.050873
2015-10-27,172.716446
2015-10-28,174.681046
2015-10-29,174.580734
2015-10-30,173.828293
2015-11-02,175.884857
2015-11-03,176.394836
2015-11-04,175.859787
2015-11-05,175.684219
2015-11-06,175.592270
2015-11-09,173.953720
2015-11-10,174.355011
2015-11-11,173.669495
2015-11-12,171.245102
2015-11-13,169.322311
2015-11-16,171.897202
2015-11-17,171.771774
2015-11-18,174.497162
2015-11-19,174.346634
2015-11-20,174.982025
2015-11-23,174.781387
2015-11-24,175.015442
2015-11-25,174.990372
2015-11-27,175.190948
2015-11-30,174.463608
2015-12-01,176.127274
2015-12-02,174.329926
2015-12-03,171.888809
2015-12-04,175.241180
2015-12-07,174.179443
2015-12-08,173.009018
2015-12-09,171.663116
2015-12-10,172.106171
2015-12-11,168.770615
2015-12-14,169.623276
2015-12-15,171.403961
2015-12-16,173.911865
2015-12-17,171.261841
2015-12-18,168.210831
2015-12-21,169.598373
2015-12-22,171.137344
2015-12-23,173.256622
2015-12-24,172.970642
2015-12-28,172.575394
2015-12-29,174.417175
2015-12-30,173.180984
2015-12-31,171.448532
2016-01-04,169.051727
2016-01-05,169.337677
2016-01-06,167.201614
2016-01-07,163.190201
2016-01-08,161.398956
2016-01-11,161.558701
2016-01-12,162.862244
2016-01-13,158.800278
2016-01-14,161.407379
2016-01-15,157.942566
2016-01-19,158.152771
2016-01-20,156.126038
2016-01-21,157.000687
2016-01-22,160.221542
2016-01-25,157.799606
2016-01-26,159.952484
2016-01-27,158.211655
2016-01-28,159.035873
2016-01-29,162.912689
2016-02-01,162.853851
2016-02-02,159.918823
2016-02-03,160.877548
2016-02-04,161.129791
2016-02-05,158.060272
2016-02-08,155.932617
2016-02-09,155.941025
2016-02-10,155.806519
2016-02-11,153.779755
2016-02-12,156.950165
2016-02-16,159.599319
2016-02-17,162.206253
2016-02-18,161.541916
2016-02-19,161.466217
2016-02-22,163.804108
2016-02-23,161.735336
2016-02-24,162.475357
2016-02-25,164.443237
2016-02-26,164.064819
2016-02-29,162.778122
2016-03-01,166.604538
2016-03-02,167.353027
2016-03-03,168.008957
2016-03-04,168.555588
2016-03-07,168.690094
2016-03-08,166.848495
2016-03-09,167.672562
2016-03-10,167.807129
2016-03-11,170.515045
2016-03-14,170.296356
2016-03-15,170.018921
2016-03-16,171.002838
2016-03-17,172.087662
2016-03-18,172.763916
2016-03-21,173.009033
2016-03-22,172.916016
2016-03-23,171.774902
2016-03-24,171.698776
2016-03-28,171.800293
2016-03-29,173.389404
2016-03-30,174.150223
2016-03-31,173.727554
2016-04-01,174.910980
2016-04-04,174.344650
2016-04-05,172.603333
2016-04-06,174.488327
2016-04-07,172.400406
2016-04-08,172.865356
2016-04-11,172.459564
2016-04-12,174.065674
2016-04-13,175.823975
2016-04-14,175.832382
2016-04-15,175.637939
2016-04-18,176.872116
2016-04-19,177.429977
2016-04-20,177.599045
2016-04-21,176.643860
2016-04-22,176.643860
2016-04-25,176.339523
2016-04-26,176.601608
2016-04-27,176.965103
2016-04-28,175.358932
2016-04-29,174.412262
2016-05-02,175.798569
2016-05-03,174.268570
2016-05-04,173.296417
2016-05-05,173.262680
2016-05-06,173.896576
2016-05-09,174.040344
2016-05-10,176.204269
2016-05-11,174.555954
2016-05-12,174.606674
2016-05-13,173.085190
2016-05-16,174.792603
2016-05-17,173.161163
2016-05-18,173.211914
2016-05-19,172.611740
2016-05-20,173.702194
2016-05-23,173.465485
2016-05-24,175.713989
2016-05-25,176.905884
2016-05-26,176.956604
2016-05-27,177.717468
2016-05-31,177.379272
2016-06-01,177.742752
2016-06-02,178.283752
2016-06-03,177.751251
2016-06-06,178.655670
2016-06-07,178.934662
2016-06-08,179.517944
2016-06-09,179.272766
2016-06-10,177.573700
2016-06-13,176.204269
2016-06-14,175.857681
2016-06-15,175.612610
2016-06-16,176.136719
2016-06-17,175.480728
2016-06-20,176.610825
2016-06-21,177.112137
2016-06-22,176.823273
2016-06-23,179.125900
2016-06-24,172.693710
2016-06-27,169.600784
2016-06-28,172.659653
2016-06-29,175.599655
2016-06-30,177.995819
2016-07-01,178.369690
2016-07-05,177.086655
2016-07-06,178.148788
2016-07-07,178.038330
2016-07-08,180.689392
2016-07-11,181.326691
2016-07-12,182.643723
2016-07-13,182.618210
2016-07-14,183.637848
2016-07-15,183.391479
2016-07-18,183.884247
2016-07-19,183.697357
2016-07-20,184.462067
2016-07-21,183.765366
2016-07-22,184.589508
2016-07-25,184.088165
2016-07-26,184.173218
2016-07-27,183.977753
2016-07-28,184.190201
2016-07-29,184.487549
2016-08-01,184.334610
2016-08-02,183.153488
2016-08-03,183.688843
2016-08-04,183.884247
2016-08-05,185.388260
2016-08-08,185.277817
2016-08-09,185.388260
2016-08-10,184.929352
2016-08-11,185.787582
2016-08-12,185.626221
2016-08-15,186.161469
2016-08-16,185.201324
2016-08-17,185.549683
2016-08-18,185.966064
2016-08-19,185.694138
2016-08-22,185.685715
2016-08-23,186.059509
2016-08-24,185.107864
2016-08-25,184.980362
2016-08-26,184.632019
2016-08-29,185.541214
2016-08-30,185.235321
2016-08-31,184.708511
2016-09-01,184.717010
2016-09-02,185.549683
2016-09-06,186.110474
2016-09-07,186.093506
2016-09-08,185.668686
2016-09-09,181.224701
2016-09-12,183.824783
2016-09-13,181.182205
2016-09-14,181.114227
2016-09-15,182.924088
2016-09-16,182.216980
2016-09-19,182.251144
2016-09-20,182.259674
2016-09-21,184.309280
2016-09-22,185.470718
2016-09-23,184.454498
2016-09-26,182.959991
2016-09-27,184.095795
2016-09-28,185.009537
2016-09-29,183.335739
2016-09-30,184.719177
2016-10-03,184.275116
2016-10-04,183.335739
2016-10-05,184.147049
2016-10-06,184.275116
2016-10-07,183.643204
2016-10-10,184.599625
2016-10-11,182.268265
2016-10-12,182.507385
2016-10-13,181.909515
2016-10-14,182.003510
2016-10-17,181.371536
2016-10-18,182.507385
2016-10-19,182.994110
2016-10-20,182.652496
2016-10-21,182.737930
2016-10-24,183.515060
2016-10-25,182.900192
2016-10-26,182.532959
2016-10-27,182.046188
2016-10-28,181.508209
2016-10-31,181.516693
2016-11-01,180.201584
2016-11-02,179.116959
2016-11-03,178.297226
2016-11-04,178.100784
2016-11-07,182.029114
2016-11-08,182.848953
2016-11-09,184.787552
2016-11-10,185.248657
2016-11-11,184.821701
2016-11-14,184.966843
2016-11-15,186.410110
2016-11-16,186.059998
2016-11-17,187.016464
2016-11-18,186.597977
2016-11-21,188.007095
2016-11-22,188.374283
2016-11-23,188.476776
2016-11-25,189.177109
2016-11-28,188.288925
2016-11-29,188.656113
2016-11-30,188.203537
2016-12-01,187.511765
2016-12-02,187.605682
2016-12-05,188.732941
2016-12-06,189.330750
2016-12-07,191.807388
2016-12-08,192.277039
2016-12-09,193.438522
2016-12-12,193.216461
2016-12-13,194.505981
2016-12-14,192.900467
2016-12-15,193.694702
2016-12-16,193.315872
2016-12-19,193.736801
2016-12-20,194.484161
2016-12-21,193.942963
2016-12-22,193.607941
2016-12-23,193.891479
2016-12-27,194.372452
2016-12-28,192.766068
2016-12-29,192.723145
2016-12-30,192.018768
2017-01-03,193.487686
2017-01-04,194.638748
2017-01-05,194.484161
2017-01-06,195.180008
2017-01-09,194.535675
2017-01-10,194.535675
2017-01-11,195.085495
2017-01-12,194.595856
2017-01-13,195.042572
2017-01-17,194.355301
2017-01-18,194.784805
2017-01-19,194.063278
2017-01-20,194.776245
2017-01-23,194.269379
2017-01-24,195.515030
2017-01-25,197.207306
2017-01-26,197.001099
2017-01-27,196.691879
2017-01-30,195.471985
2017-01-31,195.454803
2017-02-01,195.532135
2017-02-02,195.661011
2017-02-03,197.009720
2017-02-06,196.657471
2017-02-07,196.666122
2017-02-08,196.923721
2017-02-09,198.092087
2017-02-10,198.873795
2017-02-13,199.956192
2017-02-14,200.755051
2017-02-15,201.803070
2017-02-16,201.631287
2017-02-17,201.949127
2017-02-21,203.151779
2017-02-22,202.971359
2017-02-23,203.108765
2017-02-24,203.366547
2017-02-27,203.684341
2017-02-28,203.134567
2017-03-01,205.977982
2017-03-02,204.680832
2017-03-03,204.809692
2017-03-06,204.199783
2017-03-07,203.589844
2017-03-08,203.211914
2017-03-09,203.469620
2017-03-10,204.182556
2017-03-13,204.285690
2017-03-14,203.503952
2017-03-15,205.264969
2017-03-16,204.861176
2017-03-17,204.501434
2017-03-20,204.277130
2017-03-21,201.654282
2017-03-22,202.128860
2017-03-23,201.913177
2017-03-24,201.766464
2017-03-27,201.559418
2017-03-28,203.026123
2017-03-29,203.215897
2017-03-30,203.862976
2017-03-31,203.388474
2017-04-03,203.034744
2017-04-04,203.164154
2017-04-05,202.560242
2017-04-06,203.129639
2017-04-07,202.922562
2017-04-10,203.043381
2017-04-11,202.801819
2017-04-12,201.913177
2017-04-13,200.601761
2017-04-17,202.379028
2017-04-18,201.775131
2017-04-19,201.404144
2017-04-20,203.043381
2017-04-21,202.396271
2017-04-24,204.622192
2017-04-25,205.812851
2017-04-26,205.683395
2017-04-27,205.856003
2017-04-28,205.407288
2017-05-01,205.924988
2017-05-02,206.002640
2017-05-03,205.752426
2017-05-04,205.993942
2017-05-05,206.805008
2017-05-08,206.770554
2017-05-09,206.580719
2017-05-10,206.951691
2017-05-11,206.528915
2017-05-12,206.183823
2017-05-15,207.322708
2017-05-16,207.132858
2017-05-17,203.457489
2017-05-18,204.277130
2017-05-19,205.605774
2017-05-22,206.649765
2017-05-23,207.107010
2017-05-24,207.590088
2017-05-25,208.582336
2017-05-26,208.539185
2017-05-30,208.358002
2017-05-31,208.306244
2017-06-01,209.962753
2017-06-02,210.661545
2017-06-05,210.506317
2017-06-06,209.833389
2017-06-07,210.221588
2017-06-08,210.325089
2017-06-09,210.005905
2017-06-12,209.962753
2017-06-13,210.989456
2017-06-14,210.722000
2017-06-15,210.316498
2017-06-16,210.362473
2017-06-19,212.113708
2017-06-20,210.683258
2017-06-21,210.631180
2017-06-22,210.535858
2017-06-23,210.787216
2017-06-26,210.926010
2017-06-27,209.226700
2017-06-28,211.099380
2017-06-29,209.244049
2017-06-30,209.634186
2017-07-03,209.989655
2017-07-05,210.475143
2017-07-06,208.550446
2017-07-07,209.902985
2017-07-10,210.128296
2017-07-11,209.972305
2017-07-12,211.550201
2017-07-13,211.905670
2017-07-14,212.894043
2017-07-17,212.867996
2017-07-18,212.980728
2017-07-19,214.133759
2017-07-20,214.229156
2017-07-21,214.038452
2017-07-24,213.986389
2017-07-25,214.506592
2017-07-26,214.515213
2017-07-27,214.315842
2017-07-28,214.064438
2017-07-31,213.942993
2017-08-01,214.419907
2017-08-02,214.523941
2017-08-03,214.107758
2017-08-04,214.497879
2017-08-07,214.896713
2017-08-08,214.367844
2017-08-09,214.359177
2017-08-10,211.333405
2017-08-11,211.645584
2017-08-14,213.743637
2017-08-15,213.717606
2017-08-16,214.090439
2017-08-17,210.752594
2017-08-18,210.423080
2017-08-21,210.587845
2017-08-22,212.789948
2017-08-23,212.026962
2017-08-24,211.532883
2017-08-25,212.026962
2017-08-28,212.035675
2017-08-29,212.278458
2017-08-30,213.284164
2017-08-31,214.567276
2017-09-01,214.870697
2017-09-05,213.327499
2017-09-06,214.055725
2017-09-07,214.029709
2017-09-08,213.778336
2017-09-11,216.058441
2017-09-12,216.786713
2017-09-13,216.890717
2017-09-14,216.821381
2017-09-15,217.113297
2017-09-18,217.575043
2017-09-19,217.792877
2017-09-20,217.871292
2017-09-21,217.287567
2017-09-22,217.331100
2017-09-25,216.886749
2017-09-26,217.017441
2017-09-27,217.862564
2017-09-28,218.123962
2017-09-29,218.890671
2017-10-02,219.840378
2017-10-03,220.310898
2017-10-04,220.572250
2017-10-05,221.879150
2017-10-06,221.626480
2017-10-09,221.260559
2017-10-10,221.844315
2017-10-11,222.192795
2017-10-12,221.861679
2017-10-13,222.131805
2017-10-16,222.428040
2017-10-17,222.584854
2017-10-18,222.802719
2017-10-19,222.863724
2017-10-20,224.013779
2017-10-23,223.142471
2017-10-24,223.534607
2017-10-25,222.428040
2017-10-26,222.715561
2017-10-27,224.536530
2017-10-30,223.700165
2017-10-31,224.048630
2017-11-01,224.344849
2017-11-02,224.431961
2017-11-03,225.181305
2017-11-06,225.529800
2017-11-07,225.372986
2017-11-08,225.756317
2017-11-09,224.937347
2017-11-10,224.867630
2017-11-13,225.076752
2017-11-14,224.554001
2017-11-15,223.430023
2017-11-16,225.329376
2017-11-17,224.667206
2017-11-20,225.050583
2017-11-21,226.523056
2017-11-22,226.322678
2017-11-24,226.845428
2017-11-27,226.732178
2017-11-28,229.032333
2017-11-29,228.892929
2017-11-30,230.896881
2017-12-01,230.417694
2017-12-04,230.138840
2017-12-05,229.311142
2017-12-06,229.354752
2017-12-07,230.077866
2017-12-08,231.332550
2017-12-11,232.029510
2017-12-12,232.439072
2017-12-13,232.412872
2017-12-14,231.463226
2017-12-15,233.390671
2017-12-18,234.870697
2017-12-19,233.968674
2017-12-20,233.846069
2017-12-21,234.327698
2017-12-22,234.266495
2017-12-26,233.986191
2017-12-27,234.100021
2017-12-28,234.581650
2017-12-29,233.697128
2018-01-02,235.369873
2018-01-03,236.858536
2018-01-04,237.856903
2018-01-05,239.442001
2018-01-08,239.879852
2018-01-09,240.422699
2018-01-10,240.054977
2018-01-11,241.806473
2018-01-12,243.382751
2018-01-16,242.550797
2018-01-17,244.862747
2018-01-18,244.451187
2018-01-19,245.563339
2018-01-22,247.559967
2018-01-23,248.085434
2018-01-24,247.989105
2018-01-25,248.094193
2018-01-26,250.966614
2018-01-29,249.302689
2018-01-30,246.745575
2018-01-31,246.868164
2018-02-01,246.587952
2018-02-02,241.219696
2018-02-05,231.131287
2018-02-06,235.685059
2018-02-07,234.406570
2018-02-08,225.614243
2018-02-09,229.003296
2018-02-12,232.366089
2018-02-13,232.944092
2018-02-14,236.087936
2018-02-15,239.100449
2018-02-16,239.170410
2018-02-20,237.673050
2018-02-21,236.490784
2018-02-22,236.797287
2018-02-23,240.571625
2018-02-26,243.365250
2018-02-27,240.326492
2018-02-28,237.891953
2018-03-01,234.432770
2018-03-02,235.641327
2018-03-05,238.364792
2018-03-06,238.969162
2018-03-07,238.881470
2018-03-08,240.037476
2018-03-09,244.214676
2018-03-12,243.908188
2018-03-13,242.331863
2018-03-14,241.088318
2018-03-15,240.825623
2018-03-16,241.086761
2018-03-19,237.824799
2018-03-20,238.229263
2018-03-21,237.771973
2018-03-22,231.828384
2018-03-23,226.887115
2018-03-26,233.094513
2018-03-27,229.129105
2018-03-28,228.452133
2018-03-29,231.371170
2018-04-02,226.377167
2018-04-03,229.278580
2018-04-04,231.731705
2018-04-05,233.560486
2018-04-06,228.355392
2018-04-09,229.480835
2018-04-10,233.129669
2018-04-11,231.907516
2018-04-12,233.815460
2018-04-13,233.129669
2018-04-16,235.046387
2018-04-17,237.560974
2018-04-18,237.736862
2018-04-19,236.418045
2018-04-20,234.413361
2018-04-23,234.378174
2018-04-24,231.221741
2018-04-25,231.793182
2018-04-26,234.149521
2018-04-27,234.369339
2018-04-30,232.566940
2018-05-01,232.980255
2018-05-02,231.415207
2018-05-03,230.905197
2018-05-04,233.894592
2018-05-07,234.685883
2018-05-08,234.685883
2018-05-09,236.954315
2018-05-10,239.170059
2018-05-11,239.899780
2018-05-14,240.014084
2018-05-15,238.361145
2018-05-16,239.363449
2018-05-17,239.161285
2018-05-18,238.563293
2018-05-21,240.356979
2018-05-22,239.688751
2018-05-23,240.348190
2018-05-24,239.855759
2018-05-25,239.284348
2018-05-29,236.532257
2018-05-30,239.688751
2018-05-31,238.220505
2018-06-01,240.559174
2018-06-04,241.702225
2018-06-05,241.878098
2018-06-06,243.900299
2018-06-07,243.873962
2018-06-08,244.595001
2018-06-11,244.920227
2018-06-12,245.236710
2018-06-13,244.454208
2018-06-14,245.069733
2018-06-15,244.757065
2018-06-18,244.253632
2018-06-19,243.317459
2018-06-20,243.732574
2018-06-21,242.204666
2018-06-22,242.646225
2018-06-25,239.343063
2018-06-26,239.873047
2018-06-27,237.885895
2018-06-28,239.246063
2018-06-29,239.590454
2018-07-02,240.102631
2018-07-03,239.254837
2018-07-05,241.206589
2018-07-06,243.246780
2018-07-09,245.437073
2018-07-10,246.320267
2018-07-11,244.518600
2018-07-12,246.735321
2018-07-13,246.929672
2018-07-16,246.708862
2018-07-17,247.706833
2018-07-18,248.227997
2018-07-19,247.291779
2018-07-20,247.009247
2018-07-23,247.468521
2018-07-24,248.713760
2018-07-25,250.833328
2018-07-26,250.241592
2018-07-27,248.545975
2018-07-30,247.247650
2018-07-31,248.466461
2018-08-01,248.051392
2018-08-02,249.402679
2018-08-03,250.471283
2018-08-06,251.389771
2018-08-07,252.219940
2018-08-08,252.113998
2018-08-09,251.769547
2018-08-10,250.082626
2018-08-13,249.146561
2018-08-14,250.736191
2018-08-15,248.863922
2018-08-16,250.877502
2018-08-17,251.760681
2018-08-20,252.299484
2018-08-21,252.891129
2018-08-22,252.741013
2018-08-23,252.405396
2018-08-24,253.924515
2018-08-27,255.929276
2018-08-28,256.052948
2018-08-29,257.430725
2018-08-30,256.388611
2018-08-31,256.397430
2018-09-04,255.955811
2018-09-05,255.266953
2018-09-06,254.498611
2018-09-07,254.003983
2018-09-10,254.445618
2018-09-11,255.284637
2018-09-12,255.346497
2018-09-13,256.856689
2018-09-14,256.900909
2018-09-17,255.540710
2018-09-18,256.927277
2018-09-19,257.201202
2018-09-20,259.285522
2018-09-21,259.048553
2018-09-24,258.187988
2018-09-25,257.948425
2018-09-26,257.176666
2018-09-27,257.895233
2018-09-28,257.921875
2018-10-01,258.817993
2018-10-02,258.667114
2018-10-03,258.809021
2018-10-04,256.786316
2018-10-05,255.348984
2018-10-08,255.348984
2018-10-09,254.976379
2018-10-10,246.903000
2018-10-11,241.464661
2018-10-12,244.818115
2018-10-15,243.443024
2018-10-16,248.766098
2018-10-17,248.810455
2018-10-18,245.217361
2018-10-19,245.084320
2018-10-22,243.984192
2018-10-23,242.742142
2018-10-24,235.387436
2018-10-25,239.610382
2018-10-26,235.396286
2018-10-29,234.092056
2018-10-30,237.560974
2018-10-31,240.098328
2018-11-01,242.653397
2018-11-02,241.216202
2018-11-05,242.546906
2018-11-06,244.081802
2018-11-07,249.307312
2018-11-08,248.854782
2018-11-09,246.423965
2018-11-12,241.819443
2018-11-13,241.366959
2018-11-14,239.716873
2018-11-15,242.218704
2018-11-16,242.848648
2018-11-19,238.740906
2018-11-20,234.322754
2018-11-21,235.121246
2018-11-23,233.550934
2018-11-26,237.321487
2018-11-27,238.119934
2018-11-28,243.602692
2018-11-29,243.070435
2018-11-30,244.551910
2018-12-03,247.790268
2018-12-04,239.761185
2018-12-06,239.397507
2018-12-07,233.834885
2018-12-10,234.278412
2018-12-11,234.331650
2018-12-12,235.511581
2018-12-13,235.431763
2018-12-14,231.084579
2018-12-17,226.551086
2018-12-18,226.302643
2018-12-19,222.913559
2018-12-20,219.285019
2018-12-21,214.791946
2018-12-24,209.116547
2018-12-26,219.682129
2018-12-27,221.368683
2018-12-28,221.083115
2018-12-31,223.019577
2019-01-02,223.251556
2019-01-03,217.924133
2019-01-04,225.223694
2019-01-07,226.999481
2019-01-08,229.132248
2019-01-09,230.203125
2019-01-10,231.015152
2019-01-11,231.104416
2019-01-14,229.694412
2019-01-15,232.326920
2019-01-16,232.889114
2019-01-17,234.656021
2019-01-18,237.779251
2019-01-22,234.566757
2019-01-23,235.057587
2019-01-24,235.182465
2019-01-25,237.172424
2019-01-28,235.369873
2019-01-29,235.057587
2019-01-30,238.778702
2019-01-31,240.875702
2019-02-01,240.991760
2019-02-04,242.687302
2019-02-05,243.704605
2019-02-06,243.383240
2019-02-07,241.063202
2019-02-08,241.357635
2019-02-11,241.491470
2019-02-12,244.596909
2019-02-13,245.391144
2019-02-14,244.846710
2019-02-15,247.514938
2019-02-19,247.943268
2019-02-20,248.442993
2019-02-21,247.559570
2019-02-22,249.094452
2019-02-25,249.433533
2019-02-26,249.255066
2019-02-27,249.148010
2019-02-28,248.683929
2019-03-01,250.236649
2019-03-04,249.326462
2019-03-05,248.987335
2019-03-06,247.479218
2019-03-07,245.408951
2019-03-08,244.918167
2019-03-11,248.469788
2019-03-12,249.406723
2019-03-13,251.057617
2019-03-14,250.897064
2019-03-15,252.136642
2019-03-18,253.050842
2019-03-19,253.113525
2019-03-20,252.351624
2019-03-21,255.201904
2019-03-22,250.290176
2019-03-25,250.102051
2019-03-26,251.966232
2019-03-27,250.648788
2019-03-28,251.598801
2019-03-29,253.185333
2019-04-01,256.187805
2019-04-02,256.313293
2019-04-03,256.716614
2019-04-04,257.397858
2019-04-05,258.643707
2019-04-08,258.840942
2019-04-09,257.514313
2019-04-10,258.392761
2019-04-11,258.321014
2019-04-12,260.068817
2019-04-15,259.898438
2019-04-16,260.068817
2019-04-17,259.432373
2019-04-18,259.943237
2019-04-22,260.167389
2019-04-23,262.506744
2019-04-24,261.924133
2019-04-25,261.762817
2019-04-26,262.981781
2019-04-29,263.394043
2019-04-30,263.528534
2019-05-01,261.547668
2019-05-02,260.983002
2019-05-03,263.537445
2019-05-06,262.452972
2019-05-07,258.070068
2019-05-08,257.711609
2019-05-09,256.931702
2019-05-10,258.222473
2019-05-13,251.733215
2019-05-14,254.009796
2019-05-15,255.497681
2019-05-16,257.863983
2019-05-17,256.196777
2019-05-20,254.502762
2019-05-21,256.797241
2019-05-22,256.008575
2019-05-23,252.880493
2019-05-24,253.454102
2019-05-28,251.096817
2019-05-29,249.411835
2019-05-30,250.093079
2019-05-31,246.722992
2019-06-03,246.095566
2019-06-04,251.437454
2019-06-05,253.615387
2019-06-06,255.264618
2019-06-07,257.819061
2019-06-10,259.002228
2019-06-11,258.939453
2019-06-12,258.482330
2019-06-13,259.548859
2019-06-14,259.262085
2019-06-17,259.360718
2019-06-18,262.076508
2019-06-19,262.668091
2019-06-20,265.177673
2019-06-21,264.792175
2019-06-24,264.468018
2019-06-25,261.874054
2019-06-26,261.612915
2019-06-27,262.540527
2019-06-28,263.891632
2019-07-01,266.287262
2019-07-02,266.980682
2019-07-03,269.115356
2019-07-05,268.809174
2019-07-08,267.332092
2019-07-09,267.665283
2019-07-10,268.944122
2019-07-11,269.574677
2019-07-12,270.781555
2019-07-15,270.871643
2019-07-16,269.997955
2019-07-17,268.160583
2019-07-18,269.142365
2019-07-19,267.647247
2019-07-22,268.304688
2019-07-23,270.223175
2019-07-24,271.492950
2019-07-25,270.196167
2019-07-26,272.006409
2019-07-29,271.511017
2019-07-30,270.844604
2019-07-31,267.881439
2019-08-01,265.548767
2019-08-02,263.549255
2019-08-05,255.623474
2019-08-06,259.208130
2019-08-07,259.361298
2019-08-08,264.449951
2019-08-09,262.648651
2019-08-12,259.451355
2019-08-13,263.486237
2019-08-14,255.695602
2019-08-15,256.371063
2019-08-16,260.153870
2019-08-19,263.288147
2019-08-20,261.270599
2019-08-21,263.396179
2019-08-22,263.315125
2019-08-23,256.551300
2019-08-26,259.388275
2019-08-27,258.370514
2019-08-28,260.189911
2019-08-29,263.513275
2019-08-30,263.396179
2019-09-03,261.855957
2019-09-04,264.828186
2019-09-05,268.232697
2019-09-06,268.439789
2019-09-09,268.574921
2019-09-10,268.511932
2019-09-11,270.421204
2019-09-12,271.358002
2019-09-13,271.177826
2019-09-16,270.340210
2019-09-17,271.024750
2019-09-18,271.186890
2019-09-19,271.168793
2019-09-20,269.887573
2019-09-23,269.824219
2019-09-24,267.707001
2019-09-25,269.290375
2019-09-26,268.729492
2019-09-27,267.281708
2019-09-30,268.521393
2019-10-01,265.327362
2019-10-02,260.640503
2019-10-03,262.775818
2019-10-04,266.331696
2019-10-07,265.182556
2019-10-08,261.065765
2019-10-09,263.544861
2019-10-10,265.327362
2019-10-11,268.078003
2019-10-14,267.779327
2019-10-15,270.430511
2019-10-16,269.996185
2019-10-17,270.792419
2019-10-18,269.607086
2019-10-21,271.434814
2019-10-22,270.548096
2019-10-23,271.335236
2019-10-24,271.778625
2019-10-25,272.891571
2019-10-28,274.429718
2019-10-29,274.348297
2019-10-30,275.189850
2019-10-31,274.456879
2019-11-01,276.999451
2019-11-04,278.112305
2019-11-05,277.804688
2019-11-06,277.868042
2019-11-07,278.845215
2019-11-08,279.532867
2019-11-11,278.999146
2019-11-12,279.587219
2019-11-13,279.677673
2019-11-14,280.084778
2019-11-15,282.111633
2019-11-18,282.319733
2019-11-19,282.238312
2019-11-20,281.188690
2019-11-21,280.736328
2019-11-22,281.360596
2019-11-25,283.541229
2019-11-26,284.183655
2019-11-27,285.450348
2019-11-29,284.391724
2019-12-02,281.975952
2019-12-03,280.084778
2019-12-04,281.812958
2019-12-05,282.319733
2019-12-06,284.898315
2019-12-09,284.002686
2019-12-10,283.685944
2019-12-11,284.491272
2019-12-12,286.943329
2019-12-13,287.115265
2019-12-16,289.087708
2019-12-17,289.151093
2019-12-18,289.169189
2019-12-19,290.354462
2019-12-20,291.627441
2019-12-23,292.072968
2019-12-24,292.082092
2019-12-26,293.636932
2019-12-27,293.564148
2019-12-30,291.945709
2019-12-31,292.654846
2020-01-02,295.391846
2020-01-03,293.154999
2020-01-06,294.273346
2020-01-07,293.445953
2020-01-08,295.009979
2020-01-09,297.010193
2020-01-10,296.155640
2020-01-13,298.192352
2020-01-14,297.737671
2020-01-15,298.410553
2020-01-16,300.892792
2020-01-17,301.829407
2020-01-21,301.238281
2020-01-22,301.274658
2020-01-23,301.620178
2020-01-24,298.937897
2020-01-27,294.146057
2020-01-28,297.228577
2020-01-29,296.983002
2020-01-30,297.946747
2020-01-31,292.536682
2020-02-03,294.709900
2020-02-04,299.201599
2020-02-05,302.656799
2020-02-06,303.675079
2020-02-07,302.056702
2020-02-10,304.311646
2020-02-11,304.838959
2020-02-12,306.802948
2020-02-13,306.475739
2020-02-14,306.966766
2020-02-18,306.175690
2020-02-19,307.639557
2020-02-20,306.375671
2020-02-21,303.220520
2020-02-24,293.164062
2020-02-25,284.280609
2020-02-26,283.234985
2020-02-27,270.514404
2020-02-28,269.377808
2020-03-02,281.043610
2020-03-03,272.996735
2020-03-04,284.471588
2020-03-05,275.015228
2020-03-06,270.468933
2020-03-09,249.346756
2020-03-10,262.249146
2020-03-11,249.464935
2020-03-12,225.596863
2020-03-13,244.882355
2020-03-16,218.086380
2020-03-17,229.861328
2020-03-18,218.222748
2020-03-19,218.686493
2020-03-20,209.262360
2020-03-23,203.911911
2020-03-24,222.386993
2020-03-25,225.716095
2020-03-26,238.895660
2020-03-27,231.779984
2020-03-30,239.307190
2020-03-31,235.740280
2020-04-01,225.130798
2020-04-02,230.325745
2020-04-03,226.996628
2020-04-06,242.243118
2020-04-07,242.490051
2020-04-08,250.630081
2020-04-09,254.444061
2020-04-13,252.120895
2020-04-14,259.556671
2020-04-15,254.041595
2020-04-16,255.267197
2020-04-17,262.163330
2020-04-20,257.544495
2020-04-21,249.724686
2020-04-22,255.267197
2020-04-23,255.248840
2020-04-24,258.806641
2020-04-27,262.538300
2020-04-28,261.331085
2020-04-29,268.172272
2020-04-30,265.675415
2020-05-01,258.641998
2020-05-04,259.355469
2020-05-05,261.751740
2020-05-06,259.977417
2020-05-07,263.114502
2020-05-08,267.468018
2020-05-11,267.522919
2020-05-12,262.190765
2020-05-13,257.553650
2020-05-14,260.635864
2020-05-15,261.834015
2020-05-18,269.809479
2020-05-19,267.038116
2020-05-20,271.574524
2020-05-21,269.699738
2020-05-22,270.211853
2020-05-26,273.540985
2020-05-27,277.611053
2020-05-28,277.098846
2020-05-29,278.333557
2020-06-01,279.458527
2020-06-02,281.772461
2020-06-03,285.522339
2020-06-04,284.772461
2020-06-05,292.071014
2020-06-08,295.601379
2020-06-09,293.397125
2020-06-10,291.759949
2020-06-11,274.940369
2020-06-12,278.232910
2020-06-15,280.830414
2020-06-16,286.235779
2020-06-17,285.046783
2020-06-18,285.156555
2020-06-19,283.526947
2020-06-22,285.345825
2020-06-23,286.659424
2020-06-24,279.347107
2020-06-25,282.341888
2020-06-26,275.635773
2020-06-29,279.686981
2020-06-30,283.269684
2020-07-01,285.253906
2020-07-02,286.824738
2020-07-06,291.252625
2020-07-07,288.248596
2020-07-08,290.453400
2020-07-09,288.799866
2020-07-10,291.748657
2020-07-13,289.222321
2020-07-14,292.970490
2020-07-15,295.661987
2020-07-16,294.688293
2020-07-17,295.542633
2020-07-20,297.931122
2020-07-21,298.564880
2020-07-22,300.264313
2020-07-23,296.681702
2020-07-24,294.771027
2020-07-27,296.920532
2020-07-28,295.037354
2020-07-29,298.665955
2020-07-30,297.600372
2020-07-31,299.952057
2020-08-03,302.037415
2020-08-04,303.204010
2020-08-05,305.087280
2020-08-06,307.126495
2020-08-07,307.347046
2020-08-10,308.265686
2020-08-11,305.721039
2020-08-12,309.983551
2020-08-13,309.423157
2020-08-14,309.432312
2020-08-17,310.415283
2020-08-18,311.085938
2020-08-19,309.790619
2020-08-20,310.755188
2020-08-21,311.857452
2020-08-24,315.017639
2020-08-25,316.120026
2020-08-26,319.289307
2020-08-27,319.987488
2020-08-28,322.054352
2020-08-31,320.887695
2020-09-01,323.909973
2020-09-02,328.595032
2020-09-03,317.286652
2020-09-04,314.696136
2020-09-08,306.097717
2020-09-09,312.142334
2020-09-10,306.722412
2020-09-11,306.878540
2020-09-14,310.920502
2020-09-15,312.491394
2020-09-16,311.251282
2020-09-17,308.513733
2020-09-18,304.961884
2020-09-21,301.567841
2020-09-22,304.639099
2020-09-23,297.574219
2020-09-24,298.367340
2020-09-25,303.191101
2020-09-28,308.226868
2020-09-29,306.548187
2020-09-30,308.872406
2020-10-01,310.855408
2020-10-02,307.904022
2020-10-05,313.364136
2020-10-06,308.909332
2020-10-07,314.286530
2020-10-08,317.071808
2020-10-09,319.903198
2020-10-12,325.049774
2020-10-13,322.928589
2020-10-14,320.899384
2020-10-15,320.502747
2020-10-16,320.309082
2020-10-19,315.439240
2020-10-20,316.702911
2020-10-21,316.103424
2020-10-22,317.837280
2020-10-23,318.916443
2020-10-26,313.022827
2020-10-27,311.943787
2020-10-28,301.281921
2020-10-29,304.343903
2020-10-30,301.171234
2020-11-02,304.546814
2020-11-03,309.923981
2020-11-04,316.850464
2020-11-05,323.029938
2020-11-06,322.956177
2020-11-09,327.014343
2020-11-10,326.534729
2020-11-11,328.960449
2020-11-12,325.769226
2020-11-13,330.279327
2020-11-16,334.402069
2020-11-17,332.603455
2020-11-18,328.600708
2020-11-19,329.984161
2020-11-20,327.724457
2020-11-23,329.689056
2020-11-24,335.001556
2020-11-25,334.485046
2020-11-27,335.416626
2020-11-30,333.931702
2020-12-01,337.583984
2020-12-02,338.294189
2020-12-03,338.202026
2020-12-04,341.116516
2020-12-07,340.415436
2020-12-08,341.411682
2020-12-09,338.349548
2020-12-10,338.238831
2020-12-11,337.842255
2020-12-14,336.329559
2020-12-15,340.876587
2020-12-16,341.411682
2020-12-17,343.320770
2020-12-18,341.949921
2020-12-21,340.727295
2020-12-22,340.153046
2020-12-23,340.458649
2020-12-24,341.783173
2020-12-28,344.719360
2020-12-29,344.061859
2020-12-30,344.552765
2020-12-31,346.303284
2021-01-04,341.588684
2021-01-05,343.941345
2021-01-06,345.997589
2021-01-07,351.138306
2021-01-08,353.139008
2021-01-11,350.758514
2021-01-12,350.832520
2021-01-13,351.777405
2021-01-14,350.545502
2021-01-15,347.989075
2021-01-19,350.721436
2021-01-20,355.574921
2021-01-21,355.899109
2021-01-22,354.639404
2021-01-25,356.038055
2021-01-26,355.482361
2021-01-27,346.794250
2021-01-28,349.776642
2021-01-29,342.774323
2021-02-01,348.479919
2021-02-02,353.407501
2021-02-03,353.685364
2021-02-04,357.705322
2021-02-05,359.113190
2021-02-08,361.706604
2021-02-09,361.465851
2021-02-10,361.308380
2021-02-11,361.891907
2021-02-12,363.679565
2021-02-16,363.364624
2021-02-17,363.448029
2021-02-18,361.901215
2021-02-19,361.262054
2021-02-22,358.483337
2021-02-23,358.918732
2021-02-24,362.873749
2021-02-25,354.129974
2021-02-26,352.305298
2021-03-01,360.845215
2021-03-02,358.029510
2021-03-03,353.287109
2021-03-04,348.915222
2021-03-05,355.334167
2021-03-08,353.565033
2021-03-09,358.612946
2021-03-10,360.845215
2021-03-11,364.503937
2021-03-12,364.994873
2021-03-15,367.171509
2021-03-16,366.708374
2021-03-17,367.958801
2021-03-18,362.605164
2021-03-19,361.934204
2021-03-22,364.824219
2021-03-23,361.952759
2021-03-24,360.112823
2021-03-25,362.138641
2021-03-26,367.974487
2021-03-29,367.788605
2021-03-30,366.812927
2021-03-31,368.299805
2021-04-01,372.276947
2021-04-05,377.620331
2021-04-06,377.397339
2021-04-07,377.834106
2021-04-08,379.627625
2021-04-09,382.387543
2021-04-12,382.526886
2021-04-13,383.660675
2021-04-14,382.350372
2021-04-15,386.457764
2021-04-16,387.749542
2021-04-19,385.844421
2021-04-20,383.019501
2021-04-21,386.643677
2021-04-22,383.112366
2021-04-23,387.266296
2021-04-26,388.074677
2021-04-27,387.991119
2021-04-28,387.879517
2021-04-29,390.351471
2021-04-30,387.786591
2021-05-03,388.623016
2021-05-04,386.225464
2021-05-05,386.346283
2021-05-06,389.431427
2021-05-07,392.265686
2021-05-10,388.381409
2021-05-11,384.915100
2021-05-12,376.737488
2021-05-13,381.263123
2021-05-14,387.117493
2021-05-17,386.132446
2021-05-18,382.805695
2021-05-19,381.802124
2021-05-20,385.909424
2021-05-21,385.593506
2021-05-24,389.524353
2021-05-25,388.660034
2021-05-26,389.431427
2021-05-27,389.635925
2021-05-28,390.332733
2021-06-01,389.988953
2021-06-02,390.602356
2021-06-03,389.152588
2021-06-04,392.711823
2021-06-07,392.330780
2021-06-08,392.414398
2021-06-09,391.829010
2021-06-10,393.650330
2021-06-11,394.300842
2021-06-14,395.183746
2021-06-15,394.458801
2021-06-16,392.256470
2021-06-17,392.126373
2021-06-18,386.836426
2021-06-21,392.374390
2021-06-22,394.472015
2021-06-23,393.996582
2021-06-24,396.327393
2021-06-25,397.735199
2021-06-28,398.536957
2021-06-29,398.751343
2021-06-30,399.087097
2021-07-01,401.296570
2021-07-02,404.363953
2021-07-06,403.627411
2021-07-07,405.053833
2021-07-08,401.753418
2021-07-09,406.042053
2021-07-12,407.496460
2021-07-13,406.107330
2021-07-14,406.713379
2021-07-15,405.324249
2021-07-16,402.145020
2021-07-19,396.206085
2021-07-20,401.883942
2021-07-21,405.137695
2021-07-22,405.986115
2021-07-23,410.162903
2021-07-26,411.169800
2021-07-27,409.295868
2021-07-28,409.128021
2021-07-29,410.824860
2021-07-30,408.829681
2021-08-02,407.971954
2021-08-03,411.291046
2021-08-04,409.267975
2021-08-05,411.859772
2021-08-06,412.540314
2021-08-09,412.204712
2021-08-10,412.717499
2021-08-11,413.743042
2021-08-12,414.983032
2021-08-13,415.738190
2021-08-16,416.717163
2021-08-17,413.985443
2021-08-18,409.454376
2021-08-19,410.088318
2021-08-20,413.351471
2021-08-23,416.987518
2021-08-24,417.649414
2021-08-25,418.525818
2021-08-26,416.055176
2021-08-27,419.775024
2021-08-30,421.621063
2021-08-31,420.996460
2021-09-01,421.220215
2021-09-02,422.516113
2021-09-03,422.413574
2021-09-07,420.903229
2021-09-08,420.390503
2021-09-09,418.591064
2021-09-10,415.290680
2021-09-13,416.353455
2021-09-14,414.106659
2021-09-15,417.565521
2021-09-16,416.903564
2021-09-17,412.842468
2021-09-20,405.958710
2021-09-21,405.575195
2021-09-22,409.531525
2021-09-23,414.507416
2021-09-24,415.190094
2021-09-27,414.002258
2021-09-28,405.659424
2021-09-29,406.342163
2021-09-30,401.375732
2021-10-01,406.145752
2021-10-04,400.908051
2021-10-05,405.079529
2021-10-06,406.763062
2021-10-07,410.279755
2021-10-08,409.531525
2021-10-11,406.566681
2021-10-12,405.565918
2021-10-13,407.024933
2021-10-14,413.871307
2021-10-15,417.023285
2021-10-18,418.257843
2021-10-19,421.484711
2021-10-20,423.140198
2021-10-21,424.243835
2021-10-22,423.804199
2021-10-25,426.076996
2021-10-26,426.460449
2021-10-27,424.571259
2021-10-28,428.667847
2021-10-29,429.537689
2021-11-01,430.276520
2021-11-02,432.016174
2021-11-03,434.653748
2021-11-04,436.702057
2021-11-05,438.217194
2021-11-08,438.591370
2021-11-09,437.141632
2021-11-10,433.624939
2021-11-11,433.765167
2021-11-12,437.038788
2021-11-15,437.188354
2021-11-16,438.918701
2021-11-17,437.852539
2021-11-18,439.339661
2021-11-19,438.554016
2021-11-22,437.319366
2021-11-23,437.899323
2021-11-24,439.068451
2021-11-26,429.275726
2021-11-29,434.541504
2021-11-30,426.086365
2021-12-01,421.353729
2021-12-02,427.807373
2021-12-03,424.084808
2021-12-06,429.107452
2021-12-07,437.983459
2021-12-08,439.143188
2021-12-09,436.178284
2021-12-10,440.284302
2021-12-13,436.384064
2021-12-14,433.381775
2021-12-15,440.153351
2021-12-16,436.271790
2021-12-17,431.628571
2021-12-20,427.038910
2021-12-21,434.622742
2021-12-22,438.968445
2021-12-23,441.699677
2021-12-27,447.950714
2021-12-28,447.584625
2021-12-29,448.157227
2021-12-30,446.918243
2021-12-31,445.791870
2022-01-03,448.372986
2022-01-04,448.222809
2022-01-05,439.615997
2022-01-06,439.203033
2022-01-07,437.466614
2022-01-10,436.922272
2022-01-11,440.901917
2022-01-12,442.093933
2022-01-13,436.002472
2022-01-14,436.180786
2022-01-18,428.456238
2022-01-19,424.007324
2022-01-20,419.314392
2022-01-21,411.083008
2022-01-24,412.828796
2022-01-25,407.788483
2022-01-26,406.765411
2022-01-27,404.756836
2022-01-28,414.809143
2022-01-31,422.280304
2022-02-01,425.133636
2022-02-02,429.263397
2022-02-03,419.173553
2022-02-04,421.144592
2022-02-07,419.792999
2022-02-08,423.247040
2022-02-09,429.441772
2022-02-10,421.726532
2022-02-11,413.410706
2022-02-14,412.059113
2022-02-15,418.704254
2022-02-16,419.173553
2022-02-17,410.219452
2022-02-18,407.563232
2022-02-22,403.189423
2022-02-23,396.037384
2022-02-24,401.997406
2022-02-25,410.867004
2022-02-28,409.815887
2022-03-01,403.574249
2022-03-02,410.998474
2022-03-03,408.952332
2022-03-04,405.629791
2022-03-07,393.672119
2022-03-08,390.687408
2022-03-09,401.162109
2022-03-10,399.350555
2022-03-11,394.272797
2022-03-14,391.391388
2022-03-15,399.998291
2022-03-16,408.867828
2022-03-17,413.983154
2022-03-18,418.517426
2022-03-21,418.395020
2022-03-22,423.290955
2022-03-23,417.839539
2022-03-24,424.138245
2022-03-25,426.209595
2022-03-28,429.241241
2022-03-29,434.551239
2022-03-30,431.868011
2022-03-31,425.220947
2022-04-01,426.426056
2022-04-04,430.079132
2022-04-05,424.646698
2022-04-06,420.400452
2022-04-07,422.518860
2022-04-08,421.389069
2022-04-11,414.186615
2022-04-12,412.651794
2022-04-13,417.378204
2022-04-14,412.181091
2022-04-18,412.350555
2022-04-19,419.007019
2022-04-20,418.696320
2022-04-21,412.435333
2022-04-22,401.118469
2022-04-25,403.443970
2022-04-26,391.759918
2022-04-27,392.861450
2022-04-28,402.784943
2022-04-29,387.899719
2022-05-02,390.234650
2022-05-03,392.023529
2022-05-04,403.961700
2022-05-05,389.603882
2022-05-06,387.278320
2022-05-09,374.878784
2022-05-10,375.744873
2022-05-11,369.775787
2022-05-12,369.389740
2022-05-13,378.221069
2022-05-16,376.686432
2022-05-17,384.434967
2022-05-18,368.937805
2022-05-19,366.678223
2022-05-20,366.838287
2022-05-23,373.701874
2022-05-24,370.849091
2022-05-25,374.125549
2022-05-26,381.601074
2022-05-27,390.969086
2022-05-31,388.775360
2022-06-01,385.630737
2022-06-02,392.974426
2022-06-03,386.525146
2022-06-06,387.702026
2022-06-07,391.420990
2022-06-08,387.165344
2022-06-09,377.957520
2022-06-10,366.998322
2022-06-13,353.064117
2022-06-14,352.000153
2022-06-15,357.018372
2022-06-16,345.202576
2022-06-17,345.946655
2022-06-21,354.655396
2022-06-22,354.012482
2022-06-23,357.482635
2022-06-24,368.848480
2022-06-27,367.439514
2022-06-28,359.931610
2022-06-29,359.638580
2022-06-30,356.716705
2022-07-01,360.489594
2022-07-05,361.170380
2022-07-06,362.390167
2022-07-07,367.817749
2022-07-08,367.515137
2022-07-11,363.316864
2022-07-12,360.101837
2022-07-13,358.210754
2022-07-14,357.340851
2022-07-15,364.167877
2022-07-18,361.160919
2022-07-19,370.919189
2022-07-20,373.283142
2022-07-21,377.084412
2022-07-22,373.585724
2022-07-25,374.039581
2022-07-26,369.614349
2022-07-27,379.211914
2022-07-28,383.968109
2022-07-29,389.565918
2022-08-01,388.412323
2022-08-02,385.849823
2022-08-03,391.891968
2022-08-04,391.627289
2022-08-05,390.965271
2022-08-08,390.511444
2022-08-09,388.960724
2022-08-10,397.130493
2022-08-11,397.130493
2022-08-12,403.853485
2022-08-15,405.517670
2022-08-16,406.311951
2022-08-17,403.428009
2022-08-18,404.600464
2022-08-19,399.163422
2022-08-22,390.851868
2022-08-23,389.906311
2022-08-24,391.154419
2022-08-25,396.676605
2022-08-26,383.249451
2022-08-29,380.715363
2022-08-30,376.535889
2022-08-31,373.670868
2022-09-01,374.843262
2022-09-02,370.890778
2022-09-06,369.491455
2022-09-07,376.129272
2022-09-08,378.587769
2022-09-09,384.469299
2022-09-12,388.601440
2022-09-13,371.704041
2022-09-14,373.122406
2022-09-15,368.886261
2022-09-16,366.072083
2022-09-19,368.910858
2022-09-20,364.676361
2022-09-21,358.315033
2022-09-22,355.305237
2022-09-23,349.352173
2022-09-26,345.896118
2022-09-27,345.013092
2022-09-28,351.801727
2022-09-29,344.452972
2022-09-30,339.126434
2022-10-03,348.079773
2022-10-04,358.865723
2022-10-05,358.030121
2022-10-06,354.336761
2022-10-07,344.452972
2022-10-10,341.822937
2022-10-11,339.658203
2022-10-12,338.537842
2022-10-13,347.472260
2022-10-14,339.553741
2022-10-17,348.279205
2022-10-18,352.371460
2022-10-19,349.874359
2022-10-20,346.940491
2022-10-21,355.371735
2022-10-24,359.720184
2022-10-25,365.464417
2022-10-26,362.710968
2022-10-27,360.774139
2022-10-28,369.357147
2022-10-31,366.689240
2022-11-01,365.084564
2022-11-02,355.922424
2022-11-03,352.257507
2022-11-04,357.327545
2022-11-07,360.745667
2022-11-08,362.691956
2022-11-09,355.219818
2022-11-10,374.740631
2022-11-11,378.367493
2022-11-14,375.148865
2022-11-15,378.348480
2022-11-16,375.462219
2022-11-17,374.313354
2022-11-18,376.012787
2022-11-21,374.645691
2022-11-22,379.687225
2022-11-23,382.079865
2022-11-25,381.994415
2022-11-28,375.898895
2022-11-29,375.253326
2022-11-30,387.073883
2022-12-01,386.789215
2022-12-02,386.342957
2022-12-05,379.392975
2022-12-06,373.924042
2022-12-07,373.287994
2022-12-08,376.212219
2022-12-09,373.401825
2022-12-12,378.785248
2022-12-13,381.652618
2022-12-14,379.212555
2022-12-15,369.936371
2022-12-16,365.568817
2022-12-19,362.468933
2022-12-20,362.964874
2022-12-21,368.392029
2022-12-22,363.136597
2022-12-23,365.225464
2022-12-27,363.785217
2022-12-28,359.264099
2022-12-29,365.730988
2022-12-30,364.767548
2023-01-03,363.231995
2023-01-04,366.036194
2023-01-05,361.858490
2023-01-06,370.156677
2023-01-09,369.946899
2023-01-10,372.541168
2023-01-11,377.253052
2023-01-12,378.626556
2023-01-13,380.095428
2023-01-17,379.399139
2023-01-18,373.409241
2023-01-19,370.690826
2023-01-20,377.596436
2023-01-23,382.127075
2023-01-24,381.716949
2023-01-25,381.859985
2023-01-26,386.056793
2023-01-27,386.943878
2023-01-30,382.088928
2023-01-31,387.706909
2023-02-01,391.827362
2023-02-02,397.531219
2023-02-03,393.305786
2023-02-06,390.902191
2023-02-07,396.014648
2023-02-08,391.684235
2023-02-09,388.288666
2023-02-10,389.194824
2023-02-13,393.763611
2023-02-14,393.582397
2023-02-15,394.860565
2023-02-16,389.423798
2023-02-17,388.450928
2023-02-21,380.658173
2023-02-22,380.133514
2023-02-23,382.155670
2023-02-24,378.073395
2023-02-27,379.361023
2023-02-28,377.958923
2023-03-01,376.509125
2023-03-02,379.437286
2023-03-03,385.522644
2023-03-06,385.789734
2023-03-07,379.876038
2023-03-08,380.496033
2023-03-09,373.476013
2023-03-10,368.086853
2023-03-13,367.562225
2023-03-14,373.638092
2023-03-15,371.301239
2023-03-16,377.815765
2023-03-17,373.398132
2023-03-20,376.988556
2023-03-21,381.938599
2023-03-22,375.427887
2023-03-23,376.442841
2023-03-24,378.913147
2023-03-27,379.621582
2023-03-28,378.769531
2023-03-29,384.274750
2023-03-30,386.524933
2023-03-31,391.972748
2023-04-03,393.466400
2023-04-04,391.283447
2023-04-05,390.258911
2023-04-06,391.781311
2023-04-10,392.183380
2023-04-11,392.288788
2023-04-12,390.689789
2023-04-13,395.879211
2023-04-14,394.912079
2023-04-17,396.329163
2023-04-18,396.587708
2023-04-19,396.520691
2023-04-20,394.356873
2023-04-21,394.663239
2023-04-24,395.074951
2023-04-25,388.803558
2023-04-26,387.156799
2023-04-27,394.864227
2023-04-28,398.234497
2023-05-01,397.832428
2023-05-02,393.361084
2023-05-03,390.661072
2023-05-04,387.893982
2023-05-05,395.074951
2023-05-08,395.180237
2023-05-09,393.447266
2023-05-10,395.285614
2023-05-11,394.596161
2023-05-12,394.079193
2023-05-15,395.438782
2023-05-16,392.796234
2023-05-17,397.564331
2023-05-18,401.394073
2023-05-19,400.810059
2023-05-22,400.972870
2023-05-23,396.472778
2023-05-24,393.600403
2023-05-25,397.008972
2023-05-26,402.150513
2023-05-30,402.303711
2023-05-31,400.072845
2023-06-01,403.873932
2023-06-02,409.714417
2023-06-05,408.929352
2023-06-06,409.819733
2023-06-07,408.402710
2023-06-08,410.872986
2023-06-09,411.610199
2023-06-12,415.344269
2023-06-13,418.082581
2023-06-14,418.580444
2023-06-15,423.769836
2023-06-16,422.326447
2023-06-20,420.135345
2023-06-21,417.982635
2023-06-22,419.491455
2023-06-23,416.320099
2023-06-26,414.619110
2023-06-27,419.164734
2023-06-28,419.376129
2023-06-29,421.028992
2023-06-30,425.997498
2023-07-03,426.487610
2023-07-05,425.853363
2023-07-06,422.518616
2023-07-07,421.451904
2023-07-10,422.518616
2023-07-11,425.209442
2023-07-12,428.630615
2023-07-13,432.032593
2023-07-14,431.763550
2023-07-17,433.262787
2023-07-18,436.482147
2023-07-19,437.452759
2023-07-20,434.550476
2023-07-21,434.550476
2023-07-24,436.491821
2023-07-25,437.683441
2023-07-26,437.750671
2023-07-27,434.848389
2023-07-28,439.105743
2023-07-31,439.941833
2023-08-01,438.682892
2023-08-02,432.580475
2023-08-03,431.340729
2023-08-04,429.389832
2023-08-07,433.137848
2023-08-08,431.254242
2023-08-09,428.371185
2023-08-10,428.524963
2023-08-11,428.275085
2023-08-14,430.639191
2023-08-15,425.622742
2023-08-16,422.499390
2023-08-17,419.280029
2023-08-18,419.481842
2023-08-21,422.211121
2023-08-22,421.067413
2023-08-23,425.757172
2023-08-24,419.856659
2023-08-25,422.816559
2023-08-28,425.497833
2023-08-29,431.648254
2023-08-30,433.426147
2023-08-31,432.791870
2023-09-01,433.599091
2023-09-05,431.725098
2023-09-06,428.822815
2023-09-07,427.506348
2023-09-08,428.150116
2023-09-11,430.965942
2023-09-12,428.601868
2023-09-13,429.101562
2023-09-14,432.801422
2023-09-15,427.586914
2023-09-18,427.837677
2023-09-19,426.950409
2023-09-20,423.025269
2023-09-21,416.033447
2023-09-22,415.097931
2023-09-25,416.843506
2023-09-26,410.719513
2023-09-27,410.883484
2023-09-28,413.265564
2023-09-29,412.262604
2023-10-02,412.098633
2023-10-03,406.582275
2023-10-04,409.542969
2023-10-05,409.388641
2023-10-06,414.249329
2023-10-09,416.901367
2023-10-10,419.071228
2023-10-11,420.787933
2023-10-12,418.222626
2023-10-13,416.139435
2023-10-16,420.517822
2023-10-17,420.498505
2023-10-18,414.895386
2023-10-19,411.249939
2023-10-20,406.196472
2023-10-23,405.492462
2023-10-24,408.549622
2023-10-25,402.686035
2023-10-26,397.864075
2023-10-27,396.060608
2023-10-30,400.795837
2023-10-31,403.312958
2023-11-01,407.614136
2023-11-02,415.425873
2023-11-03,419.215942
2023-11-06,420.180328
2023-11-07,421.376099
2023-11-08,421.684814
2023-11-09,418.396210
2023-11-10,424.925201
2023-11-13,424.520111
2023-11-14,432.756104
2023-11-15,433.672272
2023-11-16,434.202759
2023-11-17,434.742767
2023-11-20,438.089325
2023-11-21,437.134521
2023-11-22,438.822205
2023-11-24,439.092194
2023-11-27,438.301483
2023-11-28,438.735382
2023-11-29,438.426849
2023-11-30,440.153046
2023-12-01,442.757019
2023-12-04,440.432770
2023-12-05,440.345947
2023-12-06,438.571472
2023-12-07,441.917938
2023-12-08,443.817810
2023-12-11,445.544037
2023-12-12,447.578949
2023-12-13,453.751160
2023-12-14,455.207428
2023-12-15,454.457947
2023-12-18,457.014282
2023-12-19,459.793335
2023-12-20,453.421844
2023-12-21,457.721161
2023-12-22,458.641022
2023-12-26,460.577606
2023-12-27,461.410431
2023-12-28,461.584717
2023-12-29,460.248444
2024-01-02,457.672699
2024-01-03,453.935028
2024-01-04,452.472931
2024-01-05,453.092590
2024-01-08,459.560913
2024-01-09,458.863739
2024-01-10,461.458832
2024-01-11,461.255463
2024-01-12,461.575012
2024-01-16,459.880493
2024-01-17,457.324127
2024-01-18,461.391083
2024-01-19,467.142822
2024-01-22,468.130493
2024-01-23,469.495789
2024-01-24,470.009003
2024-01-25,472.565430
2024-01-26,471.964996
2024-01-29,475.702728
2024-01-30,475.334717
2024-01-31,467.578583
2024-02-01,473.698334
2024-02-02,478.685120
2024-02-05,476.942139
2024-02-06,478.326843
2024-02-07,482.316284
2024-02-08,482.529327
2024-02-09,485.318054
2024-02-12,485.105042
2024-02-13,478.423615
2024-02-14,482.771423
2024-02-15,486.102386
2024-02-16,483.681671
2024-02-20,481.018768
2024-02-21,481.454468
2024-02-22,491.418396
2024-02-23,491.757294
2024-02-26,489.956207
2024-02-27,490.866486
2024-02-28,490.217682
2024-02-29,491.979980
2024-03-01,496.598846
2024-03-04,496.066254
2024-03-05,491.108521
2024-03-06,493.597107
2024-03-07,498.496735
2024-03-08,495.504669
2024-03-11,495.078552
2024-03-12,500.404327
2024-03-13,499.619965
2024-03-14,498.632355
2024-03-15,495.208435
2024-03-18,498.151520
2024-03-19,500.919739
2024-03-20,505.553009
2024-03-21,507.223694
2024-03-22,506.262115
2024-03-25,504.863342
2024-03-26,503.930939
2024-03-27,508.165894
2024-03-28,508.068756
2024-04-01,507.184845
2024-04-02,503.960022
2024-04-03,504.513611
2024-04-04,498.355499
2024-04-05,503.561737
2024-04-08,503.843414
2024-04-09,504.426239
2024-04-10,499.375427
2024-04-11,503.144135
2024-04-12,496.199158
2024-04-15,489.982758
2024-04-16,489.089111
2024-04-17,486.194519
2024-04-18,485.194122
2024-04-19,480.959167
2024-04-22,485.388367
2024-04-23,491.148254
2024-04-24,490.915222
2024-04-25,489.050232
2024-04-26,493.683472
2024-04-29,495.431793
2024-04-30,487.583588
2024-05-01,486.000305
2024-05-02,490.546143
2024-05-03,496.626556
2024-05-06,501.755127
2024-05-07,502.308746
2024-05-08,502.357361
2024-05-09,505.251770
2024-05-10,505.902679
2024-05-13,505.970612
2024-05-14,508.292084
2024-05-15,514.586304
2024-05-16,513.527588
2024-05-17,514.265808
2024-05-20,514.858276
2024-05-21,516.120972
2024-05-22,514.634827
2024-05-23,510.875732
2024-05-24,514.255981
2024-05-28,514.615356
2024-05-29,511.011871
2024-05-30,507.621826
2024-05-31,512.245361
2024-06-03,512.663025
2024-06-04,513.236145
2024-06-05,519.336060
2024-06-06,519.326233
2024-06-07,518.695007
2024-06-10,520.297668
2024-06-11,521.550659
2024-06-12,525.834045
2024-06-13,526.893005
2024-06-14,527.213501
2024-06-17,531.409607
2024-06-18,532.759644
2024-06-20,531.312500
2024-06-21,530.600159
2024-06-24,528.875366
2024-06-25,530.912048
2024-06-26,531.574585
2024-06-27,532.412537
2024-06-28,530.317444
2024-07-01,531.408875
2024-07-02,534.985229
2024-07-03,537.372620
2024-07-05,540.471313
2024-07-08,541.094971
2024-07-09,541.621216
2024-07-10,546.980713
2024-07-11,542.264343
2024-07-12,545.684631
2024-07-15,547.185425
2024-07-16,550.430298
2024-07-17,542.712524
2024-07-18,538.541870
2024-07-19,534.965698
2024-07-22,540.481140
2024-07-23,539.633301
2024-07-24,527.403809
2024-07-25,524.655884
2024-07-26,530.531860
2024-07-29,530.843811
2024-07-30,528.154175
2024-07-31,536.739258
2024-08-01,529.138367
2024-08-02,519.286743
2024-08-05,504.163147
2024-08-06,508.811249
2024-08-07,505.410461
2024-08-08,517.094177
2024-08-09,519.374268
2024-08-12,519.647339
2024-08-13,528.193237
2024-08-14,529.859497
2024-08-15,538.941406
2024-08-16,540.149841
2024-08-19,545.314453
2024-08-20,544.427612
2024-08-21,546.298584
2024-08-22,542.010925
2024-08-23,547.770020
2024-08-26,546.464233
2024-08-27,547.214539
2024-08-28,544.037842
2024-08-29,544.086487
2024-08-30,549.280396
2024-09-03,537.976685
2024-09-04,536.875610
2024-09-05,535.569824
2024-09-06,526.556030
2024-09-09,532.451599
2024-09-10,534.770752
2024-09-11,540.256897
2024-09-12,544.807678
2024-09-13,547.653015
2024-09-16,548.461914
2024-09-17,548.685974
2024-09-18,547.058594
2024-09-19,556.393860
2024-09-20,555.432068
2024-09-23,556.820068
2024-09-24,558.413330
2024-09-25,557.181702
2024-09-26,559.390747
2024-09-27,558.579407
2024-09-30,560.817871
2024-10-01,555.793762
2024-10-02,556.028320
2024-10-03,555.011780
2024-10-04,560.055298
2024-10-07,554.992188
2024-10-08,560.241089
2024-10-09,564.121521
2024-10-10,563.134399
2024-10-11,566.506531
2024-10-14,571.139587
2024-10-15,566.702026
2024-10-16,569.165161
2024-10-17,569.213989
2024-10-18,571.403564
2024-10-21,570.465210
2024-10-22,570.162170
2024-10-23,564.952393
2024-10-24,566.174194
2024-10-25,565.978699
2024-10-28,567.728333
2024-10-29,568.647034
2024-10-30,566.926819
2024-10-31,555.813293
2024-11-01,558.158997
2024-11-04,556.956909
2024-11-05,563.691589
2024-11-06,577.708008
2024-11-07,582.174988
2024-11-08,584.696777
2024-11-11,585.253906
2024-11-12,583.435852
2024-11-13,583.719360
2024-11-14,579.965820
2024-11-15,572.537354
2024-11-18,574.883362
2024-11-19,576.984680
2024-11-20,577.180176
2024-11-21,580.278687
2024-11-22,582.077271
2024-11-25,584.051758
2024-11-26,587.101257
2024-11-27,585.322266
2024-11-29,588.958374
2024-12-02,590.014038
2024-12-03,590.287720
2024-12-04,593.953064
2024-12-05,592.975586
2024-12-06,594.099792
2024-12-09,591.040283
2024-12-10,589.202820
2024-12-11,593.757568
2024-12-12,590.698242
2024-12-13,590.580994
2024-12-16,593.102783
2024-12-17,590.659180
2024-12-18,573.055420
2024-12-19,572.879456
2024-12-20,579.760315
2024-12-23,583.232056
2024-12-24,589.714722
2024-12-26,589.753967
2024-12-27,583.545898
2024-12-30,576.886719
2024-12-31,574.788025
2025-01-02,573.375671
2025-01-03,580.544861
2025-01-06,583.889160
2025-01-07,577.288757
2025-01-08,578.132324
2025-01-10,569.305603
2025-01-13,570.188293
2025-01-14,570.972961
2025-01-15,581.359009
2025-01-16,580.240845
2025-01-17,586.066406
2025-01-21,591.430969
2025-01-22,594.755676
2025-01-23,598.001892
2025-01-24,596.256165
2025-01-27,587.821899
2025-01-28,592.872681
2025-01-29,590.214844
2025-01-30,593.382629
2025-01-31,590.224731
2025-02-03,586.252747
2025-02-04,590.185547
2025-02-05,592.578369
2025-02-06,594.638062
2025-02-07,589.194946
2025-02-10,593.196289
2025-02-11,593.647461
2025-02-12,591.735046
2025-02-13,597.982300
2025-02-14,597.952881
2025-02-18,599.708313
2025-02-19,601.120667
2025-02-20,598.619751
2025-02-21,588.380981
2025-02-24,585.703613
2025-02-25,582.790710
2025-02-26,583.084900
2025-02-27,573.777771
2025-02-28,582.731873
2025-03-03,572.522522
2025-03-04,565.745605
2025-03-05,571.826111
2025-03-06,561.675598
2025-03-07,564.823730
2025-03-10,549.779236
2025-03-11,545.209045
2025-03-12,548.102234
2025-03-13,540.795776
2025-03-14,551.966248
2025-03-17,556.222717
2025-03-18,550.210815
2025-03-19,556.203064
2025-03-20,554.594666
2025-03-21,554.777649
2025-03-24,564.712891
2025-03-25,566.070374
2025-03-26,559.312439
2025-03-27,557.827148
2025-03-28,546.593323
2025-03-31,550.262634
2025-04-01,551.816772
2025-04-02,555.308899
2025-04-03,527.942749
2025-04-04,497.035431
2025-04-07,496.150116
2025-04-08,488.379059
2025-04-09,539.668213
2025-04-10,516.020508
2025-04-11,525.227844
2025-04-14,530.323242
2025-04-15,528.837891
2025-04-16,517.082886
2025-04-17,517.820618
2025-04-21,505.495117
2025-04-22,518.646912
2025-04-23,526.683716
2025-04-24,537.769775
2025-04-25,541.655334
2025-04-28,541.861816
2025-04-29,545.275208
2025-04-30,545.491699
2025-05-01,549.357544
2025-05-02,557.512329
2025-05-05,554.315308
2025-05-06,549.682190
2025-05-07,551.993835
2025-05-08,555.840088
2025-05-09,555.131775
2025-05-12,573.477417
2025-05-13,577.264587
2025-05-14,578.002441
2025-05-15,580.825562
2025-05-16,584.504578
2025-05-19,585.143982
2025-05-20,583.176575
2025-05-21,573.349670
2025-05-22,573.575867
2025-05-23,569.660767
2025-05-27,581.504333
2025-05-28,578.140076
2025-05-29,580.422241
2025-05-30,579.773010
2025-06-02,583.038818
2025-06-03,586.363708
2025-06-04,586.206299
2025-06-05,583.373352
2025-06-06,589.364014
2025-06-09,589.895142
2025-06-10,593.239746
2025-06-11,591.547668
2025-06-12,593.898743
2025-06-13,587.258850
2025-06-16,592.846191
2025-06-17,587.780273
2025-06-18,587.691772
2025-06-20,586.311523
2025-06-23,592.102783
2025-06-24,598.643860
2025-06-25,598.979370
2025-06-26,603.665588
2025-06-27,606.664856
2025-06-30,609.565369
2025-07-01,609.368103
2025-07-02,612.130554
2025-07-03,616.954956
2025-07-07,612.357422
2025-07-08,612.022034
2025-07-09,615.692139
2025-07-10,617.428528
2025-07-11,615.257996
2025-07-14,616.432129
2025-07-15,613.797852
2025-07-16,615.849976
2025-07-17,619.618713
2025-07-18,619.164917
2025-07-21,620.338989
2025-07-22,620.427734
2025-07-23,625.705994
2025-07-24,625.913269
2025-07-25,628.557251
2025-07-28,628.399353
2025-07-29,626.742004
2025-07-30,625.952698
2025-07-31,623.604614
2025-08-01,613.383484
2025-08-04,622.706787
2025-08-05,619.549622
2025-08-06,624.295227
2025-08-07,623.772339
2025-08-08,628.636169
2025-08-11,627.393066
2025-08-12,634.072266
2025-08-13,636.242798
2025-08-14,636.302002
2025-08-15,634.812256
2025-08-18,634.674194
2025-08-19,631.231018
2025-08-20,629.553772
2025-08-21,627.028076
2025-08-22,636.657227
2025-08-25,633.855225
2025-08-26,636.509155
2025-08-27,637.959534
2025-08-28,640.218750
2025-08-29,636.400635
2025-09-02,631.684692
2025-09-03,635.108154
2025-09-04,640.416138
2025-09-05,638.561279
2025-09-08,640.130005
2025-09-09,641.609863
2025-09-10,643.464661
2025-09-11,648.811951
2025-09-12,648.594971
2025-09-15,652.048035
2025-09-16,651.150208
2025-09-17,650.341248
2025-09-18,653.380005
2025-09-19,656.615967
2025-09-22,659.722534
2025-09-23,656.131226
2025-09-24,654.043701
2025-09-25,651.026306
2025-09-26,654.756104
2025-09-29,656.596191
2025-09-30,659.069519
2025-10-01,661.315369
2025-10-02,662.076965
2025-10-03,662.067200
2025-10-06,664.441528
2025-10-07,661.978088
2025-10-08,665.925537
2025-10-09,663.996399
2025-10-10,646.049988
2025-10-13,655.963013
2025-10-14,655.161682
2025-10-15,658.070312
2025-10-16,653.588684
2025-10-17,657.298584
2025-10-20,664.134827
2025-10-21,664.124939
2025-10-22,660.672180
2025-10-23,664.589966
2025-10-24,670.021362
2025-10-27,677.926025
2025-10-28,679.726624
2025-10-29,680.053162
2025-10-30,672.573914
2025-10-31,674.779968
2025-11-03,676.046387
2025-11-04,668.032837
2025-11-05,670.347839
2025-11-06,663.155396
2025-11-07,663.808350
2025-11-10,674.166565
2025-11-11,675.709961
2025-11-12,676.085999
2025-11-13,664.867004
2025-11-14,664.758118
2025-11-17,658.564941
2025-11-18,653.034668
2025-11-19,655.557434
2025-11-20,645.565247
2025-11-21,651.995911
2025-11-24,661.592285
2025-11-25,667.815186
2025-11-26,672.425415
2025-11-28,676.095825
2025-12-01,673.009094
2025-12-02,674.255737
2025-12-03,676.590515
2025-12-04,677.085205
2025-12-05,678.371216
2025-12-08,676.333374
2025-12-09,675.749573
2025-12-10,680.231262
2025-12-11,681.814148
2025-12-12,674.483215
2025-12-15,673.464172
2025-12-16,671.624084
2025-12-17,664.233826
2025-12-18,669.249573
2025-12-19,675.315369
2025-12-22,679.522522
2025-12-23,682.628235
2025-12-24,685.029480
2025-12-26,684.960022
2025-12-29,682.519043
2025-12-30,681.685547
2025-12-31,676.635010
2026-01-02,677.875305
2026-01-05,682.390076
2026-01-06,686.448425
2026-01-07,684.235657
2026-01-08,684.166199
2026-01-09,688.690918
2026-01-12,689.772400
2026-01-13,688.393188
2026-01-14,685.009521
2026-01-15,686.875000
2026-01-16,686.299561
2026-01-20,672.328674
2026-01-21,680.088135
2026-01-22,683.640259
2026-01-23,683.888306
2026-01-26,687.361206
2026-01-27,690.099854
2026-01-28,690.030396
2026-01-29,688.661072
2026-01-30,686.607117
2026-02-02,690.020386
2026-02-03,684.186035
2026-02-04,680.871948
2026-02-05,672.368286
2026-02-06,685.267639
2026-02-09,688.571838
2026-02-10,686.755981
2026-02-11,686.597229
2026-02-12,675.990051
2026-02-13,676.466370
2026-02-17,677.557800
2026-02-18,680.971130
2026-02-19,679.175110
2026-02-20,684.086792
2026-02-23,677.101379
2026-02-24,682.022949
2026-02-25,687.777954
2026-02-26,683.957764
2026-02-27,680.673462
2026-03-02,681.060486
2026-03-03,675.057373
2026-03-04,679.820190
2026-03-05,676.029724
2026-03-06,667.169006
2026-03-09,673.013306
2026-03-10,671.931702
2026-03-11,671.088379
2026-03-12,660.897949
2026-03-13,657.157166
2026-03-16,663.844910
2026-03-17,665.591248
2026-03-18,656.303833
2026-03-19,654.686462
2026-03-20,645.300964
2026-03-23,652.076660
2026-03-24,649.887756
2026-03-25,653.509460
2026-03-26,641.838623
2026-03-27,630.894043
2026-03-30,628.784668
2026-03-31,647.062134
2026-04-01,651.937378
2026-04-02,652.524475
2026-04-06,655.608765
2026-04-07,655.897278
2026-04-08,672.602722
2026-04-09,676.483032
2026-04-10,676.035339
2026-04-13,682.641785
2026-04-14,690.959717
2026-04-15,696.412109
2026-04-16,698.123413
2026-04-17,706.560730
2026-04-20,705.147766
2026-04-21,700.531250
2026-04-22,707.625305
2026-04-23,704.879211
2026-04-24,710.341492
2026-04-27,711.565369
2026-04-28,708.102905
2026-04-29,707.993408
2026-04-30,715.037720
2026-05-01,717.017700
2026-05-04,714.390991
2026-05-05,720.122009
2026-05-06,730.131287
2026-05-07,727.892639
2026-05-08,733.902161
2026-05-11,735.573669
2026-05-12,734.459351
2026-05-13,738.568542
2026-05-14,744.398987
2026-05-15,735.444397
2026-05-18,734.927002
2026-05-19,730.031738
2026-05-20,737.513855
2026-05-21,738.976440
2026-05-22,741.881775
2026-05-26,746.806824
2026-05-27,746.677429
2026-05-28,750.796570
2026-05-29,752.667114
2026-06-01,754.716675
2026-06-02,755.741577
2026-06-03,750.438416
2026-06-04,753.274048
2026-06-05,733.832520
2026-06-08,735.494080
2026-06-09,733.335083
2026-06-10,721.773621
2026-06-11,734.041504
2026-06-12,738.011353
2026-06-15,751.025452
2026-06-16,746.548157
2026-06-17,737.225342
2026-06-18,744.890259
2026-06-22,742.546143
2026-06-23,731.762878
2026-06-24,731.423706
2026-06-25,732.481079
2026-06-26,727.184265
2026-06-29,739.164490
2026-06-30,744.920227
2026-07-01,743.912720
2026-07-02,742.935181
2026-07-06,749.419067
2026-07-07,745.857910
2026-07-08,743.553650
2026-07-09,749.848022
2026-07-10,753.079956
2026-07-13,747.314270
2026-07-14,749.967712
2026-07-15,752.940308
2026-07-16,748.860413
2026-07-17,741.448792
2026-07-20,740.251831
2026-07-21,746.426514
2026-07-22,745.558594
2026-07-23,736.351501
2026-07-24,737.099609
2026-07-27,737.259277
2026-07-28,739.024841
2026-07-29,727.653137
2026-07-30,739.852783
2026-07-31,745.179626
2026-08-03,755.793213
2026-08-04,769.419373
2026-08-05,767.883179
2026-08-06,766.656250
2026-08-07,771.344604
2026-08-10,771.115173
2026-08-11,768.651306
2026-08-12,770.576477
2026-08-13,775.953186
2026-08-14,774.416992
2026-08-17,770.756042
2026-08-18,765.549011
2026-08-19,767.154968
2026-08-20,760.710999
2026-08-21,763.823242
2026-08-24,761.578796
2026-08-25,764.012756
2026-08-26,764.182373
2026-08-27,769.189941
2026-08-28,767.444275
2026-08-31,765.149963
2026-09-01,759.893066
2026-09-02,763.264648
2026-09-03,771.254822
2026-09-04,768.282227
2026-09-08,764.062683
2026-09-09,760.511536
2026-09-10,755.952820
2026-09-11,762.396790
2026-09-14,758.995239
2026-09-15,755.513916
2026-09-16,752.182190
2026-09-17,760.710999
2026-09-18,761.690002
