date,value
2002-07-30,40.138554
2002-07-31,40.506706
2002-08-01,40.673615
2002-08-02,40.987785
2002-08-05,41.193916
2002-08-06,40.860153
2002-08-07,40.987785
2002-08-08,40.845451
2002-08-09,41.149765
2002-08-12,41.233223
2002-08-13,41.562099
2002-08-14,41.439377
2002-08-15,41.198849
2002-08-16,40.928894
2002-08-19,40.968132
2002-08-20,41.346111
2002-08-21,41.243031
2002-08-22,41.022141
2002-08-23,41.208717
2002-08-26,41.228325
2002-08-27,41.105564
2002-08-28,41.257755
2002-08-29,41.449211
2002-08-30,41.527740
2002-09-03,41.980907
2002-09-04,41.966133
2002-09-05,42.133606
2002-09-06,41.808495
2002-09-09,41.749405
2002-09-10,41.897167
2002-09-11,41.744480
2002-09-12,41.961197
2002-09-13,42.158226
2002-09-16,42.172970
2002-09-17,42.310970
2002-09-18,42.360157
2002-09-19,42.571972
2002-09-20,42.557224
2002-09-23,42.798542
2002-09-24,42.951225
2002-09-25,42.626129
2002-09-26,42.596592
2002-09-27,42.877335
2002-09-30,43.128571
2002-10-01,42.752110
2002-10-02,42.895378
2002-10-03,42.870678
2002-10-04,42.915173
2002-10-07,43.083118
2002-10-08,43.004055
2002-10-09,43.221462
2002-10-10,42.974464
2002-10-11,42.668144
2002-10-14,42.633549
2002-10-15,41.917221
2002-10-16,41.917221
2002-10-17,41.694931
2002-10-18,41.818432
2002-10-21,41.497318
2002-10-22,41.477528
2002-10-23,41.566498
2002-10-24,41.764118
2002-10-25,41.946877
2002-10-28,41.996277
2002-10-29,42.376652
2002-10-30,42.371750
2002-10-31,42.589108
2002-11-01,42.333805
2002-11-04,42.199959
2002-11-05,42.085983
2002-11-06,42.224743
2002-11-07,42.636215
2002-11-08,42.740314
2002-11-11,42.849346
2002-11-12,42.715504
2002-11-13,42.765079
2002-11-14,42.229717
2002-11-15,42.259415
2002-11-18,42.299091
2002-11-19,42.333805
2002-11-20,42.100838
2002-11-21,41.857922
2002-11-22,41.808308
2002-11-25,41.743935
2002-11-26,42.120655
2002-11-27,41.639786
2002-11-29,41.699314
2002-12-02,41.684338
2002-12-03,41.679359
2002-12-04,41.824001
2002-12-05,41.938675
2002-12-06,42.108303
2002-12-09,42.267914
2002-12-10,42.233009
2002-12-11,42.372650
2002-12-12,42.407570
2002-12-13,42.252960
2002-12-16,42.078411
2002-12-17,42.178165
2002-12-18,42.437500
2002-12-19,42.656994
2002-12-20,42.656994
2002-12-23,42.632057
2002-12-24,42.791656
2002-12-26,42.856495
2002-12-27,43.110920
2002-12-30,43.190704
2002-12-31,43.178650
2003-01-02,42.497032
2003-01-03,42.567184
2003-01-06,42.461956
2003-01-07,42.597260
2003-01-08,42.697517
2003-01-09,42.181263
2003-01-10,42.226379
2003-01-13,42.301594
2003-01-14,42.401787
2003-01-15,42.497032
2003-01-16,42.481998
2003-01-17,42.657417
2003-01-21,42.802731
2003-01-22,42.978157
2003-01-23,42.887947
2003-01-24,42.973125
2003-01-27,42.842823
2003-01-28,42.847870
2003-01-29,42.662434
2003-01-30,42.827835
2003-01-31,42.847870
2003-02-03,42.781467
2003-02-04,42.922298
2003-02-05,42.756371
2003-02-06,42.922298
2003-02-07,42.942371
2003-02-10,42.861912
2003-02-11,42.902184
2003-02-12,43.088192
2003-02-13,43.244087
2003-02-14,43.093258
2003-02-18,43.093258
2003-02-19,43.254158
2003-02-20,43.405014
2003-02-21,43.244087
2003-02-24,43.415054
2003-02-25,43.475418
2003-02-26,43.606174
2003-02-27,43.646366
2003-02-28,43.792202
2003-03-03,43.882954
2003-03-04,43.968643
2003-03-05,44.049381
2003-03-06,43.958561
2003-03-07,44.104786
2003-03-10,44.251091
2003-03-11,44.240986
2003-03-12,44.140110
2003-03-13,43.651020
2003-03-14,43.792240
2003-03-17,43.449284
2003-03-18,43.212337
2003-03-19,43.005589
2003-03-20,43.035889
2003-03-21,42.642574
2003-03-24,43.056023
2003-03-25,43.061039
2003-03-26,43.161942
2003-03-27,43.242603
2003-03-28,43.313194
2003-03-31,43.625828
2003-04-01,43.569679
2003-04-02,43.261219
2003-04-03,43.337036
2003-04-04,43.261219
2003-04-07,43.160084
2003-04-08,43.321873
2003-04-09,43.468536
2003-04-10,43.352234
2003-04-11,43.240978
2003-04-14,43.119583
2003-04-15,43.271313
2003-04-16,43.367416
2003-04-17,43.311783
2003-04-21,43.230854
2003-04-22,43.240978
2003-04-23,43.220741
2003-04-24,43.473598
2003-04-25,43.544380
2003-04-28,43.498894
2003-04-29,43.423035
2003-04-30,43.685959
2003-05-01,43.722561
2003-05-02,43.483902
2003-05-05,43.621010
2003-05-06,43.890099
2003-05-07,44.194721
2003-05-08,44.240383
2003-05-09,44.311478
2003-05-12,44.499306
2003-05-13,44.539913
2003-05-14,44.783566
2003-05-15,44.737926
2003-05-16,44.976528
2003-05-19,44.966393
2003-05-20,45.265957
2003-05-21,45.123737
2003-05-22,45.337059
2003-05-23,45.286224
2003-05-27,45.118679
2003-05-28,45.128860
2003-05-29,45.367477
2003-05-30,45.342102
2003-06-02,45.165901
2003-06-03,45.466320
2003-06-04,45.598644
2003-06-05,45.435745
2003-06-06,45.384861
2003-06-09,45.634304
2003-06-10,45.888828
2003-06-11,45.792099
2003-06-12,45.970264
2003-06-13,46.138317
2003-06-16,45.898994
2003-06-17,45.649578
2003-06-18,45.374649
2003-06-19,45.440845
2003-06-20,45.369537
2003-06-23,45.542675
2003-06-24,45.756474
2003-06-25,45.410286
2003-06-26,44.962322
2003-06-27,44.921543
2003-06-30,45.028473
2003-07-01,45.148014
2003-07-02,45.194164
2003-07-03,44.906929
2003-07-07,44.665855
2003-07-08,44.681236
2003-07-09,44.763275
2003-07-10,44.865898
2003-07-11,45.024876
2003-07-14,44.763275
2003-07-15,44.152905
2003-07-16,44.168304
2003-07-17,44.075951
2003-07-18,43.963131
2003-07-21,43.388626
2003-07-22,43.542519
2003-07-23,43.675896
2003-07-24,43.506626
2003-07-25,43.450180
2003-07-28,43.132191
2003-07-29,42.711578
2003-07-30,43.055252
2003-07-31,42.767994
2003-08-01,42.942333
2003-08-04,43.257954
2003-08-05,42.968204
2003-08-06,43.407978
2003-08-07,43.563187
2003-08-08,43.558048
2003-08-11,43.376949
2003-08-12,43.299393
2003-08-13,42.818203
2003-08-14,42.906155
2003-08-15,42.890636
2003-08-18,43.019947
2003-08-19,43.361450
2003-08-20,43.154514
2003-08-21,42.994137
2003-08-22,43.025108
2003-08-25,42.838894
2003-08-26,42.994137
2003-08-27,42.890636
2003-08-28,43.190712
2003-08-29,43.071663
2003-09-02,42.896263
2003-09-03,43.005905
2003-09-04,43.282654
2003-09-05,43.830952
2003-09-08,43.627281
2003-09-09,43.836185
2003-09-10,44.133785
2003-09-11,43.977154
2003-09-12,44.154697
2003-09-15,44.232990
2003-09-16,44.196468
2003-09-17,44.441910
2003-09-18,44.436604
2003-09-19,44.436604
2003-09-22,44.243439
2003-09-23,44.347919
2003-09-24,44.572453
2003-09-25,44.635059
2003-09-26,44.974503
2003-09-29,44.781288
2003-09-30,45.214722
2003-10-01,45.415367
2003-10-02,45.252071
2003-10-03,44.625408
2003-10-06,44.757061
2003-10-07,44.498962
2003-10-08,44.578026
2003-10-09,44.435814
2003-10-10,44.567501
2003-10-13,44.498962
2003-10-14,44.319977
2003-10-15,44.162014
2003-10-16,43.919769
2003-10-17,44.156712
2003-10-20,44.188271
2003-10-21,44.267315
2003-10-22,44.588562
2003-10-23,44.446404
2003-10-24,44.757061
2003-10-27,44.635910
2003-10-28,44.846592
2003-10-29,44.556953
2003-10-30,44.393696
2003-10-31,44.551678
2003-11-03,44.382088
2003-11-04,44.540569
2003-11-05,44.382088
2003-11-06,44.154888
2003-11-07,44.080868
2003-11-10,44.065083
2003-11-11,44.133743
2003-11-12,44.276405
2003-11-13,44.662125
2003-11-14,44.905136
2003-11-17,44.957989
2003-11-18,45.142914
2003-11-19,44.836452
2003-11-20,45.116482
2003-11-21,45.095367
2003-11-24,44.857613
2003-11-25,44.968582
2003-11-26,44.857613
2003-11-28,44.561676
2003-12-01,44.289413
2003-12-02,44.416565
2003-12-03,44.300022
2003-12-04,44.395370
2003-12-05,44.935753
2003-12-08,44.766193
2003-12-09,44.543682
2003-12-10,44.654945
2003-12-11,44.925152
2003-12-12,44.925152
2003-12-15,44.903980
2003-12-16,45.444393
2003-12-17,45.562134
2003-12-18,45.717316
2003-12-19,45.722618
2003-12-22,45.599571
2003-12-23,45.289207
2003-12-24,45.572796
2003-12-26,45.717316
2003-12-29,45.439030
2003-12-30,45.390903
2003-12-31,45.470875
2004-01-02,45.105816
2004-01-05,45.068249
2004-01-06,45.406425
2004-01-07,45.508442
2004-01-08,45.508442
2004-01-09,46.045296
2004-01-12,46.045296
2004-01-13,46.292221
2004-01-14,46.383503
2004-01-15,46.410351
2004-01-16,46.217083
2004-01-20,46.136536
2004-01-21,46.270763
2004-01-22,46.469433
2004-01-23,46.120476
2004-01-26,45.927155
2004-01-27,46.109695
2004-01-28,45.776863
2004-01-29,45.723179
2004-01-30,45.932560
2004-02-02,45.886768
2004-02-03,46.064476
2004-02-04,45.989082
2004-02-05,45.816761
2004-02-06,46.096764
2004-02-09,46.204453
2004-02-10,46.075260
2004-02-11,46.317562
2004-02-12,46.290649
2004-02-13,46.409073
2004-02-17,46.409073
2004-02-18,46.398327
2004-02-19,46.430607
2004-02-20,46.274460
2004-02-23,46.425224
2004-02-24,46.506027
2004-02-25,46.559856
2004-02-26,46.489864
2004-02-27,46.672962
2004-03-01,46.722054
2004-03-02,46.452068
2004-03-03,46.408875
2004-03-04,46.554665
2004-03-05,47.132473
2004-03-08,47.397060
2004-03-09,47.575298
2004-03-10,47.569859
2004-03-11,47.575298
2004-03-12,47.429489
2004-03-15,47.456448
2004-03-16,47.688709
2004-03-17,47.656311
2004-03-18,47.505108
2004-03-19,47.440300
2004-03-22,47.618488
2004-03-23,47.688709
2004-03-24,47.656311
2004-03-25,47.591454
2004-03-26,47.289101
2004-03-29,47.089283
2004-03-30,47.105480
2004-03-31,47.278214
2004-04-01,47.162365
2004-04-02,46.290390
2004-04-05,46.062946
2004-04-06,46.225441
2004-04-07,46.230843
2004-04-08,46.144150
2004-04-12,45.997932
2004-04-13,45.640469
2004-04-14,45.607998
2004-04-15,45.543011
2004-04-16,45.710876
2004-04-19,45.591732
2004-04-20,45.261391
2004-04-21,45.353458
2004-04-22,45.532162
2004-04-23,45.342602
2004-04-26,45.337189
2004-04-27,45.515919
2004-04-28,45.218052
2004-04-29,45.115177
2004-04-30,45.223465
2004-05-03,45.206074
2004-05-04,45.075691
2004-05-05,44.972420
2004-05-06,44.928932
2004-05-07,44.374805
2004-05-10,44.363922
2004-05-11,44.450871
2004-05-12,44.385612
2004-05-13,44.249802
2004-05-14,44.472542
2004-05-17,44.760517
2004-05-18,44.673615
2004-05-19,44.467171
2004-05-20,44.689907
2004-05-21,44.592094
2004-05-24,44.624722
2004-05-25,44.640995
2004-05-26,44.863747
2004-05-27,45.108295
2004-05-28,44.983303
2004-06-01,44.759243
2004-06-02,44.682907
2004-06-03,44.753750
2004-06-04,44.568428
2004-06-07,44.633827
2004-06-08,44.622902
2004-06-09,44.492100
2004-06-10,44.541157
2004-06-14,44.323082
2004-06-15,44.911892
2004-06-16,44.813736
2004-06-17,44.939129
2004-06-18,44.846455
2004-06-21,44.917297
2004-06-22,44.857365
2004-06-23,44.922783
2004-06-24,45.097244
2004-06-25,45.119083
2004-06-28,44.786488
2004-06-29,44.999115
2004-06-30,45.277195
2004-07-01,45.366341
2004-07-02,45.754669
2004-07-06,45.667171
2004-07-07,45.689034
2004-07-08,45.694469
2004-07-09,45.771088
2004-07-12,45.825794
2004-07-13,45.727314
2004-07-14,45.705479
2004-07-15,45.683575
2004-07-16,46.126610
2004-07-19,46.115688
2004-07-20,45.814850
2004-07-21,45.716385
2004-07-22,45.771088
2004-07-23,45.880451
2004-07-26,45.721886
2004-07-27,45.399162
2004-07-28,45.470253
2004-07-29,45.514034
2004-07-30,45.825794
2004-08-02,45.871292
2004-08-03,45.981071
2004-08-04,45.953651
2004-08-05,46.090816
2004-08-06,46.721893
2004-08-09,46.568253
2004-08-10,46.376163
2004-08-11,46.535339
2004-08-12,46.595684
2004-08-13,46.678055
2004-08-16,46.628601
2004-08-17,46.848103
2004-08-18,46.694462
2004-08-19,46.809715
2004-08-20,46.716412
2004-08-23,46.557281
2004-08-24,46.601147
2004-08-25,46.606647
2004-08-26,46.809715
2004-08-27,46.754795
2004-08-30,46.919460
2004-08-31,47.122501
2004-09-01,47.114803
2004-09-02,46.861568
2004-09-03,46.734955
2004-09-07,46.762486
2004-09-08,47.032200
2004-09-09,46.949688
2004-09-10,47.043236
2004-09-13,47.158825
2004-09-14,47.169838
2004-09-15,47.120319
2004-09-16,47.379040
2004-09-17,47.213905
2004-09-20,47.483635
2004-09-21,47.516640
2004-09-22,47.709309
2004-09-23,47.544178
2004-09-24,47.538696
2004-09-27,47.670776
2004-09-28,47.621223
2004-09-29,47.323986
2004-09-30,47.274433
2004-10-01,47.085022
2004-10-04,47.101654
2004-10-05,47.101654
2004-10-06,46.947063
2004-10-07,46.864193
2004-10-08,47.261757
2004-10-11,47.339054
2004-10-12,47.339054
2004-10-13,47.510181
2004-10-14,47.675838
2004-10-15,47.515717
2004-10-18,47.587482
2004-10-19,47.570946
2004-10-20,47.786266
2004-10-21,47.720001
2004-10-22,47.852516
2004-10-25,47.907726
2004-10-26,47.824905
2004-10-27,47.532303
2004-10-28,47.604027
2004-10-29,47.742088
2004-11-01,47.506710
2004-11-02,47.623035
2004-11-03,47.606426
2004-11-04,47.578732
2004-11-05,47.224251
2004-11-08,47.157784
2004-11-09,47.168880
2004-11-10,47.074711
2004-11-11,47.063622
2004-11-12,47.240891
2004-11-15,47.263031
2004-11-16,47.213177
2004-11-17,47.462368
2004-11-18,47.501175
2004-11-19,47.240891
2004-11-22,47.274128
2004-11-23,47.229767
2004-11-24,47.296242
2004-11-26,47.124580
2004-11-29,46.842110
2004-11-30,46.797806
2004-12-01,46.782227
2004-12-02,46.676685
2004-12-03,47.143360
2004-12-06,47.232227
2004-12-07,47.226734
2004-12-08,47.576656
2004-12-09,47.465588
2004-12-10,47.537838
2004-12-13,47.571148
2004-12-14,47.654446
2004-12-15,47.826687
2004-12-16,47.460014
2004-12-17,47.398899
2004-12-20,47.454472
2004-12-21,47.521152
2004-12-22,47.471184
2004-12-23,47.410034
2004-12-27,47.210014
2004-12-28,47.204479
2004-12-29,47.110046
2004-12-30,47.287830
2004-12-31,47.344090
2005-01-03,47.438858
2005-01-04,47.143456
2005-01-05,47.221497
2005-01-06,47.266109
2005-01-07,47.227112
2005-01-10,47.221497
2005-01-11,47.316238
2005-01-12,47.388672
2005-01-13,47.578175
2005-01-14,47.550301
2005-01-18,47.533592
2005-01-19,47.561455
2005-01-20,47.645031
2005-01-21,47.739792
2005-01-24,47.734184
2005-01-25,47.555847
2005-01-26,47.567028
2005-01-27,47.494587
2005-01-28,47.739792
2005-01-31,47.756516
2005-02-01,47.723526
2005-02-02,47.729134
2005-02-03,47.650852
2005-02-04,47.896820
2005-02-07,47.991898
2005-02-08,48.036606
2005-02-09,48.271374
2005-02-10,47.969490
2005-02-11,47.907982
2005-02-14,47.969490
2005-02-15,47.896820
2005-02-16,47.723526
2005-02-17,47.617325
2005-02-18,47.376938
2005-02-22,47.382530
2005-02-23,47.421654
2005-02-24,47.343388
2005-02-25,47.410496
2005-02-28,47.103046
2005-03-01,47.103527
2005-03-02,47.097969
2005-03-03,47.069977
2005-03-04,47.282951
2005-03-07,47.294170
2005-03-08,47.069977
2005-03-09,46.711185
2005-03-10,46.795261
2005-03-11,46.599068
2005-03-14,46.711185
2005-03-15,46.621487
2005-03-16,46.728004
2005-03-17,46.907345
2005-03-18,46.789677
2005-03-21,46.733597
2005-03-22,46.391685
2005-03-23,46.498169
2005-03-24,46.537430
2005-03-28,46.386055
2005-03-29,46.576683
2005-03-30,46.683197
2005-03-31,46.913010
2005-04-01,47.008041
2005-04-04,46.985527
2005-04-05,46.991146
2005-04-06,47.131779
2005-04-07,46.951820
2005-04-08,47.002434
2005-04-11,47.143017
2005-04-12,47.390522
2005-04-13,47.413033
2005-04-14,47.536690
2005-04-15,47.846058
2005-04-18,47.744804
2005-04-19,48.020424
2005-04-20,47.992290
2005-04-21,47.649200
2005-04-22,47.851677
2005-04-25,47.851677
2005-04-26,47.829216
2005-04-27,47.975399
2005-04-28,48.267876
2005-04-29,48.093563
2005-05-02,48.142612
2005-05-03,48.204674
2005-05-04,48.193386
2005-05-05,48.345760
2005-05-06,48.001560
2005-05-09,47.995956
2005-05-10,48.165161
2005-05-11,48.227253
2005-05-12,48.272373
2005-05-13,48.396492
2005-05-16,48.402142
2005-05-17,48.464226
2005-05-18,48.622150
2005-05-19,48.475510
2005-05-20,48.469856
2005-05-23,48.689888
2005-05-24,48.819683
2005-05-25,48.644741
2005-05-26,48.672985
2005-05-27,48.723755
2005-05-31,48.977638
2005-06-01,49.279831
2005-06-02,49.262840
2005-06-03,48.979847
2005-06-06,49.110065
2005-06-07,49.251556
2005-06-08,49.161003
2005-06-09,49.132687
2005-06-10,48.821457
2005-06-13,48.691254
2005-06-14,48.634682
2005-06-15,48.617718
2005-06-16,48.770493
2005-06-17,48.713913
2005-06-20,48.640369
2005-06-21,48.793144
2005-06-22,49.161003
2005-06-23,49.110065
2005-06-24,49.228905
2005-06-27,49.268490
2005-06-28,49.059166
2005-06-29,49.042137
2005-06-30,49.211922
2005-07-01,48.788475
2005-07-05,48.589787
2005-07-06,48.691967
2005-07-07,48.805481
2005-07-08,48.629494
2005-07-11,48.606789
2005-07-12,48.481945
2005-07-13,48.436504
2005-07-14,48.374096
2005-07-15,48.385452
2005-07-18,48.305954
2005-07-19,48.374096
2005-07-20,48.464912
2005-07-21,48.107342
2005-07-22,48.334393
2005-07-25,48.249222
2005-07-26,48.283295
2005-07-27,48.215118
2005-07-28,48.425163
2005-07-29,48.135704
2005-08-01,48.039448
2005-08-02,47.993866
2005-08-03,48.113449
2005-08-04,48.079311
2005-08-05,47.823025
2005-08-08,47.697739
2005-08-09,47.834469
2005-08-10,47.811661
2005-08-11,48.016697
2005-08-12,48.210323
2005-08-15,48.147625
2005-08-16,48.375416
2005-08-17,48.187515
2005-08-18,48.443764
2005-08-19,48.415272
2005-08-22,48.455124
2005-08-23,48.546238
2005-08-24,48.569035
2005-08-25,48.597496
2005-08-26,48.517750
2005-08-29,48.551937
2005-08-30,48.779766
2005-08-31,49.098598
2005-09-01,49.146618
2005-09-02,49.158039
2005-09-06,49.003815
2005-09-07,48.843838
2005-09-08,48.843838
2005-09-09,48.883789
2005-09-12,48.729607
2005-09-13,48.878117
2005-09-14,48.775299
2005-09-15,48.626732
2005-09-16,48.438274
2005-09-19,48.535366
2005-09-20,48.495327
2005-09-21,48.718197
2005-09-22,48.752457
2005-09-23,48.483955
2005-09-26,48.358234
2005-09-27,48.386806
2005-09-28,48.483955
2005-09-29,48.375404
2005-09-30,48.238239
2005-10-03,48.053173
2005-10-04,48.076118
2005-10-05,48.190773
2005-10-06,48.127651
2005-10-07,48.190773
2005-10-10,48.202190
2005-10-11,48.110481
2005-10-12,47.927074
2005-10-13,47.852562
2005-10-14,47.852562
2005-10-17,47.795231
2005-10-18,47.864010
2005-10-19,47.921333
2005-10-20,47.949986
2005-10-21,48.162022
2005-10-24,47.955730
2005-10-25,47.732208
2005-10-26,47.548809
2005-10-27,47.657673
2005-10-28,47.606121
2005-10-31,47.640511
2005-11-01,47.610611
2005-11-02,47.512817
2005-11-03,47.346020
2005-11-04,47.323025
2005-11-07,47.409302
2005-11-08,47.645119
2005-11-09,47.392036
2005-11-10,47.662357
2005-11-11,47.719875
2005-11-14,47.507065
2005-11-15,47.668072
2005-11-16,47.909664
2005-11-17,48.001682
2005-11-18,47.886654
2005-11-21,47.978683
2005-11-22,48.145466
2005-11-23,48.018948
2005-11-25,48.162716
2005-11-28,48.226006
2005-11-29,47.961430
2005-11-30,47.938408
2005-12-01,47.830479
2005-12-02,47.870907
2005-12-05,47.726620
2005-12-06,47.951687
2005-12-07,47.922817
2005-12-08,48.130581
2005-12-09,47.917057
2005-12-12,47.807426
2005-12-13,47.922817
2005-12-14,48.222923
2005-12-15,48.159462
2005-12-16,48.246002
2005-12-19,48.274834
2005-12-20,48.194061
2005-12-21,48.130581
2005-12-22,48.321049
2005-12-23,48.436451
2005-12-27,48.667339
2005-12-28,48.517895
2005-12-29,48.575771
2005-12-30,48.593174
2006-01-03,48.587418
2006-01-04,48.674252
2006-01-05,48.685802
2006-01-06,48.622158
2006-01-09,48.645306
2006-01-10,48.448399
2006-01-11,48.326805
2006-01-12,48.500484
2006-01-13,48.714790
2006-01-17,48.772701
2006-01-18,48.790085
2006-01-19,48.668461
2006-01-20,48.749542
2006-01-23,48.737946
2006-01-24,48.656887
2006-01-25,48.355755
2006-01-26,48.251465
2006-01-27,48.286228
2006-01-30,48.182003
2006-01-31,48.251465
2006-02-01,48.102787
2006-02-02,48.102787
2006-02-03,48.248005
2006-02-06,48.178314
2006-02-07,48.120205
2006-02-08,48.091194
2006-02-09,48.137650
2006-02-10,47.998199
2006-02-13,47.998199
2006-02-14,47.928486
2006-02-15,48.015652
2006-02-16,47.992397
2006-02-17,48.155060
2006-02-21,48.096992
2006-02-22,48.277073
2006-02-23,48.160889
2006-02-24,48.102787
2006-02-27,48.009796
2006-02-28,48.201538
2006-03-01,48.106544
2006-03-02,47.914227
2006-03-03,47.797665
2006-03-06,47.646080
2006-03-07,47.669426
2006-03-08,47.692726
2006-03-09,47.739391
2006-03-10,47.646080
2006-03-13,47.605282
2006-03-14,47.879280
2006-03-15,47.791866
2006-03-16,48.094872
2006-03-17,47.995815
2006-03-20,48.089066
2006-03-21,47.890873
2006-03-22,47.949165
2006-03-23,47.826797
2006-03-24,48.036602
2006-03-27,47.931686
2006-03-28,47.698578
2006-03-29,47.651924
2006-03-30,47.512035
2006-03-31,47.547005
2006-04-03,47.494396
2006-04-04,47.500259
2006-04-05,47.611351
2006-04-06,47.476891
2006-04-07,47.260525
2006-04-10,47.319012
2006-04-11,47.406731
2006-04-12,47.295612
2006-04-13,47.044228
2006-04-17,47.225441
2006-04-18,47.377441
2006-04-19,47.242958
2006-04-20,47.202057
2006-04-21,47.301476
2006-04-24,47.359985
2006-04-25,47.061722
2006-04-26,47.038349
2006-04-27,47.166973
2006-04-28,47.248852
2006-05-01,46.992966
2006-05-02,47.069302
2006-05-03,47.004704
2006-05-04,46.975407
2006-05-05,47.086838
2006-05-08,47.110397
2006-05-09,47.092739
2006-05-10,47.116222
2006-05-11,47.034042
2006-05-12,46.858028
2006-05-15,46.957771
2006-05-16,47.133797
2006-05-17,46.998863
2006-05-18,47.333324
2006-05-19,47.304012
2006-05-22,47.368553
2006-05-23,47.350960
2006-05-24,47.421360
2006-05-25,47.345062
2006-05-26,47.386150
2006-05-30,47.345062
2006-05-31,47.198353
2006-06-01,47.277309
2006-06-02,47.642467
2006-06-05,47.548237
2006-06-06,47.589455
2006-06-07,47.524677
2006-06-08,47.589455
2006-06-09,47.707237
2006-06-12,47.683662
2006-06-13,47.748501
2006-06-14,47.430416
2006-06-15,47.324417
2006-06-16,47.294960
2006-06-19,47.241989
2006-06-20,47.206600
2006-06-21,47.200718
2006-06-22,47.047577
2006-06-23,47.006367
2006-06-26,46.976917
2006-06-27,47.100594
2006-06-28,46.947456
2006-06-29,47.141804
2006-06-30,47.306725
2006-07-03,47.284248
2006-07-05,47.112797
2006-07-06,47.260605
2006-07-07,47.408440
2006-07-10,47.443893
2006-07-11,47.497139
2006-07-12,47.538544
2006-07-13,47.644947
2006-07-14,47.680428
2006-07-17,47.639027
2006-07-18,47.455723
2006-07-19,47.757282
2006-07-20,47.857815
2006-07-21,47.828247
2006-07-24,47.828247
2006-07-25,47.780952
2006-07-26,47.899185
2006-07-27,47.893288
2006-07-28,48.023380
2006-07-31,48.100239
2006-08-01,48.111477
2006-08-02,48.153042
2006-08-03,48.164951
2006-08-04,48.402397
2006-08-07,48.337101
2006-08-08,48.343025
2006-08-09,48.319267
2006-08-10,48.331165
2006-08-11,48.176800
2006-08-14,48.093674
2006-08-15,48.325226
2006-08-16,48.527008
2006-08-17,48.515152
2006-08-18,48.645782
2006-08-21,48.705143
2006-08-22,48.722935
2006-08-23,48.675449
2006-08-24,48.722935
2006-08-25,48.788239
2006-08-28,48.782291
2006-08-29,48.823837
2006-08-30,48.883179
2006-08-31,48.948490
2006-09-01,49.021156
2006-09-05,48.860291
2006-09-06,48.824554
2006-09-07,48.860291
2006-09-08,48.908020
2006-09-11,48.818588
2006-09-12,48.955635
2006-09-13,49.003296
2006-09-14,48.908020
2006-09-15,48.878170
2006-09-18,48.806694
2006-09-19,49.098663
2006-09-20,49.110531
2006-09-21,49.462120
2006-09-22,49.611088
2006-09-25,49.777954
2006-09-26,49.652798
2006-09-27,49.640869
2006-09-28,49.593220
2006-09-29,49.539570
2006-10-02,49.626881
2006-10-03,49.620926
2006-10-04,49.848236
2006-10-05,49.674751
2006-10-06,49.405636
2006-10-09,49.465374
2006-10-10,49.166328
2006-10-11,49.106567
2006-10-12,49.136475
2006-10-13,49.052708
2006-10-16,49.136475
2006-10-17,49.190258
2006-10-18,49.178333
2006-10-19,49.136475
2006-10-20,49.124443
2006-10-23,48.986958
2006-10-24,49.052708
2006-10-25,49.232128
2006-10-26,49.399612
2006-10-27,49.561119
2006-10-30,49.585045
2006-10-31,49.806343
2006-11-01,49.979267
2006-11-02,49.841171
2006-11-03,49.462936
2006-11-06,49.511021
2006-11-07,49.679062
2006-11-08,49.787170
2006-11-09,49.781151
2006-11-10,49.889187
2006-11-13,49.865200
2006-11-14,49.967247
2006-11-15,49.829147
2006-11-16,49.703106
2006-11-17,49.883217
2006-11-20,49.913200
2006-11-21,49.985256
2006-11-22,50.063297
2006-11-24,50.117336
2006-11-27,50.165375
2006-11-28,50.255398
2006-11-29,50.195396
2006-11-30,50.459545
2006-12-01,50.576401
2006-12-04,50.570377
2006-12-05,50.504128
2006-12-06,50.425793
2006-12-07,50.407726
2006-12-08,50.178764
2006-12-11,50.335403
2006-12-12,50.425793
2006-12-13,50.166718
2006-12-14,50.088398
2006-12-15,50.100426
2006-12-18,50.124538
2006-12-19,50.112495
2006-12-20,50.100426
2006-12-21,50.281181
2006-12-22,50.052238
2006-12-26,50.088398
2006-12-27,49.954800
2006-12-28,49.839993
2006-12-29,49.815857
2007-01-03,49.960838
2007-01-04,50.142174
2007-01-05,49.979046
2007-01-08,50.015266
2007-01-09,50.003166
2007-01-10,49.918571
2007-01-11,49.785648
2007-01-12,49.682941
2007-01-16,49.779579
2007-01-17,49.682941
2007-01-18,49.749348
2007-01-19,49.670834
2007-01-22,49.761505
2007-01-23,49.616432
2007-01-24,49.622486
2007-01-25,49.429100
2007-01-26,49.423058
2007-01-29,49.386806
2007-01-30,49.435162
2007-01-31,49.616432
2007-02-01,49.580650
2007-02-02,49.623142
2007-02-05,49.677692
2007-02-06,49.817188
2007-02-07,49.926384
2007-02-08,49.938496
2007-02-09,49.786903
2007-02-12,49.720150
2007-02-13,49.683777
2007-02-14,49.968826
2007-02-15,50.047691
2007-02-16,50.102314
2007-02-20,50.162914
2007-02-21,50.156872
2007-02-22,50.029491
2007-02-23,50.229671
2007-02-26,50.387383
2007-02-27,50.811989
2007-02-28,50.636074
2007-03-01,50.681721
2007-03-02,50.846043
2007-03-05,50.876427
2007-03-06,50.809528
2007-03-07,50.900810
2007-03-08,50.894718
2007-03-09,50.608665
2007-03-12,50.748642
2007-03-13,50.973824
2007-03-14,50.906887
2007-03-15,50.852104
2007-03-16,50.846043
2007-03-19,50.779118
2007-03-20,50.852104
2007-03-21,50.925133
2007-03-22,50.754745
2007-03-23,50.675591
2007-03-26,50.718235
2007-03-27,50.706074
2007-03-28,50.699959
2007-03-29,50.626972
2007-03-30,50.566116
2007-04-02,50.622276
2007-04-03,50.579540
2007-04-04,50.658962
2007-04-05,50.530670
2007-04-09,50.298462
2007-04-10,50.402348
2007-04-11,50.341274
2007-04-12,50.390152
2007-04-13,50.304585
2007-04-16,50.359612
2007-04-17,50.573441
2007-04-18,50.689537
2007-04-19,50.683384
2007-04-20,50.628403
2007-04-23,50.732277
2007-04-24,50.829990
2007-04-25,50.799488
2007-04-26,50.652882
2007-04-27,50.652882
2007-04-30,50.872768
2007-05-01,50.875240
2007-05-02,50.813889
2007-05-03,50.758694
2007-05-04,50.887501
2007-05-07,50.930439
2007-05-08,50.930439
2007-05-09,50.764870
2007-05-10,50.893658
2007-05-11,50.789410
2007-05-14,50.715782
2007-05-15,50.709618
2007-05-16,50.679008
2007-05-17,50.544098
2007-05-18,50.396881
2007-05-21,50.464352
2007-05-22,50.323307
2007-05-23,50.225204
2007-05-24,50.292648
2007-05-25,50.237453
2007-05-29,50.133194
2007-05-30,50.182255
2007-05-31,50.163910
2007-06-01,49.947762
2007-06-04,50.027802
2007-06-05,49.867687
2007-06-06,49.892292
2007-06-07,49.393581
2007-06-08,49.485947
2007-06-11,49.356632
2007-06-12,49.005695
2007-06-13,49.165752
2007-06-14,49.178082
2007-06-15,49.393581
2007-06-18,49.368942
2007-06-19,49.609074
2007-06-20,49.449009
2007-06-21,49.387417
2007-06-22,49.535217
2007-06-25,49.695297
2007-06-26,49.707596
2007-06-27,49.701443
2007-06-28,49.670666
2007-06-29,49.929291
2007-07-02,50.005310
2007-07-03,49.856930
2007-07-05,49.578789
2007-07-06,49.461346
2007-07-09,49.640617
2007-07-10,49.980621
2007-07-11,49.807510
2007-07-12,49.665340
2007-07-13,49.776608
2007-07-16,49.974407
2007-07-17,49.869316
2007-07-18,50.048561
2007-07-19,50.042404
2007-07-20,50.289600
2007-07-23,50.271114
2007-07-24,50.407089
2007-07-25,50.475033
2007-07-26,50.876808
2007-07-27,50.975746
2007-07-30,50.845924
2007-07-31,51.056118
2007-08-01,50.914600
2007-08-02,50.951881
2007-08-03,51.280712
2007-08-06,51.075909
2007-08-07,51.069733
2007-08-08,50.716022
2007-08-09,51.001492
2007-08-10,50.926994
2007-08-13,51.007706
2007-08-14,51.193863
2007-08-15,51.286945
2007-08-16,51.485523
2007-08-17,51.522747
2007-08-20,51.634453
2007-08-21,51.857803
2007-08-22,51.690258
2007-08-23,51.708889
2007-08-24,51.727470
2007-08-27,51.870193
2007-08-28,52.137043
2007-08-29,51.938450
2007-08-30,52.199162
2007-08-31,52.211540
2007-09-04,52.114326
2007-09-05,52.438267
2007-09-06,52.326157
2007-09-07,52.886856
2007-09-10,53.005219
2007-09-11,52.893078
2007-09-12,52.762249
2007-09-13,52.450737
2007-09-14,52.519310
2007-09-17,52.550404
2007-09-18,52.494366
2007-09-19,52.307449
2007-09-20,51.715633
2007-09-21,51.977295
2007-09-24,52.045803
2007-09-25,52.052044
2007-09-26,52.070744
2007-09-27,52.238895
2007-09-28,52.257618
2007-10-01,52.320148
2007-10-02,52.432678
2007-10-03,52.395214
2007-10-04,52.488979
2007-10-05,52.026230
2007-10-08,52.213875
2007-10-09,52.051296
2007-10-10,52.101280
2007-10-11,52.107540
2007-10-12,51.932426
2007-10-15,51.982464
2007-10-16,52.126289
2007-10-17,52.445202
2007-10-18,52.645287
2007-10-19,53.095608
2007-10-22,52.995491
2007-10-23,52.982983
2007-10-24,53.251865
2007-10-25,53.208111
2007-10-26,53.076786
2007-10-29,53.120590
2007-10-30,53.176857
2007-10-31,52.820404
2007-11-01,53.251507
2007-11-02,53.395847
2007-11-05,53.333107
2007-11-06,53.238991
2007-11-07,53.433517
2007-11-08,53.552696
2007-11-09,53.872780
2007-11-12,53.966862
2007-11-13,53.690796
2007-11-14,53.728443
2007-11-15,54.029617
2007-11-16,54.029617
2007-11-19,54.418716
2007-11-20,54.274387
2007-11-21,54.701069
2007-11-23,54.537945
2007-11-26,55.284737
2007-11-27,54.770107
2007-11-28,54.575554
2007-11-29,54.883091
2007-11-30,54.958393
2007-12-03,55.175598
2007-12-04,55.225967
2007-12-05,55.018192
2007-12-06,54.728565
2007-12-07,54.375950
2007-12-10,54.250008
2007-12-11,54.992981
2007-12-12,54.533340
2007-12-13,54.130379
2007-12-14,53.972977
2007-12-17,54.294132
2007-12-18,54.401150
2007-12-19,54.835587
2007-12-20,54.747429
2007-12-21,54.350765
2007-12-24,54.193340
2007-12-26,53.935226
2007-12-27,54.297302
2007-12-28,54.733349
2007-12-31,54.986115
2008-01-02,55.377960
2008-01-03,55.491707
2008-01-04,55.637089
2008-01-07,55.738155
2008-01-08,55.858208
2008-01-09,55.769722
2008-01-10,55.618095
2008-01-11,55.972008
2008-01-14,55.997280
2008-01-15,56.363789
2008-01-16,56.256409
2008-01-17,56.711376
2008-01-18,56.629219
2008-01-22,57.261181
2008-01-23,56.995735
2008-01-24,56.477520
2008-01-25,57.002106
2008-01-28,56.793537
2008-01-29,56.565987
2008-01-30,56.540741
2008-01-31,56.831451
2008-02-01,57.015900
2008-02-04,56.698956
2008-02-05,57.098320
2008-02-06,56.996925
2008-02-07,56.356651
2008-02-08,56.832069
2008-02-11,56.958855
2008-02-12,56.838440
2008-02-13,56.597500
2008-02-14,56.286896
2008-02-15,56.407326
2008-02-19,56.001617
2008-02-20,55.950897
2008-02-21,56.527813
2008-02-22,56.369324
2008-02-25,55.995258
2008-02-26,56.134785
2008-02-27,56.267876
2008-02-28,56.927197
2008-02-29,57.535717
2008-03-03,57.389534
2008-03-04,57.173306
2008-03-05,56.925285
2008-03-06,57.383110
2008-03-07,57.580273
2008-03-10,57.993572
2008-03-11,57.364010
2008-03-12,58.025398
2008-03-13,57.720139
2008-03-14,58.317890
2008-03-17,58.610435
2008-03-18,58.209751
2008-03-19,58.712132
2008-03-20,58.839310
2008-03-24,57.802814
2008-03-25,58.006302
2008-03-26,58.050816
2008-03-27,57.974510
2008-03-28,58.203484
2008-03-31,58.305187
2008-04-01,57.795380
2008-04-02,57.603966
2008-04-03,57.603966
2008-04-04,58.044258
2008-04-07,57.661388
2008-04-08,57.667744
2008-04-09,58.012287
2008-04-10,57.782600
2008-04-11,58.031483
2008-04-14,57.884663
2008-04-15,57.623077
2008-04-16,57.233864
2008-04-17,57.099876
2008-04-18,57.042458
2008-04-21,57.048843
2008-04-22,57.093510
2008-04-23,57.036091
2008-04-24,56.589432
2008-04-25,56.512833
2008-04-28,56.614948
2008-04-29,56.717052
2008-04-30,56.895699
2008-05-01,56.889328
2008-05-02,56.428444
2008-05-05,56.511650
2008-05-06,56.332474
2008-05-07,56.556416
2008-05-08,56.921272
2008-05-09,56.985302
2008-05-12,56.889328
2008-05-13,56.415642
2008-05-14,56.396473
2008-05-15,56.710026
2008-05-16,56.614044
2008-05-19,56.742092
2008-05-20,56.914879
2008-05-21,56.780521
2008-05-22,56.409256
2008-05-23,56.658882
2008-05-27,56.383652
2008-05-28,55.961235
2008-05-29,55.698780
2008-05-30,55.884373
2008-06-02,56.216450
2008-06-03,56.511909
2008-06-04,56.306423
2008-06-05,56.010914
2008-06-06,56.499119
2008-06-09,56.094490
2008-06-10,55.760418
2008-06-11,55.818256
2008-06-12,55.330048
2008-06-13,55.201626
2008-06-16,55.208023
2008-06-17,55.394287
2008-06-18,55.696190
2008-06-19,55.375008
2008-06-20,55.631912
2008-06-23,55.606209
2008-06-24,55.901749
2008-06-25,55.895317
2008-06-26,56.210018
2008-06-27,56.486256
2008-06-30,56.524799
2008-07-01,56.371368
2008-07-02,56.506763
2008-07-03,56.526073
2008-07-07,56.790352
2008-07-08,56.932098
2008-07-09,57.202770
2008-07-10,57.222061
2008-07-11,56.687202
2008-07-14,56.990105
2008-07-15,57.196285
2008-07-16,56.674305
2008-07-17,56.403591
2008-07-18,56.210335
2008-07-21,56.339199
2008-07-22,56.145863
2008-07-23,56.055607
2008-07-24,56.539001
2008-07-25,56.210335
2008-07-28,56.532528
2008-07-29,56.371368
2008-07-30,56.480991
2008-07-31,56.932098
2008-08-01,56.960556
2008-08-04,56.921772
2008-08-05,56.630749
2008-08-06,56.650120
2008-08-07,57.180431
2008-08-08,57.154541
2008-08-11,56.876488
2008-08-12,57.270947
2008-08-13,57.148079
2008-08-14,57.322662
2008-08-15,57.536125
2008-08-18,57.678387
2008-08-19,57.594288
2008-08-20,57.762466
2008-08-21,57.639549
2008-08-22,57.471428
2008-08-25,57.852993
2008-08-26,57.872391
2008-08-27,57.956486
2008-08-28,57.872391
2008-08-29,57.801228
2008-09-02,58.115948
2008-09-03,58.258682
2008-09-04,58.550617
2008-09-05,58.420891
2008-09-08,58.427391
2008-09-09,58.693405
2008-09-10,58.544205
2008-09-11,58.440369
2008-09-12,58.148399
2008-09-15,59.264404
2008-09-16,59.095646
2008-09-17,59.627720
2008-09-18,58.926975
2008-09-19,57.875862
2008-09-22,57.752651
2008-09-23,57.752651
2008-09-24,57.901814
2008-09-25,57.726658
2008-09-26,57.687725
2008-09-29,58.492245
2008-09-30,57.720097
2008-10-01,58.127064
2008-10-02,58.452583
2008-10-03,58.673939
2008-10-06,59.149216
2008-10-07,59.103592
2008-10-08,58.348427
2008-10-09,57.762470
2008-10-10,57.085346
2008-10-13,56.694714
2008-10-14,56.427753
2008-10-15,56.890060
2008-10-16,56.903034
2008-10-17,57.261162
2008-10-20,57.319763
2008-10-21,57.925240
2008-10-22,58.367954
2008-10-23,58.446087
2008-10-24,58.198669
2008-10-27,58.166134
2008-10-28,57.697361
2008-10-29,57.781971
2008-10-30,57.339268
2008-10-31,57.222099
2008-11-03,57.313572
2008-11-04,57.999645
2008-11-05,58.306789
2008-11-06,58.130322
2008-11-07,57.921234
2008-11-10,57.980064
2008-11-11,58.195702
2008-11-12,58.555088
2008-11-13,58.130322
2008-11-14,58.705349
2008-11-17,58.953739
2008-11-18,59.411156
2008-11-19,60.051498
2008-11-20,61.260395
2008-11-21,60.698414
2008-11-24,60.129860
2008-11-25,61.162357
2008-11-26,61.534801
2008-11-28,61.658939
2008-12-01,62.493565
2008-12-02,62.821373
2008-12-03,62.919697
2008-12-04,63.313072
2008-12-05,62.644382
2008-12-08,62.408352
2008-12-09,62.939381
2008-12-10,62.880344
2008-12-11,63.260628
2008-12-12,63.437668
2008-12-15,63.575356
2008-12-16,64.585022
2008-12-17,65.024246
2008-12-18,65.463493
2008-12-19,65.247162
2008-12-22,65.076698
2008-12-23,65.043915
2008-12-24,64.978348
2008-12-26,65.325813
2008-12-29,65.469940
2008-12-30,65.562088
2008-12-31,64.838181
2009-01-02,63.910419
2009-01-05,63.798515
2009-01-06,63.759022
2009-01-07,63.772190
2009-01-08,63.943275
2009-01-09,64.239418
2009-01-12,64.640808
2009-01-13,64.686806
2009-01-14,65.048775
2009-01-15,64.996078
2009-01-16,64.397385
2009-01-20,64.298622
2009-01-21,63.726112
2009-01-22,63.304935
2009-01-23,63.318111
2009-01-26,63.160206
2009-01-27,63.574772
2009-01-28,63.166782
2009-01-29,62.344200
2009-01-30,62.317860
2009-02-02,62.823349
2009-02-03,62.282196
2009-02-04,61.965473
2009-02-05,62.110672
2009-02-06,61.734505
2009-02-09,61.609135
2009-02-10,62.434067
2009-02-11,62.915714
2009-02-12,62.895931
2009-02-13,62.401012
2009-02-17,63.450264
2009-02-18,62.988293
2009-02-19,62.638580
2009-02-20,62.816757
2009-02-23,62.876163
2009-02-24,62.638580
2009-02-25,62.071060
2009-02-26,61.912685
2009-02-27,61.859901
2009-03-02,62.480492
2009-03-03,62.401184
2009-03-04,62.083546
2009-03-05,62.811359
2009-03-06,62.513626
2009-03-09,62.540085
2009-03-10,62.083546
2009-03-11,62.526863
2009-03-12,62.705490
2009-03-13,62.659184
2009-03-16,62.301853
2009-03-17,62.182777
2009-03-18,64.313309
2009-03-19,64.094986
2009-03-20,64.094986
2009-03-23,63.876644
2009-03-24,63.783985
2009-03-25,63.400208
2009-03-26,63.565624
2009-03-27,63.525974
2009-03-30,63.797237
2009-03-31,63.909737
2009-04-01,64.066284
2009-04-02,63.648262
2009-04-03,62.918365
2009-04-06,62.772388
2009-04-07,62.931583
2009-04-08,63.243496
2009-04-09,62.871952
2009-04-13,63.243496
2009-04-14,63.568626
2009-04-15,63.628326
2009-04-16,63.376247
2009-04-17,62.865253
2009-04-20,63.303204
2009-04-21,63.057693
2009-04-22,62.905071
2009-04-23,62.891815
2009-04-24,62.646309
2009-04-27,62.905071
2009-04-28,62.599861
2009-04-29,62.261456
2009-04-30,62.155281
2009-05-01,61.955601
2009-05-04,62.015533
2009-05-05,62.002193
2009-05-06,62.028770
2009-05-07,61.509666
2009-05-08,61.582912
2009-05-11,62.161915
2009-05-12,62.121994
2009-05-13,62.408184
2009-05-14,62.414852
2009-05-15,62.261742
2009-05-18,61.895729
2009-05-19,61.809181
2009-05-20,62.002193
2009-05-21,61.323296
2009-05-22,60.963943
2009-05-26,60.557983
2009-05-27,59.872440
2009-05-28,60.185322
2009-05-29,60.864113
2009-06-01,59.870911
2009-06-02,60.071102
2009-06-03,60.438232
2009-06-04,59.737343
2009-06-05,59.143177
2009-06-08,58.842869
2009-06-09,59.096512
2009-06-10,58.742668
2009-06-11,59.143177
2009-06-12,59.456997
2009-06-15,59.723923
2009-06-16,60.057758
2009-06-17,59.897537
2009-06-18,59.169888
2009-06-19,59.443562
2009-06-22,59.763988
2009-06-23,59.957603
2009-06-24,59.730648
2009-06-25,60.478287
2009-06-26,60.558361
2009-06-29,60.685223
2009-06-30,60.525085
2009-07-01,60.486168
2009-07-02,60.687016
2009-07-06,60.727154
2009-07-07,60.968140
2009-07-08,61.670975
2009-07-09,61.309540
2009-07-10,61.691105
2009-07-13,61.470173
2009-07-14,61.061859
2009-07-15,60.271973
2009-07-16,60.633423
2009-07-17,60.225098
2009-07-20,60.446033
2009-07-21,61.122108
2009-07-22,60.760666
2009-07-23,60.171562
2009-07-24,60.298729
2009-07-27,60.017654
2009-07-28,60.138096
2009-07-29,60.178288
2009-07-30,60.419212
2009-07-31,61.028374
2009-08-03,60.379883
2009-08-04,60.205338
2009-08-05,59.862968
2009-08-06,59.862968
2009-08-07,59.466858
2009-08-10,59.849529
2009-08-11,60.265770
2009-08-12,60.097931
2009-08-13,60.567867
2009-08-14,60.755836
2009-08-17,61.172108
2009-08-18,60.957214
2009-08-19,61.185471
2009-08-20,61.346577
2009-08-21,60.722263
2009-08-24,61.098175
2009-08-25,61.259357
2009-08-26,61.339909
2009-08-27,61.172108
2009-08-28,61.313023
2009-08-31,61.494274
2009-09-01,61.653862
2009-09-02,61.990444
2009-09-03,61.768322
2009-09-04,61.398060
2009-09-08,61.256645
2009-09-09,61.310501
2009-09-10,61.768322
2009-09-11,61.950062
2009-09-14,61.586529
2009-09-15,61.458626
2009-09-16,61.411472
2009-09-17,61.714474
2009-09-18,61.384583
2009-09-21,61.344158
2009-09-22,61.505768
2009-09-23,61.640373
2009-09-24,61.808647
2009-09-25,62.057770
2009-09-28,62.165485
2009-09-29,62.138599
2009-09-30,62.185719
2009-10-01,62.653549
2009-10-02,62.626541
2009-10-05,62.619751
2009-10-06,62.417233
2009-10-07,62.815556
2009-10-08,62.586052
2009-10-09,61.985165
2009-10-12,62.167507
2009-10-13,62.309280
2009-10-14,61.883987
2009-10-15,61.681442
2009-10-16,61.964951
2009-10-19,62.059486
2009-10-20,62.201244
2009-10-21,62.059486
2009-10-22,61.877213
2009-10-23,61.573433
2009-10-26,61.222366
2009-10-27,61.748947
2009-10-28,61.937958
2009-10-29,61.640923
2009-10-30,62.099964
2009-11-02,61.936527
2009-11-03,61.793625
2009-11-04,61.623413
2009-11-05,61.637001
2009-11-06,61.820854
2009-11-09,61.848091
2009-11-10,61.895741
2009-11-11,62.072777
2009-11-12,62.093182
2009-11-13,62.140842
2009-11-16,62.474354
2009-11-17,62.610527
2009-11-18,62.453983
2009-11-19,62.528854
2009-11-20,62.522034
2009-11-23,62.433552
2009-11-24,62.753468
2009-11-25,62.964542
2009-11-27,63.250458
2009-11-30,63.352604
2009-12-01,63.003250
2009-12-02,62.873669
2009-12-03,62.580208
2009-12-04,62.116268
2009-12-07,62.286827
2009-12-08,62.505184
2009-12-09,62.382343
2009-12-10,62.170853
2009-12-11,61.863827
2009-12-14,61.863827
2009-12-15,61.665947
2009-12-16,61.665947
2009-12-17,62.211807
2009-12-18,61.904755
2009-12-21,61.270237
2009-12-22,60.997326
2009-12-23,60.969978
2009-12-24,60.751709
2009-12-28,60.587894
2009-12-29,60.747910
2009-12-30,60.857178
2009-12-31,60.563309
2010-01-04,60.713726
2010-01-05,60.980286
2010-01-06,60.734253
2010-01-07,60.734253
2010-01-08,60.809406
2010-01-11,60.850441
2010-01-12,61.287895
2010-01-13,60.993935
2010-01-14,61.281040
2010-01-15,61.554485
2010-01-19,61.445087
2010-01-20,61.657043
2010-01-21,61.882557
2010-01-22,61.937244
2010-01-25,61.800613
2010-01-26,61.923622
2010-01-27,61.780003
2010-01-28,61.759537
2010-01-29,61.998802
2010-02-01,61.786175
2010-02-02,61.889046
2010-02-03,61.594105
2010-02-04,62.101658
2010-02-05,62.300507
2010-02-08,62.245689
2010-02-09,61.909645
2010-02-10,61.738155
2010-02-11,61.662727
2010-02-12,61.806759
2010-02-16,61.943893
2010-02-17,61.614742
2010-02-18,61.395298
2010-02-19,61.429573
2010-02-22,61.381550
2010-02-23,61.847927
2010-02-24,61.882202
2010-02-25,62.108524
2010-02-26,62.204517
2010-03-01,62.269161
2010-03-02,62.303589
2010-03-03,62.241673
2010-03-04,62.351711
2010-03-05,62.055984
2010-03-08,61.890945
2010-03-09,62.049129
2010-03-10,61.945969
2010-03-11,61.890945
2010-03-12,61.987206
2010-03-15,61.987206
2010-03-16,62.227901
2010-03-17,62.303589
2010-03-18,62.138512
2010-03-19,62.055984
2010-03-22,62.262306
2010-03-23,62.131638
2010-03-24,61.512722
2010-03-25,61.285797
2010-03-26,61.430210
2010-03-29,61.340836
2010-03-30,61.402718
2010-03-31,61.547089
2010-04-01,61.419502
2010-04-05,60.867794
2010-04-06,61.047112
2010-04-07,61.426395
2010-04-08,61.357471
2010-04-09,61.426395
2010-04-12,61.591942
2010-04-13,61.709190
2010-04-14,61.543690
2010-04-15,61.647110
2010-04-16,62.019505
2010-04-19,61.867805
2010-04-20,61.895412
2010-04-21,62.095318
2010-04-22,61.950558
2010-04-23,61.778145
2010-04-26,61.819496
2010-04-27,62.398788
2010-04-28,62.081612
2010-04-29,62.184975
2010-04-30,62.564354
2010-05-03,62.400452
2010-05-04,62.822346
2010-05-05,63.064411
2010-05-06,63.756180
2010-05-07,63.583214
2010-05-10,63.099014
2010-05-11,63.175076
2010-05-12,63.016029
2010-05-13,63.188984
2010-05-14,63.597092
2010-05-17,63.458740
2010-05-18,63.922169
2010-05-19,63.977562
2010-05-20,64.600090
2010-05-21,64.634689
2010-05-24,64.634689
2010-05-25,64.856003
2010-05-26,64.724609
2010-05-27,64.108963
2010-05-28,64.399467
2010-06-01,64.482697
2010-06-02,64.115044
2010-06-03,64.024925
2010-06-04,64.912788
2010-06-07,65.176346
2010-06-08,64.975235
2010-06-09,64.982155
2010-06-10,64.378670
2010-06-11,64.787956
2010-06-14,64.732399
2010-06-15,64.531273
2010-06-16,64.711639
2010-06-17,65.016792
2010-06-18,64.885025
2010-06-21,64.836479
2010-06-22,65.224937
2010-06-23,65.467690
2010-06-24,65.412239
2010-06-25,65.516266
2010-06-28,65.981010
2010-06-29,66.265411
2010-06-30,66.362511
2010-07-01,66.333321
2010-07-02,66.215088
2010-07-06,66.375084
2010-07-07,66.166420
2010-07-08,66.006454
2010-07-09,65.832619
2010-07-12,65.943901
2010-07-13,65.617027
2010-07-14,65.943901
2010-07-15,66.284630
2010-07-16,66.667145
2010-07-19,66.493309
2010-07-20,66.562836
2010-07-21,66.987061
2010-07-22,66.618500
2010-07-23,66.402870
2010-07-26,66.382027
2010-07-27,66.152512
2010-07-28,66.437660
2010-07-29,66.576744
2010-07-30,66.966194
2010-08-02,66.759094
2010-08-03,67.072884
2010-08-04,66.794014
2010-08-05,67.114746
2010-08-06,67.554016
2010-08-09,67.540077
2010-08-10,67.881775
2010-08-11,68.265274
2010-08-12,68.090935
2010-08-13,68.383812
2010-08-16,68.878914
2010-08-17,68.530235
2010-08-18,68.460510
2010-08-19,68.767372
2010-08-20,68.544174
2010-08-23,68.634842
2010-08-24,69.178749
2010-08-25,68.864937
2010-08-26,69.178749
2010-08-27,68.383812
2010-08-30,68.906769
2010-08-31,69.213600
2010-09-01,68.715179
2010-09-02,68.428558
2010-09-03,68.037109
2010-09-07,68.575356
2010-09-08,68.386627
2010-09-09,67.848381
2010-09-10,67.652649
2010-09-13,67.974167
2010-09-14,68.316742
2010-09-15,68.079010
2010-09-16,67.841415
2010-09-17,67.995186
2010-09-20,68.204857
2010-09-21,68.841011
2010-09-22,68.945862
2010-09-23,69.043732
2010-09-24,68.701187
2010-09-27,69.232475
2010-09-28,69.463135
2010-09-29,69.295357
2010-09-30,69.211517
2010-10-01,69.248596
2010-10-04,69.493881
2010-10-05,69.507912
2010-10-06,69.956337
2010-10-07,70.026405
2010-10-08,70.054405
2010-10-11,70.124481
2010-10-12,69.921303
2010-10-13,69.921303
2010-10-14,69.521919
2010-10-15,69.220573
2010-10-18,69.549927
2010-10-19,69.788200
2010-10-20,69.746117
2010-10-21,69.360725
2010-10-22,69.381729
2010-10-25,69.360725
2010-10-26,68.898277
2010-10-27,68.498894
2010-10-28,68.898277
2010-10-29,69.206596
2010-11-01,69.090721
2010-11-02,69.322472
2010-11-03,69.547203
2010-11-04,70.109116
2010-11-05,69.814110
2010-11-08,69.835213
2010-11-09,69.245247
2010-11-10,69.505119
2010-11-11,69.427834
2010-11-12,68.851883
2010-11-15,67.966911
2010-11-16,68.472664
2010-11-17,68.275986
2010-11-18,68.114410
2010-11-19,68.254913
2010-11-22,68.620140
2010-11-23,68.760559
2010-11-24,68.023079
2010-11-26,68.318130
2010-11-29,68.465569
2010-11-30,68.585014
2010-12-01,67.683113
2010-12-02,67.514061
2010-12-03,67.521156
2010-12-06,67.943604
2010-12-07,66.817062
2010-12-08,66.246750
2010-12-09,66.387527
2010-12-10,65.824287
2010-12-13,66.035576
2010-12-14,65.338463
2010-12-15,65.070930
2010-12-16,65.458183
2010-12-17,66.021431
2010-12-20,66.014404
2010-12-21,66.155235
2010-12-22,65.972122
2010-12-23,65.739822
2010-12-27,65.993309
2010-12-28,65.300079
2010-12-29,66.034195
2010-12-30,65.900085
2010-12-31,66.231865
2011-01-03,66.027168
2011-01-04,66.182518
2011-01-05,65.469460
2011-01-06,65.808327
2011-01-07,66.246010
2011-01-10,66.471893
2011-01-11,66.210777
2011-01-12,66.020164
2011-01-13,66.464890
2011-01-14,66.281342
2011-01-18,66.118942
2011-01-19,66.288406
2011-01-20,65.773026
2011-01-21,65.991890
2011-01-24,65.998924
2011-01-25,66.330742
2011-01-26,65.928329
2011-01-27,66.175407
2011-01-28,66.479012
2011-01-31,66.217758
2011-02-01,65.909935
2011-02-02,65.754219
2011-02-03,65.379105
2011-02-04,64.975739
2011-02-07,64.947426
2011-02-08,64.501518
2011-02-09,64.869530
2011-02-10,64.657295
2011-02-11,64.954521
2011-02-14,64.975739
2011-02-15,65.124336
2011-02-16,65.032310
2011-02-17,65.273003
2011-02-18,65.258774
2011-02-22,65.888687
2011-02-23,65.725945
2011-02-24,65.895744
2011-02-25,66.108116
2011-02-28,66.079742
2011-03-01,66.154999
2011-03-02,65.807358
2011-03-03,65.360451
2011-03-04,65.828674
2011-03-07,65.665527
2011-03-08,65.509453
2011-03-09,65.892494
2011-03-10,66.452904
2011-03-11,66.296806
2011-03-14,66.445778
2011-03-15,66.686996
2011-03-16,67.254471
2011-03-17,67.048767
2011-03-18,67.006226
2011-03-21,66.658615
2011-03-22,66.694077
2011-03-23,66.608940
2011-03-24,66.268494
2011-03-25,66.091141
2011-03-28,66.112381
2011-03-29,65.920898
2011-03-30,66.147865
2011-03-31,65.977654
2011-04-01,66.118462
2011-04-04,66.267830
2011-04-05,65.933495
2011-04-06,65.649040
2011-04-07,65.656128
2011-04-08,65.464088
2011-04-11,65.549492
2011-04-12,65.919327
2011-04-13,66.175346
2011-04-14,65.954872
2011-04-15,66.438515
2011-04-18,66.602104
2011-04-19,66.687462
2011-04-20,66.424255
2011-04-21,66.474060
2011-04-25,66.708832
2011-04-26,66.993286
2011-04-27,66.801239
2011-04-28,67.057297
2011-04-29,67.192474
2011-05-02,67.171730
2011-05-03,67.349976
2011-05-04,67.521172
2011-05-05,67.856316
2011-05-06,67.892006
2011-05-09,67.991798
2011-05-10,67.663818
2011-05-11,67.906227
2011-05-12,67.756500
2011-05-13,68.020279
2011-05-16,68.184341
2011-05-17,68.384026
2011-05-18,67.991798
2011-05-19,68.063118
2011-05-20,68.227119
2011-05-23,68.319794
2011-05-24,68.391121
2011-05-25,68.398247
2011-05-26,68.776161
2011-05-27,68.769096
2011-05-31,68.876022
2011-06-01,69.443649
2011-06-02,69.029007
2011-06-03,69.300659
2011-06-06,69.257759
2011-06-07,69.386475
2011-06-08,69.536568
2011-06-09,69.257759
2011-06-10,69.479385
2011-06-13,69.329247
2011-06-14,68.778801
2011-06-15,69.522293
2011-06-16,69.715309
2011-06-17,69.665268
2011-06-20,69.558044
2011-06-21,69.465103
2011-06-22,69.436516
2011-06-23,69.801079
2011-06-24,70.094170
2011-06-27,69.822487
2011-06-28,69.179169
2011-06-29,68.764534
2011-06-30,68.528656
2011-07-01,68.357346
2011-07-05,68.787292
2011-07-06,68.909149
2011-07-07,68.643974
2011-07-08,69.374901
2011-07-11,69.905212
2011-07-12,70.005539
2011-07-13,70.120224
2011-07-14,69.718880
2011-07-15,70.005539
2011-07-18,69.962524
2011-07-19,70.227615
2011-07-20,69.883713
2011-07-21,69.496758
2011-07-22,69.761887
2011-07-25,69.539749
2011-07-26,69.833534
2011-07-27,69.718880
2011-07-28,69.855011
2011-07-29,70.700607
2011-08-01,70.957817
2011-08-02,71.611504
2011-08-03,71.668991
2011-08-04,72.617119
2011-08-05,71.776749
2011-08-08,72.918915
2011-08-09,73.342728
2011-08-10,74.312469
2011-08-11,73.220612
2011-08-12,73.730614
2011-08-15,73.457626
2011-08-16,73.795235
2011-08-17,74.312469
2011-08-18,74.700356
2011-08-19,74.779327
2011-08-22,74.642868
2011-08-23,74.341202
2011-08-24,73.543816
2011-08-25,73.996376
2011-08-26,74.233406
2011-08-29,73.744980
2011-08-30,74.255005
2011-08-31,73.989235
2011-09-01,74.578796
2011-09-02,75.262779
2011-09-06,75.363579
2011-09-07,74.960442
2011-09-08,75.327560
2011-09-09,75.694756
2011-09-12,75.464424
2011-09-13,75.241226
2011-09-14,75.284348
2011-09-15,74.722870
2011-09-16,74.866806
2011-09-19,75.478729
2011-09-20,75.579567
2011-09-21,75.903564
2011-09-22,76.609085
2011-09-23,75.975510
2011-09-26,75.658722
2011-09-27,75.154839
2011-09-28,75.169205
2011-09-29,75.169205
2011-09-30,75.644371
2011-10-03,76.344864
2011-10-04,75.955292
2011-10-05,75.637840
2011-10-06,75.111267
2011-10-07,74.721725
2011-10-10,73.935402
2011-10-11,74.180687
2011-10-12,73.928162
2011-10-13,74.223915
2011-10-14,73.856010
2011-10-17,74.339378
2011-10-18,74.260002
2011-10-19,74.375427
2011-10-20,74.223915
2011-10-21,74.086891
2011-10-24,74.050789
2011-10-25,74.685677
2011-10-26,74.137421
2011-10-27,73.242867
2011-10-28,73.682922
2011-10-31,74.671211
2011-11-01,75.566818
2011-11-02,75.386093
2011-11-03,75.031914
2011-11-04,75.256004
2011-11-07,75.342705
2011-11-08,75.002975
2011-11-09,75.668045
2011-11-10,75.299370
2011-11-11,74.952393
2011-11-14,75.422195
2011-11-15,75.320999
2011-11-16,75.595741
2011-11-17,75.747528
2011-11-18,75.465599
2011-11-21,75.675270
2011-11-22,75.906540
2011-11-23,76.166771
2011-11-25,75.682495
2011-11-28,75.689690
2011-11-29,75.545166
2011-11-30,75.104202
2011-12-01,75.082443
2011-12-02,75.415619
2011-12-05,75.372162
2011-12-06,75.176613
2011-12-07,75.516991
2011-12-08,75.900826
2011-12-09,75.379356
2011-12-12,75.640160
2011-12-13,75.987747
2011-12-14,76.306450
2011-12-15,76.241234
2011-12-16,76.610634
2011-12-19,76.871361
2011-12-20,76.176056
2011-12-21,75.929840
2011-12-22,76.024002
2011-12-23,75.712540
2011-12-27,75.755333
2011-12-28,76.234207
2011-12-29,76.328598
2011-12-30,76.596970
2012-01-03,76.110909
2012-01-04,75.871445
2012-01-05,75.885933
2012-01-06,76.183434
2012-01-09,76.198013
2012-01-10,76.045624
2012-01-11,76.488174
2012-01-12,76.328598
2012-01-13,76.669556
2012-01-17,76.742149
2012-01-18,76.502739
2012-01-19,76.045624
2012-01-20,75.784416
2012-01-23,75.617500
2012-01-24,75.704552
2012-01-25,76.067345
2012-01-26,76.473679
2012-01-27,76.705879
2012-01-30,76.967079
2012-01-31,77.257286
2012-02-01,76.989059
2012-02-02,77.098091
2012-02-03,76.487541
2012-02-06,76.698250
2012-02-07,76.204048
2012-02-08,76.240387
2012-02-09,76.065948
2012-02-10,76.494820
2012-02-13,76.443939
2012-02-14,76.603806
2012-02-15,76.661972
2012-02-16,76.313034
2012-02-17,76.233116
2012-02-21,75.956886
2012-02-22,76.254906
2012-02-23,76.363922
2012-02-24,76.422073
2012-02-27,76.676498
2012-02-28,76.712898
2012-02-29,76.407616
2012-03-01,76.160042
2012-03-02,76.465805
2012-03-05,76.312866
2012-03-06,76.633224
2012-03-07,76.487648
2012-03-08,76.261978
2012-03-09,76.203697
2012-03-12,76.181885
2012-03-13,75.635872
2012-03-14,74.769478
2012-03-15,74.747604
2012-03-16,74.725777
2012-03-19,74.267174
2012-03-20,74.303543
2012-03-21,74.682121
2012-03-22,74.776779
2012-03-23,75.053421
2012-03-26,74.966026
2012-03-27,75.381012
2012-03-28,75.249985
2012-03-29,75.562958
2012-03-30,75.191742
2012-04-02,75.371880
2012-04-03,74.817581
2012-04-04,75.196846
2012-04-05,75.532326
2012-04-09,76.305367
2012-04-10,76.662735
2012-04-11,76.363686
2012-04-12,76.210526
2012-04-13,76.670006
2012-04-16,76.648148
2012-04-17,76.567917
2012-04-18,76.721100
2012-04-19,76.808556
2012-04-20,76.815849
2012-04-23,76.968987
2012-04-24,76.772141
2012-04-25,76.677315
2012-04-26,76.932564
2012-04-27,77.012779
2012-04-30,77.078423
2012-05-01,76.938194
2012-05-02,77.084251
2012-05-03,77.076942
2012-05-04,77.383690
2012-05-07,77.361855
2012-05-08,77.537132
2012-05-09,77.602898
2012-05-10,77.493286
2012-05-11,77.748924
2012-05-14,78.092278
2012-05-15,78.114159
2012-05-16,78.172607
2012-05-17,78.464790
2012-05-18,78.413643
2012-05-21,78.209106
2012-05-22,78.041153
2012-05-23,78.245644
2012-05-24,78.077667
2012-05-25,78.304100
2012-05-29,78.238342
2012-05-30,78.983383
2012-05-31,79.290192
2012-06-01,79.971321
2012-06-04,79.510460
2012-06-05,79.247040
2012-06-06,78.727577
2012-06-07,78.917809
2012-06-08,78.976372
2012-06-11,79.188499
2012-06-12,78.764175
2012-06-13,79.181190
2012-06-14,78.969025
2012-06-15,79.334824
2012-06-18,79.312859
2012-06-19,79.042137
2012-06-20,78.881248
2012-06-21,79.049507
2012-06-22,78.705635
2012-06-25,79.137299
2012-06-26,78.961693
2012-06-27,79.071426
2012-06-28,79.327522
2012-06-29,78.961693
2012-07-02,79.328049
2012-07-03,79.130264
2012-07-05,79.342682
2012-07-06,79.621132
2012-07-09,79.840927
2012-07-10,79.877617
2012-07-11,79.804306
2012-07-12,79.987473
2012-07-13,79.921585
2012-07-16,80.097359
2012-07-17,79.892189
2012-07-18,79.972801
2012-07-19,79.855560
2012-07-20,80.170654
2012-07-23,80.302528
2012-07-24,80.456436
2012-07-25,80.500343
2012-07-26,80.251198
2012-07-27,79.672470
2012-07-30,79.928902
2012-07-31,80.068047
2012-08-01,79.776024
2012-08-02,79.966843
2012-08-03,79.548523
2012-08-06,79.599915
2012-08-07,79.181671
2012-08-08,79.071609
2012-08-09,79.012901
2012-08-10,79.240341
2012-08-13,79.189034
2012-08-14,78.800095
2012-08-15,78.403862
2012-08-16,78.213043
2012-08-17,78.308517
2012-08-20,78.352493
2012-08-21,78.418518
2012-08-22,79.027542
2012-08-23,79.167023
2012-08-24,79.130341
2012-08-27,79.335762
2012-08-28,79.365120
2012-08-29,79.313728
2012-08-30,79.460510
2012-08-31,79.974136
2012-09-04,79.791183
2012-09-05,79.761787
2012-09-06,79.218048
2012-09-07,79.320885
2012-09-10,79.357674
2012-09-11,79.210693
2012-09-12,78.821236
2012-09-13,79.048996
2012-09-14,78.306892
2012-09-17,78.468590
2012-09-18,78.666931
2012-09-19,78.850639
2012-09-20,78.894760
2012-09-21,79.063751
2012-09-24,79.240135
2012-09-25,79.533989
2012-09-26,79.864662
2012-09-27,79.695656
2012-09-28,79.695656
2012-10-01,79.843567
2012-10-02,79.792030
2012-10-03,79.872971
2012-10-04,79.556580
2012-10-05,79.196045
2012-10-08,79.453568
2012-10-09,79.291695
2012-10-10,79.483040
2012-10-11,79.556580
2012-10-12,79.563942
2012-10-15,79.586029
2012-10-16,79.210808
2012-10-17,78.710464
2012-10-18,78.570732
2012-10-19,78.901794
2012-10-22,78.636948
2012-10-23,79.012138
2012-10-24,78.842934
2012-10-25,78.555931
2012-10-26,79.056305
2012-10-31,79.380035
2012-11-01,79.221596
2012-11-02,79.287910
2012-11-05,79.479439
2012-11-06,79.118492
2012-11-07,79.781525
2012-11-08,80.135216
2012-11-09,80.142570
2012-11-12,80.194130
2012-11-13,80.289940
2012-11-14,80.311996
2012-11-15,80.275208
2012-11-16,80.326698
2012-11-19,80.164658
2012-11-20,79.833138
2012-11-21,79.715309
2012-11-23,79.671021
2012-11-26,79.803635
2012-11-27,79.987770
2012-11-28,80.090996
2012-11-29,80.171997
2012-11-30,80.157280
2012-12-03,80.125610
2012-12-04,80.265724
2012-12-05,80.332100
2012-12-06,80.376396
2012-12-07,80.147720
2012-12-10,80.221489
2012-12-11,80.066559
2012-12-12,79.727180
2012-12-13,79.572334
2012-12-14,79.749367
2012-12-17,79.328896
2012-12-18,79.019066
2012-12-19,79.129730
2012-12-20,79.181358
2012-12-21,79.395241
2012-12-24,79.314125
2012-12-26,79.477356
2012-12-27,79.639870
2012-12-28,79.824585
2012-12-31,79.403481
2013-01-02,79.041550
2013-01-03,78.635262
2013-01-04,78.672203
2013-01-07,78.716507
2013-01-08,78.908562
2013-01-09,78.952896
2013-01-10,78.723877
2013-01-11,78.975044
2013-01-14,78.945511
2013-01-15,79.137550
2013-01-16,79.240997
2013-01-17,78.879028
2013-01-18,79.100655
2013-01-22,79.167137
2013-01-23,79.204094
2013-01-24,79.071045
2013-01-25,78.546654
2013-01-28,78.384094
2013-01-29,78.265915
2013-01-30,78.310265
2013-01-31,78.376740
2013-02-01,78.110405
2013-02-04,78.561638
2013-02-05,78.280487
2013-02-06,78.517235
2013-02-07,78.554214
2013-02-08,78.613464
2013-02-11,78.532043
2013-02-12,78.450691
2013-02-13,78.176956
2013-02-14,78.509842
2013-02-15,78.435852
2013-02-19,78.310135
2013-02-20,78.480263
2013-02-21,78.635620
2013-02-22,78.731758
2013-02-25,79.338272
2013-02-26,79.190323
2013-02-27,79.153374
2013-02-28,79.264336
2013-03-01,79.462051
2013-03-04,79.276917
2013-03-05,79.195465
2013-03-06,78.943657
2013-03-07,78.640045
2013-03-08,78.240189
2013-03-11,78.277153
2013-03-12,78.491920
2013-03-13,78.425278
2013-03-14,78.447464
2013-03-15,78.721504
2013-03-18,78.980682
2013-03-19,79.225067
2013-03-20,78.921448
2013-03-21,79.128784
2013-03-22,79.158440
2013-03-25,79.217667
2013-03-26,79.299141
2013-03-27,79.639771
2013-03-28,79.491684
2013-04-01,79.703018
2013-04-02,79.547279
2013-04-03,79.881004
2013-04-04,80.199860
2013-04-05,80.452034
2013-04-08,80.192436
2013-04-09,80.222084
2013-04-10,79.888451
2013-04-11,79.977371
2013-04-12,80.422310
2013-04-15,80.600304
2013-04-16,80.370468
2013-04-17,80.518761
2013-04-18,80.563217
2013-04-19,80.518761
2013-04-22,80.563217
2013-04-23,80.511246
2013-04-24,80.548424
2013-04-25,80.459412
2013-04-26,80.748589
2013-04-29,80.718964
2013-04-30,80.704178
2013-05-01,80.967728
2013-05-02,80.967728
2013-05-03,80.277206
2013-05-06,80.173264
2013-05-07,80.061913
2013-05-08,80.158379
2013-05-09,80.143578
2013-05-10,79.690636
2013-05-13,79.549614
2013-05-14,79.230354
2013-05-15,79.438240
2013-05-16,79.816849
2013-05-17,79.386284
2013-05-20,79.326828
2013-05-21,79.534721
2013-05-22,78.903610
2013-05-23,78.985329
2013-05-24,79.014992
2013-05-28,78.086906
2013-05-29,78.406166
2013-05-30,78.413597
2013-05-31,78.198227
2013-06-03,78.311256
2013-06-04,78.110527
2013-06-05,78.489731
2013-06-06,78.586365
2013-06-07,77.976707
2013-06-10,77.783432
2013-06-11,77.976707
2013-06-12,77.627312
2013-06-13,78.214638
2013-06-14,78.318733
2013-06-17,78.132797
2013-06-18,78.088181
2013-06-19,77.017593
2013-06-20,76.668175
2013-06-21,75.857758
2013-06-24,75.671890
2013-06-25,75.582664
2013-06-26,75.887505
2013-06-27,76.296394
2013-06-28,76.207207
2013-07-01,76.236275
2013-07-02,76.266006
2013-07-03,76.117126
2013-07-05,74.836540
2013-07-08,75.275848
2013-07-09,75.402412
2013-07-10,75.134422
2013-07-11,75.886314
2013-07-12,75.826797
2013-07-15,76.064995
2013-07-16,76.102196
2013-07-17,76.437263
2013-07-18,76.079910
2013-07-19,76.496803
2013-07-22,76.489365
2013-07-23,76.400009
2013-07-24,75.886314
2013-07-25,75.997993
2013-07-26,76.064995
2013-07-29,75.908653
2013-07-30,75.886314
2013-07-31,75.938446
2013-08-01,75.268204
2013-08-02,75.909370
2013-08-05,75.670784
2013-08-06,75.693169
2013-08-07,75.968971
2013-08-08,76.080833
2013-08-09,76.133034
2013-08-12,75.983932
2013-08-13,75.298042
2013-08-14,75.365128
2013-08-15,74.947617
2013-08-16,74.656898
2013-08-19,74.336266
2013-08-20,74.738846
2013-08-21,74.269218
2013-08-22,74.239388
2013-08-23,74.656898
2013-08-26,74.805977
2013-08-27,75.230942
2013-08-28,74.925285
2013-08-29,74.999855
2013-08-30,74.858200
2013-09-03,74.433311
2013-09-04,74.186943
2013-09-05,73.619499
2013-09-06,74.067505
2013-09-09,74.216797
2013-09-10,73.873367
2013-09-11,74.246689
2013-09-12,74.254112
2013-09-13,74.351196
2013-09-16,74.515488
2013-09-17,74.664795
2013-09-18,75.590668
2013-09-19,75.329300
2013-09-20,75.403984
2013-09-23,75.687675
2013-09-24,75.963966
2013-09-25,76.173012
2013-09-26,76.008804
2013-09-27,76.113297
2013-09-30,76.240242
2013-10-01,76.070480
2013-10-02,76.197594
2013-10-03,76.302299
2013-10-04,76.092911
2013-10-07,76.160233
2013-10-08,76.122864
2013-10-09,75.988243
2013-10-10,75.823753
2013-10-11,75.935905
2013-10-14,75.681633
2013-10-15,75.696579
2013-10-16,76.062973
2013-10-17,76.496735
2013-10-18,76.504211
2013-10-21,76.451843
2013-10-22,76.982712
2013-10-23,77.117355
2013-10-24,76.960335
2013-10-25,77.094887
2013-10-28,77.020172
2013-10-29,77.124832
2013-10-30,76.922958
2013-10-31,76.833237
2013-11-01,76.407028
2013-11-04,76.556862
2013-11-05,76.212326
2013-11-06,76.444519
2013-11-07,76.646690
2013-11-08,75.785446
2013-11-11,75.747993
2013-11-12,75.680595
2013-11-13,75.995186
2013-11-14,76.362114
2013-11-15,76.302177
2013-11-18,76.571846
2013-11-19,76.287247
2013-11-20,75.867828
2013-11-21,75.935204
2013-11-22,76.152428
2013-11-25,76.212326
2013-11-26,76.377121
2013-11-27,76.204872
2013-11-29,76.159889
2013-12-02,75.832840
2013-12-03,75.967903
2013-12-04,75.622787
2013-12-05,75.435211
2013-12-06,75.502777
2013-12-09,75.592796
2013-12-10,75.907875
2013-12-11,75.615288
2013-12-12,75.397736
2013-12-13,75.510284
2013-12-16,75.472733
2013-12-17,75.712822
2013-12-18,75.427719
2013-12-19,75.112671
2013-12-20,75.345215
2013-12-23,75.105164
2013-12-24,74.812645
2013-12-26,74.748032
2013-12-27,74.702927
2013-12-30,74.905777
2013-12-31,74.567711
2014-01-02,74.860725
2014-01-03,74.815628
2014-01-06,75.026016
2014-01-07,75.146248
2014-01-08,74.778107
2014-01-09,74.973419
2014-01-10,75.604584
2014-01-13,75.822472
2014-01-14,75.536949
2014-01-15,75.469376
2014-01-16,75.679756
2014-01-17,75.860054
2014-01-21,75.777412
2014-01-22,75.567032
2014-01-23,76.077942
2014-01-24,76.386063
2014-01-27,76.153061
2014-01-28,76.265839
2014-01-29,76.626526
2014-01-30,76.551331
2014-01-31,76.851883
2014-02-03,77.269669
2014-02-04,77.036346
2014-02-05,76.757759
2014-02-06,76.614792
2014-02-07,76.817993
2014-02-10,76.855667
2014-02-11,76.516991
2014-02-12,76.336319
2014-02-13,76.697639
2014-02-14,76.644920
2014-02-18,76.833069
2014-02-19,76.682526
2014-02-20,76.599747
2014-02-21,76.697639
2014-02-24,76.622360
2014-02-25,76.885803
2014-02-26,77.111557
2014-02-27,77.201912
2014-02-28,77.126579
2014-03-03,77.508080
2014-03-04,76.912537
2014-03-05,76.995445
2014-03-06,76.663734
2014-03-07,76.332001
2014-03-10,76.414925
2014-03-11,76.490311
2014-03-12,76.791885
2014-03-13,77.244209
2014-03-14,77.251793
2014-03-17,76.942657
2014-03-18,77.131172
2014-03-19,76.414925
2014-03-20,76.430016
2014-03-21,76.573219
2014-03-24,76.603416
2014-03-25,76.558167
2014-03-26,76.882362
2014-03-27,76.957764
2014-03-28,76.686325
2014-03-31,76.693886
2014-04-01,76.535278
2014-04-02,76.202942
2014-04-03,76.255821
2014-04-04,76.724091
2014-04-07,76.905319
2014-04-08,77.011063
2014-04-09,76.988411
2014-04-10,77.313263
2014-04-11,77.471848
2014-04-14,77.351021
2014-04-15,77.441597
2014-04-16,77.320808
2014-04-17,76.882721
2014-04-21,76.867607
2014-04-22,76.837395
2014-04-23,77.033783
2014-04-24,77.011063
2014-04-25,77.116859
2014-04-28,77.003548
2014-04-29,77.071533
2014-04-30,77.275475
2014-05-01,77.497986
2014-05-02,77.611420
2014-05-05,77.566048
2014-05-06,77.656891
2014-05-07,77.717407
2014-05-08,77.800705
2014-05-09,77.740128
2014-05-12,77.535828
2014-05-13,77.838470
2014-05-14,78.194214
2014-05-15,78.474152
2014-05-16,78.307686
2014-05-19,78.209274
2014-05-20,78.436325
2014-05-21,78.315208
2014-05-22,78.231979
2014-05-23,78.390884
2014-05-27,78.413673
2014-05-28,78.844917
2014-05-29,78.746605
2014-05-30,78.686058
2014-06-02,78.326027
2014-06-03,77.931870
2014-06-04,77.871162
2014-06-05,77.984886
2014-06-06,77.924225
2014-06-09,77.810547
2014-06-10,77.674088
2014-06-11,77.780212
2014-06-12,78.083435
2014-06-13,77.931870
2014-06-16,77.931870
2014-06-17,77.605896
2014-06-18,78.015182
2014-06-19,77.818108
2014-06-20,77.909058
2014-06-23,77.856018
2014-06-24,78.174377
2014-06-25,78.250191
2014-06-26,78.454872
2014-06-27,78.454872
2014-06-30,78.515511
2014-07-01,78.258781
2014-07-02,77.939850
2014-07-03,77.780350
2014-07-07,77.970215
2014-07-08,78.327141
2014-07-09,78.342339
2014-07-10,78.509399
2014-07-11,78.638512
2014-07-14,78.463867
2014-07-15,78.395508
2014-07-16,78.509399
2014-07-17,78.965096
2014-07-18,78.805588
2014-07-21,78.828415
2014-07-22,78.927094
2014-07-23,78.919502
2014-07-24,78.600555
2014-07-25,78.904305
2014-07-28,78.813171
2014-07-29,78.919502
2014-07-30,78.365135
2014-07-31,78.342339
2014-08-01,78.803406
2014-08-04,78.849091
2014-08-05,78.887161
2014-08-06,78.955597
2014-08-07,79.313217
2014-08-08,79.244728
2014-08-11,79.206688
2014-08-12,79.092575
2014-08-13,79.351219
2014-08-14,79.511009
2014-08-15,79.830620
2014-08-18,79.579514
2014-08-19,79.495796
2014-08-20,79.259941
2014-08-21,79.427368
2014-08-22,79.434952
2014-08-25,79.495796
2014-08-26,79.480637
2014-08-27,79.701271
2014-08-28,79.807785
2014-08-29,79.815369
2014-09-02,79.305504
2014-09-03,79.419792
2014-09-04,79.137802
2014-09-05,79.160652
2014-09-08,79.076782
2014-09-09,78.893875
2014-09-10,78.695770
2014-09-11,78.596695
2014-09-12,78.299393
2014-09-15,78.444206
2014-09-16,78.421349
2014-09-17,78.223137
2014-09-18,78.169823
2014-09-19,78.467056
2014-09-22,78.634735
2014-09-23,78.802429
2014-09-24,78.581367
2014-09-25,78.962517
2014-09-26,78.794800
2014-09-29,79.046310
2014-09-30,78.977768
2014-10-01,79.641273
2014-10-02,79.404602
2014-10-03,79.381691
2014-10-06,79.511497
2014-10-07,79.977257
2014-10-08,80.259789
2014-10-09,80.122314
2014-10-10,80.435402
2014-10-13,80.855392
2014-10-14,81.015732
2014-10-15,81.473869
2014-10-16,81.252403
2014-10-17,81.015732
2014-10-20,81.130257
2014-10-21,80.908852
2014-10-22,80.885925
2014-10-23,80.549927
2014-10-24,80.618729
2014-10-27,80.702675
2014-10-28,80.504166
2014-10-29,80.236839
2014-10-30,80.320892
2014-10-31,80.191063
2014-11-03,80.161278
2014-11-04,80.153587
2014-11-05,80.176498
2014-11-06,79.931732
2014-11-07,80.444237
2014-11-10,80.115341
2014-11-11,80.123009
2014-11-12,80.092369
2014-11-13,80.222488
2014-11-14,80.390724
2014-11-17,80.298874
2014-11-18,80.390724
2014-11-19,80.176498
2014-11-20,80.321869
2014-11-21,80.482506
2014-11-24,80.574272
2014-11-25,80.773125
2014-11-26,80.910820
2014-11-28,81.224472
2014-12-01,81.025215
2014-12-02,80.665062
2014-12-03,80.695717
2014-12-04,80.979248
2014-12-05,80.527229
2014-12-08,80.795372
2014-12-09,81.094177
2014-12-10,81.461960
2014-12-11,81.324051
2014-12-12,81.990639
2014-12-15,81.691788
2014-12-16,82.105530
2014-12-17,81.538620
2014-12-18,81.078880
2014-12-19,81.377678
2014-12-22,81.377678
2014-12-23,80.703476
2014-12-24,80.761772
2014-12-26,80.869179
2014-12-29,81.145378
2014-12-30,81.237473
2014-12-31,81.329613
2015-01-02,81.743919
2015-01-05,82.242722
2015-01-06,82.795158
2015-01-07,82.779816
2015-01-08,82.442192
2015-01-09,82.848907
2015-01-12,83.140465
2015-01-13,83.217224
2015-01-14,83.600883
2015-01-15,84.314484
2015-01-16,83.692917
2015-01-20,83.884796
2015-01-21,83.485786
2015-01-22,83.278603
2015-01-23,83.823395
2015-01-26,83.631546
2015-01-27,83.746666
2015-01-28,84.391220
2015-01-29,84.091995
2015-01-30,84.828583
2015-02-02,84.722519
2015-02-03,84.007751
2015-02-04,84.146118
2015-02-05,83.838669
2015-02-06,82.900963
2015-02-09,82.862549
2015-02-10,82.655006
2015-02-11,82.624283
2015-02-12,82.655006
2015-02-13,82.378311
2015-02-17,81.794197
2015-02-18,82.186211
2015-02-19,81.978615
2015-02-20,81.932579
2015-02-23,82.309143
2015-02-24,82.854843
2015-02-25,82.931664
2015-02-26,82.439789
2015-02-27,82.731888
2015-03-02,82.115974
2015-03-03,81.938957
2015-03-04,82.000526
2015-03-05,82.046684
2015-03-06,81.207642
2015-03-09,81.584824
2015-03-10,81.931252
2015-03-11,82.077522
2015-03-12,82.154526
2015-03-13,82.031349
2015-03-16,82.316208
2015-03-17,82.485535
2015-03-18,83.432419
2015-03-19,83.039818
2015-03-20,83.378555
2015-03-23,83.486298
2015-03-24,83.740288
2015-03-25,83.378555
2015-03-26,82.908928
2015-03-27,83.232269
2015-03-30,83.224541
2015-03-31,83.440079
2015-04-01,83.837234
2015-04-02,83.598129
2015-04-06,83.706139
2015-04-07,83.775551
2015-04-08,83.698425
2015-04-09,83.359123
2015-04-10,83.336060
2015-04-13,83.505630
2015-04-14,83.752419
2015-04-15,83.798637
2015-04-16,83.860344
2015-04-17,84.029999
2015-04-20,83.875702
2015-04-21,83.698425
2015-04-22,83.212662
2015-04-23,83.467079
2015-04-24,83.760109
2015-04-27,83.628990
2015-04-28,83.243515
2015-04-29,82.935051
2015-04-30,82.911934
2015-05-01,82.458694
2015-05-04,82.288727
2015-05-05,82.149742
2015-05-06,81.748230
2015-05-07,82.095703
2015-05-08,82.412308
2015-05-11,81.601448
2015-05-12,81.663208
2015-05-13,81.555115
2015-05-14,81.833130
2015-05-15,82.420021
2015-05-18,81.864052
2015-05-19,81.501053
2015-05-20,81.678696
2015-05-21,82.165169
2015-05-22,81.979851
2015-05-26,82.489502
2015-05-27,82.443146
2015-05-28,82.520401
2015-05-29,82.566734
2015-06-01,82.202415
2015-06-02,81.630074
2015-06-03,80.934013
2015-06-04,81.328484
2015-06-05,80.740639
2015-06-08,80.856651
2015-06-09,80.593674
2015-06-10,80.284317
2015-06-11,80.918533
2015-06-12,80.872093
2015-06-15,81.065453
2015-06-16,81.374832
2015-06-17,81.421249
2015-06-18,81.359406
2015-06-19,81.792503
2015-06-22,81.104141
2015-06-23,80.856651
2015-06-24,81.096352
2015-06-25,80.895294
2015-06-26,80.508621
2015-06-29,81.444504
2015-06-30,81.220184
2015-07-01,80.795685
2015-07-02,81.082283
2015-07-06,81.655510
2015-07-07,81.872421
2015-07-08,82.197769
2015-07-09,81.624519
2015-07-10,81.059044
2015-07-13,80.842140
2015-07-14,81.097763
2015-07-15,81.407616
2015-07-16,81.376671
2015-07-17,81.384392
2015-07-20,81.221741
2015-07-21,81.446396
2015-07-22,81.547081
2015-07-23,81.880165
2015-07-24,81.957619
2015-07-27,82.228745
2015-07-28,81.996361
2015-07-29,81.880165
2015-07-30,81.973106
2015-07-31,82.453384
2015-08-03,82.704781
2015-08-04,82.278046
2015-08-05,81.959923
2015-08-06,82.247040
2015-08-07,82.572876
2015-08-10,82.231529
2015-08-11,82.774590
2015-08-12,82.743568
2015-08-13,82.526299
2015-08-14,82.441040
2015-08-17,82.588356
2015-08-18,82.456497
2015-08-19,82.960785
2015-08-20,83.185791
2015-08-21,83.519394
2015-08-24,83.659027
2015-08-25,83.201332
2015-08-26,82.689247
2015-08-27,82.642700
2015-08-28,82.658218
2015-08-31,82.518593
2015-09-01,82.889175
2015-09-02,82.663902
2015-09-03,82.865936
2015-09-04,83.122360
2015-09-08,82.757133
2015-09-09,82.788231
2015-09-10,82.601685
2015-09-11,82.819267
2015-09-14,82.897011
2015-09-15,82.244225
2015-09-16,82.220970
2015-09-17,82.904755
2015-09-18,83.293320
2015-09-21,82.819267
2015-09-22,83.231140
2015-09-23,83.137901
2015-09-24,83.262207
2015-09-25,83.044647
2015-09-28,83.518608
2015-09-29,83.806168
2015-09-30,83.821701
2015-10-01,83.887077
2015-10-02,84.291779
2015-10-05,83.824814
2015-10-06,83.996056
2015-10-07,83.785927
2015-10-08,83.568039
2015-10-09,83.614700
2015-10-12,83.894859
2015-10-13,83.972664
2015-10-14,84.431847
2015-10-15,84.143913
2015-10-16,84.073860
2015-10-19,84.034927
2015-10-20,83.746971
2015-10-21,84.034927
2015-10-22,84.120506
2015-10-23,83.645828
2015-10-26,83.863701
2015-10-27,84.073860
2015-10-28,83.638062
2015-10-29,83.124359
2015-10-30,83.287819
2015-11-02,83.048538
2015-11-03,82.830269
2015-11-04,82.744568
2015-11-05,82.690033
2015-11-06,82.128845
2015-11-09,81.988480
2015-11-10,82.144386
2015-11-11,82.105438
2015-11-12,82.152199
2015-11-13,82.463966
2015-11-16,82.573097
2015-11-17,82.549713
2015-11-18,82.510727
2015-11-19,82.690033
2015-11-20,82.580887
2015-11-23,82.690033
2015-11-24,82.767929
2015-11-25,82.814713
2015-11-27,82.900436
2015-11-30,82.931610
2015-12-01,83.372711
2015-12-02,83.138527
2015-12-03,82.264160
2015-12-04,82.568619
2015-12-07,82.834045
2015-12-08,82.880898
2015-12-09,83.005836
2015-12-10,82.826225
2015-12-11,83.489746
2015-12-14,82.873108
2015-12-15,82.662315
2015-12-16,82.443764
2015-12-17,82.787209
2015-12-18,83.083855
2015-12-21,83.122894
2015-12-22,82.888687
2015-12-23,82.701370
2015-12-24,82.853004
2015-12-28,82.868668
2015-12-29,82.430832
2015-12-30,82.462097
2015-12-31,82.555878
2016-01-04,82.907707
2016-01-05,82.884308
2016-01-06,83.384666
2016-01-07,83.564461
2016-01-08,83.775597
2016-01-11,83.509743
2016-01-12,83.885063
2016-01-13,84.213455
2016-01-14,84.041435
2016-01-15,84.432358
2016-01-19,84.322899
2016-01-20,84.737282
2016-01-21,84.526161
2016-01-22,84.338539
2016-01-25,84.619980
2016-01-26,84.682564
2016-01-27,84.745094
2016-01-28,84.854568
2016-01-29,85.308037
2016-02-01,85.111473
2016-02-02,85.714409
2016-02-03,85.620483
2016-02-04,85.824043
2016-02-05,85.933693
2016-02-08,86.575737
2016-02-09,86.591385
2016-02-10,86.849754
2016-02-11,87.249039
2016-02-12,86.583519
2016-02-16,86.325127
2016-02-17,86.113747
2016-02-18,86.513084
2016-02-19,86.513084
2016-02-22,86.427010
2016-02-23,86.599220
2016-02-24,86.599220
2016-02-25,86.857590
2016-02-26,86.434769
2016-02-29,86.575737
2016-03-01,85.899010
2016-03-02,85.750061
2016-03-03,85.851990
2016-03-04,85.561829
2016-03-07,85.389374
2016-03-08,85.883324
2016-03-09,85.546173
2016-03-10,85.240356
2016-03-11,84.997276
2016-03-14,85.060051
2016-03-15,85.044312
2016-03-16,85.491264
2016-03-17,85.585365
2016-03-18,85.734344
2016-03-21,85.491264
2016-03-22,85.310951
2016-03-23,85.702980
2016-03-24,85.616776
2016-03-28,85.742241
2016-03-29,86.322433
2016-03-30,86.204811
2016-03-31,86.518448
2016-04-01,86.493309
2016-04-04,86.595444
2016-04-05,86.940941
2016-04-06,86.752457
2016-04-07,87.200081
2016-04-08,87.066589
2016-04-11,87.050865
2016-04-12,86.705360
2016-04-13,86.768219
2016-04-14,86.564018
2016-04-15,86.823158
2016-04-18,86.736778
2016-04-19,86.595444
2016-04-20,86.155716
2016-04-21,86.014320
2016-04-22,85.920044
2016-04-25,85.825813
2016-04-26,85.645195
2016-04-27,86.116394
2016-04-28,86.414810
2016-04-29,86.383377
2016-05-02,86.132523
2016-05-03,86.643707
2016-05-04,86.800987
2016-05-05,87.036972
2016-05-06,86.832451
2016-05-09,86.997635
2016-05-10,86.981873
2016-05-11,87.115601
2016-05-12,86.879639
2016-05-13,87.209961
2016-05-16,86.895393
2016-05-17,86.777382
2016-05-18,86.077423
2016-05-19,86.163986
2016-05-20,86.219009
2016-05-23,86.274078
2016-05-24,86.132523
2016-05-25,86.093170
2016-05-26,86.360596
2016-05-27,86.195457
2016-05-31,86.297638
2016-06-01,86.268517
2016-06-02,86.536331
2016-06-03,87.339706
2016-06-06,87.111305
2016-06-07,87.237297
2016-06-08,87.339706
2016-06-09,87.473633
2016-06-10,87.780777
2016-06-13,87.954033
2016-06-14,87.930458
2016-06-15,88.198212
2016-06-16,88.292717
2016-06-17,87.993446
2016-06-20,87.615341
2016-06-21,87.418434
2016-06-22,87.591705
2016-06-23,87.174294
2016-06-24,88.379333
2016-06-27,89.143387
2016-06-28,89.127609
2016-06-29,88.765320
2016-06-30,88.962151
2016-07-01,89.197220
2016-07-05,89.686211
2016-07-06,89.701988
2016-07-07,89.583763
2016-07-08,89.757278
2016-07-11,89.284019
2016-07-12,88.755539
2016-07-13,88.984299
2016-07-14,88.613556
2016-07-15,88.274429
2016-07-18,88.250793
2016-07-19,88.487381
2016-07-20,88.305954
2016-07-21,88.503143
2016-07-22,88.432190
2016-07-25,88.361214
2016-07-26,88.416412
2016-07-27,88.794983
2016-07-28,88.842308
2016-07-29,89.181427
2016-08-01,88.871834
2016-08-02,88.658577
2016-08-03,88.706009
2016-08-04,88.919205
2016-08-05,88.366371
2016-08-08,88.318993
2016-08-09,88.634933
2016-08-10,88.871834
2016-08-11,88.445366
2016-08-12,88.761253
2016-08-15,88.500671
2016-08-16,88.350586
2016-08-17,88.492722
2016-08-18,88.650688
2016-08-19,88.350586
2016-08-22,88.548004
2016-08-23,88.540161
2016-08-24,88.508522
2016-08-25,88.366371
2016-08-26,88.026733
2016-08-29,88.390022
2016-08-30,88.382164
2016-08-31,88.279449
2016-09-01,88.417900
2016-09-02,88.188538
2016-09-06,88.599800
2016-09-07,88.647278
2016-09-08,88.212196
2016-09-09,87.793060
2016-09-12,87.872131
2016-09-13,87.547874
2016-09-14,87.745613
2016-09-15,87.769386
2016-09-16,87.864243
2016-09-19,87.713951
2016-09-20,87.848419
2016-09-21,87.990768
2016-09-22,88.251793
2016-09-23,88.291321
2016-09-26,88.544487
2016-09-27,88.694740
2016-09-28,88.655190
2016-09-29,88.710571
2016-09-30,88.489067
2016-10-03,88.283173
2016-10-04,87.879265
2016-10-05,87.681259
2016-10-06,87.499077
2016-10-07,87.625793
2016-10-10,87.396156
2016-10-11,87.372368
2016-10-12,87.372368
2016-10-13,87.554558
2016-10-14,87.285301
2016-10-17,87.475319
2016-10-18,87.649544
2016-10-19,87.689156
2016-10-20,87.610001
2016-10-21,87.705009
2016-10-24,87.586235
2016-10-25,87.570404
2016-10-26,87.380272
2016-10-27,87.079323
2016-10-28,87.095177
2016-10-31,87.166397
2016-11-01,87.169609
2016-11-02,87.431351
2016-11-03,87.375824
2016-11-04,87.645485
2016-11-07,87.280678
2016-11-08,86.971359
2016-11-09,85.646889
2016-11-10,85.131363
2016-11-11,84.956909
2016-11-14,84.465149
2016-11-15,84.465149
2016-11-16,84.544479
2016-11-17,84.171707
2016-11-18,83.798958
2016-11-21,83.870316
2016-11-22,83.949631
2016-11-23,83.648254
2016-11-25,83.576897
2016-11-28,83.957565
2016-11-29,84.044800
2016-11-30,83.481697
2016-12-01,83.163246
2016-12-02,83.536507
2016-12-05,83.504745
2016-12-06,83.536507
2016-12-07,83.814484
2016-12-08,83.496811
2016-12-09,83.067932
2016-12-12,83.083794
2016-12-13,83.131432
2016-12-14,82.440483
2016-12-15,82.210175
2016-12-16,82.313416
2016-12-19,82.694656
2016-12-20,82.519890
2016-12-21,82.654907
2016-12-22,82.619141
2016-12-23,82.698669
2016-12-27,82.579361
2016-12-28,82.881683
2016-12-29,83.136177
2016-12-30,83.382767
2017-01-03,83.343048
2017-01-04,83.438507
2017-01-05,83.979416
2017-01-06,83.597588
2017-01-09,83.915733
2017-01-10,83.875946
2017-01-11,83.971458
2017-01-12,84.019188
2017-01-13,83.836205
2017-01-17,84.257820
2017-01-18,83.661194
2017-01-19,83.343048
2017-01-20,83.382767
2017-01-23,83.820343
2017-01-24,83.502121
2017-01-25,83.088493
2017-01-26,83.199844
2017-01-27,83.303246
2017-01-30,83.279404
2017-01-31,83.565742
2017-02-01,83.405617
2017-02-02,83.437500
2017-02-03,83.501221
2017-02-06,83.899536
2017-02-07,84.050941
2017-02-08,84.393532
2017-02-09,83.891609
2017-02-10,83.835831
2017-02-13,83.708374
2017-02-14,83.405617
2017-02-15,83.246269
2017-02-16,83.580910
2017-02-17,83.803955
2017-02-21,83.764183
2017-02-22,83.899536
2017-02-23,84.122597
2017-02-24,84.513031
2017-02-27,84.210258
2017-02-28,84.170441
2017-03-01,83.584053
2017-03-02,83.344742
2017-03-03,83.424484
2017-03-06,83.408546
2017-03-07,83.288933
2017-03-08,83.009705
2017-03-09,82.778336
2017-03-10,82.953827
2017-03-13,82.746384
2017-03-14,82.834129
2017-03-15,83.560135
2017-03-16,83.328751
2017-03-17,83.552170
2017-03-20,83.751617
2017-03-21,84.030815
2017-03-22,84.190346
2017-03-23,84.102623
2017-03-24,84.150513
2017-03-27,84.357903
2017-03-28,84.070724
2017-03-29,84.310043
2017-03-30,84.070724
2017-03-31,84.238205
2017-04-03,84.652954
2017-04-04,84.533043
2017-04-05,84.692863
2017-04-06,84.636978
2017-04-07,84.381294
2017-04-10,84.533043
2017-04-11,84.924576
2017-04-12,85.188278
2017-04-13,85.443977
2017-04-17,85.308121
2017-04-18,85.795540
2017-04-19,85.571770
2017-04-20,85.380020
2017-04-21,85.419945
2017-04-24,85.244179
2017-04-25,84.804733
2017-04-26,85.028481
2017-04-27,85.084366
2017-04-28,85.172264
2017-05-01,84.988174
2017-05-02,85.164299
2017-05-03,84.988174
2017-05-04,84.796181
2017-05-05,84.812195
2017-05-08,84.604141
2017-05-09,84.508133
2017-05-10,84.476135
2017-05-11,84.540115
2017-05-12,84.972252
2017-05-15,84.916206
2017-05-16,85.028290
2017-05-17,85.708382
2017-05-18,85.684418
2017-05-19,85.660439
2017-05-22,85.564392
2017-05-23,85.340324
2017-05-24,85.516319
2017-05-25,85.564392
2017-05-26,85.620331
2017-05-30,85.836426
2017-05-31,85.876434
2017-06-01,85.831551
2017-06-02,86.208244
2017-06-05,86.063995
2017-06-06,86.336456
2017-06-07,86.176170
2017-06-08,86.039917
2017-06-09,85.959778
2017-06-12,85.943756
2017-06-13,85.975853
2017-06-14,86.424644
2017-06-15,86.272316
2017-06-16,86.320450
2017-06-19,86.079987
2017-06-20,86.296387
2017-06-21,86.288406
2017-06-22,86.368515
2017-06-23,86.392548
2017-06-26,86.464684
2017-06-27,86.039917
2017-06-28,85.959778
2017-06-29,85.639236
2017-06-30,85.438881
2017-07-03,85.125061
2017-07-05,85.189240
2017-07-06,85.028748
2017-07-07,84.892311
2017-07-10,85.004692
2017-07-11,85.117020
2017-07-12,85.365860
2017-07-13,85.277588
2017-07-14,85.397949
2017-07-17,85.502274
2017-07-18,85.815300
2017-07-19,85.815300
2017-07-20,85.839340
2017-07-21,85.991890
2017-07-24,85.935699
2017-07-25,85.454124
2017-07-26,85.727020
2017-07-27,85.590599
2017-07-28,85.735008
2017-07-31,85.759102
2017-08-01,85.972115
2017-08-02,85.891754
2017-08-03,86.189209
2017-08-04,85.956085
2017-08-07,86.004303
2017-08-08,85.931953
2017-08-09,86.036461
2017-08-10,86.357971
2017-08-11,86.454437
2017-08-14,86.245422
2017-08-15,85.988213
2017-08-16,86.148933
2017-08-17,86.454437
2017-08-18,86.470558
2017-08-21,86.526810
2017-08-22,86.357971
2017-08-23,86.655426
2017-08-24,86.518730
2017-08-25,86.663429
2017-08-28,86.743828
2017-08-29,86.944748
2017-08-30,86.872459
2017-08-31,87.009109
2017-09-01,86.753120
2017-09-05,87.356850
2017-09-06,87.147614
2017-09-07,87.525940
2017-09-08,87.461594
2017-09-11,86.962402
2017-09-12,86.753120
2017-09-13,86.575958
2017-09-14,86.592110
2017-09-15,86.696724
2017-09-18,86.358597
2017-09-19,86.262009
2017-09-20,86.093002
2017-09-21,85.980263
2017-09-22,86.133171
2017-09-25,86.390839
2017-09-26,86.318405
2017-09-27,85.875542
2017-09-28,85.859489
2017-09-29,85.754829
2017-10-02,85.657249
2017-10-03,85.778214
2017-10-04,85.754044
2017-10-05,85.665359
2017-10-06,85.560547
2017-10-09,85.657249
2017-10-10,85.689560
2017-10-11,85.786263
2017-10-12,85.866898
2017-10-13,86.157173
2017-10-16,86.012047
2017-10-17,85.979767
2017-10-18,85.762085
2017-10-19,85.850784
2017-10-20,85.496017
2017-10-23,85.576660
2017-10-24,85.318657
2017-10-25,85.181595
2017-10-26,85.068710
2017-10-27,85.342819
2017-10-30,85.649223
2017-10-31,85.592781
2017-11-01,85.644455
2017-11-02,85.757523
2017-11-03,85.894791
2017-11-06,85.999725
2017-11-07,86.032021
2017-11-08,85.927071
2017-11-09,85.894791
2017-11-10,85.458717
2017-11-13,85.418343
2017-11-14,85.539474
2017-11-15,85.846321
2017-11-16,85.628281
2017-11-17,85.741371
2017-11-20,85.604118
2017-11-21,85.620247
2017-11-22,85.894791
2017-11-24,85.822090
2017-11-27,85.878609
2017-11-28,85.894791
2017-11-29,85.620247
2017-11-30,85.353729
2017-12-01,85.669151
2017-12-04,85.628723
2017-12-05,85.693398
2017-12-06,85.871361
2017-12-07,85.717697
2017-12-08,85.653015
2017-12-11,85.596359
2017-12-12,85.523560
2017-12-13,85.871361
2017-12-14,85.838989
2017-12-15,85.822845
2017-12-18,85.628723
2017-12-19,85.240524
2017-12-20,84.989799
2017-12-21,85.049751
2017-12-22,85.082176
2017-12-26,85.114548
2017-12-27,85.479065
2017-12-28,85.373749
2017-12-29,85.511459
2018-01-02,85.227966
2018-01-03,85.317024
2018-01-04,85.276543
2018-01-05,85.171242
2018-01-08,85.130768
2018-01-09,84.725761
2018-01-10,84.701447
2018-01-11,84.758148
2018-01-12,84.701447
2018-01-16,84.741936
2018-01-17,84.555656
2018-01-18,84.288383
2018-01-19,84.069641
2018-01-22,84.037254
2018-01-23,84.280266
2018-01-24,84.118233
2018-01-25,84.304558
2018-01-26,84.053444
2018-01-29,83.842865
2018-01-30,83.648483
2018-01-31,83.672768
2018-02-01,83.241173
2018-02-02,82.932869
2018-02-05,83.614365
2018-02-06,83.249252
2018-02-07,83.005859
2018-02-08,83.078888
2018-02-09,82.932869
2018-02-12,82.908516
2018-02-13,83.046432
2018-02-14,82.543419
2018-02-15,82.567741
2018-02-16,82.762474
2018-02-20,82.673210
2018-02-21,82.429832
2018-02-22,82.543419
2018-02-23,82.859840
2018-02-26,82.957153
2018-02-27,82.697540
2018-02-28,82.892319
2018-03-01,83.248993
2018-03-02,82.940231
2018-03-05,82.834595
2018-03-06,82.826424
2018-03-07,82.826424
2018-03-08,82.997093
2018-03-09,82.818329
2018-03-12,83.013329
2018-03-13,83.151527
2018-03-14,83.314011
2018-03-15,83.281471
2018-03-16,83.184006
2018-03-19,83.102715
2018-03-20,82.940231
2018-03-21,82.997093
2018-03-22,83.338402
2018-03-23,83.452164
2018-03-26,83.224609
2018-03-27,83.695923
2018-03-28,83.679680
2018-03-29,83.850349
2018-04-02,83.935753
2018-04-03,83.667168
2018-04-04,83.618317
2018-04-05,83.406685
2018-04-06,83.772934
2018-04-09,83.789314
2018-04-10,83.642738
2018-04-11,83.724106
2018-04-12,83.422935
2018-04-13,83.496246
2018-04-16,83.455505
2018-04-17,83.504372
2018-04-18,83.178764
2018-04-19,82.950851
2018-04-20,82.674133
2018-04-23,82.592728
2018-04-24,82.495064
2018-04-25,82.315987
2018-04-26,82.552055
2018-04-27,82.690392
2018-04-30,82.779922
2018-05-01,82.650291
2018-05-02,82.666573
2018-05-03,82.878586
2018-05-04,82.886734
2018-05-07,82.845978
2018-05-08,82.707397
2018-05-09,82.519775
2018-05-10,82.691078
2018-05-11,82.699181
2018-05-14,82.519775
2018-05-15,82.063110
2018-05-16,81.891899
2018-05-17,81.842941
2018-05-18,82.161026
2018-05-21,82.218048
2018-05-22,82.185463
2018-05-23,82.560616
2018-05-24,82.772598
2018-05-25,83.098793
2018-05-29,83.995834
2018-05-30,83.637009
2018-05-31,83.596313
2018-06-01,83.287376
2018-06-04,82.993217
2018-06-05,83.205673
2018-06-06,82.870689
2018-06-07,83.222023
2018-06-08,83.107605
2018-06-11,83.025932
2018-06-12,82.976883
2018-06-13,82.878830
2018-06-14,83.140305
2018-06-15,83.205673
2018-06-18,83.246544
2018-06-19,83.467110
2018-06-20,83.197533
2018-06-21,83.418091
2018-06-22,83.434441
2018-06-25,83.548866
2018-06-26,83.589714
2018-06-27,83.908363
2018-06-28,83.826668
2018-06-29,83.761360
2018-07-02,83.704002
2018-07-03,83.916855
2018-07-05,83.925026
2018-07-06,83.998703
2018-07-09,83.785866
2018-07-10,83.720375
2018-07-11,83.892303
2018-07-12,83.859535
2018-07-13,83.998703
2018-07-16,83.859535
2018-07-17,83.810410
2018-07-18,83.744972
2018-07-19,83.974121
2018-07-20,83.679489
2018-07-23,83.270134
2018-07-24,83.327438
2018-07-25,83.270134
2018-07-26,83.180084
2018-07-27,83.311058
2018-07-30,83.204636
2018-07-31,83.319260
2018-08-01,83.122414
2018-08-02,83.220810
2018-08-03,83.434082
2018-08-06,83.475121
2018-08-07,83.302818
2018-08-08,83.376663
2018-08-09,83.606354
2018-08-10,83.967186
2018-08-13,83.942635
2018-08-14,83.860611
2018-08-15,84.065643
2018-08-16,84.041016
2018-08-17,84.073837
2018-08-20,84.336327
2018-08-21,84.221519
2018-08-22,84.377373
2018-08-23,84.369141
2018-08-24,84.393791
2018-08-27,84.205086
2018-08-28,84.016426
2018-08-29,83.991837
2018-08-30,84.147652
2018-08-31,84.164116
2018-09-04,83.971802
2018-09-05,83.963593
2018-09-06,84.136139
2018-09-07,83.758110
2018-09-10,83.807434
2018-09-11,83.503304
2018-09-12,83.601929
2018-09-13,83.593712
2018-09-14,83.437553
2018-09-17,83.453941
2018-09-18,83.108788
2018-09-19,82.969093
2018-09-20,82.977280
2018-09-21,83.010193
2018-09-24,82.919777
2018-09-25,82.837578
2018-09-26,83.108788
2018-09-27,83.108788
2018-09-28,83.149872
2018-10-01,82.939049
2018-10-02,83.153130
2018-10-03,82.535500
2018-10-04,82.321442
2018-10-05,82.123787
2018-10-08,82.156715
2018-10-09,82.313156
2018-10-10,82.354332
2018-10-11,82.692009
2018-10-12,82.593140
2018-10-15,82.642563
2018-10-16,82.634354
2018-10-17,82.395531
2018-10-18,82.543785
2018-10-19,82.444931
2018-10-22,82.461418
2018-10-23,82.675545
2018-10-24,83.120247
2018-10-25,82.922600
2018-10-26,83.293213
2018-10-29,83.284935
2018-10-30,83.103752
2018-10-31,82.897873
2018-11-01,82.968849
2018-11-02,82.506691
2018-11-05,82.556213
2018-11-06,82.465401
2018-11-07,82.465401
2018-11-08,82.349892
2018-11-09,82.671745
2018-11-12,82.919319
2018-11-13,82.985382
2018-11-14,83.158714
2018-11-15,83.216438
2018-11-16,83.472336
2018-11-19,83.596138
2018-11-20,83.579559
2018-11-21,83.563087
2018-11-23,83.612617
2018-11-26,83.546608
2018-11-27,83.629074
2018-11-28,83.620865
2018-11-29,83.835419
2018-11-30,84.000542
2018-12-03,84.184097
2018-12-04,84.572830
2018-12-06,84.787827
2018-12-07,85.035942
2018-12-10,85.085579
2018-12-11,84.870583
2018-12-12,84.638977
2018-12-13,84.688591
2018-12-14,84.820923
2018-12-17,85.069031
2018-12-18,85.278671
2018-12-19,85.577065
2018-12-20,85.469330
2018-12-21,85.543907
2018-12-24,85.759384
2018-12-26,85.353294
2018-12-27,85.568764
2018-12-28,86.032875
2018-12-31,86.356049
2019-01-02,86.538437
2019-01-03,87.226288
2019-01-04,86.521881
2019-01-07,86.281471
2019-01-08,86.066040
2019-01-09,86.115761
2019-01-10,86.074310
2019-01-11,86.331184
2019-01-14,86.281471
2019-01-15,86.198662
2019-01-16,86.148918
2019-01-17,85.991425
2019-01-18,85.717941
2019-01-22,86.016273
2019-01-23,85.974846
2019-01-24,86.248360
2019-01-25,86.049454
2019-01-28,86.074310
2019-01-29,86.322937
2019-01-30,86.521881
2019-01-31,86.919670
2019-02-01,86.454559
2019-02-04,86.263557
2019-02-05,86.413033
2019-02-06,86.479446
2019-02-07,86.761864
2019-02-08,86.878105
2019-02-11,86.745232
2019-02-12,86.629005
2019-02-13,86.413033
2019-02-14,86.819969
2019-02-15,86.736954
2019-02-19,86.886406
2019-02-20,86.869812
2019-02-21,86.612381
2019-02-22,86.869812
2019-02-25,86.736954
2019-02-26,86.994370
2019-02-27,86.687103
2019-02-28,86.462814
2019-03-01,86.179153
2019-03-04,86.445389
2019-03-05,86.495338
2019-03-06,86.736618
2019-03-07,87.027847
2019-03-08,87.152679
2019-03-11,87.086090
2019-03-12,87.327431
2019-03-13,87.294113
2019-03-14,87.169357
2019-03-15,87.443893
2019-03-18,87.327431
2019-03-19,87.269150
2019-03-20,87.876610
2019-03-21,87.834938
2019-03-22,88.484009
2019-03-25,88.708679
2019-03-26,88.633789
2019-03-27,88.891754
2019-03-28,88.900055
2019-03-29,88.758606
2019-04-01,88.148254
2019-04-02,88.298347
2019-04-03,88.023186
2019-04-04,88.114906
2019-04-05,88.156624
2019-04-08,88.014832
2019-04-09,88.173302
2019-04-10,88.381721
2019-04-11,88.181618
2019-04-12,87.773026
2019-04-15,87.889809
2019-04-16,87.589622
2019-04-17,87.606293
2019-04-18,87.814774
2019-04-22,87.689651
2019-04-23,87.848099
2019-04-24,88.181618
2019-04-25,88.073219
2019-04-26,88.306694
2019-04-29,88.123238
2019-04-30,88.298347
2019-05-01,88.258293
2019-05-02,88.007599
2019-05-03,88.124573
2019-05-06,88.350151
2019-05-07,88.650909
2019-05-08,88.483795
2019-05-09,88.717751
2019-05-10,88.659256
2019-05-13,89.102089
2019-05-14,89.018524
2019-05-15,89.302559
2019-05-16,89.127121
2019-05-17,89.168877
2019-05-20,89.018524
2019-05-21,88.918236
2019-05-22,89.185585
2019-05-23,89.728638
2019-05-24,89.703606
2019-05-28,90.096260
2019-05-29,90.062820
2019-05-30,90.388657
2019-05-31,90.990242
2019-06-03,91.428017
2019-06-04,91.093185
2019-06-05,91.093185
2019-06-06,91.076431
2019-06-07,91.436363
2019-06-10,90.984360
2019-06-11,90.984360
2019-06-12,91.218712
2019-06-13,91.444756
2019-06-14,91.511681
2019-06-17,91.494980
2019-06-18,91.670753
2019-06-19,91.921890
2019-06-20,92.072586
2019-06-21,91.695869
2019-06-24,92.013977
2019-06-25,92.156303
2019-06-26,91.779564
2019-06-27,92.055817
2019-06-28,92.097687
2019-07-01,91.981979
2019-07-02,92.308990
2019-07-03,92.485153
2019-07-05,91.898056
2019-07-08,91.805893
2019-07-09,91.747131
2019-07-10,91.797501
2019-07-11,91.344658
2019-07-12,91.445290
2019-07-15,91.638153
2019-07-16,91.436905
2019-07-17,91.864548
2019-07-18,92.090942
2019-07-19,91.923256
2019-07-22,91.965187
2019-07-23,91.814240
2019-07-24,91.948441
2019-07-25,91.789108
2019-07-26,91.772346
2019-07-29,91.856186
2019-07-30,91.898056
2019-07-31,92.132942
2019-08-01,93.177917
2019-08-02,93.371124
2019-08-05,94.177574
2019-08-06,94.328819
2019-08-07,94.328819
2019-08-08,94.337204
2019-08-09,94.194351
2019-08-12,94.790817
2019-08-13,94.454773
2019-08-14,95.084846
2019-08-15,95.689674
2019-08-16,95.437622
2019-08-19,94.984009
2019-08-20,95.404053
2019-08-21,95.152054
2019-08-22,94.942024
2019-08-23,95.580452
2019-08-26,95.488037
2019-08-27,95.899658
2019-08-28,95.933250
2019-08-29,95.748482
2019-08-30,95.773659
2019-09-03,95.984024
2019-09-04,96.135475
2019-09-05,95.361382
2019-09-06,95.420265
2019-09-09,94.831261
2019-09-10,94.141273
2019-09-11,94.048676
2019-09-12,93.838318
2019-09-13,92.980103
2019-09-16,93.383942
2019-09-17,93.627960
2019-09-18,93.661629
2019-09-19,93.703697
2019-09-20,94.242226
2019-09-23,94.376892
2019-09-24,94.848106
2019-09-25,94.225441
2019-09-26,94.427368
2019-09-27,94.562035
2019-09-30,94.637733
2019-10-01,94.899803
2019-10-02,95.228462
2019-10-03,95.725693
2019-10-04,95.911095
2019-10-07,95.590843
2019-10-08,95.793083
2019-10-09,95.548676
2019-10-10,94.950394
2019-10-11,94.301460
2019-10-14,94.562706
2019-10-15,94.107635
2019-10-16,94.293037
2019-10-17,94.259331
2019-10-18,94.343590
2019-10-21,93.998077
2019-10-22,94.217216
2019-10-23,94.250893
2019-10-24,94.234039
2019-10-25,94.031792
2019-10-28,93.677864
2019-10-29,93.762123
2019-10-30,94.217216
2019-10-31,94.815529
2019-11-01,94.636581
2019-11-04,94.155579
2019-11-05,93.649139
2019-11-06,93.919205
2019-11-07,93.168037
2019-11-08,93.041443
2019-11-11,93.142708
2019-11-12,93.184952
2019-11-13,93.438103
2019-11-14,93.910767
2019-11-15,93.834808
2019-11-18,93.995163
2019-11-19,94.172417
2019-11-20,94.518448
2019-11-21,94.282112
2019-11-22,94.265282
2019-11-25,94.307457
2019-11-26,94.484688
2019-11-27,94.239944
2019-11-29,94.163948
2019-12-02,93.825912
2019-12-03,94.662605
2019-12-04,94.299202
2019-12-05,94.079475
2019-12-06,93.792107
2019-12-09,93.868141
2019-12-10,93.758270
2019-12-11,94.147057
2019-12-12,93.403320
2019-12-13,93.952705
2019-12-16,93.513161
2019-12-17,93.521637
2019-12-18,93.268066
2019-12-19,93.340866
2019-12-20,93.340866
2019-12-23,93.256172
2019-12-24,93.417023
2019-12-26,93.552460
2019-12-27,93.687859
2019-12-30,93.628616
2019-12-31,93.290062
2020-01-02,93.721733
2020-01-03,94.348061
2020-01-06,94.246498
2020-01-07,94.111061
2020-01-08,93.890999
2020-01-09,93.958740
2020-01-10,94.161827
2020-01-13,94.051826
2020-01-14,94.238007
2020-01-15,94.475014
2020-01-16,94.280342
2020-01-17,94.204185
2020-01-21,94.576591
2020-01-22,94.593513
2020-01-23,94.830482
2020-01-24,95.169067
2020-01-27,95.812340
2020-01-28,95.490685
2020-01-29,95.947777
2020-01-30,96.040871
2020-01-31,96.523338
2020-02-03,96.441086
2020-02-04,95.881752
2020-02-05,95.466408
2020-02-06,95.534248
2020-02-07,95.991920
2020-02-10,96.178322
2020-02-11,95.949509
2020-02-12,95.703743
2020-02-13,95.788521
2020-02-14,96.025795
2020-02-18,96.178322
2020-02-19,96.161392
2020-02-20,96.441086
2020-02-21,96.830956
2020-02-24,97.585274
2020-02-25,97.856483
2020-02-26,97.805618
2020-02-27,98.280281
2020-02-28,99.382019
2020-03-02,99.314156
2020-03-03,100.468201
2020-03-04,100.247589
2020-03-05,101.138565
2020-03-06,102.165283
2020-03-09,103.081749
2020-03-10,101.189453
2020-03-11,100.179695
2020-03-12,100.230598
2020-03-13,99.577202
2020-03-16,102.207710
2020-03-17,99.645126
2020-03-18,98.261963
2020-03-19,98.584419
2020-03-20,101.096115
2020-03-23,102.292564
2020-03-24,101.596786
2020-03-25,101.656136
2020-03-26,101.902237
2020-03-27,102.657463
2020-03-30,102.895073
2020-03-31,103.081749
2020-04-01,103.501404
2020-04-02,103.518379
2020-04-03,103.594841
2020-04-06,103.127625
2020-04-07,102.668854
2020-04-08,102.541420
2020-04-09,102.762291
2020-04-13,102.541420
2020-04-14,102.677338
2020-04-15,103.594841
2020-04-16,103.705299
2020-04-17,103.433472
2020-04-20,103.705299
2020-04-21,103.994141
2020-04-22,103.671295
2020-04-23,103.739273
2020-04-24,103.764748
2020-04-27,103.212547
2020-04-28,103.662804
2020-04-29,103.611855
2020-04-30,103.365494
2020-05-01,103.508331
2020-05-04,103.525352
2020-05-05,103.448761
2020-05-06,103.066109
2020-05-07,103.695457
2020-05-08,103.355286
2020-05-11,103.066109
2020-05-12,103.406281
2020-05-13,103.618881
2020-05-14,103.780510
2020-05-15,103.712456
2020-05-18,103.074615
2020-05-19,103.363770
2020-05-20,103.389313
2020-05-21,103.457329
2020-05-22,103.652924
2020-05-26,103.380768
2020-05-27,103.465843
2020-05-28,103.372292
2020-05-29,103.703949
2020-06-01,103.663063
2020-06-02,103.492836
2020-06-03,102.879890
2020-06-04,102.471275
2020-06-05,101.960480
2020-06-08,102.071167
2020-06-09,102.437233
2020-06-10,103.203362
2020-06-11,103.569458
2020-06-12,103.339584
2020-06-15,103.254456
2020-06-16,103.041664
2020-06-17,103.203362
2020-06-18,103.433235
2020-06-19,103.467278
2020-06-22,103.373665
2020-06-23,103.339584
2020-06-24,103.535439
2020-06-25,103.552406
2020-06-26,103.833389
2020-06-29,103.935524
2020-06-30,103.748199
2020-07-01,103.586319
2020-07-02,103.714165
2020-07-06,103.560783
2020-07-07,103.893074
2020-07-08,103.731186
2020-07-09,104.063499
2020-07-10,103.858963
2020-07-13,103.969734
2020-07-14,103.961227
2020-07-15,103.927147
2020-07-16,104.003815
2020-07-17,103.978256
2020-07-20,104.046425
2020-07-21,104.157188
2020-07-22,104.191284
2020-07-23,104.293533
2020-07-24,104.242393
2020-07-27,104.080513
2020-07-28,104.327576
2020-07-29,104.463936
2020-07-30,104.608810
2020-07-31,104.634377
2020-08-03,104.583214
2020-08-04,104.941368
2020-08-05,104.591705
2020-08-06,104.711113
2020-08-07,104.489380
2020-08-10,104.378548
2020-08-11,104.020340
2020-08-12,103.713394
2020-08-13,103.500175
2020-08-14,103.551338
2020-08-17,103.721909
2020-08-18,103.900993
2020-08-19,103.764542
2020-08-20,104.063019
2020-08-21,104.139763
2020-08-24,103.994766
2020-08-25,103.747513
2020-08-26,103.704849
2020-08-27,103.338158
2020-08-28,103.508720
2020-08-31,103.619560
2020-09-01,103.959221
2020-09-02,104.104309
2020-09-03,104.240837
2020-09-04,103.660553
2020-09-08,103.882423
2020-09-09,103.831215
2020-09-10,103.959221
2020-09-11,104.121361
2020-09-14,104.027481
2020-09-15,103.976303
2020-09-16,103.916527
2020-09-17,103.950645
2020-09-18,103.856812
2020-09-21,104.044579
2020-09-22,104.044579
2020-09-23,104.044579
2020-09-24,104.095741
2020-09-25,104.181076
2020-09-28,104.164047
2020-09-29,104.240837
2020-09-30,103.959221
2020-10-01,104.018112
2020-10-02,103.915680
2020-10-05,103.258110
2020-10-06,103.497238
2020-10-07,103.198372
2020-10-08,103.386215
2020-10-09,103.334946
2020-10-12,103.445992
2020-10-13,103.676582
2020-10-14,103.710747
2020-10-15,103.599678
2020-10-16,103.539909
2020-10-19,103.369141
2020-10-20,103.147110
2020-10-21,103.010490
2020-10-22,102.651833
2020-10-23,102.797035
2020-10-26,103.070244
2020-10-27,103.300812
2020-10-28,103.292290
2020-10-29,102.856781
2020-10-30,102.523750
2020-11-02,102.699768
2020-11-03,102.469048
2020-11-04,103.332077
2020-11-05,103.314995
2020-11-06,102.964668
2020-11-09,102.204178
2020-11-10,101.913643
2020-11-11,102.075996
2020-11-12,102.657059
2020-11-13,102.520332
2020-11-16,102.443451
2020-11-17,102.708321
2020-11-18,102.674149
2020-11-19,102.785248
2020-11-20,102.964668
2020-11-23,102.759598
2020-11-24,102.597229
2020-11-25,102.631409
2020-11-27,102.939034
2020-11-30,102.870674
2020-12-01,102.323425
2020-12-02,102.152428
2020-12-03,102.426041
2020-12-04,102.024178
2020-12-07,102.340546
2020-12-08,102.443153
2020-12-09,102.297798
2020-12-10,102.528633
2020-12-11,102.733871
2020-12-14,102.674042
2020-12-15,102.571373
2020-12-16,102.485893
2020-12-17,102.411476
2020-12-18,102.325897
2020-12-21,102.394341
2020-12-22,102.565445
2020-12-23,102.351570
2020-12-24,102.497032
2020-12-28,102.505577
2020-12-29,102.488441
2020-12-30,102.556885
2020-12-31,102.625366
2021-01-04,102.651024
2021-01-05,102.411476
2021-01-06,101.812599
2021-01-07,101.453217
2021-01-08,101.162323
2021-01-11,100.965569
2021-01-12,100.948441
2021-01-13,101.299232
2021-01-14,101.068237
2021-01-15,101.341995
2021-01-19,101.401894
2021-01-20,101.444649
2021-01-21,101.299232
2021-01-22,101.453217
2021-01-25,101.863876
2021-01-26,101.829659
2021-01-27,101.949478
2021-01-28,101.684265
2021-01-29,101.504562
2021-02-01,101.631264
2021-02-02,101.374420
2021-02-03,101.126175
2021-02-04,101.091896
2021-02-05,100.877892
2021-02-08,100.920677
2021-02-09,100.997726
2021-02-10,101.254585
2021-02-11,101.177505
2021-02-12,100.843620
2021-02-16,100.115913
2021-02-17,100.184410
2021-02-18,100.175858
2021-02-19,99.773445
2021-02-22,99.610809
2021-02-23,99.687874
2021-02-24,99.550865
2021-02-25,98.223846
2021-02-26,99.105675
2021-03-01,98.994316
2021-03-02,99.174232
2021-03-03,98.643120
2021-03-04,98.154785
2021-03-05,98.017708
2021-03-08,97.632263
2021-03-09,98.094849
2021-03-10,98.300423
2021-03-11,98.266167
2021-03-12,97.555138
2021-03-15,97.675072
2021-03-16,97.657997
2021-03-17,97.495178
2021-03-18,96.886963
2021-03-19,96.826981
2021-03-22,97.143974
2021-03-23,97.623688
2021-03-24,97.752151
2021-03-25,97.623688
2021-03-26,97.298172
2021-03-29,96.964050
2021-03-30,96.878372
2021-03-31,96.741325
2021-04-01,97.169937
2021-04-05,96.895645
2021-04-06,97.367065
2021-04-07,97.307060
2021-04-08,97.641350
2021-04-09,97.384216
2021-04-12,97.324196
2021-04-13,97.727081
2021-04-14,97.607086
2021-04-15,98.232811
2021-04-16,97.967110
2021-04-19,97.864220
2021-04-20,98.155685
2021-04-21,98.207092
2021-04-22,98.284248
2021-04-23,98.155685
2021-04-26,98.052795
2021-04-27,97.667099
2021-04-28,97.795677
2021-04-29,97.624214
2021-04-30,97.709930
2021-05-03,97.876328
2021-05-04,98.004997
2021-05-05,98.125084
2021-05-06,98.167969
2021-05-07,98.202240
2021-05-10,98.004997
2021-05-11,97.842010
2021-05-12,97.370293
2021-05-13,97.696213
2021-05-14,97.910645
2021-05-17,97.816330
2021-05-18,97.816330
2021-05-19,97.524673
2021-05-20,97.927818
2021-05-21,97.962112
2021-05-24,98.056458
2021-05-25,98.416710
2021-05-26,98.305206
2021-05-27,98.133667
2021-05-28,98.125084
2021-06-01,98.107063
2021-06-02,98.218666
2021-06-03,97.969734
2021-06-04,98.510490
2021-06-07,98.433205
2021-06-08,98.716499
2021-06-09,99.025490
2021-06-10,99.377373
2021-06-11,99.231476
2021-06-14,98.922478
2021-06-15,98.939636
2021-06-16,98.261536
2021-06-17,98.613480
2021-06-18,99.171417
2021-06-21,98.853798
2021-06-22,99.034035
2021-06-23,98.836655
2021-06-24,98.819481
2021-06-25,98.613480
2021-06-28,98.922478
2021-06-29,98.973969
2021-06-30,99.128456
2021-07-01,99.057182
2021-07-02,99.417931
2021-07-06,99.941864
2021-07-07,100.233894
2021-07-08,100.491539
2021-07-09,99.984779
2021-07-12,99.933266
2021-07-13,99.624054
2021-07-14,100.053505
2021-07-15,100.474373
2021-07-16,100.457199
2021-07-19,101.316101
2021-07-20,101.187248
2021-07-21,100.603226
2021-07-22,100.835121
2021-07-23,100.680511
2021-07-26,100.611794
2021-07-27,101.041222
2021-07-28,101.127113
2021-07-29,100.817932
2021-07-30,101.101372
2021-08-02,101.544830
2021-08-03,101.570618
2021-08-04,101.544830
2021-08-05,101.175285
2021-08-06,100.582268
2021-08-09,100.367424
2021-08-10,100.178314
2021-08-11,100.290062
2021-08-12,100.186905
2021-08-13,100.762756
2021-08-16,100.986221
2021-08-17,100.934639
2021-08-18,100.883049
2021-08-19,101.106506
2021-08-20,101.011986
2021-08-23,101.037766
2021-08-24,100.762756
2021-08-25,100.367424
2021-08-26,100.367424
2021-08-27,100.693962
2021-08-30,100.891655
2021-08-31,100.702606
2021-09-01,100.745575
2021-09-02,100.865974
2021-09-03,100.625183
2021-09-07,100.229530
2021-09-08,100.504791
2021-09-09,100.788582
2021-09-10,100.470383
2021-09-13,100.590775
2021-09-14,100.969215
2021-09-15,100.797173
2021-09-16,100.478973
2021-09-17,100.186554
2021-09-20,100.693993
2021-09-21,100.633797
2021-09-22,100.728378
2021-09-23,99.816757
2021-09-24,99.515717
2021-09-27,99.249115
2021-09-28,98.870682
2021-09-29,98.973892
2021-09-30,99.094284
2021-10-01,99.498779
2021-10-04,99.378326
2021-10-05,99.068489
2021-10-06,99.094292
2021-10-07,98.698395
2021-10-08,98.483238
2021-10-11,98.242264
2021-10-12,98.689804
2021-10-13,98.879135
2021-10-14,99.111511
2021-10-15,98.620956
2021-10-18,98.483238
2021-10-19,98.130409
2021-10-20,98.087372
2021-10-21,97.829140
2021-10-22,98.078751
2021-10-25,98.199226
2021-10-26,98.319756
2021-10-27,98.870567
2021-10-28,98.612343
2021-10-29,98.655373
2021-11-01,98.647621
2021-11-02,98.888794
2021-11-03,98.578712
2021-11-04,99.112694
2021-11-05,99.655296
2021-11-08,99.224663
2021-11-09,99.681122
2021-11-10,98.828506
2021-11-11,98.509834
2021-11-12,98.716522
2021-11-15,98.328972
2021-11-16,98.242836
2021-11-17,98.595917
2021-11-18,98.656258
2021-11-19,98.923248
2021-11-22,98.199776
2021-11-23,97.794998
2021-11-24,98.096405
2021-11-26,99.362465
2021-11-29,99.138557
2021-11-30,99.732796
2021-12-01,99.920692
2021-12-02,99.705238
2021-12-03,100.291306
2021-12-06,99.791389
2021-12-07,99.412170
2021-12-08,99.093292
2021-12-09,99.343208
2021-12-10,99.412170
2021-12-13,99.886230
2021-12-14,99.713829
2021-12-15,99.567322
2021-12-16,99.857185
2021-12-17,100.081474
2021-12-20,99.995232
2021-12-21,99.598358
2021-12-22,99.693253
2021-12-23,99.486214
2021-12-27,99.520729
2021-12-28,99.503479
2021-12-29,98.994507
2021-12-30,99.322311
2021-12-31,99.210129
2022-01-03,98.287064
2022-01-04,98.235306
2022-01-05,97.821220
2022-01-06,97.579666
2022-01-07,97.260483
2022-01-10,97.234581
2022-01-11,97.467514
2022-01-12,97.484779
2022-01-13,97.795341
2022-01-14,97.122467
2022-01-18,96.389137
2022-01-19,96.622055
2022-01-20,96.829124
2022-01-21,97.389893
2022-01-24,97.303589
2022-01-25,97.174187
2022-01-26,96.484032
2022-01-27,96.889503
2022-01-28,97.113808
2022-01-31,97.113808
2022-02-01,96.982544
2022-02-02,97.181168
2022-02-03,96.766663
2022-02-04,96.024010
2022-02-07,96.049942
2022-02-08,95.739082
2022-02-09,95.868614
2022-02-10,94.987816
2022-02-11,95.972237
2022-02-14,95.307312
2022-02-15,95.022362
2022-02-16,95.220978
2022-02-17,95.730431
2022-02-18,96.041298
2022-02-22,96.032677
2022-02-23,95.531807
2022-02-24,95.756348
2022-02-25,95.730431
2022-02-28,96.818489
2022-03-01,97.761429
2022-03-02,96.292114
2022-03-03,96.706955
2022-03-04,97.666336
2022-03-07,97.251495
2022-03-08,96.620544
2022-03-09,96.024162
2022-03-10,95.583374
2022-03-11,95.557465
2022-03-14,94.347420
2022-03-15,94.304199
2022-03-16,94.174591
2022-03-17,93.993050
2022-03-18,94.269676
2022-03-21,93.042313
2022-03-22,92.532379
2022-03-23,93.154701
2022-03-24,92.636108
2022-03-25,91.685371
2022-03-28,91.892799
2022-03-29,92.350883
2022-03-30,92.713898
2022-03-31,92.886757
2022-04-01,92.281929
2022-04-04,92.221352
2022-04-05,91.122452
2022-04-06,90.802269
2022-04-07,90.577339
2022-04-08,90.118744
2022-04-11,89.686096
2022-04-12,90.118744
2022-04-13,90.317719
2022-04-14,89.504417
2022-04-18,89.244804
2022-04-19,88.656410
2022-04-20,89.348633
2022-04-21,88.855438
2022-04-22,88.898689
2022-04-25,89.469803
2022-04-26,90.066811
2022-04-27,89.564964
2022-04-28,89.435165
2022-04-29,88.959244
2022-05-02,88.296524
2022-05-03,88.400497
2022-05-04,88.972260
2022-05-05,88.079910
2022-05-06,87.577423
2022-05-09,88.227203
2022-05-10,88.521774
2022-05-11,89.067513
2022-05-12,89.362106
2022-05-13,88.894279
2022-05-16,89.266800
2022-05-17,88.591057
2022-05-18,89.223488
2022-05-19,89.544044
2022-05-20,89.959892
2022-05-23,89.414047
2022-05-24,90.185120
2022-05-25,90.367050
2022-05-26,90.323738
2022-05-27,90.453674
2022-05-31,89.509392
2022-06-01,89.005424
2022-06-02,89.135513
2022-06-03,88.962036
2022-06-06,88.294128
2022-06-07,88.649765
2022-06-08,88.320152
2022-06-09,88.242081
2022-06-10,87.374710
2022-06-13,85.821999
2022-06-14,85.136742
2022-06-15,86.325104
2022-06-16,86.888924
2022-06-17,86.914932
2022-06-21,86.463860
2022-06-22,87.556839
2022-06-23,88.051231
2022-06-24,87.739014
2022-06-27,87.244530
2022-06-28,87.357315
2022-06-29,88.059914
2022-06-30,88.736504
2022-07-01,89.687775
2022-07-05,90.017883
2022-07-06,89.253380
2022-07-07,88.706078
2022-07-08,88.167488
2022-07-11,88.862473
2022-07-12,89.070969
2022-07-13,89.453224
2022-07-14,88.958038
2022-07-15,89.262100
2022-07-18,89.001480
2022-07-19,88.593193
2022-07-20,88.506317
2022-07-21,89.514030
2022-07-22,90.539085
2022-07-25,90.217690
2022-07-26,90.252449
2022-07-27,90.434868
2022-07-28,91.329681
2022-07-29,91.364426
2022-08-01,91.898773
2022-08-02,90.628166
2022-08-03,91.002403
2022-08-04,91.463631
2022-08-05,90.140846
2022-08-08,90.671707
2022-08-09,90.401924
2022-08-10,90.454140
2022-08-11,89.853638
2022-08-12,90.210472
2022-08-15,90.497658
2022-08-16,90.393219
2022-08-17,89.784027
2022-08-18,89.958107
2022-08-19,89.183548
2022-08-22,88.791946
2022-08-23,88.574379
2022-08-24,88.278496
2022-08-25,88.844162
2022-08-26,88.739761
2022-08-29,88.235001
2022-08-30,88.208885
2022-08-31,87.843391
2022-09-01,87.145096
2022-09-02,87.633286
2022-09-06,86.656868
2022-09-07,87.223534
2022-09-08,86.900955
2022-09-09,86.909698
2022-09-12,86.700455
2022-09-13,86.212250
2022-09-14,86.255806
2022-09-15,85.959412
2022-09-16,86.029182
2022-09-19,85.785072
2022-09-20,85.253258
2022-09-21,85.593277
2022-09-22,84.303009
2022-09-23,84.407608
2022-09-26,83.004051
2022-09-27,82.437347
2022-09-28,84.294250
2022-09-29,83.901970
2022-09-30,83.684029
2022-10-03,84.677200
2022-10-04,84.851891
2022-10-05,84.048256
2022-10-06,83.585320
2022-10-07,83.174782
2022-10-10,82.685654
2022-10-11,82.895256
2022-10-12,83.166039
2022-10-13,82.816643
2022-10-14,82.353714
2022-10-17,82.441017
2022-10-18,82.650665
2022-10-19,81.785904
2022-10-20,81.174469
2022-10-21,81.357895
2022-10-24,81.253059
2022-10-25,82.266319
2022-10-26,82.685654
2022-10-27,83.270851
2022-10-28,82.842842
2022-10-31,82.467255
2022-11-01,82.452362
2022-11-02,82.312286
2022-11-03,81.953392
2022-11-04,81.778305
2022-11-07,81.489410
2022-11-08,82.032158
2022-11-09,82.312286
2022-11-10,84.159348
2022-11-11,83.984268
2022-11-14,83.782944
2022-11-15,84.404457
2022-11-16,85.025970
2022-11-17,84.448204
2022-11-18,84.150612
2022-11-21,84.098076
2022-11-22,84.579529
2022-11-23,85.034714
2022-11-25,85.008476
2022-11-28,85.043495
2022-11-29,84.684593
2022-11-30,85.446152
2022-12-01,86.379433
2022-12-02,86.554878
2022-12-05,85.677734
2022-12-06,86.204002
2022-12-07,86.958328
2022-12-08,86.467148
2022-12-09,85.826851
2022-12-12,85.704071
2022-12-13,86.475883
2022-12-14,86.712738
2022-12-15,86.881477
2022-12-16,86.661774
2022-12-19,85.958679
2022-12-20,85.334717
2022-12-21,85.440224
2022-12-22,85.413811
2022-12-23,85.027122
2022-12-27,84.315300
2022-12-28,84.113167
2022-12-29,84.526207
2022-12-30,84.174675
2023-01-03,84.833809
2023-01-04,85.484138
2023-01-05,85.361092
2023-01-06,86.459641
2023-01-09,86.679298
2023-01-10,86.134468
2023-01-11,86.688126
2023-01-12,87.461502
2023-01-13,86.995720
2023-01-17,86.723289
2023-01-18,87.900932
2023-01-19,87.733932
2023-01-20,87.153915
2023-01-23,86.872681
2023-01-24,87.373634
2023-01-25,87.470291
2023-01-26,87.153915
2023-01-27,87.022095
2023-01-30,86.749641
2023-01-31,87.189034
2023-02-01,87.816154
2023-02-02,87.780930
2023-02-03,86.838547
2023-02-06,86.089935
2023-02-07,85.878563
2023-02-08,86.195625
2023-02-09,85.808121
2023-02-10,85.394180
2023-02-13,85.596718
2023-02-14,85.209229
2023-02-15,84.953819
2023-02-16,84.671967
2023-02-17,84.909760
2023-02-21,83.985016
2023-02-22,84.134750
2023-02-23,84.460594
2023-02-24,83.949791
2023-02-27,84.205208
2023-02-28,84.337311
2023-03-01,83.663071
2023-03-02,83.318863
2023-03-03,83.989609
2023-03-06,83.839561
2023-03-07,83.848412
2023-03-08,83.821922
2023-03-09,84.342606
2023-03-10,85.895844
2023-03-13,86.937218
2023-03-14,86.116447
2023-03-15,87.360847
2023-03-16,86.575401
2023-03-17,87.599106
2023-03-20,87.246101
2023-03-21,86.487152
2023-03-22,87.625580
2023-03-23,88.128624
2023-03-24,88.155098
2023-03-27,87.069595
2023-03-28,87.016655
2023-03-29,86.866623
2023-03-30,86.998985
2023-03-31,87.475555
2023-04-03,87.887634
2023-04-04,88.453560
2023-04-05,88.824944
2023-04-06,88.851494
2023-04-10,87.976044
2023-04-11,87.940697
2023-04-12,88.197128
2023-04-13,87.905357
2023-04-14,87.472000
2023-04-17,86.914932
2023-04-18,87.056412
2023-04-19,86.870712
2023-04-20,87.374756
2023-04-21,87.162521
2023-04-24,87.586952
2023-04-25,88.453560
2023-04-26,88.108696
2023-04-27,87.533920
2023-04-28,88.188255
2023-05-01,87.150307
2023-05-02,88.284874
2023-05-03,88.861046
2023-05-04,88.843323
2023-05-05,88.364670
2023-05-08,87.823959
2023-05-09,87.717590
2023-05-10,88.373528
2023-05-11,88.701500
2023-05-12,88.169662
2023-05-15,87.974648
2023-05-16,87.691025
2023-05-17,87.407379
2023-05-18,86.866676
2023-05-19,86.538681
2023-05-22,86.379112
2023-05-23,86.520973
2023-05-24,86.299370
2023-05-25,85.758675
2023-05-26,85.918243
2023-05-30,86.591888
2023-05-31,86.919846
2023-06-01,87.161514
2023-06-02,86.468491
2023-06-05,86.441803
2023-06-06,86.495155
2023-06-07,85.864319
2023-06-08,86.441803
2023-06-09,86.130867
2023-06-12,86.272995
2023-06-13,85.659950
2023-06-14,85.775505
2023-06-15,86.441803
2023-06-16,86.068665
2023-06-20,86.326324
2023-06-21,86.406288
2023-06-22,85.917618
2023-06-23,86.272995
2023-06-26,86.486282
2023-06-27,86.184143
2023-06-28,86.530693
2023-06-29,85.642174
2023-06-30,85.828781
2023-07-03,85.456482
2023-07-05,85.046791
2023-07-06,84.352097
2023-07-07,84.245216
2023-07-10,84.681610
2023-07-11,84.859756
2023-07-12,85.688057
2023-07-13,86.400574
2023-07-14,85.973053
2023-07-17,86.115547
2023-07-18,86.213531
2023-07-19,86.507423
2023-07-20,85.821655
2023-07-21,85.892914
2023-07-24,85.688057
2023-07-25,85.527756
2023-07-26,85.821655
2023-07-27,84.886452
2023-07-28,85.162575
2023-07-31,85.269432
2023-08-01,84.771225
2023-08-02,84.601562
2023-08-03,83.976532
2023-08-04,84.869423
2023-08-07,84.664062
2023-08-08,85.092667
2023-08-09,85.146225
2023-08-10,84.494431
2023-08-11,84.047966
2023-08-14,83.914024
2023-08-15,83.753311
2023-08-16,83.431892
2023-08-17,83.324738
2023-08-18,83.574730
2023-08-21,83.056847
2023-08-22,83.092575
2023-08-23,83.994400
2023-08-24,83.681885
2023-08-25,83.655098
2023-08-28,83.887245
2023-08-29,84.485512
2023-08-30,84.476540
2023-08-31,84.646210
2023-09-01,84.128784
2023-09-05,83.618530
2023-09-06,83.403702
2023-09-07,83.690163
2023-09-08,83.708069
2023-09-11,83.564850
2023-09-12,83.681213
2023-09-13,83.779686
2023-09-14,83.591690
2023-09-15,83.332077
2023-09-18,83.412666
2023-09-19,83.108307
2023-09-20,83.045639
2023-09-21,82.427971
2023-09-22,82.750198
2023-09-25,82.141525
2023-09-26,82.114655
2023-09-27,81.747604
2023-09-28,81.971428
2023-09-29,81.989296
2023-10-02,81.324265
2023-10-03,80.651115
2023-10-04,81.162697
2023-10-05,81.315300
2023-10-06,80.839584
2023-10-09,81.871742
2023-10-10,81.710190
2023-10-11,82.158958
2023-10-12,81.369133
2023-10-13,81.889687
2023-10-16,81.405037
2023-10-17,80.606239
2023-10-18,80.229271
2023-10-19,79.834404
2023-10-20,80.301094
2023-10-23,80.678062
2023-10-24,80.821640
2023-10-25,80.112610
2023-10-26,80.722931
2023-10-27,80.848587
2023-10-30,80.579330
2023-10-31,80.408783
2023-11-01,81.334923
2023-11-02,81.838905
2023-11-03,82.468925
2023-11-06,81.991920
2023-11-07,82.459938
2023-11-08,82.792938
2023-11-09,81.973907
2023-11-10,82.063942
2023-11-13,82.018913
2023-11-14,83.251961
2023-11-15,82.603943
2023-11-16,83.224945
2023-11-17,83.278961
2023-11-20,83.395966
2023-11-21,83.503952
2023-11-22,83.476959
2023-11-24,83.044960
2023-11-27,83.674980
2023-11-28,84.043953
2023-11-29,84.484993
2023-11-30,84.070992
2023-12-01,84.864189
2023-12-04,84.512268
2023-12-05,85.107857
2023-12-06,85.459793
2023-12-07,85.333450
2023-12-08,84.782997
2023-12-11,84.792015
2023-12-12,84.972496
2023-12-13,86.235901
2023-12-14,86.952728
2023-12-15,86.880325
2023-12-18,86.690254
2023-12-19,86.853188
2023-12-20,87.278564
2023-12-21,87.142830
2023-12-22,87.061333
2023-12-26,87.115639
2023-12-27,87.794464
2023-12-28,87.459587
2023-12-29,87.242371
2024-01-02,86.916534
2024-01-03,87.124695
2024-01-04,86.599762
2024-01-05,86.282959
2024-01-08,86.572594
2024-01-09,86.536400
2024-01-10,86.400597
2024-01-11,86.862206
2024-01-12,87.097534
2024-01-16,86.391563
2024-01-17,86.110970
2024-01-18,85.920921
2024-01-19,85.929993
2024-01-22,86.192451
2024-01-23,85.975220
2024-01-24,85.730843
2024-01-25,86.101936
2024-01-26,85.948082
2024-01-29,86.463997
2024-01-30,86.581650
2024-01-31,87.305725
2024-02-01,87.846474
2024-02-02,86.703239
2024-02-05,85.859459
2024-02-06,86.322174
2024-02-07,86.167946
2024-02-08,85.886665
2024-02-09,85.732422
2024-02-12,85.814087
2024-02-13,84.870476
2024-02-14,85.188042
2024-02-15,85.423958
2024-02-16,85.051933
2024-02-20,85.197105
2024-02-21,84.924911
2024-02-22,84.933975
2024-02-23,85.324127
2024-02-26,85.197105
2024-02-27,85.006569
2024-02-28,85.315048
2024-02-29,85.487465
2024-03-01,85.877724
2024-03-04,85.686684
2024-03-05,86.214310
2024-03-06,86.423561
2024-03-07,86.569115
2024-03-08,86.632797
2024-03-11,86.523621
2024-03-12,86.168831
2024-03-13,85.977783
2024-03-14,85.340996
2024-03-15,85.195450
2024-03-18,85.095367
2024-03-19,85.340996
2024-03-20,85.541100
2024-03-21,85.550217
2024-03-22,85.968712
2024-03-25,85.741249
2024-03-26,85.868614
2024-03-27,86.196121
2024-03-28,86.114243
2024-04-01,85.335068
2024-04-02,85.152611
2024-04-03,85.252960
2024-04-04,85.544930
2024-04-05,84.979240
2024-04-08,84.787643
2024-04-09,85.125229
2024-04-10,83.993881
2024-04-11,83.875267
2024-04-12,84.221977
2024-04-15,83.683640
2024-04-16,83.355194
2024-04-17,83.884392
2024-04-18,83.592438
2024-04-19,83.701920
2024-04-22,83.711052
2024-04-23,83.820541
2024-04-24,83.565048
2024-04-25,83.245705
2024-04-26,83.473824
2024-04-29,83.811386
2024-04-30,83.419098
2024-05-01,83.749420
2024-05-02,84.142906
2024-05-03,84.609604
2024-05-06,84.682831
2024-05-07,84.902435
2024-05-08,84.664505
2024-05-09,84.920753
2024-05-10,84.646217
2024-05-13,84.746895
2024-05-14,84.993950
2024-05-15,85.634506
2024-05-16,85.469818
2024-05-17,85.204422
2024-05-20,85.076324
2024-05-21,85.295952
2024-05-22,85.186111
2024-05-23,84.884148
2024-05-24,84.993950
2024-05-28,84.518097
2024-05-29,84.106339
2024-05-30,84.527252
2024-05-31,84.920753
2024-06-03,85.476929
2024-06-04,85.945030
2024-06-05,86.257118
2024-06-06,86.220398
2024-06-07,85.311729
2024-06-10,85.128189
2024-06-11,85.577911
2024-06-12,86.055176
2024-06-13,86.624214
2024-06-14,86.826126
2024-06-17,86.422318
2024-06-18,86.798615
2024-06-20,86.578354
2024-06-21,86.596710
2024-06-24,86.670120
2024-06-25,86.743546
2024-06-26,86.220398
2024-06-27,86.413132
2024-06-28,85.954208
2024-07-01,85.314369
2024-07-02,85.636589
2024-07-03,86.207397
2024-07-05,86.686104
2024-07-08,86.713730
2024-07-09,86.594055
2024-07-10,86.676926
2024-07-11,87.229271
2024-07-12,87.413399
2024-07-15,87.137230
2024-07-16,87.523880
2024-07-17,87.597534
2024-07-18,87.348946
2024-07-19,87.072792
2024-07-22,86.989914
2024-07-23,87.054367
2024-07-24,86.861046
2024-07-25,87.054367
2024-07-26,87.468651
2024-07-29,87.615936
2024-07-30,87.800072
2024-07-31,88.444504
2024-08-01,88.822166
2024-08-02,90.198067
2024-08-05,90.290382
2024-08-06,89.487061
2024-08-07,89.163834
2024-08-08,88.896065
2024-08-09,89.256172
2024-08-12,89.505501
2024-08-13,89.902573
2024-08-14,90.022614
2024-08-15,89.459320
2024-08-16,89.634773
2024-08-19,89.754791
2024-08-20,90.114937
2024-08-21,90.299637
2024-08-22,89.884094
2024-08-23,90.299637
2024-08-26,90.188828
2024-08-27,90.151886
2024-08-28,90.105721
2024-08-29,89.948730
2024-08-30,89.634773
2024-09-03,90.225662
2024-09-04,90.753555
2024-09-05,90.966591
2024-09-06,91.096230
2024-09-09,91.225922
2024-09-10,91.614891
2024-09-11,91.550041
2024-09-12,91.401871
2024-09-13,91.577835
2024-09-16,91.818657
2024-09-17,91.651924
2024-09-18,91.253693
2024-09-19,91.179596
2024-09-20,91.151817
2024-09-23,91.096230
2024-09-24,91.198120
2024-09-25,90.827682
2024-09-26,90.762833
2024-09-27,91.124023
2024-09-30,90.873962
2024-10-01,91.204628
2024-10-02,90.944557
2024-10-03,90.480148
2024-10-04,89.606987
2024-10-07,89.281914
2024-10-08,89.356209
2024-10-09,89.021812
2024-10-10,89.012543
2024-10-11,89.040398
2024-10-14,88.882469
2024-10-15,89.337631
2024-10-16,89.476959
2024-10-17,89.012543
2024-10-18,89.114700
2024-10-21,88.427345
2024-10-22,88.343758
2024-10-23,88.139420
2024-10-24,88.334465
2024-10-25,88.139420
2024-10-28,87.935059
2024-10-29,87.972206
2024-10-30,87.842178
2024-10-31,87.795723
2024-11-01,87.275818
2024-11-04,87.741684
2024-11-05,87.788269
2024-11-06,86.884491
2024-11-07,87.583290
2024-11-08,87.769646
2024-11-11,87.527382
2024-11-12,86.977646
2024-11-13,86.921761
2024-11-14,86.912437
2024-11-15,86.949722
2024-11-18,87.145370
2024-11-19,87.331718
2024-11-20,87.201263
2024-11-21,87.154701
2024-11-22,87.210602
2024-11-25,88.151657
2024-11-26,87.965302
2024-11-27,88.319359
2024-11-29,88.692078
2024-12-02,88.684586
2024-12-03,88.432266
2024-12-04,88.768715
2024-12-05,88.759361
2024-12-06,89.039742
2024-12-09,88.731323
2024-12-10,88.572433
2024-12-11,88.310715
2024-12-12,87.974289
2024-12-13,87.563049
2024-12-16,87.591095
2024-12-17,87.591095
2024-12-18,86.914101
2024-12-19,86.520264
2024-12-20,86.839081
2024-12-23,86.454620
2024-12-24,86.501511
2024-12-26,86.567154
2024-12-27,86.342102
2024-12-30,86.848473
2024-12-31,86.689034
2025-01-02,86.735931
2025-01-03,86.595276
2025-01-06,86.510857
2025-01-07,86.117050
2025-01-08,86.267082
2025-01-10,85.638832
2025-01-13,85.488800
2025-01-14,85.516937
2025-01-15,86.417130
2025-01-16,86.623390
2025-01-17,86.689034
2025-01-21,86.979729
2025-01-22,86.754669
2025-01-23,86.529640
2025-01-24,86.707794
2025-01-27,87.270401
2025-01-28,87.279778
2025-01-29,87.176643
2025-01-30,87.364174
2025-01-31,87.223534
2025-02-03,87.285606
2025-02-04,87.501976
2025-02-05,88.009918
2025-02-06,87.906441
2025-02-07,87.614845
2025-02-10,87.596031
2025-02-11,87.370285
2025-02-12,86.768242
2025-02-13,87.417297
2025-02-14,87.784172
2025-02-18,87.313820
2025-02-19,87.454941
2025-02-20,87.633659
2025-02-21,88.151016
2025-02-24,88.339165
2025-02-25,89.035255
2025-02-26,89.279839
2025-02-27,89.176376
2025-02-28,89.665520
2025-03-03,89.991005
2025-03-04,89.707970
2025-03-05,89.207985
2025-03-06,89.160820
2025-03-07,89.047592
2025-03-10,89.670242
2025-03-11,89.349487
2025-03-12,89.085320
2025-03-13,89.443832
2025-03-14,89.132515
2025-03-17,89.207985
2025-03-18,89.311752
2025-03-19,89.585350
2025-03-20,89.717438
2025-03-21,89.641945
2025-03-24,89.123085
2025-03-25,89.274025
2025-03-26,89.066467
2025-03-27,88.991005
2025-03-28,89.707970
2025-03-31,89.972137
2025-04-01,90.288223
2025-04-02,90.203049
2025-04-03,91.130547
2025-04-04,91.386078
2025-04-07,90.297699
2025-04-08,89.843430
2025-04-09,89.559502
2025-04-10,89.001099
2025-04-11,88.499512
2025-04-14,89.209328
2025-04-15,89.474304
2025-04-16,89.862335
2025-04-17,89.606804
2025-04-21,89.124138
2025-04-22,89.190392
2025-04-23,89.285027
2025-04-24,89.767715
2025-04-25,90.108429
2025-04-28,90.468056
2025-04-29,90.780365
2025-04-30,90.922325
2025-05-01,90.526405
2025-05-02,89.918709
2025-05-05,89.757278
2025-05-06,89.985168
2025-05-07,90.222549
2025-05-08,89.519920
2025-05-09,89.586380
2025-05-12,89.016663
2025-05-13,88.950195
2025-05-14,88.617874
2025-05-15,89.197075
2025-05-16,89.225555
2025-05-19,89.178093
2025-05-20,89.064148
2025-05-21,88.446953
2025-05-22,88.779289
2025-05-23,89.035667
2025-05-27,89.405975
2025-05-28,89.159096
2025-05-29,89.529411
2025-05-30,89.795250
2025-06-02,89.490425
2025-06-03,89.404694
2025-06-04,90.062012
2025-06-05,89.795258
2025-06-06,89.080795
2025-06-09,89.242737
2025-06-10,89.395142
2025-06-11,89.766685
2025-06-12,90.157280
2025-06-13,89.823853
2025-06-16,89.566635
2025-06-17,90.004845
2025-06-18,90.062012
2025-06-20,90.119156
2025-06-23,90.433525
2025-06-24,90.747894
2025-06-25,90.786026
2025-06-26,91.109901
2025-06-27,90.871742
2025-06-30,91.233742
2025-07-01,91.064583
2025-07-02,90.873444
2025-07-03,90.558105
2025-07-07,90.271393
2025-07-08,90.137611
2025-07-09,90.605865
2025-07-10,90.558105
2025-07-11,90.137611
2025-07-14,90.099373
2025-07-15,89.745781
2025-07-16,89.994255
2025-07-17,89.965591
2025-07-18,90.214066
2025-07-21,90.529411
2025-07-22,90.787445
2025-07-23,90.462547
2025-07-24,90.328743
2025-07-25,90.538986
2025-07-28,90.338295
2025-07-29,90.930809
2025-07-30,90.615440
2025-07-31,90.691887
2025-08-01,91.736008
2025-08-04,91.860634
2025-08-05,91.793510
2025-08-06,91.726418
2025-08-07,91.659302
2025-08-08,91.448372
2025-08-11,91.477119
2025-08-12,91.457947
2025-08-13,91.783943
2025-08-14,91.486710
2025-08-15,91.304558
2025-08-18,91.218254
2025-08-19,91.448372
2025-08-20,91.582588
2025-08-21,91.314140
2025-08-22,91.822296
2025-08-25,91.640121
2025-08-26,91.879814
2025-08-27,92.052391
2025-08-28,92.263329
2025-08-29,92.186630
2025-09-02,91.911530
2025-09-03,92.228951
2025-09-04,92.642578
2025-09-05,93.094688
2025-09-08,93.383263
2025-09-09,93.162003
2025-09-10,93.412132
2025-09-11,93.556404
2025-09-12,93.287064
2025-09-15,93.440971
2025-09-16,93.498680
2025-09-17,93.296692
2025-09-18,92.988884
2025-09-19,92.950386
2025-09-22,92.796486
2025-09-23,93.056198
2025-09-24,92.806107
2025-09-25,92.604103
2025-09-26,92.556007
2025-09-29,92.825348
2025-09-30,92.786842
2025-10-01,93.099487
2025-10-02,93.195969
2025-10-03,93.012634
2025-10-06,92.742485
2025-10-07,92.974045
2025-10-08,92.993340
2025-10-09,92.925797
2025-10-10,93.504730
2025-10-13,93.552963
2025-10-14,93.794182
2025-10-15,93.688034
2025-10-16,94.122238
2025-10-17,93.967850
2025-10-20,94.093285
2025-10-21,94.266960
2025-10-22,94.286255
2025-10-23,93.977501
2025-10-24,94.064346
2025-10-27,94.064346
2025-10-28,94.151176
2025-10-29,93.543327
2025-10-30,93.408226
2025-10-31,93.446823
2025-11-03,93.402313
2025-11-04,93.518448
2025-11-05,93.073235
2025-11-06,93.547478
2025-11-07,93.586205
2025-11-10,93.460373
2025-11-11,93.750755
2025-11-12,93.770119
2025-11-13,93.499092
2025-11-14,93.344246
2025-11-17,93.450706
2025-11-18,93.605576
2025-11-19,93.537819
2025-11-20,93.760429
2025-11-21,94.070168
2025-11-24,94.215340
2025-11-25,94.457314
2025-11-26,94.534760
2025-11-28,94.370201
2025-12-01,93.863464
2025-12-02,93.941124
2025-12-03,94.135277
2025-12-04,93.844063
2025-12-05,93.649902
2025-12-08,93.455734
2025-12-09,93.319839
2025-12-10,93.620789
2025-12-11,93.630486
2025-12-12,93.378082
2025-12-15,93.455734
2025-12-16,93.717857
2025-12-17,93.698425
2025-12-18,93.941124
2025-12-19,93.729790
2025-12-22,93.632401
2025-12-23,93.593430
2025-12-24,93.836914
2025-12-26,93.924568
2025-12-29,94.060913
2025-12-30,93.963524
2025-12-31,93.651878
2026-01-02,93.573967
2026-01-05,93.856407
2026-01-06,93.788223
2026-01-07,93.963524
2026-01-08,93.681091
2026-01-09,93.788223
2026-01-12,93.671356
2026-01-13,93.788223
2026-01-14,93.983002
2026-01-15,93.788223
2026-01-16,93.427879
2026-01-20,93.057793
2026-01-21,93.301262
2026-01-22,93.291527
2026-01-23,93.447342
2026-01-26,93.583694
2026-01-27,93.476562
2026-01-28,93.398643
2026-01-29,93.496048
2026-01-30,93.437614
2026-02-02,93.253922
2026-02-03,93.341850
2026-02-04,93.322311
2026-02-05,93.869492
2026-02-06,93.869492
2026-02-09,93.889023
2026-02-10,94.299416
2026-02-11,94.035599
2026-02-12,94.612076
2026-02-13,94.983376
2026-02-17,94.973595
2026-02-18,94.778191
2026-02-19,94.866119
2026-02-20,94.866119
2026-02-23,95.208115
2026-02-24,95.188560
2026-02-25,95.110397
2026-02-26,95.364441
2026-02-27,95.745514
2026-03-02,95.170288
2026-03-03,95.062508
2026-03-04,94.866501
2026-03-05,94.572540
2026-03-06,94.513741
2026-03-09,94.807724
2026-03-10,94.503944
2026-03-11,94.072777
2026-03-12,93.769005
2026-03-13,93.670998
2026-03-16,94.092377
2026-03-17,94.258965
2026-03-18,93.827797
2026-03-19,93.817978
2026-03-20,92.975258
2026-03-23,93.269234
2026-03-24,92.955666
2026-03-25,93.445618
2026-03-26,92.691086
2026-03-27,92.700874
2026-03-30,93.357422
2026-03-31,93.524025
2026-04-01,93.442421
2026-04-02,93.658714
2026-04-06,93.412918
2026-04-07,93.648880
2026-04-08,93.855354
2026-04-09,93.825859
2026-04-10,93.668541
2026-04-13,93.875023
2026-04-14,94.179810
2026-04-15,93.973335
2026-04-16,93.806198
2026-04-17,94.317451
2026-04-20,94.228958
2026-04-21,93.816017
2026-04-22,93.914345
2026-04-23,93.766861
2026-04-24,93.953667
2026-04-27,93.737350
2026-04-28,93.648880
2026-04-29,93.206459
2026-04-30,93.383430
2026-05-01,93.454445
2026-05-04,93.109192
2026-05-05,93.247299
2026-05-06,93.710915
2026-05-07,93.424850
2026-05-08,93.671463
2026-05-11,93.355804
2026-05-12,93.040146
2026-05-13,93.040146
2026-05-14,92.980965
2026-05-15,92.241142
2026-05-18,92.201683
2026-05-19,91.846558
2026-05-20,92.468010
2026-05-21,92.527206
2026-05-22,92.606117
2026-05-26,93.000687
2026-05-27,93.040146
2026-05-28,93.257156
2026-05-29,93.365669
2026-06-01,93.204338
2026-06-02,93.273621
2026-06-03,93.036079
2026-06-04,93.154854
2026-06-05,92.659981
2026-06-08,92.561005
2026-06-09,92.818336
2026-06-10,92.729263
2026-06-11,93.372597
2026-06-12,93.214241
2026-06-15,93.313217
2026-06-16,93.550751
2026-06-17,93.055870
2026-06-18,93.392387
2026-06-22,93.036079
2026-06-23,93.154854
2026-06-24,93.758598
2026-06-25,93.817986
2026-06-26,94.055511
2026-06-29,94.085213
2026-06-30,93.600235
2026-07-01,93.372841
2026-07-02,93.462212
2026-07-06,93.521790
2026-07-07,93.045143
2026-07-08,92.856476
2026-07-09,93.055069
2026-07-10,92.975632
2026-07-13,92.638016
2026-07-14,92.896194
2026-07-15,93.124580
2026-07-16,93.065010
2026-07-17,93.184158
2026-07-20,92.886269
2026-07-21,92.657867
2026-07-22,92.449333
2026-07-23,92.201080
2026-07-24,92.379822
2026-07-27,92.628075
2026-07-28,92.906120
2026-07-29,92.518852
2026-07-30,92.558571
2026-07-31,92.300385
2026-08-03,92.487709
2026-08-04,92.916176
2026-08-05,92.975952
2026-08-06,92.617241
2026-08-07,92.836456
2026-08-10,92.427933
2026-08-11,92.537537
2026-08-12,92.627213
2026-08-13,92.965996
2026-08-14,92.706924
2026-08-17,92.507637
2026-08-18,92.597321
2026-08-19,93.045708
2026-08-20,92.667068
2026-08-21,92.487709
2026-08-24,92.677032
2026-08-25,93.175247
2026-08-26,92.985924
2026-08-27,92.896248
2026-08-28,92.517601
2026-08-31,92.407997
2026-09-01,92.099998
2026-09-02,92.180000
2026-09-03,92.279999
2026-09-04,92.250000
2026-09-08,92.160004
2026-09-09,91.900002
2026-09-10,91.180000
2026-09-11,91.010002
2026-09-14,90.930000
2026-09-15,90.820000
2026-09-16,90.730003
2026-09-17,91.250000
2026-09-18,90.800003
