date,value
2007-05-30,70.162369
2007-05-31,70.162369
2007-06-01,70.177681
2007-06-04,70.193001
2007-06-05,70.193001
2007-06-06,70.223648
2007-06-07,70.208321
2007-06-08,70.223648
2007-06-11,70.254265
2007-06-12,70.193001
2007-06-13,70.254265
2007-06-14,70.284904
2007-06-15,70.346230
2007-06-18,70.361526
2007-06-19,70.361526
2007-06-20,70.376839
2007-06-21,70.376839
2007-06-22,70.438087
2007-06-25,70.407501
2007-06-26,70.422783
2007-06-27,70.407501
2007-06-28,70.438087
2007-06-29,70.468727
2007-07-02,70.488739
2007-07-03,70.488739
2007-07-05,70.488739
2007-07-06,70.519539
2007-07-09,70.534889
2007-07-10,70.550293
2007-07-11,70.550293
2007-07-12,70.565689
2007-07-13,70.581093
2007-07-16,70.596451
2007-07-17,70.627266
2007-07-18,70.611816
2007-07-19,70.627266
2007-07-20,70.657997
2007-07-23,70.657997
2007-07-24,70.657997
2007-07-25,70.673409
2007-07-26,70.688789
2007-07-27,70.719559
2007-07-30,70.657997
2007-07-31,70.750351
2007-08-01,70.727135
2007-08-02,70.742599
2007-08-03,70.711700
2007-08-06,70.788925
2007-08-07,70.804436
2007-08-08,70.773506
2007-08-09,70.835297
2007-08-10,70.881630
2007-08-13,70.897057
2007-08-14,70.881630
2007-08-15,70.897057
2007-08-16,70.989830
2007-08-17,71.036163
2007-08-20,71.097939
2007-08-21,71.082466
2007-08-22,71.082466
2007-08-23,71.036163
2007-08-24,71.020714
2007-08-27,70.927963
2007-08-28,71.005241
2007-08-29,71.051590
2007-08-30,71.067062
2007-08-31,71.051590
2007-09-04,71.062469
2007-09-05,71.077927
2007-09-06,71.077927
2007-09-07,71.124481
2007-09-10,71.139961
2007-09-11,71.062469
2007-09-12,71.170990
2007-09-13,71.155556
2007-09-14,71.202057
2007-09-17,71.233047
2007-09-18,71.186501
2007-09-19,71.217522
2007-09-20,71.170990
2007-09-21,71.202057
2007-09-24,71.264069
2007-09-25,71.279602
2007-09-26,71.202057
2007-09-27,71.217522
2007-09-28,71.186501
2007-10-01,71.264313
2007-10-02,71.217667
2007-10-03,71.233223
2007-10-04,71.311020
2007-10-05,71.233223
2007-10-08,71.342194
2007-10-09,71.295471
2007-10-10,71.357719
2007-10-11,71.342194
2007-10-12,71.357719
2007-10-15,71.326591
2007-10-16,71.373283
2007-10-17,71.404442
2007-10-18,71.404442
2007-10-19,71.466667
2007-10-22,71.435547
2007-10-23,71.435547
2007-10-24,71.466667
2007-10-25,71.451118
2007-10-26,71.419922
2007-10-29,71.482224
2007-10-30,71.451118
2007-10-31,71.466667
2007-11-01,71.515045
2007-11-02,71.561905
2007-11-05,71.561905
2007-11-06,71.561905
2007-11-07,71.608757
2007-11-08,71.561905
2007-11-09,71.624329
2007-11-12,71.655602
2007-11-13,71.640045
2007-11-14,71.608757
2007-11-15,71.655602
2007-11-16,71.655602
2007-11-19,71.686813
2007-11-20,71.702423
2007-11-21,71.733688
2007-11-23,71.749260
2007-11-26,71.702423
2007-11-27,71.764877
2007-11-28,71.780518
2007-11-29,71.733688
2007-11-30,71.749260
2007-12-03,71.732056
2007-12-04,71.747757
2007-12-05,71.747757
2007-12-06,71.763344
2007-12-07,71.826035
2007-12-10,71.779099
2007-12-11,71.873001
2007-12-12,71.857414
2007-12-13,71.888687
2007-12-14,71.841682
2007-12-17,71.873001
2007-12-18,71.873001
2007-12-19,71.904366
2007-12-20,71.935684
2007-12-21,71.935684
2007-12-24,71.935684
2007-12-26,71.904366
2007-12-27,71.935684
2007-12-28,71.934067
2007-12-31,71.918365
2008-01-02,71.981239
2008-01-03,71.934067
2008-01-04,71.918365
2008-01-07,71.981239
2008-01-08,71.934067
2008-01-09,71.887016
2008-01-10,71.918365
2008-01-11,71.949829
2008-01-14,72.012627
2008-01-15,71.996948
2008-01-16,71.996948
2008-01-17,71.965500
2008-01-18,72.012627
2008-01-22,72.044060
2008-01-23,72.122559
2008-01-24,72.153992
2008-01-25,72.075439
2008-01-28,72.106850
2008-01-29,72.169701
2008-01-30,72.201118
2008-01-31,72.201118
2008-02-01,72.193214
2008-02-04,72.208977
2008-02-05,72.161751
2008-02-06,72.224739
2008-02-07,72.208977
2008-02-08,72.208977
2008-02-11,72.224739
2008-02-12,72.208977
2008-02-13,72.224739
2008-02-14,72.240471
2008-02-15,72.240471
2008-02-19,72.240471
2008-02-20,72.208977
2008-02-21,72.271942
2008-02-22,72.271942
2008-02-25,72.240471
2008-02-26,72.287697
2008-02-27,72.303421
2008-02-28,72.303421
2008-02-29,72.319183
2008-03-03,72.346008
2008-03-04,72.346008
2008-03-05,72.330261
2008-03-06,72.361816
2008-03-07,72.361816
2008-03-10,72.361816
2008-03-11,72.361816
2008-03-12,72.377563
2008-03-13,72.361816
2008-03-14,72.456429
2008-03-17,72.440659
2008-03-18,72.519539
2008-03-19,72.535309
2008-03-20,72.519539
2008-03-24,72.456429
2008-03-25,72.409134
2008-03-26,72.456429
2008-03-27,72.472206
2008-03-28,72.409134
2008-03-31,72.488007
2008-04-01,72.440582
2008-04-02,72.440582
2008-04-03,72.440582
2008-04-04,72.472191
2008-04-07,72.440582
2008-04-08,72.487999
2008-04-09,72.487999
2008-04-10,72.487999
2008-04-11,72.487999
2008-04-14,72.519592
2008-04-15,72.519592
2008-04-16,72.472191
2008-04-17,72.472191
2008-04-18,72.424805
2008-04-21,72.456360
2008-04-22,72.472191
2008-04-23,72.472191
2008-04-24,72.487999
2008-04-25,72.487999
2008-04-28,72.440582
2008-04-29,72.519592
2008-04-30,72.440582
2008-05-01,72.494385
2008-05-02,72.446922
2008-05-05,72.462776
2008-05-06,72.431091
2008-05-07,72.478546
2008-05-08,72.446922
2008-05-09,72.478546
2008-05-12,72.478546
2008-05-13,72.446922
2008-05-14,72.446922
2008-05-15,72.446922
2008-05-16,72.462776
2008-05-19,72.462776
2008-05-20,72.431091
2008-05-21,72.431091
2008-05-22,72.478546
2008-05-23,72.478546
2008-05-27,72.478546
2008-05-28,72.510185
2008-05-29,72.478546
2008-05-30,72.510185
2008-06-02,72.568794
2008-06-03,72.568794
2008-06-04,72.552917
2008-06-05,72.505463
2008-06-06,72.521225
2008-06-09,72.552917
2008-06-10,72.600441
2008-06-11,72.647987
2008-06-12,72.600441
2008-06-13,72.647987
2008-06-16,72.647987
2008-06-17,72.632118
2008-06-18,72.663765
2008-06-19,72.647987
2008-06-20,72.679642
2008-06-23,72.679642
2008-06-24,72.679642
2008-06-25,72.695465
2008-06-26,72.695465
2008-06-27,72.727150
2008-06-30,72.679642
2008-07-01,72.704926
2008-07-02,72.704926
2008-07-03,72.704926
2008-07-07,72.689125
2008-07-08,72.657433
2008-07-09,72.673317
2008-07-10,72.736710
2008-07-11,72.784279
2008-07-14,72.784279
2008-07-15,72.800110
2008-07-16,72.815971
2008-07-17,72.704926
2008-07-18,72.800110
2008-07-21,72.736710
2008-07-22,72.768410
2008-07-23,72.800110
2008-07-24,72.784279
2008-07-25,72.800110
2008-07-28,72.800110
2008-07-29,72.800110
2008-07-30,72.815971
2008-07-31,72.815971
2008-08-01,72.793709
2008-08-04,72.809616
2008-08-05,72.825508
2008-08-06,72.793709
2008-08-07,72.841370
2008-08-08,72.825508
2008-08-11,72.841370
2008-08-12,72.793709
2008-08-13,72.857178
2008-08-14,72.841370
2008-08-15,72.857178
2008-08-18,72.809616
2008-08-19,72.873123
2008-08-20,72.873123
2008-08-21,72.889023
2008-08-22,72.904846
2008-08-25,72.889023
2008-08-26,72.904846
2008-08-27,72.904846
2008-08-28,72.904846
2008-08-29,72.873123
2008-09-02,72.925575
2008-09-03,72.925575
2008-09-04,72.925575
2008-09-05,72.941490
2008-09-08,72.941490
2008-09-09,72.925575
2008-09-10,72.957321
2008-09-11,72.941490
2008-09-12,72.973274
2008-09-15,73.052780
2008-09-16,73.084602
2008-09-17,73.402512
2008-09-18,73.195839
2008-09-19,72.941490
2008-09-22,72.973274
2008-09-23,73.211746
2008-09-24,72.989204
2008-09-25,73.068634
2008-09-26,73.195839
2008-09-29,73.513794
2008-09-30,73.243530
2008-10-01,73.232399
2008-10-02,73.200531
2008-10-03,73.200531
2008-10-06,73.184647
2008-10-07,73.168732
2008-10-08,73.105080
2008-10-09,73.216469
2008-10-10,73.280151
2008-10-13,72.993591
2008-10-14,73.120941
2008-10-15,73.136841
2008-10-16,73.105080
2008-10-17,72.945816
2008-10-20,73.120941
2008-10-21,73.120941
2008-10-22,73.025444
2008-10-23,73.120941
2008-10-24,73.041359
2008-10-27,73.152832
2008-10-28,73.136841
2008-10-29,73.057243
2008-10-30,73.152832
2008-10-31,73.073212
2008-11-03,73.052490
2008-11-04,73.084412
2008-11-05,73.116219
2008-11-06,73.227806
2008-11-07,73.227806
2008-11-10,73.211838
2008-11-11,73.211838
2008-11-12,73.227806
2008-11-13,73.227806
2008-11-14,73.227806
2008-11-17,73.259674
2008-11-18,73.179993
2008-11-19,73.164070
2008-11-20,73.211838
2008-11-21,73.195915
2008-11-24,73.211838
2008-11-25,73.227806
2008-11-26,73.259674
2008-11-28,73.036568
2008-12-01,73.237473
2008-12-02,73.301247
2008-12-03,73.189636
2008-12-04,73.157715
2008-12-05,73.157715
2008-12-08,73.173653
2008-12-09,73.141792
2008-12-10,73.189636
2008-12-11,73.109879
2008-12-12,73.141792
2008-12-15,73.125900
2008-12-16,73.173653
2008-12-17,73.125900
2008-12-18,73.078011
2008-12-19,73.125900
2008-12-22,73.221535
2008-12-23,73.141792
2008-12-24,73.221535
2008-12-26,73.221535
2008-12-29,72.963036
2008-12-30,73.218292
2008-12-31,73.058762
2009-01-02,73.074730
2009-01-05,73.074730
2009-01-06,73.090706
2009-01-07,73.202347
2009-01-08,73.122597
2009-01-09,73.170502
2009-01-12,73.138550
2009-01-13,73.234299
2009-01-14,73.250259
2009-01-15,73.266212
2009-01-16,73.218292
2009-01-20,73.090706
2009-01-21,73.218292
2009-01-22,73.234299
2009-01-23,73.218292
2009-01-26,73.202347
2009-01-27,73.170502
2009-01-28,73.138550
2009-01-29,73.138550
2009-01-30,73.202347
2009-02-02,73.247063
2009-02-03,73.183220
2009-02-04,73.231079
2009-02-05,73.199188
2009-02-06,73.087433
2009-02-09,73.183220
2009-02-10,73.167267
2009-02-11,73.151321
2009-02-12,73.151321
2009-02-13,73.215141
2009-02-17,73.215141
2009-02-18,73.231079
2009-02-19,73.231079
2009-02-20,73.231079
2009-02-23,73.215141
2009-02-24,73.167267
2009-02-25,73.135323
2009-02-26,73.151321
2009-02-27,73.199188
2009-03-02,73.242241
2009-03-03,73.226318
2009-03-04,73.226318
2009-03-05,73.242241
2009-03-06,73.226318
2009-03-09,73.226318
2009-03-10,73.226318
2009-03-11,73.226318
2009-03-12,73.194389
2009-03-13,73.178444
2009-03-16,73.162483
2009-03-17,73.210373
2009-03-18,73.226318
2009-03-19,73.178444
2009-03-20,73.210373
2009-03-23,73.226318
2009-03-24,73.210373
2009-03-25,73.242241
2009-03-26,73.226318
2009-03-27,73.242241
2009-03-30,73.226318
2009-03-31,73.194389
2009-04-01,73.207138
2009-04-02,73.159286
2009-04-03,73.207138
2009-04-06,73.191216
2009-04-07,73.191216
2009-04-08,73.223099
2009-04-09,73.175240
2009-04-13,73.223099
2009-04-14,73.191216
2009-04-15,73.191216
2009-04-16,73.239105
2009-04-17,73.159286
2009-04-20,73.191216
2009-04-21,73.175240
2009-04-22,73.223099
2009-04-23,73.255035
2009-04-24,73.255035
2009-04-27,73.239105
2009-04-28,73.255035
2009-04-29,73.239105
2009-04-30,73.239105
2009-05-01,73.263016
2009-05-04,73.167252
2009-05-05,73.183212
2009-05-06,73.167252
2009-05-07,73.167252
2009-05-08,73.183212
2009-05-11,73.167252
2009-05-12,73.231087
2009-05-13,73.183212
2009-05-14,73.199181
2009-05-15,73.199181
2009-05-18,73.247086
2009-05-19,73.231087
2009-05-20,73.167252
2009-05-21,73.215118
2009-05-22,73.231087
2009-05-26,73.247086
2009-05-27,73.247086
2009-05-28,73.231087
2009-05-29,73.247086
2009-06-01,73.189606
2009-06-02,73.189606
2009-06-03,73.221519
2009-06-04,73.221519
2009-06-05,73.205582
2009-06-08,73.221519
2009-06-09,73.205582
2009-06-10,73.221519
2009-06-11,73.173607
2009-06-12,73.237488
2009-06-15,73.237488
2009-06-16,73.253487
2009-06-17,73.253487
2009-06-18,73.237488
2009-06-19,73.253487
2009-06-22,73.253487
2009-06-23,73.253487
2009-06-24,73.253487
2009-06-25,73.253487
2009-06-26,73.253487
2009-06-29,73.253487
2009-06-30,73.237488
2009-07-01,73.239052
2009-07-02,73.255074
2009-07-06,73.239052
2009-07-07,73.239052
2009-07-08,73.255074
2009-07-09,73.239052
2009-07-10,73.239052
2009-07-13,73.255074
2009-07-14,73.255074
2009-07-15,73.223129
2009-07-16,73.255074
2009-07-17,73.255074
2009-07-20,73.223129
2009-07-21,73.223129
2009-07-22,73.239052
2009-07-23,73.223129
2009-07-24,73.207146
2009-07-27,73.207146
2009-07-28,73.223129
2009-07-29,73.223129
2009-07-30,73.239052
2009-07-31,73.191177
2009-08-03,73.210365
2009-08-04,73.226318
2009-08-05,73.210365
2009-08-06,73.210365
2009-08-07,73.210365
2009-08-10,73.210365
2009-08-11,73.210365
2009-08-12,73.242233
2009-08-13,73.210365
2009-08-14,73.242233
2009-08-17,73.210365
2009-08-18,73.242233
2009-08-19,73.210365
2009-08-20,73.226318
2009-08-21,73.210365
2009-08-24,73.210365
2009-08-25,73.210365
2009-08-26,73.226318
2009-08-27,73.226318
2009-08-28,73.242233
2009-08-31,73.242233
2009-09-01,73.197571
2009-09-02,73.261436
2009-09-03,73.261436
2009-09-04,73.261436
2009-09-08,73.261436
2009-09-09,73.213554
2009-09-10,73.229492
2009-09-11,73.213554
2009-09-14,73.213554
2009-09-15,73.213554
2009-09-16,73.213554
2009-09-17,73.229492
2009-09-18,73.213554
2009-09-21,73.261436
2009-09-22,73.213554
2009-09-23,73.245506
2009-09-24,73.213554
2009-09-25,73.245506
2009-09-28,73.261436
2009-09-29,73.261436
2009-09-30,73.261436
2009-10-01,73.216721
2009-10-02,73.216721
2009-10-05,73.248657
2009-10-06,73.216721
2009-10-07,73.248657
2009-10-08,73.216721
2009-10-09,73.232674
2009-10-12,73.232674
2009-10-13,73.232674
2009-10-14,73.216721
2009-10-15,73.216721
2009-10-16,73.248657
2009-10-19,73.232674
2009-10-20,73.216721
2009-10-21,73.216721
2009-10-22,73.216721
2009-10-23,73.216721
2009-10-26,73.216721
2009-10-27,73.216721
2009-10-28,73.216721
2009-10-29,73.232674
2009-10-30,73.264603
2009-11-02,73.266243
2009-11-03,73.266243
2009-11-04,73.250313
2009-11-05,73.250313
2009-11-06,73.266243
2009-11-09,73.266243
2009-11-10,73.218307
2009-11-11,73.218307
2009-11-12,73.218307
2009-11-13,73.218307
2009-11-16,73.218307
2009-11-17,73.218307
2009-11-18,73.218307
2009-11-19,73.218307
2009-11-20,73.218307
2009-11-23,73.218307
2009-11-24,73.218307
2009-11-25,73.218307
2009-11-27,73.234276
2009-11-30,73.234276
2009-12-01,73.234276
2009-12-02,73.218307
2009-12-03,73.218307
2009-12-04,73.250313
2009-12-07,73.218307
2009-12-08,73.218307
2009-12-09,73.250313
2009-12-10,73.218307
2009-12-11,73.218307
2009-12-14,73.202370
2009-12-15,73.202370
2009-12-16,73.218307
2009-12-17,73.218307
2009-12-18,73.218307
2009-12-21,73.218307
2009-12-22,73.218307
2009-12-23,73.218307
2009-12-24,73.234276
2009-12-28,73.218307
2009-12-29,73.224716
2009-12-30,73.240669
2009-12-31,73.256653
2010-01-04,73.224716
2010-01-05,73.208740
2010-01-06,73.208740
2010-01-07,73.208740
2010-01-08,73.208740
2010-01-11,73.208740
2010-01-12,73.208740
2010-01-13,73.240669
2010-01-14,73.224716
2010-01-15,73.224716
2010-01-19,73.224716
2010-01-20,73.224716
2010-01-21,73.224716
2010-01-22,73.224716
2010-01-25,73.240669
2010-01-26,73.240669
2010-01-27,73.256653
2010-01-28,73.240669
2010-01-29,73.256653
2010-02-01,73.240669
2010-02-02,73.224716
2010-02-03,73.256653
2010-02-04,73.256653
2010-02-05,73.256653
2010-02-08,73.256653
2010-02-09,73.256653
2010-02-10,73.256653
2010-02-11,73.256653
2010-02-12,73.256653
2010-02-16,73.256653
2010-02-17,73.208740
2010-02-18,73.240669
2010-02-19,73.208740
2010-02-22,73.240669
2010-02-23,73.208740
2010-02-24,73.240669
2010-02-25,73.240669
2010-02-26,73.240669
2010-03-01,73.208740
2010-03-02,73.224716
2010-03-03,73.208740
2010-03-04,73.208740
2010-03-05,73.208740
2010-03-08,73.208740
2010-03-09,73.208740
2010-03-10,73.224716
2010-03-11,73.208740
2010-03-12,73.208740
2010-03-15,73.208740
2010-03-16,73.208740
2010-03-17,73.208740
2010-03-18,73.208740
2010-03-19,73.208740
2010-03-22,73.224716
2010-03-23,73.224716
2010-03-24,73.208740
2010-03-25,73.240669
2010-03-26,73.240669
2010-03-29,73.208740
2010-03-30,73.208740
2010-03-31,73.240669
2010-04-01,73.240669
2010-04-05,73.208740
2010-04-06,73.208740
2010-04-07,73.208740
2010-04-08,73.208740
2010-04-09,73.208740
2010-04-12,73.208740
2010-04-13,73.208740
2010-04-14,73.208740
2010-04-15,73.208740
2010-04-16,73.208740
2010-04-19,73.224716
2010-04-20,73.208740
2010-04-21,73.208740
2010-04-22,73.208740
2010-04-23,73.208740
2010-04-26,73.224716
2010-04-27,73.208740
2010-04-28,73.224716
2010-04-29,73.224716
2010-04-30,73.208740
2010-05-03,73.224716
2010-05-04,73.208740
2010-05-05,73.224716
2010-05-06,73.240669
2010-05-07,73.240669
2010-05-10,73.240669
2010-05-11,73.240669
2010-05-12,73.240669
2010-05-13,73.224716
2010-05-14,73.240669
2010-05-17,73.240669
2010-05-18,73.224716
2010-05-19,73.240669
2010-05-20,73.240669
2010-05-21,73.240669
2010-05-24,73.240669
2010-05-25,73.240669
2010-05-26,73.256653
2010-05-27,73.224716
2010-05-28,73.240669
2010-06-01,73.240669
2010-06-02,73.256653
2010-06-03,73.224716
2010-06-04,73.256653
2010-06-07,73.240669
2010-06-08,73.256653
2010-06-09,73.256653
2010-06-10,73.256653
2010-06-11,73.256653
2010-06-14,73.224716
2010-06-15,73.224716
2010-06-16,73.224716
2010-06-17,73.224716
2010-06-18,73.240669
2010-06-21,73.224716
2010-06-22,73.240669
2010-06-23,73.240669
2010-06-24,73.240669
2010-06-25,73.240669
2010-06-28,73.240669
2010-06-29,73.240669
2010-06-30,73.256653
2010-07-01,73.240669
2010-07-02,73.240669
2010-07-06,73.224716
2010-07-07,73.224716
2010-07-08,73.240669
2010-07-09,73.224716
2010-07-12,73.240669
2010-07-13,73.240669
2010-07-14,73.240669
2010-07-15,73.240669
2010-07-16,73.240669
2010-07-19,73.224716
2010-07-20,73.224716
2010-07-21,73.224716
2010-07-22,73.224716
2010-07-23,73.240669
2010-07-26,73.208740
2010-07-27,73.208740
2010-07-28,73.224716
2010-07-29,73.208740
2010-07-30,73.224716
2010-08-02,73.208740
2010-08-03,73.208740
2010-08-04,73.208740
2010-08-05,73.208740
2010-08-06,73.208740
2010-08-09,73.208740
2010-08-10,73.224716
2010-08-11,73.240669
2010-08-12,73.240669
2010-08-13,73.240669
2010-08-16,73.224716
2010-08-17,73.240669
2010-08-18,73.224716
2010-08-19,73.224716
2010-08-20,73.240669
2010-08-23,73.224716
2010-08-24,73.224716
2010-08-25,73.240669
2010-08-26,73.224716
2010-08-27,73.224716
2010-08-30,73.240669
2010-08-31,73.224716
2010-09-01,73.224716
2010-09-02,73.240669
2010-09-03,73.240669
2010-09-07,73.224716
2010-09-08,73.224716
2010-09-09,73.224716
2010-09-10,73.224716
2010-09-13,73.224716
2010-09-14,73.240669
2010-09-15,73.240669
2010-09-16,73.240669
2010-09-17,73.224716
2010-09-20,73.224716
2010-09-21,73.224716
2010-09-22,73.224716
2010-09-23,73.224716
2010-09-24,73.240669
2010-09-27,73.240669
2010-09-28,73.224716
2010-09-29,73.224716
2010-09-30,73.224716
2010-10-01,73.224716
2010-10-04,73.240669
2010-10-05,73.224716
2010-10-06,73.224716
2010-10-07,73.224716
2010-10-08,73.224716
2010-10-11,73.224716
2010-10-12,73.224716
2010-10-13,73.224716
2010-10-14,73.240669
2010-10-15,73.224716
2010-10-18,73.240669
2010-10-19,73.224716
2010-10-20,73.224716
2010-10-21,73.224716
2010-10-22,73.240669
2010-10-25,73.224716
2010-10-26,73.240669
2010-10-27,73.240669
2010-10-28,73.224716
2010-10-29,73.240669
2010-11-01,73.240669
2010-11-02,73.208740
2010-11-03,73.224716
2010-11-04,73.224716
2010-11-05,73.224716
2010-11-08,73.224716
2010-11-09,73.224716
2010-11-10,73.224716
2010-11-11,73.208740
2010-11-12,73.240669
2010-11-15,73.240669
2010-11-16,73.240669
2010-11-17,73.240669
2010-11-18,73.224716
2010-11-19,73.224716
2010-11-22,73.224716
2010-11-23,73.224716
2010-11-24,73.240669
2010-11-26,73.240669
2010-11-29,73.240669
2010-11-30,73.240669
2010-12-01,73.224716
2010-12-02,73.224716
2010-12-03,73.240669
2010-12-06,73.224716
2010-12-07,73.224716
2010-12-08,73.224716
2010-12-09,73.240669
2010-12-10,73.240669
2010-12-13,73.240669
2010-12-14,73.240669
2010-12-15,73.224716
2010-12-16,73.224716
2010-12-17,73.240669
2010-12-20,73.240669
2010-12-21,73.240669
2010-12-22,73.224716
2010-12-23,73.224716
2010-12-27,73.224716
2010-12-28,73.240669
2010-12-29,73.224716
2010-12-30,73.240669
2010-12-31,73.224716
2011-01-03,73.240669
2011-01-04,73.240669
2011-01-05,73.240669
2011-01-06,73.240669
2011-01-07,73.224716
2011-01-10,73.240669
2011-01-11,73.240669
2011-01-12,73.224716
2011-01-13,73.224716
2011-01-14,73.224716
2011-01-18,73.224716
2011-01-19,73.240669
2011-01-20,73.240669
2011-01-21,73.224716
2011-01-24,73.224716
2011-01-25,73.240669
2011-01-26,73.224716
2011-01-27,73.240669
2011-01-28,73.224716
2011-01-31,73.224716
2011-02-01,73.224716
2011-02-02,73.224716
2011-02-03,73.224716
2011-02-04,73.240669
2011-02-07,73.224716
2011-02-08,73.224716
2011-02-09,73.240669
2011-02-10,73.224716
2011-02-11,73.224716
2011-02-14,73.224716
2011-02-15,73.240669
2011-02-16,73.240669
2011-02-17,73.240669
2011-02-18,73.224716
2011-02-22,73.224716
2011-02-23,73.240669
2011-02-24,73.240669
2011-02-25,73.240669
2011-02-28,73.224716
2011-03-01,73.224716
2011-03-02,73.240669
2011-03-03,73.224716
2011-03-04,73.240669
2011-03-07,73.224716
2011-03-08,73.224716
2011-03-09,73.224716
2011-03-10,73.224716
2011-03-11,73.240669
2011-03-14,73.240669
2011-03-15,73.256653
2011-03-16,73.256653
2011-03-17,73.256653
2011-03-18,73.256653
2011-03-21,73.256653
2011-03-22,73.224716
2011-03-23,73.240669
2011-03-24,73.224716
2011-03-25,73.224716
2011-03-28,73.240669
2011-03-29,73.224716
2011-03-30,73.240669
2011-03-31,73.224716
2011-04-01,73.224716
2011-04-04,73.224716
2011-04-05,73.224716
2011-04-06,73.224716
2011-04-07,73.240669
2011-04-08,73.224716
2011-04-11,73.224716
2011-04-12,73.240669
2011-04-13,73.240669
2011-04-14,73.224716
2011-04-15,73.240669
2011-04-18,73.224716
2011-04-19,73.224716
2011-04-20,73.224716
2011-04-21,73.224716
2011-04-25,73.224716
2011-04-26,73.224716
2011-04-27,73.224716
2011-04-28,73.224716
2011-04-29,73.224716
2011-05-02,73.224716
2011-05-03,73.224716
2011-05-04,73.256653
2011-05-05,73.256653
2011-05-06,73.256653
2011-05-09,73.256653
2011-05-10,73.256653
2011-05-11,73.256653
2011-05-12,73.256653
2011-05-13,73.240669
2011-05-16,73.240669
2011-05-17,73.240669
2011-05-18,73.224716
2011-05-19,73.256653
2011-05-20,73.240669
2011-05-23,73.240669
2011-05-24,73.240669
2011-05-25,73.240669
2011-05-26,73.240669
2011-05-27,73.240669
2011-05-31,73.240669
2011-06-01,73.224716
2011-06-02,73.224716
2011-06-03,73.224716
2011-06-06,73.224716
2011-06-07,73.240669
2011-06-08,73.240669
2011-06-09,73.224716
2011-06-10,73.240669
2011-06-13,73.224716
2011-06-14,73.240669
2011-06-15,73.240669
2011-06-16,73.240669
2011-06-17,73.240669
2011-06-20,73.240669
2011-06-21,73.224716
2011-06-22,73.240669
2011-06-23,73.240669
2011-06-24,73.224716
2011-06-27,73.224716
2011-06-28,73.224716
2011-06-29,73.240669
2011-06-30,73.240669
2011-07-01,73.224716
2011-07-05,73.224716
2011-07-06,73.240669
2011-07-07,73.224716
2011-07-08,73.224716
2011-07-11,73.208740
2011-07-12,73.224716
2011-07-13,73.240669
2011-07-14,73.240669
2011-07-15,73.240669
2011-07-18,73.240669
2011-07-19,73.240669
2011-07-20,73.224716
2011-07-21,73.224716
2011-07-22,73.240669
2011-07-25,73.240669
2011-07-26,73.240669
2011-07-27,73.240669
2011-07-28,73.240669
2011-07-29,73.240669
2011-08-01,73.240669
2011-08-02,73.240669
2011-08-03,73.240669
2011-08-04,73.240669
2011-08-05,73.240669
2011-08-08,73.240669
2011-08-09,73.240669
2011-08-10,73.240669
2011-08-11,73.240669
2011-08-12,73.240669
2011-08-15,73.240669
2011-08-16,73.240669
2011-08-17,73.240669
2011-08-18,73.208740
2011-08-19,73.240669
2011-08-22,73.208740
2011-08-23,73.240669
2011-08-24,73.240669
2011-08-25,73.208740
2011-08-26,73.240669
2011-08-29,73.240669
2011-08-30,73.240669
2011-08-31,73.240669
2011-09-01,73.240669
2011-09-02,73.240669
2011-09-06,73.224716
2011-09-07,73.208740
2011-09-08,73.208740
2011-09-09,73.224716
2011-09-12,73.224716
2011-09-13,73.208740
2011-09-14,73.208740
2011-09-15,73.208740
2011-09-16,73.208740
2011-09-19,73.224716
2011-09-20,73.224716
2011-09-21,73.224716
2011-09-22,73.208740
2011-09-23,73.224716
2011-09-26,73.224716
2011-09-27,73.208740
2011-09-28,73.224716
2011-09-29,73.224716
2011-09-30,73.224716
2011-10-03,73.224716
2011-10-04,73.224716
2011-10-05,73.224716
2011-10-06,73.208740
2011-10-07,73.224716
2011-10-10,73.208740
2011-10-11,73.224716
2011-10-12,73.208740
2011-10-13,73.224716
2011-10-14,73.208740
2011-10-17,73.208740
2011-10-18,73.224716
2011-10-19,73.224716
2011-10-20,73.224716
2011-10-21,73.208740
2011-10-24,73.208740
2011-10-25,73.224716
2011-10-26,73.224716
2011-10-27,73.208740
2011-10-28,73.208740
2011-10-31,73.192795
2011-11-01,73.224716
2011-11-02,73.208740
2011-11-03,73.192795
2011-11-04,73.208740
2011-11-07,73.224716
2011-11-08,73.224716
2011-11-09,73.208740
2011-11-10,73.224716
2011-11-11,73.208740
2011-11-14,73.224716
2011-11-15,73.208740
2011-11-16,73.224716
2011-11-17,73.224716
2011-11-18,73.224716
2011-11-21,73.224716
2011-11-22,73.208740
2011-11-23,73.224716
2011-11-25,73.224716
2011-11-28,73.224716
2011-11-29,73.192795
2011-11-30,73.208740
2011-12-01,73.192795
2011-12-02,73.208740
2011-12-05,73.208740
2011-12-06,73.224716
2011-12-07,73.208740
2011-12-08,73.208740
2011-12-09,73.192795
2011-12-12,73.192795
2011-12-13,73.192795
2011-12-14,73.208740
2011-12-15,73.192795
2011-12-16,73.208740
2011-12-19,73.208740
2011-12-20,73.208740
2011-12-21,73.208740
2011-12-22,73.208740
2011-12-23,73.208740
2011-12-27,73.192795
2011-12-28,73.195999
2011-12-29,73.195999
2011-12-30,73.195999
2012-01-03,73.180008
2012-01-04,73.180008
2012-01-05,73.180008
2012-01-06,73.180008
2012-01-09,73.195999
2012-01-10,73.195999
2012-01-11,73.180008
2012-01-12,73.180008
2012-01-13,73.180008
2012-01-17,73.180008
2012-01-18,73.180008
2012-01-19,73.180008
2012-01-20,73.180008
2012-01-23,73.180008
2012-01-24,73.180008
2012-01-25,73.180008
2012-01-26,73.180008
2012-01-27,73.180008
2012-01-30,73.195999
2012-01-31,73.180008
2012-02-01,73.180008
2012-02-02,73.180008
2012-02-03,73.180008
2012-02-06,73.195999
2012-02-07,73.180008
2012-02-08,73.195999
2012-02-09,73.180008
2012-02-10,73.195999
2012-02-13,73.180008
2012-02-14,73.195999
2012-02-15,73.180008
2012-02-16,73.195999
2012-02-17,73.180008
2012-02-21,73.180008
2012-02-22,73.180008
2012-02-23,73.180008
2012-02-24,73.195999
2012-02-27,73.180008
2012-02-28,73.180008
2012-02-29,73.195999
2012-03-01,73.180008
2012-03-02,73.180008
2012-03-05,73.180008
2012-03-06,73.180008
2012-03-07,73.180008
2012-03-08,73.195999
2012-03-09,73.195999
2012-03-12,73.195999
2012-03-13,73.195999
2012-03-14,73.180008
2012-03-15,73.180008
2012-03-16,73.180008
2012-03-19,73.195999
2012-03-20,73.195999
2012-03-21,73.195999
2012-03-22,73.195999
2012-03-23,73.195999
2012-03-26,73.195999
2012-03-27,73.180008
2012-03-28,73.195999
2012-03-29,73.180008
2012-03-30,73.180008
2012-04-02,73.164032
2012-04-03,73.180008
2012-04-04,73.164032
2012-04-05,73.180008
2012-04-09,73.195999
2012-04-10,73.195999
2012-04-11,73.195999
2012-04-12,73.180008
2012-04-13,73.164032
2012-04-16,73.180008
2012-04-17,73.180008
2012-04-18,73.180008
2012-04-19,73.195999
2012-04-20,73.180008
2012-04-23,73.195999
2012-04-24,73.195999
2012-04-25,73.180008
2012-04-26,73.195999
2012-04-27,73.180008
2012-04-30,73.195999
2012-05-01,73.195999
2012-05-02,73.195999
2012-05-03,73.180008
2012-05-04,73.180008
2012-05-07,73.195999
2012-05-08,73.195999
2012-05-09,73.195999
2012-05-10,73.195999
2012-05-11,73.195999
2012-05-14,73.195999
2012-05-15,73.195999
2012-05-16,73.195999
2012-05-17,73.195999
2012-05-18,73.195999
2012-05-21,73.195999
2012-05-22,73.164032
2012-05-23,73.164032
2012-05-24,73.195999
2012-05-25,73.195999
2012-05-29,73.195999
2012-05-30,73.195999
2012-05-31,73.195999
2012-06-01,73.195999
2012-06-04,73.195999
2012-06-05,73.195999
2012-06-06,73.180008
2012-06-07,73.180008
2012-06-08,73.180008
2012-06-11,73.180008
2012-06-12,73.195999
2012-06-13,73.195999
2012-06-14,73.195999
2012-06-15,73.180008
2012-06-18,73.195999
2012-06-19,73.164032
2012-06-20,73.164032
2012-06-21,73.195999
2012-06-22,73.180008
2012-06-25,73.195999
2012-06-26,73.195999
2012-06-27,73.180008
2012-06-28,73.195999
2012-06-29,73.164032
2012-07-02,73.164032
2012-07-03,73.164032
2012-07-05,73.164032
2012-07-06,73.164032
2012-07-09,73.164032
2012-07-10,73.164032
2012-07-11,73.164032
2012-07-12,73.164032
2012-07-13,73.180008
2012-07-16,73.164032
2012-07-17,73.164032
2012-07-18,73.164032
2012-07-19,73.180008
2012-07-20,73.164032
2012-07-23,73.164032
2012-07-24,73.180008
2012-07-25,73.195999
2012-07-26,73.180008
2012-07-27,73.195999
2012-07-30,73.195999
2012-07-31,73.164032
2012-08-01,73.180008
2012-08-02,73.180008
2012-08-03,73.180008
2012-08-06,73.195999
2012-08-07,73.180008
2012-08-08,73.164032
2012-08-09,73.164032
2012-08-10,73.164032
2012-08-13,73.164032
2012-08-14,73.164032
2012-08-15,73.164032
2012-08-16,73.164032
2012-08-17,73.164032
2012-08-20,73.164032
2012-08-21,73.164032
2012-08-22,73.164032
2012-08-23,73.164032
2012-08-24,73.164032
2012-08-27,73.164032
2012-08-28,73.164032
2012-08-29,73.164032
2012-08-30,73.164032
2012-08-31,73.164032
2012-09-04,73.164032
2012-09-05,73.180008
2012-09-06,73.180008
2012-09-07,73.164032
2012-09-10,73.164032
2012-09-11,73.164032
2012-09-12,73.164032
2012-09-13,73.164032
2012-09-14,73.164032
2012-09-17,73.164032
2012-09-18,73.164032
2012-09-19,73.164032
2012-09-20,73.164032
2012-09-21,73.164032
2012-09-24,73.164032
2012-09-25,73.164032
2012-09-26,73.164032
2012-09-27,73.180008
2012-09-28,73.164032
2012-10-01,73.164032
2012-10-02,73.180008
2012-10-03,73.164032
2012-10-04,73.164032
2012-10-05,73.164032
2012-10-08,73.164032
2012-10-09,73.164032
2012-10-10,73.180008
2012-10-11,73.180008
2012-10-12,73.164032
2012-10-15,73.180008
2012-10-16,73.164032
2012-10-17,73.180008
2012-10-18,73.164032
2012-10-19,73.164032
2012-10-22,73.164032
2012-10-23,73.180008
2012-10-24,73.180008
2012-10-25,73.164032
2012-10-26,73.164032
2012-10-31,73.180008
2012-11-01,73.180008
2012-11-02,73.180008
2012-11-05,73.164032
2012-11-06,73.164032
2012-11-07,73.180008
2012-11-08,73.180008
2012-11-09,73.180008
2012-11-12,73.180008
2012-11-13,73.180008
2012-11-14,73.180008
2012-11-15,73.180008
2012-11-16,73.180008
2012-11-19,73.180008
2012-11-20,73.164032
2012-11-21,73.164032
2012-11-23,73.164032
2012-11-26,73.164032
2012-11-27,73.164032
2012-11-28,73.164032
2012-11-29,73.164032
2012-11-30,73.164032
2012-12-03,73.164032
2012-12-04,73.164032
2012-12-05,73.164032
2012-12-06,73.164032
2012-12-07,73.164032
2012-12-10,73.164032
2012-12-11,73.164032
2012-12-12,73.164032
2012-12-13,73.164032
2012-12-14,73.164032
2012-12-17,73.164032
2012-12-18,73.180008
2012-12-19,73.164032
2012-12-20,73.164032
2012-12-21,73.164032
2012-12-24,73.164032
2012-12-26,73.164032
2012-12-27,73.164032
2012-12-28,73.180008
2012-12-31,73.164032
2013-01-02,73.164032
2013-01-03,73.164032
2013-01-04,73.180008
2013-01-07,73.148041
2013-01-08,73.148041
2013-01-09,73.148041
2013-01-10,73.148041
2013-01-11,73.148041
2013-01-14,73.148041
2013-01-15,73.148041
2013-01-16,73.148041
2013-01-17,73.164032
2013-01-18,73.148041
2013-01-22,73.148041
2013-01-23,73.148041
2013-01-24,73.164032
2013-01-25,73.148041
2013-01-28,73.148041
2013-01-29,73.148041
2013-01-30,73.148041
2013-01-31,73.164032
2013-02-01,73.148041
2013-02-04,73.148041
2013-02-05,73.164032
2013-02-06,73.164032
2013-02-07,73.164032
2013-02-08,73.164032
2013-02-11,73.164032
2013-02-12,73.164032
2013-02-13,73.148041
2013-02-14,73.164032
2013-02-15,73.148041
2013-02-19,73.148041
2013-02-20,73.164032
2013-02-21,73.148041
2013-02-22,73.164032
2013-02-25,73.148041
2013-02-26,73.148041
2013-02-27,73.164032
2013-02-28,73.164032
2013-03-01,73.164032
2013-03-04,73.148041
2013-03-05,73.164032
2013-03-06,73.148041
2013-03-07,73.164032
2013-03-08,73.148041
2013-03-11,73.164032
2013-03-12,73.148041
2013-03-13,73.164032
2013-03-14,73.164032
2013-03-15,73.164032
2013-03-18,73.148041
2013-03-19,73.148041
2013-03-20,73.148041
2013-03-21,73.148041
2013-03-22,73.164032
2013-03-25,73.148041
2013-03-26,73.164032
2013-03-27,73.148041
2013-03-28,73.164032
2013-04-01,73.148041
2013-04-02,73.164032
2013-04-03,73.148041
2013-04-04,73.148041
2013-04-05,73.164032
2013-04-08,73.164032
2013-04-09,73.164032
2013-04-10,73.164032
2013-04-11,73.148041
2013-04-12,73.164032
2013-04-15,73.164032
2013-04-16,73.164032
2013-04-17,73.164032
2013-04-18,73.148041
2013-04-19,73.164032
2013-04-22,73.164032
2013-04-23,73.164032
2013-04-24,73.164032
2013-04-25,73.148041
2013-04-26,73.148041
2013-04-29,73.148041
2013-04-30,73.148041
2013-05-01,73.148041
2013-05-02,73.164032
2013-05-03,73.148041
2013-05-06,73.148041
2013-05-07,73.148041
2013-05-08,73.164032
2013-05-09,73.164032
2013-05-10,73.148041
2013-05-13,73.164032
2013-05-14,73.148041
2013-05-15,73.148041
2013-05-16,73.148041
2013-05-17,73.164032
2013-05-20,73.148041
2013-05-21,73.164032
2013-05-22,73.164032
2013-05-23,73.164032
2013-05-24,73.164032
2013-05-28,73.148041
2013-05-29,73.164032
2013-05-30,73.148041
2013-05-31,73.164032
2013-06-03,73.164032
2013-06-04,73.164032
2013-06-05,73.164032
2013-06-06,73.148041
2013-06-07,73.164032
2013-06-10,73.148041
2013-06-11,73.164032
2013-06-12,73.148041
2013-06-13,73.164032
2013-06-14,73.148041
2013-06-17,73.148041
2013-06-18,73.148041
2013-06-19,73.148041
2013-06-20,73.148041
2013-06-21,73.164032
2013-06-24,73.164032
2013-06-25,73.164032
2013-06-26,73.164032
2013-06-27,73.148041
2013-06-28,73.148041
2013-07-01,73.164032
2013-07-02,73.148041
2013-07-03,73.164032
2013-07-05,73.164032
2013-07-08,73.132111
2013-07-09,73.132111
2013-07-10,73.132111
2013-07-11,73.132111
2013-07-12,73.132111
2013-07-15,73.132111
2013-07-16,73.132111
2013-07-17,73.132111
2013-07-18,73.148041
2013-07-19,73.148041
2013-07-22,73.148041
2013-07-23,73.148041
2013-07-24,73.164032
2013-07-25,73.132111
2013-07-26,73.132111
2013-07-29,73.148041
2013-07-30,73.132111
2013-07-31,73.148041
2013-08-01,73.132111
2013-08-02,73.148041
2013-08-05,73.148041
2013-08-06,73.148041
2013-08-07,73.132111
2013-08-08,73.132111
2013-08-09,73.148041
2013-08-12,73.148041
2013-08-13,73.148041
2013-08-14,73.148041
2013-08-15,73.148041
2013-08-16,73.148041
2013-08-19,73.132111
2013-08-20,73.148041
2013-08-21,73.148041
2013-08-22,73.132111
2013-08-23,73.148041
2013-08-26,73.132111
2013-08-27,73.132111
2013-08-28,73.132111
2013-08-29,73.148041
2013-08-30,73.148041
2013-09-03,73.148041
2013-09-04,73.148041
2013-09-05,73.148041
2013-09-06,73.148041
2013-09-09,73.116066
2013-09-10,73.132111
2013-09-11,73.132111
2013-09-12,73.132111
2013-09-13,73.148041
2013-09-16,73.132111
2013-09-17,73.132111
2013-09-18,73.148041
2013-09-19,73.148041
2013-09-20,73.132111
2013-09-23,73.132111
2013-09-24,73.132111
2013-09-25,73.132111
2013-09-26,73.132111
2013-09-27,73.132111
2013-09-30,73.132111
2013-10-01,73.148041
2013-10-02,73.148041
2013-10-03,73.148041
2013-10-04,73.148041
2013-10-07,73.148041
2013-10-08,73.148041
2013-10-09,73.132111
2013-10-10,73.116066
2013-10-11,73.100166
2013-10-14,73.100166
2013-10-15,73.100166
2013-10-16,73.116066
2013-10-17,73.116066
2013-10-18,73.132111
2013-10-21,73.132111
2013-10-22,73.132111
2013-10-23,73.132111
2013-10-24,73.116066
2013-10-25,73.132111
2013-10-28,73.132111
2013-10-29,73.116066
2013-10-30,73.116066
2013-10-31,73.116066
2013-11-01,73.116066
2013-11-04,73.116066
2013-11-05,73.116066
2013-11-06,73.132111
2013-11-07,73.116066
2013-11-08,73.116066
2013-11-11,73.132111
2013-11-12,73.132111
2013-11-13,73.132111
2013-11-14,73.116066
2013-11-15,73.116066
2013-11-18,73.116066
2013-11-19,73.116066
2013-11-20,73.116066
2013-11-21,73.132111
2013-11-22,73.116066
2013-11-25,73.116066
2013-11-26,73.116066
2013-11-27,73.132111
2013-11-29,73.100166
2013-12-02,73.116066
2013-12-03,73.132111
2013-12-04,73.132111
2013-12-05,73.132111
2013-12-06,73.132111
2013-12-09,73.132111
2013-12-10,73.116066
2013-12-11,73.132111
2013-12-12,73.132111
2013-12-13,73.132111
2013-12-16,73.116066
2013-12-17,73.116066
2013-12-18,73.132111
2013-12-19,73.132111
2013-12-20,73.116066
2013-12-23,73.116066
2013-12-24,73.116066
2013-12-26,73.116066
2013-12-27,73.132111
2013-12-30,73.132111
2013-12-31,73.100166
2014-01-02,73.100166
2014-01-03,73.116066
2014-01-06,73.100166
2014-01-07,73.116066
2014-01-08,73.116066
2014-01-09,73.100166
2014-01-10,73.116066
2014-01-13,73.116066
2014-01-14,73.116066
2014-01-15,73.116066
2014-01-16,73.116066
2014-01-17,73.100166
2014-01-21,73.116066
2014-01-22,73.116066
2014-01-23,73.116066
2014-01-24,73.100166
2014-01-27,73.100166
2014-01-28,73.100166
2014-01-29,73.116066
2014-01-30,73.116066
2014-01-31,73.100166
2014-02-03,73.100166
2014-02-04,73.116066
2014-02-05,73.100166
2014-02-06,73.100166
2014-02-07,73.116066
2014-02-10,73.100166
2014-02-11,73.100166
2014-02-12,73.116066
2014-02-13,73.116066
2014-02-14,73.116066
2014-02-18,73.100166
2014-02-19,73.116066
2014-02-20,73.116066
2014-02-21,73.100166
2014-02-24,73.116066
2014-02-25,73.116066
2014-02-26,73.116066
2014-02-27,73.100166
2014-02-28,73.116066
2014-03-03,73.116066
2014-03-04,73.100166
2014-03-05,73.116066
2014-03-06,73.116066
2014-03-07,73.100166
2014-03-10,73.100166
2014-03-11,73.100166
2014-03-12,73.100166
2014-03-13,73.100166
2014-03-14,73.100166
2014-03-17,73.100166
2014-03-18,73.100166
2014-03-19,73.116066
2014-03-20,73.100166
2014-03-21,73.116066
2014-03-24,73.116066
2014-03-25,73.116066
2014-03-26,73.100166
2014-03-27,73.100166
2014-03-28,73.100166
2014-03-31,73.100166
2014-04-01,73.100166
2014-04-02,73.100166
2014-04-03,73.116066
2014-04-04,73.100166
2014-04-07,73.100166
2014-04-08,73.100166
2014-04-09,73.100166
2014-04-10,73.100166
2014-04-11,73.100166
2014-04-14,73.100166
2014-04-15,73.100166
2014-04-16,73.100166
2014-04-17,73.116066
2014-04-21,73.100166
2014-04-22,73.084152
2014-04-23,73.100166
2014-04-24,73.100166
2014-04-25,73.100166
2014-04-28,73.100166
2014-04-29,73.100166
2014-04-30,73.100166
2014-05-01,73.084152
2014-05-02,73.100166
2014-05-05,73.100166
2014-05-06,73.084152
2014-05-07,73.084152
2014-05-08,73.084152
2014-05-09,73.100166
2014-05-12,73.084152
2014-05-13,73.100166
2014-05-14,73.100166
2014-05-15,73.100166
2014-05-16,73.100166
2014-05-19,73.100166
2014-05-20,73.100166
2014-05-21,73.084152
2014-05-22,73.084152
2014-05-23,73.100166
2014-05-27,73.084152
2014-05-28,73.100166
2014-05-29,73.084152
2014-05-30,73.100166
2014-06-02,73.084152
2014-06-03,73.084152
2014-06-04,73.084152
2014-06-05,73.084152
2014-06-06,73.084152
2014-06-09,73.100166
2014-06-10,73.100166
2014-06-11,73.084152
2014-06-12,73.100166
2014-06-13,73.084152
2014-06-16,73.100166
2014-06-17,73.084152
2014-06-18,73.100166
2014-06-19,73.100166
2014-06-20,73.100166
2014-06-23,73.100166
2014-06-24,73.100166
2014-06-25,73.084152
2014-06-26,73.084152
2014-06-27,73.100166
2014-06-30,73.084152
2014-07-01,73.100166
2014-07-02,73.100166
2014-07-03,73.084152
2014-07-07,73.100166
2014-07-08,73.100166
2014-07-09,73.084152
2014-07-10,73.084152
2014-07-11,73.084152
2014-07-14,73.084152
2014-07-15,73.084152
2014-07-16,73.084152
2014-07-17,73.084152
2014-07-18,73.068199
2014-07-21,73.084152
2014-07-22,73.068199
2014-07-23,73.084152
2014-07-24,73.084152
2014-07-25,73.084152
2014-07-28,73.084152
2014-07-29,73.084152
2014-07-30,73.084152
2014-07-31,73.068199
2014-08-01,73.084152
2014-08-04,73.084152
2014-08-05,73.068199
2014-08-06,73.068199
2014-08-07,73.084152
2014-08-08,73.068199
2014-08-11,73.068199
2014-08-12,73.068199
2014-08-13,73.084152
2014-08-14,73.068199
2014-08-15,73.084152
2014-08-18,73.068199
2014-08-19,73.084152
2014-08-20,73.068199
2014-08-21,73.084152
2014-08-22,73.084152
2014-08-25,73.084152
2014-08-26,73.084152
2014-08-27,73.068199
2014-08-28,73.084152
2014-08-29,73.084152
2014-09-02,73.068199
2014-09-03,73.084152
2014-09-04,73.068199
2014-09-05,73.084152
2014-09-08,73.068199
2014-09-09,73.068199
2014-09-10,73.084152
2014-09-11,73.068199
2014-09-12,73.068199
2014-09-15,73.068199
2014-09-16,73.068199
2014-09-17,73.068199
2014-09-18,73.084152
2014-09-19,73.084152
2014-09-22,73.084152
2014-09-23,73.084152
2014-09-24,73.084152
2014-09-25,73.084152
2014-09-26,73.084152
2014-09-29,73.068199
2014-09-30,73.084152
2014-10-01,73.084152
2014-10-02,73.084152
2014-10-03,73.052231
2014-10-06,73.052231
2014-10-07,73.068199
2014-10-08,73.068199
2014-10-09,73.068199
2014-10-10,73.068199
2014-10-13,73.068199
2014-10-14,73.052231
2014-10-15,73.052231
2014-10-16,73.068199
2014-10-17,73.068199
2014-10-20,73.068199
2014-10-21,73.052231
2014-10-22,73.068199
2014-10-23,73.052231
2014-10-24,73.052231
2014-10-27,73.052231
2014-10-28,73.052231
2014-10-29,73.068199
2014-10-30,73.052231
2014-10-31,73.068199
2014-11-03,73.052231
2014-11-04,73.068199
2014-11-05,73.052231
2014-11-06,73.068199
2014-11-07,73.052231
2014-11-10,73.068199
2014-11-11,73.068199
2014-11-12,73.068199
2014-11-13,73.052231
2014-11-14,73.052231
2014-11-17,73.068199
2014-11-18,73.052231
2014-11-19,73.052231
2014-11-20,73.052231
2014-11-21,73.052231
2014-11-24,73.068199
2014-11-25,73.068199
2014-11-26,73.052231
2014-11-28,73.068199
2014-12-01,73.052231
2014-12-02,73.052231
2014-12-03,73.052231
2014-12-04,73.052231
2014-12-05,73.068199
2014-12-08,73.068199
2014-12-09,73.052231
2014-12-10,73.052231
2014-12-11,73.052231
2014-12-12,73.068199
2014-12-15,73.036247
2014-12-16,73.036247
2014-12-17,73.036247
2014-12-18,73.052231
2014-12-19,73.036247
2014-12-22,73.036247
2014-12-23,73.036247
2014-12-24,73.052231
2014-12-26,73.036247
2014-12-29,73.036247
2014-12-30,73.036247
2014-12-31,73.052231
2015-01-02,73.036247
2015-01-05,73.052231
2015-01-06,73.036247
2015-01-07,73.036247
2015-01-08,73.036247
2015-01-09,73.036247
2015-01-12,73.036247
2015-01-13,73.036247
2015-01-14,73.036247
2015-01-15,73.036247
2015-01-16,73.036247
2015-01-20,73.036247
2015-01-21,73.052231
2015-01-22,73.036247
2015-01-23,73.052231
2015-01-26,73.052231
2015-01-27,73.052231
2015-01-28,73.036247
2015-01-29,73.036247
2015-01-30,73.036247
2015-02-02,73.036247
2015-02-03,73.052231
2015-02-04,73.036247
2015-02-05,73.036247
2015-02-06,73.036247
2015-02-09,73.020294
2015-02-10,73.036247
2015-02-11,73.020294
2015-02-12,73.020294
2015-02-13,73.036247
2015-02-17,73.036247
2015-02-18,73.036247
2015-02-19,73.036247
2015-02-20,73.020294
2015-02-23,73.036247
2015-02-24,73.020294
2015-02-25,73.036247
2015-02-26,73.020294
2015-02-27,73.036247
2015-03-02,73.020294
2015-03-03,73.036247
2015-03-04,73.036247
2015-03-05,73.036247
2015-03-06,73.020294
2015-03-09,73.036247
2015-03-10,73.036247
2015-03-11,73.036247
2015-03-12,73.020294
2015-03-13,73.036247
2015-03-16,73.036247
2015-03-17,73.036247
2015-03-18,73.036247
2015-03-19,73.036247
2015-03-20,73.036247
2015-03-23,73.020294
2015-03-24,73.036247
2015-03-25,73.020294
2015-03-26,73.020294
2015-03-27,73.020294
2015-03-30,73.004326
2015-03-31,73.036247
2015-04-01,73.004326
2015-04-02,73.020294
2015-04-06,73.020294
2015-04-07,73.036247
2015-04-08,73.036247
2015-04-09,73.020294
2015-04-10,73.020294
2015-04-13,73.004326
2015-04-14,73.020294
2015-04-15,73.004326
2015-04-16,73.020294
2015-04-17,73.004326
2015-04-20,73.004326
2015-04-21,73.020294
2015-04-22,73.004326
2015-04-23,73.004326
2015-04-24,73.004326
2015-04-27,73.020294
2015-04-28,73.020294
2015-04-29,73.020294
2015-04-30,73.020294
2015-05-01,73.004326
2015-05-04,73.020294
2015-05-05,73.020294
2015-05-06,73.020294
2015-05-07,73.004326
2015-05-08,73.020294
2015-05-11,73.004326
2015-05-12,73.020294
2015-05-13,73.020294
2015-05-14,73.004326
2015-05-15,73.004326
2015-05-18,73.004326
2015-05-19,73.004326
2015-05-20,73.004326
2015-05-21,73.020294
2015-05-22,73.020294
2015-05-26,73.020294
2015-05-27,73.020294
2015-05-28,73.004326
2015-05-29,73.004326
2015-06-01,73.004326
2015-06-02,73.020294
2015-06-03,73.020294
2015-06-04,73.004326
2015-06-05,73.004326
2015-06-08,72.988342
2015-06-09,72.988342
2015-06-10,73.004326
2015-06-11,73.020294
2015-06-12,73.004326
2015-06-15,73.020294
2015-06-16,72.988342
2015-06-17,73.020294
2015-06-18,72.988342
2015-06-19,72.988342
2015-06-22,73.004326
2015-06-23,72.988342
2015-06-24,72.988342
2015-06-25,73.004326
2015-06-26,72.988342
2015-06-29,73.004326
2015-06-30,73.004326
2015-07-01,73.004326
2015-07-02,73.004326
2015-07-06,73.004326
2015-07-07,72.988342
2015-07-08,72.988342
2015-07-09,72.988342
2015-07-10,72.988342
2015-07-13,72.988342
2015-07-14,73.004326
2015-07-15,72.988342
2015-07-16,72.988342
2015-07-17,73.004326
2015-07-20,72.988342
2015-07-21,73.004326
2015-07-22,72.988342
2015-07-23,72.988342
2015-07-24,73.004326
2015-07-27,72.988342
2015-07-28,72.988342
2015-07-29,73.004326
2015-07-30,73.004326
2015-07-31,73.004326
2015-08-03,73.004326
2015-08-04,72.988342
2015-08-05,72.988342
2015-08-06,72.988342
2015-08-07,72.988342
2015-08-10,73.004326
2015-08-11,72.988342
2015-08-12,72.988342
2015-08-13,72.988342
2015-08-14,72.972366
2015-08-17,72.972366
2015-08-18,72.988342
2015-08-19,73.004326
2015-08-20,72.988342
2015-08-21,72.988342
2015-08-24,72.988342
2015-08-25,72.988342
2015-08-26,73.004326
2015-08-27,72.988342
2015-08-28,73.004326
2015-08-31,73.004326
2015-09-01,73.004326
2015-09-02,72.988342
2015-09-03,73.004326
2015-09-04,72.988342
2015-09-08,72.988342
2015-09-09,72.988342
2015-09-10,72.972366
2015-09-11,72.988342
2015-09-14,72.988342
2015-09-15,72.972366
2015-09-16,72.972366
2015-09-17,72.972366
2015-09-18,72.972366
2015-09-21,72.988342
2015-09-22,72.988342
2015-09-23,72.972366
2015-09-24,72.972366
2015-09-25,72.972366
2015-09-28,72.988342
2015-09-29,72.988342
2015-09-30,72.972366
2015-10-01,72.988342
2015-10-02,72.988342
2015-10-05,72.972366
2015-10-06,72.972366
2015-10-07,72.972366
2015-10-08,72.972366
2015-10-09,72.972366
2015-10-12,72.972366
2015-10-13,72.972366
2015-10-14,72.972366
2015-10-15,72.972366
2015-10-16,72.972366
2015-10-19,72.972366
2015-10-20,72.956398
2015-10-21,72.972366
2015-10-22,72.972366
2015-10-23,72.972366
2015-10-26,72.956398
2015-10-27,72.956398
2015-10-28,72.956398
2015-10-29,72.956398
2015-10-30,72.956398
2015-11-02,72.956398
2015-11-03,72.972366
2015-11-04,72.956398
2015-11-05,72.956398
2015-11-06,72.956398
2015-11-09,72.972366
2015-11-10,72.956398
2015-11-11,72.972366
2015-11-12,72.972366
2015-11-13,72.956398
2015-11-16,72.972366
2015-11-17,72.956398
2015-11-18,72.956398
2015-11-19,72.972366
2015-11-20,72.956398
2015-11-23,72.972366
2015-11-24,72.956398
2015-11-25,72.956398
2015-11-27,72.972366
2015-11-30,72.972366
2015-12-01,72.956398
2015-12-02,72.956398
2015-12-03,72.972366
2015-12-04,72.972366
2015-12-07,72.972366
2015-12-08,72.956398
2015-12-09,72.940414
2015-12-10,72.956398
2015-12-11,72.972366
2015-12-14,72.972366
2015-12-15,72.956398
2015-12-16,72.972366
2015-12-17,72.956398
2015-12-18,72.972366
2015-12-21,72.956398
2015-12-22,72.956398
2015-12-23,72.956398
2015-12-24,72.972366
2015-12-28,72.956398
2015-12-29,72.956398
2015-12-30,72.972366
2015-12-31,72.956398
2016-01-04,72.972366
2016-01-05,72.972366
2016-01-06,72.940414
2016-01-07,72.956398
2016-01-08,72.956398
2016-01-11,72.956398
2016-01-12,72.972366
2016-01-13,72.956398
2016-01-14,72.940414
2016-01-15,72.940414
2016-01-19,72.956398
2016-01-20,72.956398
2016-01-21,72.972366
2016-01-22,72.940414
2016-01-25,72.956398
2016-01-26,72.940414
2016-01-27,72.956398
2016-01-28,72.956398
2016-01-29,72.972366
2016-02-01,72.940414
2016-02-02,72.940414
2016-02-03,72.956398
2016-02-04,72.972366
2016-02-05,72.972366
2016-02-08,72.956398
2016-02-09,72.972366
2016-02-10,72.956398
2016-02-11,72.972366
2016-02-12,72.956398
2016-02-16,72.956398
2016-02-17,72.956398
2016-02-18,72.972366
2016-02-19,72.972366
2016-02-22,72.972366
2016-02-23,72.956398
2016-02-24,72.972366
2016-02-25,72.956398
2016-02-26,72.956398
2016-02-29,72.972366
2016-03-01,72.972366
2016-03-02,72.956398
2016-03-03,72.972366
2016-03-04,72.972366
2016-03-07,72.972366
2016-03-08,72.956398
2016-03-09,72.972366
2016-03-10,72.972366
2016-03-11,72.956398
2016-03-14,72.956398
2016-03-15,72.956398
2016-03-16,72.972366
2016-03-17,72.956398
2016-03-18,72.956398
2016-03-21,72.972366
2016-03-22,72.972366
2016-03-23,72.956398
2016-03-24,72.972366
2016-03-28,72.972366
2016-03-29,72.972366
2016-03-30,72.972366
2016-03-31,72.972366
2016-04-01,72.972366
2016-04-04,72.972366
2016-04-05,72.988342
2016-04-06,72.988342
2016-04-07,72.972366
2016-04-08,72.988342
2016-04-11,72.972366
2016-04-12,72.972366
2016-04-13,72.988342
2016-04-14,72.988342
2016-04-15,72.972366
2016-04-18,72.988342
2016-04-19,72.988342
2016-04-20,72.988342
2016-04-21,72.972366
2016-04-22,72.988342
2016-04-25,72.972366
2016-04-26,72.988342
2016-04-27,72.988342
2016-04-28,72.988342
2016-04-29,73.004326
2016-05-02,72.988342
2016-05-03,73.004326
2016-05-04,72.988342
2016-05-05,72.988342
2016-05-06,73.004326
2016-05-09,73.004326
2016-05-10,73.004326
2016-05-11,72.972366
2016-05-12,72.972366
2016-05-13,72.972366
2016-05-16,72.972366
2016-05-17,72.972366
2016-05-18,72.988342
2016-05-19,72.972366
2016-05-20,72.988342
2016-05-23,73.004326
2016-05-24,72.972366
2016-05-25,72.988342
2016-05-26,72.988342
2016-05-27,73.004326
2016-05-31,73.004326
2016-06-01,73.004326
2016-06-02,72.988342
2016-06-03,73.004326
2016-06-06,73.020294
2016-06-07,73.020294
2016-06-08,73.020294
2016-06-09,72.988342
2016-06-10,72.988342
2016-06-13,72.988342
2016-06-14,72.988342
2016-06-15,72.988342
2016-06-16,73.004326
2016-06-17,72.988342
2016-06-20,73.004326
2016-06-21,73.004326
2016-06-22,73.004326
2016-06-23,73.004326
2016-06-24,72.988342
2016-06-27,72.988342
2016-06-28,72.988342
2016-06-29,72.988342
2016-06-30,72.988342
2016-07-01,73.020294
2016-07-05,73.020294
2016-07-06,73.004326
2016-07-07,73.020294
2016-07-08,73.004326
2016-07-11,73.020294
2016-07-12,72.988342
2016-07-13,73.004326
2016-07-14,73.020294
2016-07-15,73.004326
2016-07-18,73.004326
2016-07-19,73.020294
2016-07-20,73.020294
2016-07-21,73.020294
2016-07-22,73.020294
2016-07-25,73.004326
2016-07-26,73.004326
2016-07-27,73.020294
2016-07-28,73.004326
2016-07-29,73.020294
2016-08-01,73.004326
2016-08-02,73.020294
2016-08-03,73.004326
2016-08-04,73.004326
2016-08-05,73.004326
2016-08-08,73.004326
2016-08-09,73.004326
2016-08-10,73.004326
2016-08-11,73.004326
2016-08-12,73.004326
2016-08-15,73.004326
2016-08-16,73.004326
2016-08-17,73.004326
2016-08-18,73.020294
2016-08-19,73.004326
2016-08-22,73.004326
2016-08-23,73.004326
2016-08-24,73.020294
2016-08-25,73.004326
2016-08-26,73.004326
2016-08-29,73.020294
2016-08-30,73.020294
2016-08-31,73.020294
2016-09-01,73.020294
2016-09-02,73.036247
2016-09-06,73.036247
2016-09-07,73.020294
2016-09-08,73.020294
2016-09-09,73.036247
2016-09-12,73.004326
2016-09-13,73.020294
2016-09-14,73.020294
2016-09-15,73.020294
2016-09-16,73.020294
2016-09-19,73.020294
2016-09-20,73.020294
2016-09-21,73.020294
2016-09-22,73.036247
2016-09-23,73.036247
2016-09-26,73.036247
2016-09-27,73.020294
2016-09-28,73.020294
2016-09-29,73.020294
2016-09-30,73.036247
2016-10-03,73.020294
2016-10-04,73.036247
2016-10-05,73.036247
2016-10-06,73.036247
2016-10-07,73.036247
2016-10-10,73.036247
2016-10-11,73.020294
2016-10-12,73.036247
2016-10-13,73.020294
2016-10-14,73.020294
2016-10-17,73.020294
2016-10-18,73.020294
2016-10-19,73.036247
2016-10-20,73.020294
2016-10-21,73.020294
2016-10-24,73.020294
2016-10-25,73.020294
2016-10-26,73.036247
2016-10-27,73.020294
2016-10-28,73.036247
2016-10-31,73.052231
2016-11-01,73.036247
2016-11-02,73.052231
2016-11-03,73.036247
2016-11-04,73.052231
2016-11-07,73.036247
2016-11-08,73.052231
2016-11-09,73.020294
2016-11-10,73.020294
2016-11-11,72.988342
2016-11-14,73.020294
2016-11-15,73.036247
2016-11-16,73.036247
2016-11-17,73.052231
2016-11-18,73.036247
2016-11-21,73.020294
2016-11-22,73.020294
2016-11-23,73.020294
2016-11-25,73.036247
2016-11-28,73.020294
2016-11-29,73.020294
2016-11-30,73.020294
2016-12-01,73.053825
2016-12-02,73.037865
2016-12-05,73.037865
2016-12-06,73.053825
2016-12-07,73.053825
2016-12-08,73.053825
2016-12-09,73.053825
2016-12-12,73.037865
2016-12-13,73.053825
2016-12-14,73.053825
2016-12-15,73.053825
2016-12-16,73.037865
2016-12-19,73.053825
2016-12-20,73.037865
2016-12-21,73.053825
2016-12-22,73.037865
2016-12-23,73.037865
2016-12-27,73.053825
2016-12-28,73.052238
2016-12-29,73.068214
2016-12-30,73.036263
2017-01-03,73.068214
2017-01-04,73.068214
2017-01-05,73.052238
2017-01-06,73.068214
2017-01-09,73.068214
2017-01-10,73.052238
2017-01-11,73.068214
2017-01-12,73.068214
2017-01-13,73.068214
2017-01-17,73.068214
2017-01-18,73.052238
2017-01-19,73.052238
2017-01-20,73.068214
2017-01-23,73.052238
2017-01-24,73.052238
2017-01-25,73.068214
2017-01-26,73.084190
2017-01-27,73.052238
2017-01-30,73.084190
2017-01-31,73.068214
2017-02-01,73.073021
2017-02-02,73.073021
2017-02-03,73.056992
2017-02-06,73.088989
2017-02-07,73.088989
2017-02-08,73.088989
2017-02-09,73.088989
2017-02-10,73.073021
2017-02-13,73.073021
2017-02-14,73.088989
2017-02-15,73.073021
2017-02-16,73.073021
2017-02-17,73.088989
2017-02-21,73.073021
2017-02-22,73.073021
2017-02-23,73.073021
2017-02-24,73.073021
2017-02-27,73.073021
2017-02-28,73.104973
2017-03-01,73.076225
2017-03-02,73.076225
2017-03-03,73.092163
2017-03-06,73.108170
2017-03-07,73.076225
2017-03-08,73.076225
2017-03-09,73.076225
2017-03-10,73.092163
2017-03-13,73.076225
2017-03-14,73.076225
2017-03-15,73.092163
2017-03-16,73.108170
2017-03-17,73.108170
2017-03-20,73.092163
2017-03-21,73.108170
2017-03-22,73.108170
2017-03-23,73.092163
2017-03-24,73.108170
2017-03-27,73.108170
2017-03-28,73.108170
2017-03-29,73.108170
2017-03-30,73.108170
2017-03-31,73.092163
2017-04-03,73.098587
2017-04-04,73.098587
2017-04-05,73.098587
2017-04-06,73.098587
2017-04-07,73.098587
2017-04-10,73.098587
2017-04-11,73.114578
2017-04-12,73.098587
2017-04-13,73.114578
2017-04-17,73.114578
2017-04-18,73.130600
2017-04-19,73.130600
2017-04-20,73.130600
2017-04-21,73.130600
2017-04-24,73.114578
2017-04-25,73.114578
2017-04-26,73.130600
2017-04-27,73.114578
2017-04-28,73.146584
2017-05-01,73.141754
2017-05-02,73.125816
2017-05-03,73.125816
2017-05-04,73.141754
2017-05-05,73.125816
2017-05-08,73.141754
2017-05-09,73.141754
2017-05-10,73.157784
2017-05-11,73.157784
2017-05-12,73.141754
2017-05-15,73.157784
2017-05-16,73.157784
2017-05-17,73.173752
2017-05-18,73.173752
2017-05-19,73.157784
2017-05-22,73.173752
2017-05-23,73.173752
2017-05-24,73.157784
2017-05-25,73.173752
2017-05-26,73.189789
2017-05-30,73.157784
2017-05-31,73.157784
2017-06-01,73.185005
2017-06-02,73.168968
2017-06-05,73.185005
2017-06-06,73.168968
2017-06-07,73.201035
2017-06-08,73.185005
2017-06-09,73.201035
2017-06-12,73.185005
2017-06-13,73.201035
2017-06-14,73.185005
2017-06-15,73.185005
2017-06-16,73.217026
2017-06-19,73.201035
2017-06-20,73.201035
2017-06-21,73.217026
2017-06-22,73.233040
2017-06-23,73.217026
2017-06-26,73.201035
2017-06-27,73.201035
2017-06-28,73.233040
2017-06-29,73.217026
2017-06-30,73.233040
2017-07-03,73.241066
2017-07-05,73.225021
2017-07-06,73.241066
2017-07-07,73.241066
2017-07-10,73.241066
2017-07-11,73.241066
2017-07-12,73.225021
2017-07-13,73.225021
2017-07-14,73.257080
2017-07-17,73.241066
2017-07-18,73.241066
2017-07-19,73.241066
2017-07-20,73.241066
2017-07-21,73.241066
2017-07-24,73.241066
2017-07-25,73.241066
2017-07-26,73.257080
2017-07-27,73.273109
2017-07-28,73.257080
2017-07-31,73.257080
2017-08-01,73.276306
2017-08-02,73.292336
2017-08-03,73.292336
2017-08-04,73.292336
2017-08-07,73.292336
2017-08-08,73.292336
2017-08-09,73.292336
2017-08-10,73.292336
2017-08-11,73.308395
2017-08-14,73.292336
2017-08-15,73.308395
2017-08-16,73.292336
2017-08-17,73.308395
2017-08-18,73.292336
2017-08-21,73.308395
2017-08-22,73.324409
2017-08-23,73.324409
2017-08-24,73.324409
2017-08-25,73.308395
2017-08-28,73.324409
2017-08-29,73.324409
2017-08-30,73.324409
2017-08-31,73.340439
2017-09-01,73.345245
2017-09-05,73.313202
2017-09-06,73.345245
2017-09-07,73.345245
2017-09-08,73.329185
2017-09-11,73.329185
2017-09-12,73.361298
2017-09-13,73.361298
2017-09-14,73.345245
2017-09-15,73.345245
2017-09-18,73.345245
2017-09-19,73.377342
2017-09-20,73.377342
2017-09-21,73.377342
2017-09-22,73.377342
2017-09-25,73.377342
2017-09-26,73.377342
2017-09-27,73.377342
2017-09-28,73.361298
2017-09-29,73.393356
2017-10-02,73.396584
2017-10-03,73.396584
2017-10-04,73.380554
2017-10-05,73.396584
2017-10-06,73.380554
2017-10-09,73.380554
2017-10-10,73.380554
2017-10-11,73.380554
2017-10-12,73.412636
2017-10-13,73.412636
2017-10-16,73.396584
2017-10-17,73.412636
2017-10-18,73.412636
2017-10-19,73.412636
2017-10-20,73.428673
2017-10-23,73.412636
2017-10-24,73.444733
2017-10-25,73.444733
2017-10-26,73.444733
2017-10-27,73.444733
2017-10-30,73.428673
2017-10-31,73.444733
2017-11-01,73.452766
2017-11-02,73.436707
2017-11-03,73.436707
2017-11-06,73.452766
2017-11-07,73.452766
2017-11-08,73.452766
2017-11-09,73.436707
2017-11-10,73.452766
2017-11-13,73.452766
2017-11-14,73.452766
2017-11-15,73.452766
2017-11-16,73.468834
2017-11-17,73.452766
2017-11-20,73.468834
2017-11-21,73.484932
2017-11-22,73.484932
2017-11-24,73.468834
2017-11-27,73.468834
2017-11-28,73.500961
2017-11-29,73.484932
2017-11-30,73.484932
2017-12-01,73.489738
2017-12-04,73.497742
2017-12-05,73.505798
2017-12-06,73.497742
2017-12-07,73.505798
2017-12-08,73.513863
2017-12-11,73.505798
2017-12-12,73.513863
2017-12-13,73.505798
2017-12-14,73.513863
2017-12-15,73.521873
2017-12-18,73.529884
2017-12-19,73.531563
2017-12-20,73.531563
2017-12-21,73.531563
2017-12-22,73.547623
2017-12-26,73.539558
2017-12-27,73.555656
2017-12-28,73.555656
2017-12-29,73.539558
2018-01-02,73.547623
2018-01-03,73.563721
2018-01-04,73.571770
2018-01-05,73.571770
2018-01-08,73.579811
2018-01-09,73.579811
2018-01-10,73.579811
2018-01-11,73.571770
2018-01-12,73.595863
2018-01-16,73.579811
2018-01-17,73.595863
2018-01-18,73.595863
2018-01-19,73.603951
2018-01-22,73.612015
2018-01-23,73.612015
2018-01-24,73.620033
2018-01-25,73.620033
2018-01-26,73.636116
2018-01-29,73.620033
2018-01-30,73.628067
2018-01-31,73.636116
2018-02-01,73.632904
2018-02-02,73.640976
2018-02-05,73.632904
2018-02-06,73.640976
2018-02-07,73.649017
2018-02-08,73.640976
2018-02-09,73.657051
2018-02-12,73.657051
2018-02-13,73.657051
2018-02-14,73.657051
2018-02-15,73.665092
2018-02-16,73.673187
2018-02-20,73.673187
2018-02-21,73.665092
2018-02-22,73.673187
2018-02-23,73.689262
2018-02-26,73.673187
2018-02-27,73.689262
2018-02-28,73.697319
2018-03-01,73.704590
2018-03-02,73.712646
2018-03-05,73.712646
2018-03-06,73.712646
2018-03-07,73.712646
2018-03-08,73.704590
2018-03-09,73.720688
2018-03-12,73.728752
2018-03-13,73.728752
2018-03-14,73.728752
2018-03-15,73.720688
2018-03-16,73.736832
2018-03-19,73.736832
2018-03-20,73.728752
2018-03-21,73.744904
2018-03-22,73.752922
2018-03-23,73.761017
2018-03-26,73.752922
2018-03-27,73.769096
2018-03-28,73.777161
2018-03-29,73.793236
2018-04-02,73.789230
2018-04-03,73.781143
2018-04-04,73.797302
2018-04-05,73.805336
2018-04-06,73.805336
2018-04-09,73.813408
2018-04-10,73.805336
2018-04-11,73.821503
2018-04-12,73.821503
2018-04-13,73.821503
2018-04-16,73.837616
2018-04-17,73.837616
2018-04-18,73.829559
2018-04-19,73.845703
2018-04-20,73.845703
2018-04-23,73.845703
2018-04-24,73.853813
2018-04-25,73.861862
2018-04-26,73.869919
2018-04-27,73.877975
2018-04-30,73.869919
2018-05-01,73.875580
2018-05-02,73.883667
2018-05-03,73.883667
2018-05-04,73.899788
2018-05-07,73.899788
2018-05-08,73.907890
2018-05-09,73.907890
2018-05-10,73.907890
2018-05-11,73.907890
2018-05-14,73.907890
2018-05-15,73.924034
2018-05-16,73.932121
2018-05-17,73.932121
2018-05-18,73.940239
2018-05-21,73.940239
2018-05-22,73.940239
2018-05-23,73.948303
2018-05-24,73.964432
2018-05-25,73.972504
2018-05-29,73.972504
2018-05-30,73.964432
2018-05-31,73.980621
2018-06-01,73.985458
2018-06-04,73.993515
2018-06-05,73.993515
2018-06-06,73.985458
2018-06-07,73.993515
2018-06-08,74.009727
2018-06-11,74.017830
2018-06-12,74.017830
2018-06-13,74.009727
2018-06-14,74.034004
2018-06-15,74.034004
2018-06-18,74.025887
2018-06-19,74.042091
2018-06-20,74.034004
2018-06-21,74.042091
2018-06-22,74.050171
2018-06-25,74.066360
2018-06-26,74.058243
2018-06-27,74.074425
2018-06-28,74.074425
2018-06-29,74.090607
2018-07-02,74.080116
2018-07-03,74.096298
2018-07-05,74.096298
2018-07-06,74.112511
2018-07-09,74.112511
2018-07-10,74.120598
2018-07-11,74.120598
2018-07-12,74.120598
2018-07-13,74.128693
2018-07-16,74.136795
2018-07-17,74.136795
2018-07-18,74.144913
2018-07-19,74.153023
2018-07-20,74.161087
2018-07-23,74.153023
2018-07-24,74.169189
2018-07-25,74.161087
2018-07-26,74.169189
2018-07-27,74.185410
2018-07-30,74.177292
2018-07-31,74.193520
2018-08-01,74.197578
2018-08-02,74.205681
2018-08-03,74.205681
2018-08-06,74.213814
2018-08-07,74.221924
2018-08-08,74.213814
2018-08-09,74.221924
2018-08-10,74.238174
2018-08-13,74.246254
2018-08-14,74.229996
2018-08-15,74.246254
2018-08-16,74.246254
2018-08-17,74.254349
2018-08-20,74.254349
2018-08-21,74.262512
2018-08-22,74.262512
2018-08-23,74.286835
2018-08-24,74.286835
2018-08-27,74.294945
2018-08-28,74.294945
2018-08-29,74.286835
2018-08-30,74.319244
2018-08-31,74.311157
2018-09-04,74.317619
2018-09-05,74.309555
2018-09-06,74.325768
2018-09-07,74.342041
2018-09-10,74.342041
2018-09-11,74.350166
2018-09-12,74.350166
2018-09-13,74.350166
2018-09-14,74.358276
2018-09-17,74.374550
2018-09-18,74.374550
2018-09-19,74.374550
2018-09-20,74.390778
2018-09-21,74.390778
2018-09-24,74.398911
2018-09-25,74.398911
2018-09-26,74.398911
2018-09-27,74.415161
2018-09-28,74.415161
2018-10-01,74.420044
2018-10-02,74.428192
2018-10-03,74.428192
2018-10-04,74.444466
2018-10-05,74.452621
2018-10-08,74.452621
2018-10-09,74.444466
2018-10-10,74.460747
2018-10-11,74.468880
2018-10-12,74.468880
2018-10-15,74.477005
2018-10-16,74.485153
2018-10-17,74.485153
2018-10-18,74.485153
2018-10-19,74.493324
2018-10-22,74.509567
2018-10-23,74.509567
2018-10-24,74.517731
2018-10-25,74.525818
2018-10-26,74.533981
2018-10-29,74.533981
2018-10-30,74.533981
2018-10-31,74.542137
2018-11-01,74.558418
2018-11-02,74.558418
2018-11-05,74.566566
2018-11-06,74.566566
2018-11-07,74.574760
2018-11-08,74.582909
2018-11-09,74.599182
2018-11-12,74.591034
2018-11-13,74.599182
2018-11-14,74.591034
2018-11-15,74.615532
2018-11-16,74.623642
2018-11-19,74.615532
2018-11-20,74.631790
2018-11-21,74.648071
2018-11-23,74.648071
2018-11-26,74.656250
2018-11-27,74.656250
2018-11-28,74.664421
2018-11-29,74.672531
2018-11-30,74.680733
2018-12-03,74.678291
2018-12-04,74.686424
2018-12-06,74.702820
2018-12-07,74.710945
2018-12-10,74.719109
2018-12-11,74.710945
2018-12-12,74.727287
2018-12-13,74.735435
2018-12-14,74.743599
2018-12-17,74.751740
2018-12-18,74.751740
2018-12-19,74.743568
2018-12-20,74.759941
2018-12-21,74.776314
2018-12-24,74.784485
2018-12-26,74.776314
2018-12-27,74.800804
2018-12-28,74.809013
2018-12-31,74.817207
2019-01-02,74.809013
2019-01-03,74.833588
2019-01-04,74.841774
2019-01-07,74.841774
2019-01-08,74.841774
2019-01-09,74.841774
2019-01-10,74.849930
2019-01-11,74.866295
2019-01-14,74.858147
2019-01-15,74.874466
2019-01-16,74.882637
2019-01-17,74.899010
2019-01-18,74.899010
2019-01-22,74.907242
2019-01-23,74.907242
2019-01-24,74.931702
2019-01-25,74.923553
2019-01-28,74.931702
2019-01-29,74.931702
2019-01-30,74.948120
2019-01-31,74.948120
2019-02-01,74.955467
2019-02-04,74.963654
2019-02-05,74.963654
2019-02-06,74.980064
2019-02-07,74.980064
2019-02-08,74.996452
2019-02-11,74.988274
2019-02-12,75.004646
2019-02-13,75.004646
2019-02-14,75.021034
2019-02-15,75.021034
2019-02-19,75.037445
2019-02-20,75.037445
2019-02-21,75.045609
2019-02-22,75.062019
2019-02-25,75.053886
2019-02-26,75.062019
2019-02-27,75.070229
2019-02-28,75.086632
2019-03-01,75.094833
2019-03-04,75.086609
2019-03-05,75.094833
2019-03-06,75.103027
2019-03-07,75.119461
2019-03-08,75.127693
2019-03-11,75.127693
2019-03-12,75.135895
2019-03-13,75.144112
2019-03-14,75.144112
2019-03-15,75.152321
2019-03-18,75.160507
2019-03-19,75.160507
2019-03-20,75.160507
2019-03-21,75.185120
2019-03-22,75.185120
2019-03-25,75.185120
2019-03-26,75.193405
2019-03-27,75.201553
2019-03-28,75.217964
2019-03-29,75.217964
2019-04-01,75.231171
2019-04-02,75.222916
2019-04-03,75.231171
2019-04-04,75.255836
2019-04-05,75.255836
2019-04-08,75.255836
2019-04-09,75.264076
2019-04-10,75.264076
2019-04-11,75.288757
2019-04-12,75.288757
2019-04-15,75.296974
2019-04-16,75.296974
2019-04-17,75.313446
2019-04-18,75.321655
2019-04-22,75.321655
2019-04-23,75.321655
2019-04-24,75.338127
2019-04-25,75.354568
2019-04-26,75.346375
2019-04-29,75.354568
2019-04-30,75.362801
2019-05-01,75.366096
2019-05-02,75.374382
2019-05-03,75.382568
2019-05-06,75.390793
2019-05-07,75.399063
2019-05-08,75.399063
2019-05-09,75.407288
2019-05-10,75.423790
2019-05-13,75.415543
2019-05-14,75.423790
2019-05-15,75.432030
2019-05-16,75.440269
2019-05-17,75.448547
2019-05-20,75.456779
2019-05-21,75.456779
2019-05-22,75.473251
2019-05-23,75.489723
2019-05-24,75.489723
2019-05-28,75.497986
2019-05-29,75.497986
2019-05-30,75.522713
2019-05-31,75.522713
2019-06-03,75.519447
2019-06-04,75.535927
2019-06-05,75.535927
2019-06-06,75.560684
2019-06-07,75.552444
2019-06-10,75.568977
2019-06-11,75.560684
2019-06-12,75.568977
2019-06-13,75.593719
2019-06-14,75.602005
2019-06-17,75.602005
2019-06-18,75.602005
2019-06-19,75.618530
2019-06-20,75.626762
2019-06-21,75.626762
2019-06-24,75.635017
2019-06-25,75.635017
2019-06-26,75.651550
2019-06-27,75.651550
2019-06-28,75.659805
2019-07-01,75.655708
2019-07-02,75.663933
2019-07-03,75.688774
2019-07-05,75.680496
2019-07-08,75.680496
2019-07-09,75.688774
2019-07-10,75.697021
2019-07-11,75.713577
2019-07-12,75.721848
2019-07-15,75.721848
2019-07-16,75.730110
2019-07-17,75.730110
2019-07-18,75.754974
2019-07-19,75.754974
2019-07-22,75.754974
2019-07-23,75.746696
2019-07-24,75.763229
2019-07-25,75.779793
2019-07-26,75.771492
2019-07-29,75.788063
2019-07-30,75.788063
2019-07-31,75.796326
2019-08-01,75.817070
2019-08-02,75.817070
2019-08-05,75.808746
2019-08-06,75.817070
2019-08-07,75.833641
2019-08-08,75.841911
2019-08-09,75.833641
2019-08-12,75.850197
2019-08-13,75.858498
2019-08-14,75.850197
2019-08-15,75.883354
2019-08-16,75.875061
2019-08-19,75.875061
2019-08-20,75.883354
2019-08-21,75.875061
2019-08-22,75.899910
2019-08-23,75.891647
2019-08-26,75.899910
2019-08-27,75.908234
2019-08-28,75.899910
2019-08-29,75.916504
2019-08-30,75.924782
2019-09-03,75.939713
2019-09-04,75.931427
2019-09-05,75.939713
2019-09-06,75.948021
2019-09-09,75.948021
2019-09-10,75.964638
2019-09-11,75.956360
2019-09-12,75.972961
2019-09-13,75.972961
2019-09-16,75.972961
2019-09-17,75.981255
2019-09-18,75.997871
2019-09-19,75.997871
2019-09-20,76.006165
2019-09-23,76.022758
2019-09-24,76.022758
2019-09-25,76.022758
2019-09-26,76.039322
2019-09-27,76.039322
2019-09-30,76.047691
2019-10-01,76.045174
2019-10-02,76.045174
2019-10-03,76.070129
2019-10-04,76.070129
2019-10-07,76.078445
2019-10-08,76.078445
2019-10-09,76.078445
2019-10-10,76.095062
2019-10-11,76.103371
2019-10-14,76.095062
2019-10-15,76.103371
2019-10-16,76.111702
2019-10-17,76.120049
2019-10-18,76.120049
2019-10-21,76.128326
2019-10-22,76.128326
2019-10-23,76.128326
2019-10-24,76.144974
2019-10-25,76.144974
2019-10-28,76.136604
2019-10-29,76.153236
2019-10-30,76.161606
2019-10-31,76.169907
2019-11-01,76.169075
2019-11-04,76.177399
2019-11-05,76.169075
2019-11-06,76.177399
2019-11-07,76.194069
2019-11-08,76.194069
2019-11-11,76.194069
2019-11-12,76.202400
2019-11-13,76.202400
2019-11-14,76.210701
2019-11-15,76.202400
2019-11-18,76.219032
2019-11-19,76.210701
2019-11-20,76.219032
2019-11-21,76.219032
2019-11-22,76.227379
2019-11-25,76.227379
2019-11-26,76.235733
2019-11-27,76.252319
2019-11-29,76.252319
2019-12-02,76.258194
2019-12-03,76.249863
2019-12-04,76.258194
2019-12-05,76.274872
2019-12-06,76.274872
2019-12-09,76.283218
2019-12-10,76.283218
2019-12-11,76.283218
2019-12-12,76.299873
2019-12-13,76.283218
2019-12-16,76.299873
2019-12-17,76.291550
2019-12-18,76.308228
2019-12-19,76.316582
2019-12-20,76.320747
2019-12-23,76.320747
2019-12-24,76.329102
2019-12-26,76.337440
2019-12-27,76.329102
2019-12-30,76.337440
2019-12-31,76.337440
2020-01-02,76.362495
2020-01-03,76.362495
2020-01-06,76.354141
2020-01-07,76.354141
2020-01-08,76.370842
2020-01-09,76.379189
2020-01-10,76.379189
2020-01-13,76.379189
2020-01-14,76.379189
2020-01-15,76.387535
2020-01-16,76.404236
2020-01-17,76.395874
2020-01-21,76.404236
2020-01-22,76.404236
2020-01-23,76.412605
2020-01-24,76.412605
2020-01-27,76.420929
2020-01-28,76.420929
2020-01-29,76.429276
2020-01-30,76.429276
2020-01-31,76.429276
2020-02-03,76.435966
2020-02-04,76.435966
2020-02-05,76.452690
2020-02-06,76.461029
2020-02-07,76.461029
2020-02-10,76.452690
2020-02-11,76.461029
2020-02-12,76.469414
2020-02-13,76.477791
2020-02-14,76.477791
2020-02-18,76.486115
2020-02-19,76.486115
2020-02-20,76.486115
2020-02-21,76.502846
2020-02-24,76.494469
2020-02-25,76.494469
2020-02-26,76.511223
2020-02-27,76.527969
2020-02-28,76.519547
2020-03-02,76.542160
2020-03-03,76.558937
2020-03-04,76.592369
2020-03-05,76.609138
2020-03-06,76.609138
2020-03-09,76.642548
2020-03-10,76.625847
2020-03-11,76.642548
2020-03-12,76.650932
2020-03-13,76.667671
2020-03-16,76.676071
2020-03-17,76.676071
2020-03-18,76.692802
2020-03-19,76.676071
2020-03-20,76.701180
2020-03-23,76.684410
2020-03-24,76.684410
2020-03-25,76.684410
2020-03-26,76.684410
2020-03-27,76.667671
2020-03-30,76.667671
2020-03-31,76.676071
2020-04-01,76.669373
2020-04-02,76.677734
2020-04-03,76.652626
2020-04-06,76.660973
2020-04-07,76.644218
2020-04-08,76.652626
2020-04-09,76.635849
2020-04-13,76.652626
2020-04-14,76.660973
2020-04-15,76.652626
2020-04-16,76.644218
2020-04-17,76.660973
2020-04-20,76.652626
2020-04-21,76.652626
2020-04-22,76.652626
2020-04-23,76.660973
2020-04-24,76.652626
2020-04-27,76.652626
2020-04-28,76.652626
2020-04-29,76.644218
2020-04-30,76.660973
2020-05-01,76.647560
2020-05-04,76.647560
2020-05-05,76.647560
2020-05-06,76.655930
2020-05-07,76.647560
2020-05-08,76.647560
2020-05-11,76.655930
2020-05-12,76.655930
2020-05-13,76.655930
2020-05-14,76.664337
2020-05-15,76.647560
2020-05-18,76.647560
2020-05-19,76.647560
2020-05-20,76.647560
2020-05-21,76.655930
2020-05-22,76.647560
2020-05-26,76.655930
2020-05-27,76.647560
2020-05-28,76.647560
2020-05-29,76.647560
2020-06-01,76.655930
2020-06-02,76.655930
2020-06-03,76.655930
2020-06-04,76.655930
2020-06-05,76.639214
2020-06-08,76.647560
2020-06-09,76.647560
2020-06-10,76.655930
2020-06-11,76.639214
2020-06-12,76.655930
2020-06-15,76.655930
2020-06-16,76.655930
2020-06-17,76.655930
2020-06-18,76.647560
2020-06-19,76.647560
2020-06-22,76.647560
2020-06-23,76.647560
2020-06-24,76.647560
2020-06-25,76.655930
2020-06-26,76.647560
2020-06-29,76.647560
2020-06-30,76.647560
2020-07-01,76.647560
2020-07-02,76.655930
2020-07-06,76.647560
2020-07-07,76.647560
2020-07-08,76.647560
2020-07-09,76.647560
2020-07-10,76.655930
2020-07-13,76.655930
2020-07-14,76.655930
2020-07-15,76.655930
2020-07-16,76.647560
2020-07-17,76.655930
2020-07-20,76.655930
2020-07-21,76.655930
2020-07-22,76.647560
2020-07-23,76.655930
2020-07-24,76.647560
2020-07-27,76.647560
2020-07-28,76.655930
2020-07-29,76.655930
2020-07-30,76.647560
2020-07-31,76.655930
2020-08-03,76.647560
2020-08-04,76.655930
2020-08-05,76.647560
2020-08-06,76.647560
2020-08-07,76.655930
2020-08-10,76.655930
2020-08-11,76.647560
2020-08-12,76.647560
2020-08-13,76.655930
2020-08-14,76.647560
2020-08-17,76.647560
2020-08-18,76.655930
2020-08-19,76.655930
2020-08-20,76.655930
2020-08-21,76.655930
2020-08-24,76.655930
2020-08-25,76.647560
2020-08-26,76.647560
2020-08-27,76.647560
2020-08-28,76.655930
2020-08-31,76.655930
2020-09-01,76.655930
2020-09-02,76.655930
2020-09-03,76.647560
2020-09-04,76.655930
2020-09-08,76.655930
2020-09-09,76.647560
2020-09-10,76.647560
2020-09-11,76.639214
2020-09-14,76.655930
2020-09-15,76.639214
2020-09-16,76.655930
2020-09-17,76.655930
2020-09-18,76.639214
2020-09-21,76.639214
2020-09-22,76.639214
2020-09-23,76.639214
2020-09-24,76.647560
2020-09-25,76.639214
2020-09-28,76.647560
2020-09-29,76.647560
2020-09-30,76.639214
2020-10-01,76.639214
2020-10-02,76.639214
2020-10-05,76.639214
2020-10-06,76.647560
2020-10-07,76.639214
2020-10-08,76.639214
2020-10-09,76.639214
2020-10-12,76.647560
2020-10-13,76.639214
2020-10-14,76.639214
2020-10-15,76.639214
2020-10-16,76.647560
2020-10-19,76.647560
2020-10-20,76.639214
2020-10-21,76.639214
2020-10-22,76.647560
2020-10-23,76.647560
2020-10-26,76.647560
2020-10-27,76.639214
2020-10-28,76.639214
2020-10-29,76.647560
2020-10-30,76.647560
2020-11-02,76.647560
2020-11-03,76.647560
2020-11-04,76.639214
2020-11-05,76.647560
2020-11-06,76.639214
2020-11-09,76.647560
2020-11-10,76.639214
2020-11-11,76.639214
2020-11-12,76.639214
2020-11-13,76.647560
2020-11-16,76.647560
2020-11-17,76.647560
2020-11-18,76.647560
2020-11-19,76.647560
2020-11-20,76.647560
2020-11-23,76.647560
2020-11-24,76.647560
2020-11-25,76.639214
2020-11-27,76.647560
2020-11-30,76.639214
2020-12-01,76.633339
2020-12-02,76.641708
2020-12-03,76.641708
2020-12-04,76.650093
2020-12-07,76.633339
2020-12-08,76.633339
2020-12-09,76.633339
2020-12-10,76.633339
2020-12-11,76.641708
2020-12-14,76.633339
2020-12-15,76.633339
2020-12-16,76.641708
2020-12-17,76.641708
2020-12-18,76.641708
2020-12-21,76.641708
2020-12-22,76.641708
2020-12-23,76.633339
2020-12-24,76.641708
2020-12-28,76.641708
2020-12-29,76.641708
2020-12-30,76.633339
2020-12-31,76.641708
2021-01-04,76.641708
2021-01-05,76.633339
2021-01-06,76.641708
2021-01-07,76.641708
2021-01-08,76.633339
2021-01-11,76.641708
2021-01-12,76.633339
2021-01-13,76.633339
2021-01-14,76.641708
2021-01-15,76.641708
2021-01-19,76.641708
2021-01-20,76.641708
2021-01-21,76.641708
2021-01-22,76.633339
2021-01-25,76.641708
2021-01-26,76.633339
2021-01-27,76.633339
2021-01-28,76.641708
2021-01-29,76.641708
2021-02-01,76.641708
2021-02-02,76.633339
2021-02-03,76.633339
2021-02-04,76.641708
2021-02-05,76.641708
2021-02-08,76.641708
2021-02-09,76.641708
2021-02-10,76.633339
2021-02-11,76.641708
2021-02-12,76.633339
2021-02-16,76.641708
2021-02-17,76.641708
2021-02-18,76.633339
2021-02-19,76.641708
2021-02-22,76.633339
2021-02-23,76.633339
2021-02-24,76.624954
2021-02-25,76.633339
2021-02-26,76.633339
2021-03-01,76.624954
2021-03-02,76.624954
2021-03-03,76.633339
2021-03-04,76.633339
2021-03-05,76.633339
2021-03-08,76.624954
2021-03-09,76.624954
2021-03-10,76.624954
2021-03-11,76.633339
2021-03-12,76.624954
2021-03-15,76.624954
2021-03-16,76.624954
2021-03-17,76.633339
2021-03-18,76.624954
2021-03-19,76.624954
2021-03-22,76.624954
2021-03-23,76.633339
2021-03-24,76.624954
2021-03-25,76.624954
2021-03-26,76.624954
2021-03-29,76.624954
2021-03-30,76.633339
2021-03-31,76.624954
2021-04-01,76.633339
2021-04-05,76.624954
2021-04-06,76.616615
2021-04-07,76.616615
2021-04-08,76.624954
2021-04-09,76.616615
2021-04-12,76.616615
2021-04-13,76.616615
2021-04-14,76.616615
2021-04-15,76.624954
2021-04-16,76.624954
2021-04-19,76.616615
2021-04-20,76.616615
2021-04-21,76.616615
2021-04-22,76.624954
2021-04-23,76.624954
2021-04-26,76.616615
2021-04-27,76.624954
2021-04-28,76.616615
2021-04-29,76.616615
2021-04-30,76.624954
2021-05-03,76.624954
2021-05-04,76.616615
2021-05-05,76.624954
2021-05-06,76.624954
2021-05-07,76.616615
2021-05-10,76.616615
2021-05-11,76.616615
2021-05-12,76.608215
2021-05-13,76.608215
2021-05-14,76.608215
2021-05-17,76.616615
2021-05-18,76.616615
2021-05-19,76.608215
2021-05-20,76.608215
2021-05-21,76.616615
2021-05-24,76.608215
2021-05-25,76.608215
2021-05-26,76.608215
2021-05-27,76.616615
2021-05-28,76.616615
2021-06-01,76.608215
2021-06-02,76.608215
2021-06-03,76.608215
2021-06-04,76.616615
2021-06-07,76.599808
2021-06-08,76.599808
2021-06-09,76.599808
2021-06-10,76.599808
2021-06-11,76.608215
2021-06-14,76.599808
2021-06-15,76.599808
2021-06-16,76.608215
2021-06-17,76.599808
2021-06-18,76.608215
2021-06-21,76.599808
2021-06-22,76.599808
2021-06-23,76.599808
2021-06-24,76.608215
2021-06-25,76.608215
2021-06-28,76.599808
2021-06-29,76.599808
2021-06-30,76.599808
2021-07-01,76.608215
2021-07-02,76.599808
2021-07-06,76.591461
2021-07-07,76.591461
2021-07-08,76.599808
2021-07-09,76.599808
2021-07-12,76.599808
2021-07-13,76.599808
2021-07-14,76.591461
2021-07-15,76.599808
2021-07-16,76.599808
2021-07-19,76.591461
2021-07-20,76.591461
2021-07-21,76.591461
2021-07-22,76.599808
2021-07-23,76.591461
2021-07-26,76.599808
2021-07-27,76.591461
2021-07-28,76.591461
2021-07-29,76.599808
2021-07-30,76.591461
2021-08-02,76.591461
2021-08-03,76.591461
2021-08-04,76.591461
2021-08-05,76.591461
2021-08-06,76.599808
2021-08-09,76.599808
2021-08-10,76.591461
2021-08-11,76.591461
2021-08-12,76.591461
2021-08-13,76.599808
2021-08-16,76.583107
2021-08-17,76.583107
2021-08-18,76.583107
2021-08-19,76.599808
2021-08-20,76.599808
2021-08-23,76.583107
2021-08-24,76.583107
2021-08-25,76.583107
2021-08-26,76.591461
2021-08-27,76.591461
2021-08-30,76.591461
2021-08-31,76.583107
2021-09-01,76.583107
2021-09-02,76.599808
2021-09-03,76.583107
2021-09-07,76.583107
2021-09-08,76.583107
2021-09-09,76.583107
2021-09-10,76.591461
2021-09-13,76.591461
2021-09-14,76.583107
2021-09-15,76.583107
2021-09-16,76.591461
2021-09-17,76.583107
2021-09-20,76.591461
2021-09-21,76.583107
2021-09-22,76.583107
2021-09-23,76.591461
2021-09-24,76.583107
2021-09-27,76.583107
2021-09-28,76.583107
2021-09-29,76.591461
2021-09-30,76.591461
2021-10-01,76.591461
2021-10-04,76.574738
2021-10-05,76.583107
2021-10-06,76.583107
2021-10-07,76.583107
2021-10-08,76.583107
2021-10-11,76.583107
2021-10-12,76.583107
2021-10-13,76.583107
2021-10-14,76.574738
2021-10-15,76.583107
2021-10-18,76.574738
2021-10-19,76.574738
2021-10-20,76.574738
2021-10-21,76.574738
2021-10-22,76.574738
2021-10-25,76.583107
2021-10-26,76.566353
2021-10-27,76.566353
2021-10-28,76.583107
2021-10-29,76.583107
2021-11-01,76.583107
2021-11-02,76.566353
2021-11-03,76.566353
2021-11-04,76.574738
2021-11-05,76.574738
2021-11-08,76.583107
2021-11-09,76.566353
2021-11-10,76.566353
2021-11-11,76.574738
2021-11-12,76.574738
2021-11-15,76.574738
2021-11-16,76.566353
2021-11-17,76.566353
2021-11-18,76.574738
2021-11-19,76.574738
2021-11-22,76.574738
2021-11-23,76.566353
2021-11-24,76.574738
2021-11-26,76.566353
2021-11-29,76.574738
2021-11-30,76.566353
2021-12-01,76.574738
2021-12-02,76.574738
2021-12-03,76.566353
2021-12-06,76.566353
2021-12-07,76.566353
2021-12-08,76.574738
2021-12-09,76.566353
2021-12-10,76.574738
2021-12-13,76.574738
2021-12-14,76.574738
2021-12-15,76.574738
2021-12-16,76.566353
2021-12-17,76.574738
2021-12-20,76.566353
2021-12-21,76.557976
2021-12-22,76.557976
2021-12-23,76.557976
2021-12-27,76.566353
2021-12-28,76.557976
2021-12-29,76.557976
2021-12-30,76.566353
2021-12-31,76.566353
2022-01-03,76.557976
2022-01-04,76.566353
2022-01-05,76.566353
2022-01-06,76.566353
2022-01-07,76.566353
2022-01-10,76.557976
2022-01-11,76.549606
2022-01-12,76.557976
2022-01-13,76.566353
2022-01-14,76.566353
2022-01-18,76.549606
2022-01-19,76.566353
2022-01-20,76.566353
2022-01-21,76.557976
2022-01-24,76.566353
2022-01-25,76.549606
2022-01-26,76.557976
2022-01-27,76.566353
2022-01-28,76.549606
2022-01-31,76.566353
2022-02-01,76.557976
2022-02-02,76.566353
2022-02-03,76.566353
2022-02-04,76.549606
2022-02-07,76.549606
2022-02-08,76.557976
2022-02-09,76.549606
2022-02-10,76.549606
2022-02-11,76.549606
2022-02-14,76.541222
2022-02-15,76.557976
2022-02-16,76.557976
2022-02-17,76.549606
2022-02-18,76.557976
2022-02-22,76.557976
2022-02-23,76.549606
2022-02-24,76.549606
2022-02-25,76.549606
2022-02-28,76.549606
2022-03-01,76.568031
2022-03-02,76.568031
2022-03-03,76.576408
2022-03-04,76.576408
2022-03-07,76.576408
2022-03-08,76.576408
2022-03-09,76.576408
2022-03-10,76.576408
2022-03-11,76.568031
2022-03-14,76.576408
2022-03-15,76.559639
2022-03-16,76.576408
2022-03-17,76.576408
2022-03-18,76.568031
2022-03-21,76.568031
2022-03-22,76.568031
2022-03-23,76.584778
2022-03-24,76.584778
2022-03-25,76.568031
2022-03-28,76.568031
2022-03-29,76.568031
2022-03-30,76.584778
2022-03-31,76.584778
2022-04-01,76.584778
2022-04-04,76.576408
2022-04-05,76.568031
2022-04-06,76.576408
2022-04-07,76.576408
2022-04-08,76.568031
2022-04-11,76.576408
2022-04-12,76.576408
2022-04-13,76.576408
2022-04-14,76.568031
2022-04-18,76.576408
2022-04-19,76.568031
2022-04-20,76.584778
2022-04-21,76.584778
2022-04-22,76.576408
2022-04-25,76.584778
2022-04-26,76.576408
2022-04-27,76.576408
2022-04-28,76.593163
2022-04-29,76.576408
2022-05-02,76.584778
2022-05-03,76.576408
2022-05-04,76.593163
2022-05-05,76.593163
2022-05-06,76.593163
2022-05-09,76.584778
2022-05-10,76.584778
2022-05-11,76.584778
2022-05-12,76.593163
2022-05-13,76.601532
2022-05-16,76.593163
2022-05-17,76.593163
2022-05-18,76.593163
2022-05-19,76.609917
2022-05-20,76.609917
2022-05-23,76.609917
2022-05-24,76.601532
2022-05-25,76.609917
2022-05-26,76.626671
2022-05-27,76.609917
2022-05-31,76.601532
2022-06-01,76.602371
2022-06-02,76.619133
2022-06-03,76.602371
2022-06-06,76.610748
2022-06-07,76.602371
2022-06-08,76.610748
2022-06-09,76.619133
2022-06-10,76.602371
2022-06-13,76.610748
2022-06-14,76.602371
2022-06-15,76.610748
2022-06-16,76.627502
2022-06-17,76.619133
2022-06-21,76.635887
2022-06-22,76.644264
2022-06-23,76.644264
2022-06-24,76.627502
2022-06-27,76.627502
2022-06-28,76.644264
2022-06-29,76.652634
2022-06-30,76.661041
2022-07-01,76.655144
2022-07-05,76.655144
2022-07-06,76.655144
2022-07-07,76.655144
2022-07-08,76.646759
2022-07-11,76.655144
2022-07-12,76.646759
2022-07-13,76.646759
2022-07-14,76.655144
2022-07-15,76.646759
2022-07-18,76.646759
2022-07-19,76.646759
2022-07-20,76.646759
2022-07-21,76.671913
2022-07-22,76.680336
2022-07-25,76.671913
2022-07-26,76.671913
2022-07-27,76.671913
2022-07-28,76.680336
2022-07-29,76.688667
2022-08-01,76.694580
2022-08-02,76.702965
2022-08-03,76.694580
2022-08-04,76.711365
2022-08-05,76.728142
2022-08-08,76.736542
2022-08-09,76.728142
2022-08-10,76.736542
2022-08-11,76.736542
2022-08-12,76.753304
2022-08-15,76.744926
2022-08-16,76.753304
2022-08-17,76.753304
2022-08-18,76.786903
2022-08-19,76.786903
2022-08-22,76.795265
2022-08-23,76.778496
2022-08-24,76.803658
2022-08-25,76.812096
2022-08-26,76.812096
2022-08-29,76.812096
2022-08-30,76.820457
2022-08-31,76.837265
2022-09-01,76.853218
2022-09-02,76.861641
2022-09-06,76.861641
2022-09-07,76.870049
2022-09-08,76.886841
2022-09-09,76.886841
2022-09-12,76.878456
2022-09-13,76.895264
2022-09-14,76.895264
2022-09-15,76.920448
2022-09-16,76.920448
2022-09-19,76.920448
2022-09-20,76.912056
2022-09-21,76.928879
2022-09-22,76.962471
2022-09-23,76.962471
2022-09-26,76.945663
2022-09-27,76.970879
2022-09-28,76.979279
2022-09-29,76.996101
2022-09-30,76.996101
2022-10-03,76.975060
2022-10-04,77.000351
2022-10-05,77.000351
2022-10-06,77.017159
2022-10-07,77.017159
2022-10-10,77.025581
2022-10-11,77.025581
2022-10-12,77.025581
2022-10-13,77.050842
2022-10-14,77.050842
2022-10-17,77.050842
2022-10-18,77.050842
2022-10-19,77.050842
2022-10-20,77.084534
2022-10-21,77.092934
2022-10-24,77.084534
2022-10-25,77.084534
2022-10-26,77.101349
2022-10-27,77.126610
2022-10-28,77.118195
2022-10-31,77.118195
2022-11-01,77.124954
2022-11-02,77.150284
2022-11-03,77.175575
2022-11-04,77.192474
2022-11-07,77.184013
2022-11-08,77.192474
2022-11-09,77.234688
2022-11-10,77.243118
2022-11-11,77.234688
2022-11-14,77.234688
2022-11-15,77.251534
2022-11-16,77.259995
2022-11-17,77.285294
2022-11-18,77.285294
2022-11-21,77.293747
2022-11-22,77.310631
2022-11-23,77.327484
2022-11-25,77.327484
2022-11-28,77.335953
2022-11-29,77.361267
2022-11-30,77.361267
2022-12-01,77.378174
2022-12-02,77.386642
2022-12-05,77.395119
2022-12-06,77.420509
2022-12-07,77.420509
2022-12-08,77.471245
2022-12-09,77.462799
2022-12-12,77.471245
2022-12-13,77.471245
2022-12-14,77.496658
2022-12-15,77.513596
2022-12-16,77.513596
2022-12-19,77.522964
2022-12-20,77.531418
2022-12-21,77.539886
2022-12-22,77.590828
2022-12-23,77.590828
2022-12-27,77.590828
2022-12-28,77.616302
2022-12-29,77.650261
2022-12-30,77.641731
2023-01-03,77.650261
2023-01-04,77.641731
2023-01-05,77.667213
2023-01-06,77.658745
2023-01-09,77.675697
2023-01-10,77.667213
2023-01-11,77.667213
2023-01-12,77.726631
2023-01-13,77.735130
2023-01-17,77.735130
2023-01-18,77.743599
2023-01-19,77.777573
2023-01-20,77.786041
2023-01-23,77.786041
2023-01-24,77.794548
2023-01-25,77.803047
2023-01-26,77.845459
2023-01-27,77.853958
2023-01-30,77.853958
2023-01-31,77.862450
2023-02-01,77.867569
2023-02-02,77.901634
2023-02-03,77.918701
2023-02-06,77.927177
2023-02-07,77.935730
2023-02-08,77.935730
2023-02-09,77.961273
2023-02-10,77.969833
2023-02-13,77.986839
2023-02-14,77.986839
2023-02-15,78.003853
2023-02-16,78.046478
2023-02-17,78.055000
2023-02-21,78.055000
2023-02-22,78.080536
2023-02-23,78.106094
2023-02-24,78.114647
2023-02-27,78.123123
2023-02-28,78.131676
2023-03-01,78.135925
2023-03-02,78.161552
2023-03-03,78.178642
2023-03-06,78.187218
2023-03-07,78.187218
2023-03-08,78.204300
2023-03-09,78.221344
2023-03-10,78.238464
2023-03-13,78.255539
2023-03-14,78.264084
2023-03-15,78.306831
2023-03-16,78.340950
2023-03-17,78.358093
2023-03-20,78.366585
2023-03-21,78.366585
2023-03-22,78.383690
2023-03-23,78.417862
2023-03-24,78.434952
2023-03-27,78.426407
2023-03-28,78.443504
2023-03-29,78.443504
2023-03-30,78.460587
2023-03-31,78.443504
2023-04-03,78.462379
2023-04-04,78.470963
2023-04-05,78.513824
2023-04-06,78.522415
2023-04-10,78.530991
2023-04-11,78.539536
2023-04-12,78.556740
2023-04-13,78.599594
2023-04-14,78.599594
2023-04-17,78.616760
2023-04-18,78.625366
2023-04-19,78.633919
2023-04-20,78.693985
2023-04-21,78.685379
2023-04-24,78.693985
2023-04-25,78.685379
2023-04-26,78.702545
2023-04-27,78.728279
2023-04-28,78.728279
2023-05-01,78.730858
2023-05-02,78.713646
2023-05-03,78.722237
2023-05-04,78.748093
2023-05-05,78.765312
2023-05-08,78.773949
2023-05-09,78.782532
2023-05-10,78.791138
2023-05-11,78.842796
2023-05-12,78.860039
2023-05-15,78.868629
2023-05-16,78.860039
2023-05-17,78.877251
2023-05-18,78.920288
2023-05-19,78.920288
2023-05-22,78.928940
2023-05-23,78.928940
2023-05-24,78.928940
2023-05-25,78.980598
2023-05-26,78.997818
2023-05-30,79.006409
2023-05-31,79.023621
2023-06-01,79.067749
2023-06-02,79.076370
2023-06-05,79.076370
2023-06-06,79.093681
2023-06-07,79.102295
2023-06-08,79.145561
2023-06-09,79.154198
2023-06-12,79.162827
2023-06-13,79.180161
2023-06-14,79.197441
2023-06-15,79.232010
2023-06-16,79.240669
2023-06-20,79.257950
2023-06-21,79.257950
2023-06-22,79.292542
2023-06-23,79.301186
2023-06-26,79.309807
2023-06-27,79.327118
2023-06-28,79.335739
2023-06-29,79.361694
2023-06-30,79.387634
2023-07-03,79.407616
2023-07-05,79.416283
2023-07-06,79.442322
2023-07-07,79.451019
2023-07-10,79.468384
2023-07-11,79.477051
2023-07-12,79.494446
2023-07-13,79.529152
2023-07-14,79.537834
2023-07-17,79.546494
2023-07-18,79.546494
2023-07-19,79.563873
2023-07-20,79.607254
2023-07-21,79.607254
2023-07-24,79.615967
2023-07-25,79.624641
2023-07-26,79.633308
2023-07-27,79.676743
2023-07-28,79.685402
2023-07-31,79.694084
2023-08-01,79.715019
2023-08-02,79.723709
2023-08-03,79.758606
2023-08-04,79.776085
2023-08-07,79.776085
2023-08-08,79.793472
2023-08-09,79.802185
2023-08-10,79.845810
2023-08-11,79.854515
2023-08-14,79.863228
2023-08-15,79.871941
2023-08-16,79.889389
2023-08-17,79.924248
2023-08-18,79.932968
2023-08-21,79.941696
2023-08-22,79.950386
2023-08-23,79.967850
2023-08-24,79.994026
2023-08-25,80.011475
2023-08-28,80.028908
2023-08-29,80.020172
2023-08-30,80.037605
2023-08-31,80.089928
2023-09-01,80.103065
2023-09-05,80.120560
2023-09-06,80.120560
2023-09-07,80.164375
2023-09-08,80.173126
2023-09-11,80.173126
2023-09-12,80.199379
2023-09-13,80.208130
2023-09-14,80.234413
2023-09-15,80.251930
2023-09-18,80.260704
2023-09-19,80.269463
2023-09-20,80.278175
2023-09-21,80.321983
2023-09-22,80.330750
2023-09-25,80.339508
2023-09-26,80.348259
2023-09-27,80.374550
2023-09-28,80.400803
2023-09-29,80.409569
2023-10-02,80.421867
2023-10-03,80.439453
2023-10-04,80.448265
2023-10-05,80.501022
2023-10-06,80.501022
2023-10-09,80.509834
2023-10-10,80.509834
2023-10-11,80.527390
2023-10-12,80.562599
2023-10-13,80.580193
2023-10-16,80.588959
2023-10-17,80.597778
2023-10-18,80.606575
2023-10-19,80.641762
2023-10-20,80.659348
2023-10-23,80.668129
2023-10-24,80.676941
2023-10-25,80.685722
2023-10-26,80.720917
2023-10-27,80.747299
2023-10-30,80.756081
2023-10-31,80.756081
2023-11-01,80.780815
2023-11-02,80.807327
2023-11-03,80.816170
2023-11-06,80.824982
2023-11-07,80.842651
2023-11-08,80.851479
2023-11-09,80.895668
2023-11-10,80.904510
2023-11-13,80.913315
2023-11-14,80.922173
2023-11-15,80.939842
2023-11-16,80.975174
2023-11-17,80.992836
2023-11-20,80.992836
2023-11-21,81.019356
2023-11-22,81.054680
2023-11-24,81.063507
2023-11-27,81.072357
2023-11-28,81.090004
2023-11-29,81.098862
2023-11-30,81.134163
2023-12-01,81.151039
2023-12-04,81.151039
2023-12-05,81.168785
2023-12-06,81.177681
2023-12-07,81.213158
2023-12-08,81.230919
2023-12-11,81.248680
2023-12-12,81.248680
2023-12-13,81.257545
2023-12-14,81.293053
2023-12-15,81.319672
2023-12-18,81.329491
2023-12-19,81.329491
2023-12-20,81.347321
2023-12-21,81.400833
2023-12-22,81.409721
2023-12-26,81.427551
2023-12-27,81.427551
2023-12-28,81.481056
2023-12-29,81.481056
2024-01-02,81.489967
2024-01-03,81.516716
2024-01-04,81.543465
2024-01-05,81.552353
2024-01-08,81.561295
2024-01-09,81.570198
2024-01-10,81.588013
2024-01-11,81.632622
2024-01-12,81.650444
2024-01-16,81.659363
2024-01-17,81.677177
2024-01-18,81.712837
2024-01-19,81.721786
2024-01-22,81.730675
2024-01-23,81.739632
2024-01-24,81.748520
2024-01-25,81.793083
2024-01-26,81.802032
2024-01-29,81.810936
2024-01-30,81.819862
2024-01-31,81.828751
2024-02-01,81.869957
2024-02-02,81.887856
2024-02-05,81.887856
2024-02-06,81.905785
2024-02-07,81.914726
2024-02-08,81.950546
2024-02-09,81.959511
2024-02-12,81.977432
2024-02-13,81.977432
2024-02-14,81.995323
2024-02-15,82.040100
2024-02-16,82.058029
2024-02-20,82.066956
2024-02-21,82.075920
2024-02-22,82.120697
2024-02-23,82.129662
2024-02-26,82.129662
2024-02-27,82.147575
2024-02-28,82.156509
2024-02-29,82.192322
2024-03-01,82.214806
2024-03-04,82.223824
2024-03-05,82.223824
2024-03-06,82.241806
2024-03-07,82.277756
2024-03-08,82.286758
2024-03-11,82.295723
2024-03-12,82.322716
2024-03-13,82.322716
2024-03-14,82.358673
2024-03-15,82.376656
2024-03-18,82.385612
2024-03-19,82.403633
2024-03-20,82.412582
2024-03-21,82.439568
2024-03-22,82.448570
2024-03-25,82.466545
2024-03-26,82.475525
2024-03-27,82.529465
2024-03-28,82.529465
2024-04-01,82.552040
2024-04-02,82.570099
2024-04-03,82.570099
2024-04-04,82.606247
2024-04-05,82.624290
2024-04-08,82.633316
2024-04-09,82.642342
2024-04-10,82.660439
2024-04-11,82.687492
2024-04-12,82.696533
2024-04-15,82.714577
2024-04-16,82.723602
2024-04-17,82.732651
2024-04-18,82.777779
2024-04-19,82.786835
2024-04-22,82.804886
2024-04-23,82.813911
2024-04-24,82.813911
2024-04-25,82.859070
2024-04-26,82.859070
2024-04-29,82.877113
2024-04-30,82.886169
2024-05-01,82.902473
2024-05-02,82.947800
2024-05-03,82.956902
2024-05-06,82.956902
2024-05-07,82.965965
2024-05-08,82.984100
2024-05-09,83.029465
2024-05-10,83.029465
2024-05-13,83.047585
2024-05-14,83.056633
2024-05-15,83.065712
2024-05-16,83.101990
2024-05-17,83.111046
2024-05-20,83.129173
2024-05-21,83.138260
2024-05-22,83.156380
2024-05-23,83.210815
2024-05-24,83.219879
2024-05-28,83.210815
2024-05-29,83.228928
2024-05-30,83.247086
2024-05-31,83.265228
2024-06-03,83.278877
2024-06-04,83.297096
2024-06-05,83.306221
2024-06-06,83.315308
2024-06-07,83.351746
2024-06-10,83.369957
2024-06-11,83.379044
2024-06-12,83.397285
2024-06-13,83.406418
2024-06-14,83.451942
2024-06-17,83.461060
2024-06-18,83.479263
2024-06-20,83.497482
2024-06-21,83.524811
2024-06-24,83.543030
2024-06-25,83.543030
2024-06-26,83.552116
2024-06-27,83.570335
2024-06-28,83.597687
2024-07-01,83.626938
2024-07-02,83.636108
2024-07-03,83.663536
2024-07-05,83.690971
2024-07-08,83.709282
2024-07-09,83.709282
2024-07-10,83.727585
2024-07-11,83.736710
2024-07-12,83.773300
2024-07-15,83.791618
2024-07-16,83.791618
2024-07-17,83.819038
2024-07-18,83.828163
2024-07-19,83.855621
2024-07-22,83.873940
2024-07-23,83.873940
2024-07-24,83.901375
2024-07-25,83.901375
2024-07-26,83.947113
2024-07-29,83.947113
2024-07-30,83.956268
2024-07-31,83.974564
2024-08-01,83.994759
2024-08-02,84.040695
2024-08-05,84.040695
2024-08-06,84.059067
2024-08-07,84.077454
2024-08-08,84.086647
2024-08-09,84.105003
2024-08-12,84.132584
2024-08-13,84.141777
2024-08-14,84.150940
2024-08-15,84.160133
2024-08-16,84.206085
2024-08-19,84.206085
2024-08-20,84.224472
2024-08-21,84.242844
2024-08-22,84.242844
2024-08-23,84.279602
2024-08-26,84.288788
2024-08-27,84.307152
2024-08-28,84.316345
2024-08-29,84.316345
2024-08-30,84.362297
2024-09-03,84.395493
2024-09-04,84.404732
2024-09-05,84.413948
2024-09-06,84.460091
2024-09-09,84.460091
2024-09-10,84.487778
2024-09-11,84.487778
2024-09-12,84.497017
2024-09-13,84.543137
2024-09-16,84.561600
2024-09-17,84.570824
2024-09-18,84.589264
2024-09-19,84.607735
2024-09-20,84.644669
2024-09-23,84.653877
2024-09-24,84.663109
2024-09-25,84.681557
2024-09-26,84.681557
2024-09-27,84.709251
2024-09-30,84.718445
2024-10-01,84.737923
2024-10-02,84.747177
2024-10-03,84.765724
2024-10-04,84.784256
2024-10-07,84.802773
2024-10-08,84.802773
2024-10-09,84.812050
2024-10-10,84.821327
2024-10-11,84.867638
2024-10-14,84.858368
2024-10-15,84.886154
2024-10-16,84.886154
2024-10-17,84.904701
2024-10-18,84.932480
2024-10-21,84.951019
2024-10-22,84.960274
2024-10-23,84.960274
2024-10-24,84.969551
2024-10-25,85.006622
2024-10-28,85.006622
2024-10-29,85.025131
2024-10-30,85.034401
2024-10-31,85.052948
2024-11-01,85.089211
2024-11-04,85.107803
2024-11-05,85.107803
2024-11-06,85.126419
2024-11-07,85.135712
2024-11-08,85.182220
2024-11-11,85.172935
2024-11-12,85.182220
2024-11-13,85.200813
2024-11-14,85.200813
2024-11-15,85.228729
2024-11-18,85.238029
2024-11-19,85.265923
2024-11-20,85.275238
2024-11-21,85.284538
2024-11-22,85.312447
2024-11-25,85.321762
2024-11-26,85.321762
2024-11-27,85.349648
2024-11-29,85.368248
2024-12-02,85.391586
2024-12-03,85.410263
2024-12-04,85.419586
2024-12-05,85.428947
2024-12-06,85.466270
2024-12-09,85.475609
2024-12-10,85.494263
2024-12-11,85.503616
2024-12-12,85.522278
2024-12-13,85.550285
2024-12-16,85.559639
2024-12-17,85.568970
2024-12-18,85.568970
2024-12-19,85.581131
2024-12-20,85.618652
2024-12-23,85.618652
2024-12-24,85.637390
2024-12-26,85.656166
2024-12-27,85.693665
2024-12-30,85.693665
2024-12-31,85.712402
2025-01-02,85.731133
2025-01-03,85.740524
2025-01-06,85.749878
2025-01-07,85.768631
2025-01-08,85.787384
2025-01-10,85.815506
2025-01-13,85.824883
2025-01-14,85.843643
2025-01-15,85.853027
2025-01-16,85.853027
2025-01-17,85.899887
2025-01-21,85.899887
2025-01-22,85.918640
2025-01-23,85.918640
2025-01-24,85.956131
2025-01-27,85.965508
2025-01-28,85.965508
2025-01-29,85.974869
2025-01-30,85.984261
2025-01-31,86.012375
2025-02-03,86.036842
2025-02-04,86.036842
2025-02-05,86.046265
2025-02-06,86.065063
2025-02-07,86.083893
2025-02-10,86.093300
2025-02-11,86.102699
2025-02-12,86.112099
2025-02-13,86.130920
2025-02-14,86.159164
2025-02-18,86.177963
2025-02-19,86.187378
2025-02-20,86.206192
2025-02-21,86.234428
2025-02-24,86.243813
2025-02-25,86.243813
2025-02-26,86.262642
2025-02-27,86.272041
2025-02-28,86.290863
2025-03-03,86.308784
2025-03-04,86.308784
2025-03-05,86.318245
2025-03-06,86.327660
2025-03-07,86.365417
2025-03-10,86.374855
2025-03-11,86.384293
2025-03-12,86.393723
2025-03-13,86.412605
2025-03-14,86.431503
2025-03-17,86.450363
2025-03-18,86.450363
2025-03-19,86.459808
2025-03-20,86.478661
2025-03-21,86.506996
2025-03-24,86.506996
2025-03-25,86.516411
2025-03-26,86.525871
2025-03-27,86.544724
2025-03-28,86.573059
2025-03-31,86.573059
2025-04-01,86.592941
2025-04-02,86.602409
2025-04-03,86.611885
2025-04-04,86.640297
2025-04-07,86.649757
2025-04-08,86.668716
2025-04-09,86.668716
2025-04-10,86.678177
2025-04-11,86.716057
2025-04-14,86.716057
2025-04-15,86.734993
2025-04-16,86.744476
2025-04-17,86.782349
2025-04-21,86.791840
2025-04-22,86.791840
2025-04-23,86.810768
2025-04-24,86.810768
2025-04-25,86.848656
2025-04-28,86.858116
2025-04-29,86.858116
2025-04-30,86.867615
2025-05-01,86.888504
2025-05-02,86.917015
2025-05-05,86.917015
2025-05-06,86.936020
2025-05-07,86.936020
2025-05-08,86.955040
2025-05-09,86.983536
2025-05-12,86.983536
2025-05-13,87.002541
2025-05-14,87.002541
2025-05-15,87.012039
2025-05-16,87.050056
2025-05-19,87.050056
2025-05-20,87.069077
2025-05-21,87.078560
2025-05-22,87.097572
2025-05-23,87.135590
2025-05-27,87.135590
2025-05-28,87.145088
2025-05-29,87.154587
2025-05-30,87.183105
2025-06-02,87.198372
2025-06-03,87.217438
2025-06-04,87.217438
2025-06-05,87.226967
2025-06-06,87.255585
2025-06-09,87.274651
2025-06-10,87.284180
2025-06-11,87.284180
2025-06-12,87.293724
2025-06-13,87.331871
2025-06-16,87.331871
2025-06-17,87.350929
2025-06-18,87.370018
2025-06-20,87.389084
2025-06-23,87.408157
2025-06-24,87.408157
2025-06-25,87.417694
2025-06-26,87.427246
2025-06-27,87.465378
2025-06-30,87.474907
2025-07-01,87.490219
2025-07-02,87.499786
2025-07-03,87.547630
2025-07-07,87.557198
2025-07-08,87.557198
2025-07-09,87.566750
2025-07-10,87.585899
2025-07-11,87.605034
2025-07-14,87.614609
2025-07-15,87.624176
2025-07-16,87.643303
2025-07-17,87.643303
2025-07-18,87.681587
2025-07-21,87.700714
2025-07-22,87.710281
2025-07-23,87.719856
2025-07-24,87.719856
2025-07-25,87.748566
2025-07-28,87.758133
2025-07-29,87.767685
2025-07-30,87.777260
2025-07-31,87.786842
2025-08-01,87.824280
2025-08-04,87.833878
2025-08-05,87.833878
2025-08-06,87.862686
2025-08-07,87.862686
2025-08-08,87.891487
2025-08-11,87.901093
2025-08-12,87.910690
2025-08-13,87.920288
2025-08-14,87.929901
2025-08-15,87.968300
2025-08-18,87.968300
2025-08-19,87.987503
2025-08-20,88.006706
2025-08-21,88.006706
2025-08-22,88.035515
2025-08-25,88.045105
2025-08-26,88.054718
2025-08-27,88.064308
2025-08-28,88.073914
2025-08-29,88.112297
2025-09-02,88.133514
2025-09-03,88.143150
2025-09-04,88.162430
2025-09-05,88.191307
2025-09-08,88.200958
2025-09-09,88.210602
2025-09-10,88.220238
2025-09-11,88.229866
2025-09-12,88.258781
2025-09-15,88.268402
2025-09-16,88.278038
2025-09-17,88.287682
2025-09-18,88.297310
2025-09-19,88.335869
2025-09-22,88.345490
2025-09-23,88.345490
2025-09-24,88.364754
2025-09-25,88.364754
2025-09-26,88.393654
2025-09-29,88.403297
2025-09-30,88.403297
2025-10-01,88.423607
2025-10-02,88.433289
2025-10-03,88.452591
2025-10-06,88.471947
2025-10-07,88.471947
2025-10-08,88.491280
2025-10-09,88.491280
2025-10-10,88.529961
2025-10-13,88.539619
2025-10-14,88.539619
2025-10-15,88.549286
2025-10-16,88.558960
2025-10-17,88.578300
2025-10-20,88.597618
2025-10-21,88.597618
2025-10-22,88.616966
2025-10-23,88.626633
2025-10-24,88.655632
2025-10-27,88.655632
2025-10-28,88.665298
2025-10-29,88.694305
2025-10-30,88.694305
2025-10-31,88.713646
2025-11-03,88.726257
2025-11-04,88.735962
2025-11-05,88.745644
2025-11-06,88.755356
2025-11-07,88.784447
2025-11-10,88.803864
2025-11-11,88.794159
2025-11-12,88.803864
2025-11-13,88.813545
2025-11-14,88.852356
2025-11-17,88.852356
2025-11-18,88.871758
2025-11-19,88.871758
2025-11-20,88.891144
2025-11-21,88.910568
2025-11-24,88.910568
2025-11-25,88.929947
2025-11-26,88.939644
2025-11-28,88.968758
2025-12-01,88.979454
2025-12-02,89.008644
2025-12-03,89.018372
2025-12-04,89.028107
2025-12-05,89.047569
2025-12-08,89.057289
2025-12-09,89.076767
2025-12-10,89.076767
2025-12-11,89.086479
2025-12-12,89.125404
2025-12-15,89.125404
2025-12-16,89.135139
2025-12-17,89.144859
2025-12-18,89.159523
2025-12-19,89.188828
2025-12-22,89.188828
2025-12-23,89.188828
2025-12-24,89.218140
2025-12-26,89.247444
2025-12-29,89.247444
2025-12-30,89.257217
2025-12-31,89.266975
2026-01-02,89.306061
2026-01-05,89.306061
2026-01-06,89.315819
2026-01-07,89.335350
2026-01-08,89.335350
2026-01-09,89.354912
2026-01-12,89.364670
2026-01-13,89.374428
2026-01-14,89.384193
2026-01-15,89.384193
2026-01-16,89.423286
2026-01-20,89.423286
2026-01-21,89.433044
2026-01-22,89.442810
2026-01-23,89.472115
2026-01-26,89.472115
2026-01-27,89.481888
2026-01-28,89.491661
2026-01-29,89.511200
2026-01-30,89.530731
2026-02-02,89.544456
2026-02-03,89.544456
2026-02-04,89.564049
2026-02-05,89.564049
2026-02-06,89.593445
2026-02-09,89.593445
2026-02-10,89.603233
2026-02-11,89.622849
2026-02-12,89.622849
2026-02-13,89.662033
2026-02-17,89.671829
2026-02-18,89.681625
2026-02-19,89.681625
2026-02-20,89.711014
2026-02-23,89.711014
2026-02-24,89.730614
2026-02-25,89.740410
2026-02-26,89.750206
2026-02-27,89.769798
2026-03-02,89.782578
2026-03-03,89.792412
2026-03-04,89.802238
2026-03-05,89.812057
2026-03-06,89.831696
2026-03-09,89.841515
2026-03-10,89.851364
2026-03-11,89.851364
2026-03-12,89.871002
2026-03-13,89.900475
2026-03-16,89.900475
2026-03-17,89.910294
2026-03-18,89.929947
2026-03-19,89.929947
2026-03-20,89.959412
2026-03-23,89.969231
2026-03-24,89.979065
2026-03-25,89.969231
2026-03-26,89.988884
2026-03-27,90.018356
2026-03-30,90.028175
2026-03-31,90.028175
2026-04-01,90.051834
2026-04-02,90.071526
2026-04-06,90.091248
2026-04-07,90.101089
2026-04-08,90.101089
2026-04-09,90.110947
2026-04-10,90.140495
2026-04-13,90.140495
2026-04-14,90.150360
2026-04-15,90.160210
2026-04-16,90.170059
2026-04-17,90.199615
2026-04-20,90.209465
2026-04-21,90.219322
2026-04-22,90.219322
2026-04-23,90.239029
2026-04-24,90.258736
2026-04-27,90.268585
2026-04-28,90.278427
2026-04-29,90.278427
2026-04-30,90.288292
2026-05-01,90.317940
2026-05-04,90.337692
2026-05-05,90.347580
2026-05-06,90.337692
2026-05-07,90.357460
2026-05-08,90.377228
2026-05-11,90.396996
2026-05-12,90.406868
2026-05-13,90.406868
2026-05-14,90.426628
2026-05-15,90.446404
2026-05-18,90.446404
2026-05-19,90.466164
2026-05-20,90.485916
2026-05-21,90.485916
2026-05-22,90.505684
2026-05-26,90.525452
2026-05-27,90.535332
2026-05-28,90.545204
2026-05-29,90.574860
2026-06-01,90.583778
2026-06-02,90.573860
2026-06-03,90.593689
2026-06-04,90.593689
2026-06-05,90.633316
2026-06-08,90.643242
2026-06-09,90.643242
2026-06-10,90.653152
2026-06-11,90.663063
2026-06-12,90.692795
2026-06-15,90.692795
2026-06-16,90.702698
2026-06-17,90.712608
2026-06-18,90.752258
2026-06-22,90.752258
2026-06-23,90.762169
2026-06-24,90.772072
2026-06-25,90.781982
2026-06-26,90.811722
2026-06-29,90.821632
2026-06-30,90.821632
2026-07-01,90.849464
2026-07-02,90.889221
2026-07-06,90.879280
2026-07-07,90.899155
2026-07-08,90.899155
2026-07-09,90.909096
2026-07-10,90.948860
2026-07-13,90.948860
2026-07-14,90.958801
2026-07-15,90.968735
2026-07-16,90.978676
2026-07-17,90.998558
2026-07-20,91.008499
2026-07-21,91.008499
2026-07-22,91.028381
2026-07-23,91.028381
2026-07-24,91.058197
2026-07-27,91.068138
2026-07-28,91.078072
2026-07-29,91.088013
2026-07-30,91.097961
2026-07-31,91.127777
2026-08-03,91.140732
2026-08-04,91.140732
2026-08-05,91.150703
2026-08-06,91.170639
2026-08-07,91.200554
2026-08-10,91.200554
2026-08-11,91.210518
2026-08-12,91.230461
2026-08-13,91.230461
2026-08-14,91.250397
2026-08-17,91.270340
2026-08-18,91.280304
2026-08-19,91.290276
2026-08-20,91.290276
2026-08-21,91.320183
2026-08-24,91.330154
2026-08-25,91.340126
2026-08-26,91.350090
2026-08-27,91.350090
2026-08-28,91.370033
2026-08-31,91.380005
2026-09-01,91.389999
2026-09-02,91.400002
2026-09-03,91.419998
2026-09-04,91.449997
2026-09-08,91.459999
2026-09-09,91.459999
2026-09-10,91.470001
2026-09-11,91.500000
2026-09-14,91.500000
2026-09-15,91.510002
2026-09-16,91.510002
2026-09-17,91.529999
2026-09-18,91.550003
