date,total_usd,us_equity,cn_equity,hk_equity,jp_equity,eu_equity,us_treasury,cn_treasury,gold,oil,btc,us_housing,cn_housing,us_equity_share,cn_equity_share,hk_equity_share,jp_equity_share,eu_equity_share,us_treasury_share,cn_treasury_share,gold_share,oil_share,btc_share,us_housing_share,cn_housing_share
1942-01-01,40600000000.000000,,,,,,40600000000.000000,,,,,,,,,,,,1.000000,,,,,,
1942-02-01,42000000000.000000,,,,,,42000000000.000000,,,,,,,,,,,,1.000000,,,,,,
1942-03-01,44600000000.000000,,,,,,44600000000.000000,,,,,,,,,,,,1.000000,,,,,,
1942-04-01,46900000000.000000,,,,,,46900000000.000000,,,,,,,,,,,,1.000000,,,,,,
1942-05-01,49000000000.000000,,,,,,49000000000.000000,,,,,,,,,,,,1.000000,,,,,,
1942-06-01,49900000000.000000,,,,,,49900000000.000000,,,,,,,,,,,,1.000000,,,,,,
1942-07-01,55000000000.000000,,,,,,55000000000.000000,,,,,,,,,,,,1.000000,,,,,,
1942-08-01,58300000000.000000,,,,,,58300000000.000000,,,,,,,,,,,,1.000000,,,,,,
1942-09-01,61000000000.000000,,,,,,61000000000.000000,,,,,,,,,,,,1.000000,,,,,,
1942-10-01,63800000000.000000,,,,,,63800000000.000000,,,,,,,,,,,,1.000000,,,,,,
1942-11-01,67800000000.000000,,,,,,67800000000.000000,,,,,,,,,,,,1.000000,,,,,,
1942-12-01,78200000000.000000,,,,,,78200000000.000000,,,,,,,,,,,,1.000000,,,,,,
1943-01-01,79200000000.000000,,,,,,79200000000.000000,,,,,,,,,,,,1.000000,,,,,,
1943-02-01,80600000000.000000,,,,,,80600000000.000000,,,,,,,,,,,,1.000000,,,,,,
1943-03-01,81400000000.000000,,,,,,81400000000.000000,,,,,,,,,,,,1.000000,,,,,,
1943-04-01,82400000000.000000,,,,,,82400000000.000000,,,,,,,,,,,,1.000000,,,,,,
1943-05-01,97600000000.000000,,,,,,97600000000.000000,,,,,,,,,,,,1.000000,,,,,,
1943-06-01,97700000000.000000,,,,,,97700000000.000000,,,,,,,,,,,,1.000000,,,,,,
1943-07-01,100900000000.000000,,,,,,100900000000.000000,,,,,,,,,,,,1.000000,,,,,,
1943-08-01,102100000000.000000,,,,,,102100000000.000000,,,,,,,,,,,,1.000000,,,,,,
1943-09-01,113700000000.000000,,,,,,113700000000.000000,,,,,,,,,,,,1.000000,,,,,,
1943-10-01,118200000000.000000,,,,,,118200000000.000000,,,,,,,,,,,,1.000000,,,,,,
1943-11-01,118000000000.000000,,,,,,118000000000.000000,,,,,,,,,,,,1.000000,,,,,,
1943-12-01,117300000000.000000,,,,,,117300000000.000000,,,,,,,,,,,,1.000000,,,,,,
1944-01-01,117300000000.000000,,,,,,117300000000.000000,,,,,,,,,,,,1.000000,,,,,,
1944-02-01,128400000000.000000,,,,,,128400000000.000000,,,,,,,,,,,,1.000000,,,,,,
1944-03-01,130300000000.000000,,,,,,130300000000.000000,,,,,,,,,,,,1.000000,,,,,,
1944-04-01,129600000000.000000,,,,,,129600000000.000000,,,,,,,,,,,,1.000000,,,,,,
1944-05-01,130200000000.000000,,,,,,130200000000.000000,,,,,,,,,,,,1.000000,,,,,,
1944-06-01,142600000000.000000,,,,,,142600000000.000000,,,,,,,,,,,,1.000000,,,,,,
1944-07-01,143500000000.000000,,,,,,143500000000.000000,,,,,,,,,,,,1.000000,,,,,,
1944-08-01,147600000000.000000,,,,,,147600000000.000000,,,,,,,,,,,,1.000000,,,,,,
1944-09-01,146900000000.000000,,,,,,146900000000.000000,,,,,,,,,,,,1.000000,,,,,,
1944-10-01,147200000000.000000,,,,,,147200000000.000000,,,,,,,,,,,,1.000000,,,,,,
1944-11-01,147400000000.000000,,,,,,147400000000.000000,,,,,,,,,,,,1.000000,,,,,,
1944-12-01,164000000000.000000,,,,,,164000000000.000000,,,,,,,,,,,,1.000000,,,,,,
1945-01-01,165400000000.000000,,,,,,165400000000.000000,,,,,,,,,,,,1.000000,,,,,,
1945-02-01,165800000000.000000,,,,,,165800000000.000000,,,,,,,,,,,,1.000000,,,,,,
1945-03-01,166000000000.000000,,,,,,166000000000.000000,,,,,,,,,,,,1.000000,,,,,,
1945-04-01,166400000000.000000,,,,,,166400000000.000000,,,,,,,,,,,,1.000000,,,,,,
1945-05-01,166300000000.000000,,,,,,166300000000.000000,,,,,,,,,,,,1.000000,,,,,,
1945-06-01,166800000000.000000,,,,,,166800000000.000000,,,,,,,,,,,,1.000000,,,,,,
1945-07-01,187000000000.000000,,,,,,187000000000.000000,,,,,,,,,,,,1.000000,,,,,,
1945-08-01,187200000000.000000,,,,,,187200000000.000000,,,,,,,,,,,,1.000000,,,,,,
1945-09-01,186700000000.000000,,,,,,186700000000.000000,,,,,,,,,,,,1.000000,,,,,,
1945-10-01,302949000000.000000,,,,,,186900000000.000000,,,,,116049000000.000000,,,,,,,0.616936,,,,,0.383064,
1945-11-01,303249000000.000000,,,,,,187200000000.000000,,,,,116049000000.000000,,,,,,,0.617314,,,,,0.382686,
1945-12-01,319849000000.000000,,,,,,203800000000.000000,,,,,116049000000.000000,,,,,,,0.637176,,,,,0.362824,
1946-01-01,322049000000.000000,,,,,,206000000000.000000,,,,,116049000000.000000,,,,,,,0.639654,,,,,0.360346,
1946-02-01,322949000000.000000,,,,,,206900000000.000000,,,,,116049000000.000000,,,,,,,0.640658,,,,,0.359342,
1946-03-01,320149000000.000000,,,,,,204100000000.000000,,,,,116049000000.000000,,,,,,,0.637516,,,,,0.362484,
1946-04-01,316549000000.000000,,,,,,200500000000.000000,,,,,116049000000.000000,,,,,,,0.633393,,,,,0.366607,
1946-05-01,315149000000.000000,,,,,,199100000000.000000,,,,,116049000000.000000,,,,,,,0.631765,,,,,0.368235,
1946-06-01,311449000000.000000,,,,,,195400000000.000000,,,,,116049000000.000000,,,,,,,0.627390,,,,,0.372610,
1946-07-01,308749000000.000000,,,,,,192700000000.000000,,,,,116049000000.000000,,,,,,,0.624132,,,,,0.375868,
1946-08-01,307049000000.000000,,,,,,191000000000.000000,,,,,116049000000.000000,,,,,,,0.622051,,,,,0.377949,
1946-09-01,304549000000.000000,,,,,,188500000000.000000,,,,,116049000000.000000,,,,,,,0.618948,,,,,0.381052,
1946-10-01,320322000000.000000,,,,,,186900000000.000000,,,,,133422000000.000000,,,,,,,0.583475,,,,,0.416525,
1946-11-01,317722000000.000000,,,,,,184300000000.000000,,,,,133422000000.000000,,,,,,,0.580067,,,,,0.419933,
1946-12-01,314622000000.000000,,,,,,181200000000.000000,,,,,133422000000.000000,,,,,,,0.575929,,,,,0.424071,
1947-01-01,314522000000.000000,,,,,,181100000000.000000,,,,,133422000000.000000,,,,,,,0.575794,,,,,0.424206,
1947-02-01,313622000000.000000,,,,,,180200000000.000000,,,,,133422000000.000000,,,,,,,0.574577,,,,,0.425423,
1947-03-01,310822000000.000000,,,,,,177400000000.000000,,,,,133422000000.000000,,,,,,,0.570745,,,,,0.429255,
1947-04-01,308622000000.000000,,,,,,175200000000.000000,,,,,133422000000.000000,,,,,,,0.567685,,,,,0.432315,
1947-05-01,308022000000.000000,,,,,,174600000000.000000,,,,,133422000000.000000,,,,,,,0.566843,,,,,0.433157,
1947-06-01,306422000000.000000,,,,,,173000000000.000000,,,,,133422000000.000000,,,,,,,0.564581,,,,,0.435419,
1947-07-01,306222000000.000000,,,,,,172800000000.000000,,,,,133422000000.000000,,,,,,,0.564296,,,,,0.435704,
1947-08-01,306322000000.000000,,,,,,172900000000.000000,,,,,133422000000.000000,,,,,,,0.564439,,,,,0.435561,
1947-09-01,305622000000.000000,,,,,,172200000000.000000,,,,,133422000000.000000,,,,,,,0.563441,,,,,0.436559,
1947-10-01,347873000000.000000,,,,,,170400000000.000000,,,,,177473000000.000000,,,,,,,0.489834,,,,,0.510166,
1947-11-01,346373000000.000000,,,,,,168900000000.000000,,,,,177473000000.000000,,,,,,,0.487625,,,,,0.512375,
1947-12-01,344773000000.000000,,,,,,167300000000.000000,,,,,177473000000.000000,,,,,,,0.485247,,,,,0.514753,
1948-01-01,343873000000.000000,,,,,,166400000000.000000,,,,,177473000000.000000,,,,,,,0.483900,,,,,0.516100,
1948-02-01,341973000000.000000,,,,,,164500000000.000000,,,,,177473000000.000000,,,,,,,0.481032,,,,,0.518968,
1948-03-01,340573000000.000000,,,,,,163100000000.000000,,,,,177473000000.000000,,,,,,,0.478899,,,,,0.521101,
1948-04-01,340173000000.000000,,,,,,162700000000.000000,,,,,177473000000.000000,,,,,,,0.478286,,,,,0.521714,
1948-05-01,338173000000.000000,,,,,,160700000000.000000,,,,,177473000000.000000,,,,,,,0.475201,,,,,0.524799,
1948-06-01,339673000000.000000,,,,,,162200000000.000000,,,,,177473000000.000000,,,,,,,0.477518,,,,,0.522482,
1948-07-01,338673000000.000000,,,,,,161200000000.000000,,,,,177473000000.000000,,,,,,,0.475975,,,,,0.524025,
1948-08-01,338173000000.000000,,,,,,160700000000.000000,,,,,177473000000.000000,,,,,,,0.475201,,,,,0.524799,
1948-09-01,337273000000.000000,,,,,,159800000000.000000,,,,,177473000000.000000,,,,,,,0.473800,,,,,0.526200,
1948-10-01,358526000000.000000,,,,,,159200000000.000000,,,,,199326000000.000000,,,,,,,0.444040,,,,,0.555960,
1948-11-01,358626000000.000000,,,,,,159300000000.000000,,,,,199326000000.000000,,,,,,,0.444195,,,,,0.555805,
1948-12-01,358626000000.000000,,,,,,159300000000.000000,,,,,199326000000.000000,,,,,,,0.444195,,,,,0.555805,
1949-01-01,358326000000.000000,,,,,,159000000000.000000,,,,,199326000000.000000,,,,,,,0.443730,,,,,0.556270,
1949-02-01,358226000000.000000,,,,,,158900000000.000000,,,,,199326000000.000000,,,,,,,0.443575,,,,,0.556425,
1949-03-01,357226000000.000000,,,,,,157900000000.000000,,,,,199326000000.000000,,,,,,,0.442017,,,,,0.557983,
1949-04-01,357026000000.000000,,,,,,157700000000.000000,,,,,199326000000.000000,,,,,,,0.441705,,,,,0.558295,
1949-05-01,357126000000.000000,,,,,,157800000000.000000,,,,,199326000000.000000,,,,,,,0.441861,,,,,0.558139,
1949-06-01,357426000000.000000,,,,,,158100000000.000000,,,,,199326000000.000000,,,,,,,0.442329,,,,,0.557671,
1949-07-01,357526000000.000000,,,,,,158200000000.000000,,,,,199326000000.000000,,,,,,,0.442485,,,,,0.557515,
1949-08-01,358526000000.000000,,,,,,159200000000.000000,,,,,199326000000.000000,,,,,,,0.444040,,,,,0.555960,
1949-09-01,358626000000.000000,,,,,,159300000000.000000,,,,,199326000000.000000,,,,,,,0.444195,,,,,0.555805,
1949-10-01,375535000000.000000,,,,,,159000000000.000000,,,,,216535000000.000000,,,,,,,0.423396,,,,,0.576604,
1949-11-01,375635000000.000000,,,,,,159100000000.000000,,,,,216535000000.000000,,,,,,,0.423549,,,,,0.576451,
1949-12-01,375635000000.000000,,,,,,159100000000.000000,,,,,216535000000.000000,,,,,,,0.423549,,,,,0.576451,
1950-01-01,374735000000.000000,,,,,,158200000000.000000,,,,,216535000000.000000,,,,,,,0.422165,,,,,0.577835,
1950-02-01,374435000000.000000,,,,,,157900000000.000000,,,,,216535000000.000000,,,,,,,0.421702,,,,,0.578298,
1950-03-01,373835000000.000000,,,,,,157300000000.000000,,,,,216535000000.000000,,,,,,,0.420774,,,,,0.579226,
1950-04-01,373735000000.000000,,,,,,157200000000.000000,,,,,216535000000.000000,,,,,,,0.420619,,,,,0.579381,
1950-05-01,374035000000.000000,,,,,,157500000000.000000,,,,,216535000000.000000,,,,,,,0.421084,,,,,0.578916,
1950-06-01,373935000000.000000,,,,,,157400000000.000000,,,,,216535000000.000000,,,,,,,0.420929,,,,,0.579071,
1950-07-01,373835000000.000000,,,,,,157300000000.000000,,,,,216535000000.000000,,,,,,,0.420774,,,,,0.579226,
1950-08-01,373935000000.000000,,,,,,157400000000.000000,,,,,216535000000.000000,,,,,,,0.420929,,,,,0.579071,
1950-09-01,372035000000.000000,,,,,,155500000000.000000,,,,,216535000000.000000,,,,,,,0.417971,,,,,0.582029,
1950-10-01,397415000000.000000,,,,,,154100000000.000000,,,,,243315000000.000000,,,,,,,0.387756,,,,,0.612244,
1950-11-01,397315000000.000000,,,,,,154000000000.000000,,,,,243315000000.000000,,,,,,,0.387602,,,,,0.612398,
1950-12-01,397015000000.000000,,,,,,153700000000.000000,,,,,243315000000.000000,,,,,,,0.387139,,,,,0.612861,
1951-01-01,396315000000.000000,,,,,,153000000000.000000,,,,,243315000000.000000,,,,,,,0.386057,,,,,0.613943,
1951-02-01,396215000000.000000,,,,,,152900000000.000000,,,,,243315000000.000000,,,,,,,0.385902,,,,,0.614098,
1951-03-01,394915000000.000000,,,,,,151600000000.000000,,,,,243315000000.000000,,,,,,,0.383880,,,,,0.616120,
1951-04-01,380915000000.000000,,,,,,137600000000.000000,,,,,243315000000.000000,,,,,,,0.361235,,,,,0.638765,
1951-05-01,380515000000.000000,,,,,,137200000000.000000,,,,,243315000000.000000,,,,,,,0.360564,,,,,0.639436,
1951-06-01,380415000000.000000,,,,,,137100000000.000000,,,,,243315000000.000000,,,,,,,0.360396,,,,,0.639604,
1951-07-01,382115000000.000000,,,,,,138800000000.000000,,,,,243315000000.000000,,,,,,,0.363241,,,,,0.636759,
1951-08-01,383115000000.000000,,,,,,139800000000.000000,,,,,243315000000.000000,,,,,,,0.364903,,,,,0.635097,
1951-09-01,383015000000.000000,,,,,,139700000000.000000,,,,,243315000000.000000,,,,,,,0.364738,,,,,0.635262,
1951-10-01,417074000000.000000,,,,,,146200000000.000000,,,,,270874000000.000000,,,,,,,0.350537,,,,,0.649463,
1951-11-01,412774000000.000000,,,,,,141900000000.000000,,,,,270874000000.000000,,,,,,,0.343772,,,,,0.656228,
1951-12-01,412374000000.000000,,,,,,141500000000.000000,,,,,270874000000.000000,,,,,,,0.343135,,,,,0.656865,
1952-01-01,415070000000.000000,,,,,,141900000000.000000,,,,,273170000000.000000,,,,,,,0.341870,,,,,0.658130,
1952-02-01,414970000000.000000,,,,,,141800000000.000000,,,,,273170000000.000000,,,,,,,0.341711,,,,,0.658289,
1952-03-01,413970000000.000000,,,,,,140800000000.000000,,,,,273170000000.000000,,,,,,,0.340121,,,,,0.659879,
1952-04-01,425405000000.000000,,,,,,141900000000.000000,,,,,283505000000.000000,,,,,,,0.333564,,,,,0.666436,
1952-05-01,426205000000.000000,,,,,,142700000000.000000,,,,,283505000000.000000,,,,,,,0.334815,,,,,0.665185,
1952-06-01,423805000000.000000,,,,,,140300000000.000000,,,,,283505000000.000000,,,,,,,0.331048,,,,,0.668952,
1952-07-01,428384000000.000000,,,,,,143800000000.000000,,,,,284584000000.000000,,,,,,,0.335680,,,,,0.664320,
1952-08-01,427884000000.000000,,,,,,143300000000.000000,,,,,284584000000.000000,,,,,,,0.334904,,,,,0.665096,
1952-09-01,427084000000.000000,,,,,,142500000000.000000,,,,,284584000000.000000,,,,,,,0.333658,,,,,0.666342,
1952-10-01,440452000000.000000,,,,,,145700000000.000000,,,,,294752000000.000000,,,,,,,0.330797,,,,,0.669203,
1952-11-01,442352000000.000000,,,,,,147600000000.000000,,,,,294752000000.000000,,,,,,,0.333671,,,,,0.666329,
1952-12-01,441952000000.000000,,,,,,147200000000.000000,,,,,294752000000.000000,,,,,,,0.333068,,,,,0.666932,
1953-01-01,447182000000.000000,,,,,,147000000000.000000,,,,,300182000000.000000,,,,,,,0.328725,,,,,0.671275,
1953-02-01,446682000000.000000,,,,,,146500000000.000000,,,,,300182000000.000000,,,,,,,0.327974,,,,,0.672026,
1953-03-01,443882000000.000000,,,,,,143700000000.000000,,,,,300182000000.000000,,,,,,,0.323735,,,,,0.676265,
1953-04-01,449580000000.000000,,,,,,142900000000.000000,,,,,306680000000.000000,,,,,,,0.317852,,,,,0.682148,
1953-05-01,450980000000.000000,,,,,,144300000000.000000,,,,,306680000000.000000,,,,,,,0.319970,,,,,0.680030,
1953-06-01,450880000000.000000,,,,,,144200000000.000000,,,,,306680000000.000000,,,,,,,0.319819,,,,,0.680181,
1953-07-01,467248000000.000000,,,,,,150900000000.000000,,,,,316348000000.000000,,,,,,,0.322955,,,,,0.677045,
1953-08-01,467148000000.000000,,,,,,150800000000.000000,,,,,316348000000.000000,,,,,,,0.322810,,,,,0.677190,
1953-09-01,467748000000.000000,,,,,,151400000000.000000,,,,,316348000000.000000,,,,,,,0.323679,,,,,0.676321,
1953-10-01,467055000000.000000,,,,,,152000000000.000000,,,,,315055000000.000000,,,,,,,0.325443,,,,,0.674557,
1953-11-01,468555000000.000000,,,,,,153500000000.000000,,,,,315055000000.000000,,,,,,,0.327603,,,,,0.672397,
1953-12-01,469455000000.000000,,,,,,154400000000.000000,,,,,315055000000.000000,,,,,,,0.328892,,,,,0.671108,
1954-01-01,471692000000.000000,,,,,,155100000000.000000,,,,,316592000000.000000,,,,,,,0.328816,,,,,0.671184,
1954-02-01,472292000000.000000,,,,,,155700000000.000000,,,,,316592000000.000000,,,,,,,0.329669,,,,,0.670331,
1954-03-01,468092000000.000000,,,,,,151500000000.000000,,,,,316592000000.000000,,,,,,,0.323654,,,,,0.676346,
1954-04-01,473932000000.000000,,,,,,153200000000.000000,,,,,320732000000.000000,,,,,,,0.323253,,,,,0.676747,
1954-05-01,475032000000.000000,,,,,,154300000000.000000,,,,,320732000000.000000,,,,,,,0.324820,,,,,0.675180,
1954-06-01,472832000000.000000,,,,,,152100000000.000000,,,,,320732000000.000000,,,,,,,0.321679,,,,,0.678321,
1954-07-01,481881000000.000000,,,,,,152100000000.000000,,,,,329781000000.000000,,,,,,,0.315638,,,,,0.684362,
1954-08-01,485181000000.000000,,,,,,155400000000.000000,,,,,329781000000.000000,,,,,,,0.320293,,,,,0.679707,
1954-09-01,484881000000.000000,,,,,,155100000000.000000,,,,,329781000000.000000,,,,,,,0.319872,,,,,0.680128,
1954-10-01,496554000000.000000,,,,,,159000000000.000000,,,,,337554000000.000000,,,,,,,0.320207,,,,,0.679793,
1954-11-01,496154000000.000000,,,,,,158600000000.000000,,,,,337554000000.000000,,,,,,,0.319659,,,,,0.680341,
1954-12-01,495754000000.000000,,,,,,158200000000.000000,,,,,337554000000.000000,,,,,,,0.319110,,,,,0.680890,
1955-01-01,498901000000.000000,,,,,,157300000000.000000,,,,,341601000000.000000,,,,,,,0.315293,,,,,0.684707,
1955-02-01,498101000000.000000,,,,,,156500000000.000000,,,,,341601000000.000000,,,,,,,0.314193,,,,,0.685807,
1955-03-01,493801000000.000000,,,,,,152200000000.000000,,,,,341601000000.000000,,,,,,,0.308221,,,,,0.691779,
1955-04-01,505860000000.000000,,,,,,155000000000.000000,,,,,350860000000.000000,,,,,,,0.306409,,,,,0.693591,
1955-05-01,507960000000.000000,,,,,,157100000000.000000,,,,,350860000000.000000,,,,,,,0.309276,,,,,0.690724,
1955-06-01,504160000000.000000,,,,,,153300000000.000000,,,,,350860000000.000000,,,,,,,0.304070,,,,,0.695930,
1955-07-01,516288000000.000000,,,,,,155600000000.000000,,,,,360688000000.000000,,,,,,,0.301382,,,,,0.698618,
1955-08-01,516588000000.000000,,,,,,155900000000.000000,,,,,360688000000.000000,,,,,,,0.301788,,,,,0.698212,
1955-09-01,517788000000.000000,,,,,,157100000000.000000,,,,,360688000000.000000,,,,,,,0.303406,,,,,0.696594,
1955-10-01,528083000000.000000,,,,,,160700000000.000000,,,,,367383000000.000000,,,,,,,0.304308,,,,,0.695692,
1955-11-01,527383000000.000000,,,,,,160000000000.000000,,,,,367383000000.000000,,,,,,,0.303385,,,,,0.696615,
1955-12-01,527883000000.000000,,,,,,160500000000.000000,,,,,367383000000.000000,,,,,,,0.304045,,,,,0.695955,
1956-01-01,536728000000.000000,,,,,,161400000000.000000,,,,,375328000000.000000,,,,,,,0.300711,,,,,0.699289,
1956-02-01,536628000000.000000,,,,,,161300000000.000000,,,,,375328000000.000000,,,,,,,0.300581,,,,,0.699419,
1956-03-01,531428000000.000000,,,,,,156100000000.000000,,,,,375328000000.000000,,,,,,,0.293737,,,,,0.706263,
1956-04-01,539260000000.000000,,,,,,155500000000.000000,,,,,383760000000.000000,,,,,,,0.288358,,,,,0.711642,
1956-05-01,540560000000.000000,,,,,,156800000000.000000,,,,,383760000000.000000,,,,,,,0.290070,,,,,0.709930,
1956-06-01,535960000000.000000,,,,,,152200000000.000000,,,,,383760000000.000000,,,,,,,0.283976,,,,,0.716024,
1956-07-01,541118000000.000000,,,,,,150900000000.000000,,,,,390218000000.000000,,,,,,,0.278867,,,,,0.721133,
1956-08-01,542418000000.000000,,,,,,152200000000.000000,,,,,390218000000.000000,,,,,,,0.280595,,,,,0.719405,
1956-09-01,541718000000.000000,,,,,,151500000000.000000,,,,,390218000000.000000,,,,,,,0.279666,,,,,0.720334,
1956-10-01,547063000000.000000,,,,,,152800000000.000000,,,,,394263000000.000000,,,,,,,0.279310,,,,,0.720690,
1956-11-01,548363000000.000000,,,,,,154100000000.000000,,,,,394263000000.000000,,,,,,,0.281018,,,,,0.718982,
1956-12-01,548263000000.000000,,,,,,154000000000.000000,,,,,394263000000.000000,,,,,,,0.280887,,,,,0.719113,
1957-01-01,557322000000.000000,,,,,,156100000000.000000,,,,,401222000000.000000,,,,,,,0.280089,,,,,0.719911,
1957-02-01,557122000000.000000,,,,,,155900000000.000000,,,,,401222000000.000000,,,,,,,0.279831,,,,,0.720169,
1957-03-01,556422000000.000000,,,,,,155200000000.000000,,,,,401222000000.000000,,,,,,,0.278925,,,,,0.721075,
1957-04-01,562417000000.000000,,,,,,154400000000.000000,,,,,408017000000.000000,,,,,,,0.274529,,,,,0.725471,
1957-05-01,562217000000.000000,,,,,,154200000000.000000,,,,,408017000000.000000,,,,,,,0.274271,,,,,0.725729,
1957-06-01,556517000000.000000,,,,,,148500000000.000000,,,,,408017000000.000000,,,,,,,0.266838,,,,,0.733162,
1957-07-01,566370000000.000000,,,,,,151700000000.000000,,,,,414670000000.000000,,,,,,,0.267846,,,,,0.732154,
1957-08-01,567970000000.000000,,,,,,153300000000.000000,,,,,414670000000.000000,,,,,,,0.269909,,,,,0.730091,
1957-09-01,569270000000.000000,,,,,,154600000000.000000,,,,,414670000000.000000,,,,,,,0.271576,,,,,0.728424,
1957-10-01,571462000000.000000,,,,,,154300000000.000000,,,,,417162000000.000000,,,,,,,0.270009,,,,,0.729991,
1957-11-01,576062000000.000000,,,,,,158900000000.000000,,,,,417162000000.000000,,,,,,,0.275838,,,,,0.724162,
1957-12-01,579362000000.000000,,,,,,162200000000.000000,,,,,417162000000.000000,,,,,,,0.279963,,,,,0.720037,
1958-01-01,577365000000.000000,,,,,,162900000000.000000,,,,,414465000000.000000,,,,,,,0.282144,,,,,0.717856,
1958-02-01,578365000000.000000,,,,,,163900000000.000000,,,,,414465000000.000000,,,,,,,0.283385,,,,,0.716615,
1958-03-01,577265000000.000000,,,,,,162800000000.000000,,,,,414465000000.000000,,,,,,,0.282020,,,,,0.717980,
1958-04-01,586141000000.000000,,,,,,166300000000.000000,,,,,419841000000.000000,,,,,,,0.283720,,,,,0.716280,
1958-05-01,586441000000.000000,,,,,,166600000000.000000,,,,,419841000000.000000,,,,,,,0.284087,,,,,0.715913,
1958-06-01,585841000000.000000,,,,,,166000000000.000000,,,,,419841000000.000000,,,,,,,0.283353,,,,,0.716647,
1958-07-01,593727000000.000000,,,,,,164400000000.000000,,,,,429327000000.000000,,,,,,,0.276895,,,,,0.723105,
1958-08-01,592427000000.000000,,,,,,163100000000.000000,,,,,429327000000.000000,,,,,,,0.275308,,,,,0.724692,
1958-09-01,590427000000.000000,,,,,,161100000000.000000,,,,,429327000000.000000,,,,,,,0.272853,,,,,0.727147,
1958-10-01,604040000000.000000,,,,,,165600000000.000000,,,,,438440000000.000000,,,,,,,0.274154,,,,,0.725846,
1958-11-01,607840000000.000000,,,,,,169400000000.000000,,,,,438440000000.000000,,,,,,,0.278692,,,,,0.721308,
1958-12-01,606940000000.000000,,,,,,168500000000.000000,,,,,438440000000.000000,,,,,,,0.277622,,,,,0.722378,
1959-01-01,610152000000.000000,,,,,,172100000000.000000,,,,,438052000000.000000,,,,,,,0.282061,,,,,0.717939,
1959-02-01,610452000000.000000,,,,,,172400000000.000000,,,,,438052000000.000000,,,,,,,0.282414,,,,,0.717586,
1959-03-01,606852000000.000000,,,,,,168800000000.000000,,,,,438052000000.000000,,,,,,,0.278157,,,,,0.721843,
1959-04-01,619772000000.000000,,,,,,172100000000.000000,,,,,447672000000.000000,,,,,,,0.277683,,,,,0.722317,
1959-05-01,619772000000.000000,,,,,,172100000000.000000,,,,,447672000000.000000,,,,,,,0.277683,,,,,0.722317,
1959-06-01,616272000000.000000,,,,,,168600000000.000000,,,,,447672000000.000000,,,,,,,0.273580,,,,,0.726420,
1959-07-01,630062000000.000000,,,,,,173700000000.000000,,,,,456362000000.000000,,,,,,,0.275687,,,,,0.724313,
1959-08-01,630362000000.000000,,,,,,174000000000.000000,,,,,456362000000.000000,,,,,,,0.276032,,,,,0.723968,
1959-09-01,628862000000.000000,,,,,,172500000000.000000,,,,,456362000000.000000,,,,,,,0.274305,,,,,0.725695,
1959-10-01,641647000000.000000,,,,,,178000000000.000000,,,,,463647000000.000000,,,,,,,0.277411,,,,,0.722589,
1959-11-01,640447000000.000000,,,,,,176800000000.000000,,,,,463647000000.000000,,,,,,,0.276057,,,,,0.723943,
1959-12-01,640647000000.000000,,,,,,177000000000.000000,,,,,463647000000.000000,,,,,,,0.276283,,,,,0.723717,
1960-01-01,655280000000.000000,,,,,,179700000000.000000,,,,,475580000000.000000,,,,,,,0.274234,,,,,0.725766,
1960-02-01,655380000000.000000,,,,,,179800000000.000000,,,,,475580000000.000000,,,,,,,0.274345,,,,,0.725655,
1960-03-01,654380000000.000000,,,,,,178800000000.000000,,,,,475580000000.000000,,,,,,,0.273236,,,,,0.726764,
1960-04-01,660038000000.000000,,,,,,180400000000.000000,,,,,479638000000.000000,,,,,,,0.273318,,,,,0.726682,
1960-05-01,660238000000.000000,,,,,,180600000000.000000,,,,,479638000000.000000,,,,,,,0.273538,,,,,0.726462,
1960-06-01,658138000000.000000,,,,,,178500000000.000000,,,,,479638000000.000000,,,,,,,0.271220,,,,,0.728780,
1960-07-01,669454000000.000000,,,,,,183800000000.000000,,,,,485654000000.000000,,,,,,,0.274552,,,,,0.725448,
1960-08-01,668454000000.000000,,,,,,182800000000.000000,,,,,485654000000.000000,,,,,,,0.273467,,,,,0.726533,
1960-09-01,668154000000.000000,,,,,,182500000000.000000,,,,,485654000000.000000,,,,,,,0.273141,,,,,0.726859,
1960-10-01,672397000000.000000,,,,,,185500000000.000000,,,,,486897000000.000000,,,,,,,0.275879,,,,,0.724121,
1960-11-01,670797000000.000000,,,,,,183900000000.000000,,,,,486897000000.000000,,,,,,,0.274151,,,,,0.725849,
1960-12-01,673097000000.000000,,,,,,186200000000.000000,,,,,486897000000.000000,,,,,,,0.276632,,,,,0.723368,
1961-01-01,669988000000.000000,,,,,,185500000000.000000,,,,,484488000000.000000,,,,,,,0.276871,,,,,0.723129,
1961-02-01,671188000000.000000,,,,,,186700000000.000000,,,,,484488000000.000000,,,,,,,0.278163,,,,,0.721837,
1961-03-01,667888000000.000000,,,,,,183400000000.000000,,,,,484488000000.000000,,,,,,,0.274597,,,,,0.725403,
1961-04-01,679436000000.000000,,,,,,185300000000.000000,,,,,494136000000.000000,,,,,,,0.272726,,,,,0.727274,
1961-05-01,679836000000.000000,,,,,,185700000000.000000,,,,,494136000000.000000,,,,,,,0.273154,,,,,0.726846,
1961-06-01,677336000000.000000,,,,,,183200000000.000000,,,,,494136000000.000000,,,,,,,0.270471,,,,,0.729529,
1961-07-01,690079000000.000000,,,,,,187100000000.000000,,,,,502979000000.000000,,,,,,,0.271128,,,,,0.728872,
1961-08-01,689279000000.000000,,,,,,186300000000.000000,,,,,502979000000.000000,,,,,,,0.270282,,,,,0.729718,
1961-09-01,690879000000.000000,,,,,,187900000000.000000,,,,,502979000000.000000,,,,,,,0.271972,,,,,0.728028,
1961-10-01,702354000000.000000,,,,,,191300000000.000000,,,,,511054000000.000000,,,,,,,0.272370,,,,,0.727630,
1961-11-01,702254000000.000000,,,,,,191200000000.000000,,,,,511054000000.000000,,,,,,,0.272266,,,,,0.727734,
1961-12-01,702254000000.000000,,,,,,191200000000.000000,,,,,511054000000.000000,,,,,,,0.272266,,,,,0.727734,
1962-01-01,710833000000.000000,,,,,,192700000000.000000,,,,,518133000000.000000,,,,,,,0.271090,,,,,0.728910,
1962-02-01,711633000000.000000,,,,,,193500000000.000000,,,,,518133000000.000000,,,,,,,0.271910,,,,,0.728090,
1962-03-01,711633000000.000000,,,,,,193500000000.000000,,,,,518133000000.000000,,,,,,,0.271910,,,,,0.728090,
1962-04-01,717612000000.000000,,,,,,195500000000.000000,,,,,522112000000.000000,,,,,,,0.272431,,,,,0.727569,
1962-05-01,717512000000.000000,,,,,,195400000000.000000,,,,,522112000000.000000,,,,,,,0.272330,,,,,0.727670,
1962-06-01,714512000000.000000,,,,,,192400000000.000000,,,,,522112000000.000000,,,,,,,0.269275,,,,,0.730725,
1962-07-01,718774000000.000000,,,,,,192900000000.000000,,,,,525874000000.000000,,,,,,,0.268374,,,,,0.731626,
1962-08-01,722174000000.000000,,,,,,196300000000.000000,,,,,525874000000.000000,,,,,,,0.271818,,,,,0.728182,
1962-09-01,721174000000.000000,,,,,,195300000000.000000,,,,,525874000000.000000,,,,,,,0.270808,,,,,0.729192,
1962-10-01,732062000000.000000,,,,,,198900000000.000000,,,,,533162000000.000000,,,,,,,0.271698,,,,,0.728302,
1962-11-01,734962000000.000000,,,,,,201800000000.000000,,,,,533162000000.000000,,,,,,,0.274572,,,,,0.725428,
1962-12-01,733862000000.000000,,,,,,200700000000.000000,,,,,533162000000.000000,,,,,,,0.273485,,,,,0.726515,
1963-01-01,741125000000.000000,,,,,,201500000000.000000,,,,,539625000000.000000,,,,,,,0.271884,,,,,0.728116,
1963-02-01,741725000000.000000,,,,,,202100000000.000000,,,,,539625000000.000000,,,,,,,0.272473,,,,,0.727527,
1963-03-01,740325000000.000000,,,,,,200700000000.000000,,,,,539625000000.000000,,,,,,,0.271097,,,,,0.728903,
1963-04-01,741304000000.000000,,,,,,201300000000.000000,,,,,540004000000.000000,,,,,,,0.271549,,,,,0.728451,
1963-05-01,740904000000.000000,,,,,,200900000000.000000,,,,,540004000000.000000,,,,,,,0.271155,,,,,0.728845,
1963-06-01,740204000000.000000,,,,,,200200000000.000000,,,,,540004000000.000000,,,,,,,0.270466,,,,,0.729534,
1963-07-01,749222000000.000000,,,,,,199900000000.000000,,,,,549322000000.000000,,,,,,,0.266810,,,,,0.733190,
1963-08-01,748722000000.000000,,,,,,199400000000.000000,,,,,549322000000.000000,,,,,,,0.266320,,,,,0.733680,
1963-09-01,749622000000.000000,,,,,,200300000000.000000,,,,,549322000000.000000,,,,,,,0.267201,,,,,0.732799,
1963-10-01,753148000000.000000,,,,,,199900000000.000000,,,,,553248000000.000000,,,,,,,0.265419,,,,,0.734581,
1963-11-01,755348000000.000000,,,,,,202100000000.000000,,,,,553248000000.000000,,,,,,,0.267559,,,,,0.732441,
1963-12-01,756048000000.000000,,,,,,202800000000.000000,,,,,553248000000.000000,,,,,,,0.268237,,,,,0.731763,
1964-01-01,757744000000.000000,,,,,,203900000000.000000,,,,,553844000000.000000,,,,,,,0.269088,,,,,0.730912,
1964-02-01,759144000000.000000,,,,,,205300000000.000000,,,,,553844000000.000000,,,,,,,0.270436,,,,,0.729564,
1964-03-01,757844000000.000000,,,,,,204000000000.000000,,,,,553844000000.000000,,,,,,,0.269185,,,,,0.730815,
1964-04-01,767445000000.000000,,,,,,202400000000.000000,,,,,565045000000.000000,,,,,,,0.263732,,,,,0.736268,
1964-05-01,768445000000.000000,,,,,,203400000000.000000,,,,,565045000000.000000,,,,,,,0.264690,,,,,0.735310,
1964-06-01,767345000000.000000,,,,,,202300000000.000000,,,,,565045000000.000000,,,,,,,0.263636,,,,,0.736364,
1964-07-01,771264000000.000000,,,,,,201600000000.000000,,,,,569664000000.000000,,,,,,,0.261389,,,,,0.738611,
1964-08-01,770964000000.000000,,,,,,201300000000.000000,,,,,569664000000.000000,,,,,,,0.261102,,,,,0.738898,
1964-09-01,773264000000.000000,,,,,,203600000000.000000,,,,,569664000000.000000,,,,,,,0.263299,,,,,0.736701,
1964-10-01,784930000000.000000,,,,,,205100000000.000000,,,,,579830000000.000000,,,,,,,0.261297,,,,,0.738703,
1964-11-01,787130000000.000000,,,,,,207300000000.000000,,,,,579830000000.000000,,,,,,,0.263362,,,,,0.736638,
1964-12-01,787730000000.000000,,,,,,207900000000.000000,,,,,579830000000.000000,,,,,,,0.263923,,,,,0.736077,
1965-01-01,795435000000.000000,,,,,,210000000000.000000,,,,,585435000000.000000,,,,,,,0.264006,,,,,0.735994,
1965-02-01,795635000000.000000,,,,,,210200000000.000000,,,,,585435000000.000000,,,,,,,0.264191,,,,,0.735809,
1965-03-01,793035000000.000000,,,,,,207600000000.000000,,,,,585435000000.000000,,,,,,,0.261779,,,,,0.738221,
1965-04-01,797242000000.000000,,,,,,208100000000.000000,,,,,589142000000.000000,,,,,,,0.261025,,,,,0.738975,
1965-05-01,796642000000.000000,,,,,,207500000000.000000,,,,,589142000000.000000,,,,,,,0.260468,,,,,0.739532,
1965-06-01,793742000000.000000,,,,,,204600000000.000000,,,,,589142000000.000000,,,,,,,0.257766,,,,,0.742234,
1965-07-01,797943000000.000000,,,,,,204400000000.000000,,,,,593543000000.000000,,,,,,,0.256159,,,,,0.743841,
1965-08-01,797143000000.000000,,,,,,203600000000.000000,,,,,593543000000.000000,,,,,,,0.255412,,,,,0.744588,
1965-09-01,796143000000.000000,,,,,,202600000000.000000,,,,,593543000000.000000,,,,,,,0.254477,,,,,0.745523,
1965-10-01,811993000000.000000,,,,,,206400000000.000000,,,,,605593000000.000000,,,,,,,0.254189,,,,,0.745811,
1965-11-01,814093000000.000000,,,,,,208500000000.000000,,,,,605593000000.000000,,,,,,,0.256113,,,,,0.743887,
1965-12-01,812493000000.000000,,,,,,206900000000.000000,,,,,605593000000.000000,,,,,,,0.254648,,,,,0.745352,
1966-01-01,813827000000.000000,,,,,,209700000000.000000,,,,,604127000000.000000,,,,,,,0.257671,,,,,0.742329,
1966-02-01,812527000000.000000,,,,,,208400000000.000000,,,,,604127000000.000000,,,,,,,0.256484,,,,,0.743516,
1966-03-01,811627000000.000000,,,,,,207500000000.000000,,,,,604127000000.000000,,,,,,,0.255659,,,,,0.744341,
1966-04-01,837618000000.000000,,,,,,207100000000.000000,,,,,630518000000.000000,,,,,,,0.247249,,,,,0.752751,
1966-05-01,836018000000.000000,,,,,,205500000000.000000,,,,,630518000000.000000,,,,,,,0.245808,,,,,0.754192,
1966-06-01,830818000000.000000,,,,,,200300000000.000000,,,,,630518000000.000000,,,,,,,0.241088,,,,,0.758912,
1966-07-01,831232000000.000000,,,,,,199800000000.000000,,,,,631432000000.000000,,,,,,,0.240366,,,,,0.759634,
1966-08-01,831732000000.000000,,,,,,200300000000.000000,,,,,631432000000.000000,,,,,,,0.240823,,,,,0.759177,
1966-09-01,833632000000.000000,,,,,,202200000000.000000,,,,,631432000000.000000,,,,,,,0.242553,,,,,0.757447,
1966-10-01,855579000000.000000,,,,,,206600000000.000000,,,,,648979000000.000000,,,,,,,0.241474,,,,,0.758526,
1966-11-01,856979000000.000000,,,,,,208000000000.000000,,,,,648979000000.000000,,,,,,,0.242713,,,,,0.757287,
1966-12-01,860379000000.000000,,,,,,211400000000.000000,,,,,648979000000.000000,,,,,,,0.245706,,,,,0.754294,
1967-01-01,865209000000.000000,,,,,,213500000000.000000,,,,,651709000000.000000,,,,,,,0.246761,,,,,0.753239,
1967-02-01,864609000000.000000,,,,,,212900000000.000000,,,,,651709000000.000000,,,,,,,0.246238,,,,,0.753762,
1967-03-01,867109000000.000000,,,,,,215400000000.000000,,,,,651709000000.000000,,,,,,,0.248412,,,,,0.751588,
1967-04-01,869942000000.000000,,,,,,210700000000.000000,,,,,659242000000.000000,,,,,,,0.242200,,,,,0.757800,
1967-05-01,867642000000.000000,,,,,,208400000000.000000,,,,,659242000000.000000,,,,,,,0.240191,,,,,0.759809,
1967-06-01,861242000000.000000,,,,,,202000000000.000000,,,,,659242000000.000000,,,,,,,0.234545,,,,,0.765455,
1967-07-01,875771000000.000000,,,,,,206900000000.000000,,,,,668871000000.000000,,,,,,,0.236249,,,,,0.763751,
1967-08-01,877271000000.000000,,,,,,208400000000.000000,,,,,668871000000.000000,,,,,,,0.237555,,,,,0.762445,
1967-09-01,878271000000.000000,,,,,,209400000000.000000,,,,,668871000000.000000,,,,,,,0.238423,,,,,0.761577,
1967-10-01,898089000000.000000,,,,,,212400000000.000000,,,,,685689000000.000000,,,,,,,0.236502,,,,,0.763498,
1967-11-01,900489000000.000000,,,,,,214800000000.000000,,,,,685689000000.000000,,,,,,,0.238537,,,,,0.761463,
1967-12-01,899789000000.000000,,,,,,214100000000.000000,,,,,685689000000.000000,,,,,,,0.237945,,,,,0.762055,
1968-01-01,924381000000.000000,,,,,,218200000000.000000,,,,,706181000000.000000,,,,,,,0.236050,,,,,0.763950,
1968-02-01,929881000000.000000,,,,,,223700000000.000000,,,,,706181000000.000000,,,,,,,0.240568,,,,,0.759432,
1968-03-01,927381000000.000000,,,,,,221200000000.000000,,,,,706181000000.000000,,,,,,,0.238521,,,,,0.761479,
1968-04-01,939891000000.000000,,,,,,218200000000.000000,,,,,721691000000.000000,,,,,,,0.232155,,,,,0.767845,
1968-05-01,942891000000.000000,,,,,,221200000000.000000,,,,,721691000000.000000,,,,,,,0.234598,,,,,0.765402,
1968-06-01,938991000000.000000,,,,,,217300000000.000000,,,,,721691000000.000000,,,,,,,0.231419,,,,,0.768581,
1968-07-01,955874000000.000000,,,,,,223300000000.000000,,,,,732574000000.000000,,,,,,,0.233608,,,,,0.766392,
1968-08-01,959474000000.000000,,,,,,226900000000.000000,,,,,732574000000.000000,,,,,,,0.236484,,,,,0.763516,
1968-09-01,958174000000.000000,,,,,,225600000000.000000,,,,,732574000000.000000,,,,,,,0.235448,,,,,0.764552,
1968-10-01,996064000000.000000,,,,,,227900000000.000000,,,,,768164000000.000000,,,,,,,0.228801,,,,,0.771199,
1968-11-01,994364000000.000000,,,,,,226200000000.000000,,,,,768164000000.000000,,,,,,,0.227482,,,,,0.772518,
1968-12-01,990064000000.000000,,,,,,221900000000.000000,,,,,768164000000.000000,,,,,,,0.224127,,,,,0.775873,
1969-01-01,1014368000000.000000,,,,,,224700000000.000000,,,,,789668000000.000000,,,,,,,0.221517,,,,,0.778483,
1969-02-01,1011668000000.000000,,,,,,222000000000.000000,,,,,789668000000.000000,,,,,,,0.219440,,,,,0.780560,
1969-03-01,1011668000000.000000,,,,,,222000000000.000000,,,,,789668000000.000000,,,,,,,0.219440,,,,,0.780560,
1969-04-01,1020595000000.000000,,,,,,216400000000.000000,,,,,804195000000.000000,,,,,,,0.212033,,,,,0.787967,
1969-05-01,1021695000000.000000,,,,,,217500000000.000000,,,,,804195000000.000000,,,,,,,0.212882,,,,,0.787118,
1969-06-01,1015395000000.000000,,,,,,211200000000.000000,,,,,804195000000.000000,,,,,,,0.207998,,,,,0.792002,
1969-07-01,1027873000000.000000,,,,,,214900000000.000000,,,,,812973000000.000000,,,,,,,0.209073,,,,,0.790927,
1969-08-01,1026673000000.000000,,,,,,213700000000.000000,,,,,812973000000.000000,,,,,,,0.208148,,,,,0.791852,
1969-09-01,1018373000000.000000,,,,,,205400000000.000000,,,,,812973000000.000000,,,,,,,0.201694,,,,,0.798306,
1969-10-01,1052141000000.000000,,,,,,219700000000.000000,,,,,832441000000.000000,,,,,,,0.208812,,,,,0.791188,
1969-11-01,1053141000000.000000,,,,,,220700000000.000000,,,,,832441000000.000000,,,,,,,0.209564,,,,,0.790436,
1969-12-01,1046841000000.000000,,,,,,214400000000.000000,,,,,832441000000.000000,,,,,,,0.204807,,,,,0.795193,
1970-01-01,1052015000000.000000,,,,,,217700000000.000000,,,,,834315000000.000000,,,,,,,0.206936,,,,,0.793064,
1970-02-01,1056315000000.000000,,,,,,222000000000.000000,,,,,834315000000.000000,,,,,,,0.210165,,,,,0.789835,
1970-03-01,1057015000000.000000,,,,,,222700000000.000000,,,,,834315000000.000000,,,,,,,0.210688,,,,,0.789312,
1970-04-01,1079008000000.000000,,,,,,217700000000.000000,,,,,861308000000.000000,,,,,,,0.201759,,,,,0.798241,
1970-05-01,1081508000000.000000,,,,,,220200000000.000000,,,,,861308000000.000000,,,,,,,0.203605,,,,,0.796395,
1970-06-01,1078708000000.000000,,,,,,217400000000.000000,,,,,861308000000.000000,,,,,,,0.201537,,,,,0.798463,
1970-07-01,1083607000000.000000,,,,,,224600000000.000000,,,,,859007000000.000000,,,,,,,0.207271,,,,,0.792729,
1970-08-01,1077007000000.000000,,,,,,218000000000.000000,,,,,859007000000.000000,,,,,,,0.202413,,,,,0.797587,
1970-09-01,1083107000000.000000,,,,,,224100000000.000000,,,,,859007000000.000000,,,,,,,0.206905,,,,,0.793095,
1970-10-01,1105169000000.000000,,,,,,230700000000.000000,,,,,874469000000.000000,,,,,,,0.208746,,,,,0.791254,
1970-11-01,1112169000000.000000,,,,,,237700000000.000000,,,,,874469000000.000000,,,,,,,0.213727,,,,,0.786273,
1970-12-01,1113169000000.000000,,,,,,238700000000.000000,,,,,874469000000.000000,,,,,,,0.214433,,,,,0.785567,
1971-01-01,1137084000000.000000,,,,,,240700000000.000000,,,,,896384000000.000000,,,,,,,0.211682,,,,,0.788318,
1971-02-01,1138484000000.000000,,,,,,242100000000.000000,,,,,896384000000.000000,,,,,,,0.212651,,,,,0.787349,
1971-03-01,1137984000000.000000,,,,,,241600000000.000000,,,,,896384000000.000000,,,,,,,0.212305,,,,,0.787695,
1971-04-01,1154847000000.000000,,,,,,237000000000.000000,,,,,917847000000.000000,,,,,,,0.205222,,,,,0.794778,
1971-05-01,1149247000000.000000,,,,,,231400000000.000000,,,,,917847000000.000000,,,,,,,0.201349,,,,,0.798651,
1971-06-01,1146847000000.000000,,,,,,229000000000.000000,,,,,917847000000.000000,,,,,,,0.199678,,,,,0.800322,
1971-07-01,1174182000000.000000,,,,,,235700000000.000000,,,,,938482000000.000000,,,,,,,0.200735,,,,,0.799265,
1971-08-01,1182282000000.000000,,,,,,243800000000.000000,,,,,938482000000.000000,,,,,,,0.206211,,,,,0.793789,
1971-09-01,1183482000000.000000,,,,,,245000000000.000000,,,,,938482000000.000000,,,,,,,0.207016,,,,,0.792984,
1971-10-01,1204735000000.000000,,,,,,247500000000.000000,,,,,957235000000.000000,,,,,,,0.205439,,,,,0.794561,
1971-11-01,1208135000000.000000,,,,,,250900000000.000000,,,,,957235000000.000000,,,,,,,0.207675,,,,,0.792325,
1971-12-01,1216635000000.000000,,,,,,259400000000.000000,,,,,957235000000.000000,,,,,,,0.213211,,,,,0.786789,
1972-01-01,1253499000000.000000,,,,,,258500000000.000000,,,,,994999000000.000000,,,,,,,0.206223,,,,,0.793777,
1972-02-01,1253399000000.000000,,,,,,258400000000.000000,,,,,994999000000.000000,,,,,,,0.206159,,,,,0.793841,
1972-03-01,1252599000000.000000,,,,,,257600000000.000000,,,,,994999000000.000000,,,,,,,0.205652,,,,,0.794348,
1972-04-01,1268350000000.000000,,,,,,256700000000.000000,,,,,1011650000000.000000,,,,,,,0.202389,,,,,0.797611,
1972-05-01,1265250000000.000000,,,,,,253600000000.000000,,,,,1011650000000.000000,,,,,,,0.200435,,,,,0.799565,
1972-06-01,1264150000000.000000,,,,,,252500000000.000000,,,,,1011650000000.000000,,,,,,,0.199739,,,,,0.800261,
1972-07-01,1298653000000.000000,,,,,,252000000000.000000,,,,,1046653000000.000000,,,,,,,0.194047,,,,,0.805953,
1972-08-01,1299653000000.000000,,,,,,253000000000.000000,,,,,1046653000000.000000,,,,,,,0.194667,,,,,0.805333,
1972-09-01,1297253000000.000000,,,,,,250600000000.000000,,,,,1046653000000.000000,,,,,,,0.193177,,,,,0.806823,
1972-10-01,1350624000000.000000,,,,,,252000000000.000000,,,,,1098624000000.000000,,,,,,,0.186580,,,,,0.813420,
1972-11-01,1357924000000.000000,,,,,,259300000000.000000,,,,,1098624000000.000000,,,,,,,0.190953,,,,,0.809047,
1972-12-01,1358824000000.000000,,,,,,260200000000.000000,,,,,1098624000000.000000,,,,,,,0.191489,,,,,0.808511,
1973-01-01,1384834000000.000000,,,,,,259700000000.000000,,,,,1125134000000.000000,,,,,,,0.187532,,,,,0.812468,
1973-02-01,1382534000000.000000,,,,,,257400000000.000000,,,,,1125134000000.000000,,,,,,,0.186180,,,,,0.813820,
1973-03-01,1384234000000.000000,,,,,,259100000000.000000,,,,,1125134000000.000000,,,,,,,0.187179,,,,,0.812821,
1973-04-01,1424353000000.000000,,,,,,259500000000.000000,,,,,1164853000000.000000,,,,,,,0.182188,,,,,0.817812,
1973-05-01,1421853000000.000000,,,,,,257000000000.000000,,,,,1164853000000.000000,,,,,,,0.180750,,,,,0.819250,
1973-06-01,1416453000000.000000,,,,,,251600000000.000000,,,,,1164853000000.000000,,,,,,,0.177627,,,,,0.822373,
1973-07-01,1465897000000.000000,,,,,,249000000000.000000,,,,,1216897000000.000000,,,,,,,0.169862,,,,,0.830138,
1973-08-01,1466197000000.000000,,,,,,249300000000.000000,,,,,1216897000000.000000,,,,,,,0.170032,,,,,0.829968,
1973-09-01,1471097000000.000000,,,,,,254200000000.000000,,,,,1216897000000.000000,,,,,,,0.172796,,,,,0.827204,
1973-10-01,1502610000000.000000,,,,,,251200000000.000000,,,,,1251410000000.000000,,,,,,,0.167176,,,,,0.832824,
1973-11-01,1512510000000.000000,,,,,,261100000000.000000,,,,,1251410000000.000000,,,,,,,0.172627,,,,,0.827373,
1973-12-01,1512610000000.000000,,,,,,261200000000.000000,,,,,1251410000000.000000,,,,,,,0.172682,,,,,0.827318,
1974-01-01,1496264000000.000000,,,,,,261400000000.000000,,,,,1234864000000.000000,,,,,,,0.174702,,,,,0.825298,
1974-02-01,1495464000000.000000,,,,,,260600000000.000000,,,,,1234864000000.000000,,,,,,,0.174260,,,,,0.825740,
1974-03-01,1494364000000.000000,,,,,,259500000000.000000,,,,,1234864000000.000000,,,,,,,0.173652,,,,,0.826348,
1974-04-01,1481408000000.000000,,,,,,256500000000.000000,,,,,1224908000000.000000,,,,,,,0.173146,,,,,0.826854,
1974-05-01,1481708000000.000000,,,,,,256800000000.000000,,,,,1224908000000.000000,,,,,,,0.173314,,,,,0.826686,
1974-06-01,1478408000000.000000,,,,,,253500000000.000000,,,,,1224908000000.000000,,,,,,,0.171468,,,,,0.828532,
1974-07-01,1482879000000.000000,,,,,,254300000000.000000,,,,,1228579000000.000000,,,,,,,0.171491,,,,,0.828509,
1974-08-01,1484879000000.000000,,,,,,256300000000.000000,,,,,1228579000000.000000,,,,,,,0.172607,,,,,0.827393,
1974-09-01,1488679000000.000000,,,,,,260100000000.000000,,,,,1228579000000.000000,,,,,,,0.174719,,,,,0.825281,
1974-10-01,1523541000000.000000,,,,,,262400000000.000000,,,,,1261141000000.000000,,,,,,,0.172230,,,,,0.827770,
1974-11-01,1529441000000.000000,,,,,,268300000000.000000,,,,,1261141000000.000000,,,,,,,0.175424,,,,,0.824576,
1974-12-01,1535941000000.000000,,,,,,274800000000.000000,,,,,1261141000000.000000,,,,,,,0.178913,,,,,0.821087,
1975-01-01,1600341000000.000000,,,,,,279700000000.000000,,,,,1320641000000.000000,,,,,,,0.174775,,,,,0.825225,
1975-02-01,1602941000000.000000,,,,,,282300000000.000000,,,,,1320641000000.000000,,,,,,,0.176114,,,,,0.823886,
1975-03-01,1613741000000.000000,,,,,,293100000000.000000,,,,,1320641000000.000000,,,,,,,0.181628,,,,,0.818372,
1975-04-01,1669429000000.000000,,,,,,293300000000.000000,,,,,1376129000000.000000,,,,,,,0.175689,,,,,0.824311,
1975-05-01,1684429000000.000000,,,,,,308300000000.000000,,,,,1376129000000.000000,,,,,,,0.183029,,,,,0.816971,
1975-06-01,1682629000000.000000,,,,,,306500000000.000000,,,,,1376129000000.000000,,,,,,,0.182155,,,,,0.817845,
1975-07-01,1689368000000.000000,,,,,,314800000000.000000,,,,,1374568000000.000000,,,,,,,0.186342,,,,,0.813658,
1975-08-01,1696268000000.000000,,,,,,321700000000.000000,,,,,1374568000000.000000,,,,,,,0.189652,,,,,0.810348,
1975-09-01,1702268000000.000000,,,,,,327700000000.000000,,,,,1374568000000.000000,,,,,,,0.192508,,,,,0.807492,
1975-10-01,1757858000000.000000,,,,,,344200000000.000000,,,,,1413658000000.000000,,,,,,,0.195806,,,,,0.804194,
1975-11-01,1761658000000.000000,,,,,,348000000000.000000,,,,,1413658000000.000000,,,,,,,0.197541,,,,,0.802459,
1975-12-01,1771258000000.000000,,,,,,357600000000.000000,,,,,1413658000000.000000,,,,,,,0.201890,,,,,0.798110,
1976-01-01,1809586000000.000000,,,,,,365200000000.000000,,,,,1444386000000.000000,,,,,,,0.201814,,,,,0.798186,
1976-02-01,1818086000000.000000,,,,,,373700000000.000000,,,,,1444386000000.000000,,,,,,,0.205546,,,,,0.794454,
1976-03-01,1820586000000.000000,,,,,,376200000000.000000,,,,,1444386000000.000000,,,,,,,0.206637,,,,,0.793363,
1976-04-01,1892549000000.000000,,,,,,382400000000.000000,,,,,1510149000000.000000,,,,,,,0.202056,,,,,0.797944,
1976-05-01,1890149000000.000000,,,,,,380000000000.000000,,,,,1510149000000.000000,,,,,,,0.201042,,,,,0.798958,
1976-06-01,1891449000000.000000,,,,,,381300000000.000000,,,,,1510149000000.000000,,,,,,,0.201591,,,,,0.798409,
1976-07-01,1935064000000.000000,,,,,,393300000000.000000,,,,,1541764000000.000000,,,,,,,0.203249,,,,,0.796751,
1976-08-01,1943964000000.000000,,,,,,402200000000.000000,,,,,1541764000000.000000,,,,,,,0.206897,,,,,0.793103,
1976-09-01,1947964000000.000000,,,,,,406200000000.000000,,,,,1541764000000.000000,,,,,,,0.208525,,,,,0.791475,
1976-10-01,1998377000000.000000,,,,,,408400000000.000000,,,,,1589977000000.000000,,,,,,,0.204366,,,,,0.795634,
1976-11-01,2009177000000.000000,,,,,,419200000000.000000,,,,,1589977000000.000000,,,,,,,0.208643,,,,,0.791357,
1976-12-01,2015477000000.000000,,,,,,425500000000.000000,,,,,1589977000000.000000,,,,,,,0.211116,,,,,0.788884,
1977-01-01,2071802000000.000000,,,,,,421800000000.000000,,,,,1650002000000.000000,,,,,,,0.203591,,,,,0.796409,
1977-02-01,2079002000000.000000,,,,,,429000000000.000000,,,,,1650002000000.000000,,,,,,,0.206349,,,,,0.793651,
1977-03-01,2083402000000.000000,,,,,,433400000000.000000,,,,,1650002000000.000000,,,,,,,0.208025,,,,,0.791975,
1977-04-01,2172533000000.000000,,,,,,431900000000.000000,,,,,1740633000000.000000,,,,,,,0.198800,,,,,0.801200,
1977-05-01,2169933000000.000000,,,,,,429300000000.000000,,,,,1740633000000.000000,,,,,,,0.197840,,,,,0.802160,
1977-06-01,2171133000000.000000,,,,,,430500000000.000000,,,,,1740633000000.000000,,,,,,,0.198284,,,,,0.801716,
1977-07-01,2236353000000.000000,,,,,,427000000000.000000,,,,,1809353000000.000000,,,,,,,0.190936,,,,,0.809064,
1977-08-01,2239853000000.000000,,,,,,430500000000.000000,,,,,1809353000000.000000,,,,,,,0.192200,,,,,0.807800,
1977-09-01,2248653000000.000000,,,,,,439300000000.000000,,,,,1809353000000.000000,,,,,,,0.195361,,,,,0.804639,
1977-10-01,2327706000000.000000,,,,,,440900000000.000000,,,,,1886806000000.000000,,,,,,,0.189414,,,,,0.810586,
1977-11-01,2330506000000.000000,,,,,,443700000000.000000,,,,,1886806000000.000000,,,,,,,0.190388,,,,,0.809612,
1977-12-01,2339006000000.000000,,,,,,452200000000.000000,,,,,1886806000000.000000,,,,,,,0.193330,,,,,0.806670,
1978-01-01,2410665000000.000000,,,,,,457500000000.000000,,,,,1953165000000.000000,,,,,,,0.189782,,,,,0.810218,
1978-02-01,2414165000000.000000,,,,,,461000000000.000000,,,,,1953165000000.000000,,,,,,,0.190956,,,,,0.809044,
1978-03-01,2426765000000.000000,,,,,,473600000000.000000,,,,,1953165000000.000000,,,,,,,0.195157,,,,,0.804843,
1978-04-01,2508392000000.000000,,,,,,460500000000.000000,,,,,2047892000000.000000,,,,,,,0.183584,,,,,0.816416,
1978-05-01,2502392000000.000000,,,,,,454500000000.000000,,,,,2047892000000.000000,,,,,,,0.181626,,,,,0.818374,
1978-06-01,2509992000000.000000,,,,,,462100000000.000000,,,,,2047892000000.000000,,,,,,,0.184104,,,,,0.815896,
1978-07-01,2595642000000.000000,,,,,,466600000000.000000,,,,,2129042000000.000000,,,,,,,0.179763,,,,,0.820237,
1978-08-01,2600942000000.000000,,,,,,471900000000.000000,,,,,2129042000000.000000,,,,,,,0.181434,,,,,0.818566,
1978-09-01,2599042000000.000000,,,,,,470000000000.000000,,,,,2129042000000.000000,,,,,,,0.180836,,,,,0.819164,
1978-10-01,2681477000000.000000,,,,,,470600000000.000000,,,,,2210877000000.000000,,,,,,,0.175500,,,,,0.824500,
1978-11-01,2682577000000.000000,,,,,,471700000000.000000,,,,,2210877000000.000000,,,,,,,0.175838,,,,,0.824162,
1978-12-01,2675577000000.000000,,,,,,464700000000.000000,,,,,2210877000000.000000,,,,,,,0.173682,,,,,0.826318,
1979-01-01,2796253000000.000000,,,,,,471400000000.000000,,,,,2324853000000.000000,,,,,,,0.168583,,,,,0.831417,
1979-02-01,2794453000000.000000,,,,,,469600000000.000000,,,,,2324853000000.000000,,,,,,,0.168047,,,,,0.831953,
1979-03-01,2805153000000.000000,,,,,,480300000000.000000,,,,,2324853000000.000000,,,,,,,0.171221,,,,,0.828779,
1979-04-01,2918882000000.000000,,,,,,480500000000.000000,,,,,2438382000000.000000,,,,,,,0.164618,,,,,0.835382,
1979-05-01,2927282000000.000000,,,,,,488900000000.000000,,,,,2438382000000.000000,,,,,,,0.167015,,,,,0.832985,
1979-06-01,2923982000000.000000,,,,,,485600000000.000000,,,,,2438382000000.000000,,,,,,,0.166075,,,,,0.833925,
1979-07-01,3018195000000.000000,,,,,,490800000000.000000,,,,,2527395000000.000000,,,,,,,0.162614,,,,,0.837386,
1979-08-01,3017195000000.000000,,,,,,489800000000.000000,,,,,2527395000000.000000,,,,,,,0.162336,,,,,0.837664,
1979-09-01,3012095000000.000000,,,,,,484700000000.000000,,,,,2527395000000.000000,,,,,,,0.160918,,,,,0.839082,
1979-10-01,3076071000000.000000,,,,,,472800000000.000000,,,,,2603271000000.000000,,,,,,,0.153703,,,,,0.846297,
1979-11-01,3093671000000.000000,,,,,,490400000000.000000,,,,,2603271000000.000000,,,,,,,0.158517,,,,,0.841483,
1979-12-01,3104471000000.000000,,,,,,501200000000.000000,,,,,2603271000000.000000,,,,,,,0.161445,,,,,0.838555,
1980-01-01,3208596000000.000000,,,,,,499300000000.000000,,,,,2709296000000.000000,,,,,,,0.155613,,,,,0.844387,
1980-02-01,3195996000000.000000,,,,,,486700000000.000000,,,,,2709296000000.000000,,,,,,,0.152284,,,,,0.847716,
1980-03-01,3209996000000.000000,,,,,,500700000000.000000,,,,,2709296000000.000000,,,,,,,0.155982,,,,,0.844018,
1980-04-01,3309558000000.000000,,,,,,524600000000.000000,,,,,2784958000000.000000,,,,,,,0.158511,,,,,0.841489,
1980-05-01,3335958000000.000000,,,,,,551000000000.000000,,,,,2784958000000.000000,,,,,,,0.165170,,,,,0.834830,
1980-06-01,3337658000000.000000,,,,,,552700000000.000000,,,,,2784958000000.000000,,,,,,,0.165595,,,,,0.834405,
1980-07-01,3452447000000.000000,,,,,,554400000000.000000,,,,,2898047000000.000000,,,,,,,0.160582,,,,,0.839418,
1980-08-01,3446647000000.000000,,,,,,548600000000.000000,,,,,2898047000000.000000,,,,,,,0.159169,,,,,0.840831,
1980-09-01,3452847000000.000000,,,,,,554800000000.000000,,,,,2898047000000.000000,,,,,,,0.160679,,,,,0.839321,
1980-10-01,3495561000000.000000,,,,,,552400000000.000000,,,,,2943161000000.000000,,,,,,,0.158029,,,,,0.841971,
1980-11-01,3498061000000.000000,,,,,,554900000000.000000,,,,,2943161000000.000000,,,,,,,0.158631,,,,,0.841369,
1980-12-01,3510661000000.000000,,,,,,567500000000.000000,,,,,2943161000000.000000,,,,,,,0.161650,,,,,0.838350,
1981-01-01,3558173000000.000000,,,,,,581400000000.000000,,,,,2976773000000.000000,,,,,,,0.163398,,,,,0.836602,
1981-02-01,3565973000000.000000,,,,,,589200000000.000000,,,,,2976773000000.000000,,,,,,,0.165228,,,,,0.834772,
1981-03-01,3597073000000.000000,,,,,,620300000000.000000,,,,,2976773000000.000000,,,,,,,0.172446,,,,,0.827554,
1981-04-01,3743746000000.000000,,,,,,598500000000.000000,,,,,3145246000000.000000,,,,,,,0.159867,,,,,0.840133,
1981-05-01,3747846000000.000000,,,,,,602600000000.000000,,,,,3145246000000.000000,,,,,,,0.160786,,,,,0.839214,
1981-06-01,3752546000000.000000,,,,,,607300000000.000000,,,,,3145246000000.000000,,,,,,,0.161837,,,,,0.838163,
1981-07-01,3846769000000.000000,,,,,,603400000000.000000,,,,,3243369000000.000000,,,,,,,0.156859,,,,,0.843141,
1981-08-01,3846069000000.000000,,,,,,602700000000.000000,,,,,3243369000000.000000,,,,,,,0.156705,,,,,0.843295,
1981-09-01,3846669000000.000000,,,,,,603300000000.000000,,,,,3243369000000.000000,,,,,,,0.156837,,,,,0.843163,
1981-10-01,3925960000000.000000,,,,,,633000000000.000000,,,,,3292960000000.000000,,,,,,,0.161234,,,,,0.838766,
1981-11-01,3966560000000.000000,,,,,,673600000000.000000,,,,,3292960000000.000000,,,,,,,0.169820,,,,,0.830180,
1981-12-01,3967060000000.000000,,,,,,674100000000.000000,,,,,3292960000000.000000,,,,,,,0.169924,,,,,0.830076,
1982-01-01,4055724000000.000000,,,,,,676000000000.000000,,,,,3379724000000.000000,,,,,,,0.166678,,,,,0.833322,
1982-02-01,4068824000000.000000,,,,,,689100000000.000000,,,,,3379724000000.000000,,,,,,,0.169361,,,,,0.830639,
1982-03-01,4074324000000.000000,,,,,,694600000000.000000,,,,,3379724000000.000000,,,,,,,0.170482,,,,,0.829518,
1982-04-01,4115843000000.000000,,,,,,713300000000.000000,,,,,3402543000000.000000,,,,,,,0.173306,,,,,0.826694,
1982-05-01,4118843000000.000000,,,,,,716300000000.000000,,,,,3402543000000.000000,,,,,,,0.173908,,,,,0.826092,
1982-06-01,4106943000000.000000,,,,,,704400000000.000000,,,,,3402543000000.000000,,,,,,,0.171514,,,,,0.828486,
1982-07-01,4147839000000.000000,,,,,,738000000000.000000,,,,,3409839000000.000000,,,,,,,0.177924,,,,,0.822076,
1982-08-01,4191239000000.000000,,,,,,781400000000.000000,,,,,3409839000000.000000,,,,,,,0.186437,,,,,0.813563,
1982-09-01,4226139000000.000000,,,,,,816300000000.000000,,,,,3409839000000.000000,,,,,,,0.193155,,,,,0.806845,
1982-10-01,4280573000000.000000,,,,,,833200000000.000000,,,,,3447373000000.000000,,,,,,,0.194647,,,,,0.805353,
1982-11-01,4306273000000.000000,,,,,,858900000000.000000,,,,,3447373000000.000000,,,,,,,0.199453,,,,,0.800547,
1982-12-01,4339873000000.000000,,,,,,892500000000.000000,,,,,3447373000000.000000,,,,,,,0.205651,,,,,0.794349,
1983-01-01,4393620000000.000000,,,,,,893000000000.000000,,,,,3500620000000.000000,,,,,,,0.203249,,,,,0.796751,
1983-02-01,4421220000000.000000,,,,,,920600000000.000000,,,,,3500620000000.000000,,,,,,,0.208223,,,,,0.791777,
1983-03-01,4443420000000.000000,,,,,,942800000000.000000,,,,,3500620000000.000000,,,,,,,0.212179,,,,,0.787821,
1983-04-01,4496374000000.000000,,,,,,948200000000.000000,,,,,3548174000000.000000,,,,,,,0.210881,,,,,0.789119,
1983-05-01,4505674000000.000000,,,,,,957500000000.000000,,,,,3548174000000.000000,,,,,,,0.212510,,,,,0.787490,
1983-06-01,4522974000000.000000,,,,,,974800000000.000000,,,,,3548174000000.000000,,,,,,,0.215522,,,,,0.784478,
1983-07-01,4560226000000.000000,,,,,,965600000000.000000,,,,,3594626000000.000000,,,,,,,0.211744,,,,,0.788256,
1983-08-01,4582626000000.000000,,,,,,988000000000.000000,,,,,3594626000000.000000,,,,,,,0.215597,,,,,0.784403,
1983-09-01,4607726000000.000000,,,,,,1013100000000.000000,,,,,3594626000000.000000,,,,,,,0.219870,,,,,0.780130,
1983-10-01,4659978000000.000000,,,,,,1020900000000.000000,,,,,3639078000000.000000,,,,,,,0.219078,,,,,0.780922,
1983-11-01,4670878000000.000000,,,,,,1031800000000.000000,,,,,3639078000000.000000,,,,,,,0.220901,,,,,0.779099,
1983-12-01,4671178000000.000000,,,,,,1032100000000.000000,,,,,3639078000000.000000,,,,,,,0.220951,,,,,0.779049,
1984-01-01,4883532000000.000000,,,,,,1067900000000.000000,,,,,3815632000000.000000,,,,,,,0.218674,,,,,0.781326,
1984-02-01,4892532000000.000000,,,,,,1076900000000.000000,,,,,3815632000000.000000,,,,,,,0.220111,,,,,0.779889,
1984-03-01,4880532000000.000000,,,,,,1064900000000.000000,,,,,3815632000000.000000,,,,,,,0.218193,,,,,0.781807,
1984-04-01,5037533000000.000000,,,,,,1083500000000.000000,,,,,3954033000000.000000,,,,,,,0.215085,,,,,0.784915,
1984-05-01,5022133000000.000000,,,,,,1068100000000.000000,,,,,3954033000000.000000,,,,,,,0.212679,,,,,0.787321,
1984-06-01,5018233000000.000000,,,,,,1064200000000.000000,,,,,3954033000000.000000,,,,,,,0.212067,,,,,0.787933,
1984-07-01,5202966000000.000000,,,,,,1115400000000.000000,,,,,4087566000000.000000,,,,,,,0.214378,,,,,0.785622,
1984-08-01,5229466000000.000000,,,,,,1141900000000.000000,,,,,4087566000000.000000,,,,,,,0.218359,,,,,0.781641,
1984-09-01,5230966000000.000000,,,,,,1143400000000.000000,,,,,4087566000000.000000,,,,,,,0.218583,,,,,0.781417,
1984-10-01,5404819000000.000000,,,,,,1195800000000.000000,,,,,4209019000000.000000,,,,,,,0.221247,,,,,0.778753,
1984-11-01,5427619000000.000000,,,,,,1218600000000.000000,,,,,4209019000000.000000,,,,,,,0.224518,,,,,0.775482,
1984-12-01,5459519000000.000000,,,,,,1250500000000.000000,,,,,4209019000000.000000,,,,,,,0.229049,,,,,0.770951,
1985-01-01,5603001000000.000000,,,,,,1258500000000.000000,,,,,4344501000000.000000,,,,,,,0.224612,,,,,0.775388,
1985-02-01,5604001000000.000000,,,,,,1259500000000.000000,,,,,4344501000000.000000,,,,,,,0.224750,,,,,0.775250,
1985-03-01,5606001000000.000000,,,,,,1261500000000.000000,,,,,4344501000000.000000,,,,,,,0.225027,,,,,0.774973,
1985-04-01,5808378000000.000000,,,,,,1301100000000.000000,,,,,4507278000000.000000,,,,,,,0.224004,,,,,0.775996,
1985-05-01,5853078000000.000000,,,,,,1345800000000.000000,,,,,4507278000000.000000,,,,,,,0.229930,,,,,0.770070,
1985-06-01,5852378000000.000000,,,,,,1345100000000.000000,,,,,4507278000000.000000,,,,,,,0.229838,,,,,0.770162,
1985-07-01,6049075000000.000000,,,,,,1365600000000.000000,,,,,4683475000000.000000,,,,,,,0.225754,,,,,0.774246,
1985-08-01,6061075000000.000000,,,,,,1377600000000.000000,,,,,4683475000000.000000,,,,,,,0.227286,,,,,0.772714,
1985-09-01,6070975000000.000000,,,,,,1387500000000.000000,,,,,4683475000000.000000,,,,,,,0.228546,,,,,0.771454,
1985-10-01,6252727000000.000000,,,,,,1402700000000.000000,,,,,4850027000000.000000,,,,,,,0.224334,,,,,0.775666,
1985-11-01,6294727000000.000000,,,,,,1444700000000.000000,,,,,4850027000000.000000,,,,,,,0.229510,,,,,0.770490,
1985-12-01,6341827000000.000000,,,,,,1491800000000.000000,,,,,4850027000000.000000,,,,,,,0.235232,,,,,0.764768,
1986-01-01,6454293000000.000000,,,,,,1499800000000.000000,,,,,4954493000000.000000,,,,,,,0.232372,,,,,0.767628,
1986-02-01,6503593000000.000000,,,,,,1549100000000.000000,,,,,4954493000000.000000,,,,,,,0.238191,,,,,0.761809,
1986-03-01,6546493000000.000000,,,,,,1592000000000.000000,,,,,4954493000000.000000,,,,,,,0.243184,,,,,0.756816,
1986-04-01,6693560000000.000000,,,,,,1596000000000.000000,,,,,5097560000000.000000,,,,,,,0.238438,,,,,0.761562,
1986-05-01,6665960000000.000000,,,,,,1568400000000.000000,,,,,5097560000000.000000,,,,,,,0.235285,,,,,0.764715,
1986-06-01,6716360000000.000000,,,,,,1618800000000.000000,,,,,5097560000000.000000,,,,,,,0.241023,,,,,0.758977,
1986-07-01,6870499000000.000000,,,,,,1629300000000.000000,,,,,5241199000000.000000,,,,,,,0.237144,,,,,0.762856,
1986-08-01,6902799000000.000000,,,,,,1661600000000.000000,,,,,5241199000000.000000,,,,,,,0.240714,,,,,0.759286,
1986-09-01,6901499000000.000000,,,,,,1660300000000.000000,,,,,5241199000000.000000,,,,,,,0.240571,,,,,0.759429,
1986-10-01,7044892000000.000000,,,,,,1674700000000.000000,,,,,5370192000000.000000,,,,,,,0.237718,,,,,0.762282,
1986-11-01,7074292000000.000000,,,,,,1704100000000.000000,,,,,5370192000000.000000,,,,,,,0.240886,,,,,0.759114,
1986-12-01,7102792000000.000000,,,,,,1732600000000.000000,,,,,5370192000000.000000,,,,,,,0.243932,,,,,0.756068,
1987-01-01,7228640000000.000000,,,,,,1720600000000.000000,,,,,5508040000000.000000,,,,,,,0.238025,,,,,0.761975,
1987-02-01,7239340000000.000000,,,,,,1731300000000.000000,,,,,5508040000000.000000,,,,,,,0.239152,,,,,0.760848,
1987-03-01,7235540000000.000000,,,,,,1727500000000.000000,,,,,5508040000000.000000,,,,,,,0.238752,,,,,0.761248,
1987-04-01,7346131000000.000000,,,,,,1692500000000.000000,,,,,5653631000000.000000,,,,,,,0.230393,,,,,0.769607,
1987-05-01,7334231000000.000000,,,,,,1680600000000.000000,,,,,5653631000000.000000,,,,,,,0.229145,,,,,0.770855,
1987-06-01,7357631000000.000000,,,,,,1704000000000.000000,,,,,5653631000000.000000,,,,,,,0.231596,,,,,0.768404,
1987-07-01,7475612000000.000000,,,,,,1683100000000.000000,,,,,5792512000000.000000,,,,,,,0.225145,,,,,0.774855,
1987-08-01,7494112000000.000000,,,,,,1701600000000.000000,,,,,5792512000000.000000,,,,,,,0.227058,,,,,0.772942,
1987-09-01,7453612000000.000000,,,,,,1661100000000.000000,,,,,5792512000000.000000,,,,,,,0.222858,,,,,0.777142,
1987-10-01,7600036000000.000000,,,,,,1714000000000.000000,,,,,5886036000000.000000,,,,,,,0.225525,,,,,0.774475,
1987-11-01,7620436000000.000000,,,,,,1734400000000.000000,,,,,5886036000000.000000,,,,,,,0.227599,,,,,0.772401,
1987-12-01,7632636000000.000000,,,,,,1746600000000.000000,,,,,5886036000000.000000,,,,,,,0.228833,,,,,0.771167,
1988-01-01,7799705000000.000000,,,,,,1772800000000.000000,,,,,6026905000000.000000,,,,,,,0.227291,,,,,0.772709,
1988-02-01,7831405000000.000000,,,,,,1804500000000.000000,,,,,6026905000000.000000,,,,,,,0.230418,,,,,0.769582,
1988-03-01,7820505000000.000000,,,,,,1793600000000.000000,,,,,6026905000000.000000,,,,,,,0.229346,,,,,0.770654,
1988-04-01,7975952000000.000000,,,,,,1763300000000.000000,,,,,6212652000000.000000,,,,,,,0.221077,,,,,0.778923,
1988-05-01,7976352000000.000000,,,,,,1763700000000.000000,,,,,6212652000000.000000,,,,,,,0.221116,,,,,0.778884,
1988-06-01,8000452000000.000000,,,,,,1787800000000.000000,,,,,6212652000000.000000,,,,,,,0.223462,,,,,0.776538,
1988-07-01,8100461000000.000000,,,,,,1761600000000.000000,,,,,6338861000000.000000,,,,,,,0.217469,,,,,0.782531,
1988-08-01,8121661000000.000000,,,,,,1782800000000.000000,,,,,6338861000000.000000,,,,,,,0.219512,,,,,0.780488,
1988-09-01,8131561000000.000000,,,,,,1792700000000.000000,,,,,6338861000000.000000,,,,,,,0.220462,,,,,0.779538,
1988-10-01,8269862000000.000000,,,,,,1822400000000.000000,,,,,6447462000000.000000,,,,,,,0.220366,,,,,0.779634,
1988-11-01,8282862000000.000000,,,,,,1835400000000.000000,,,,,6447462000000.000000,,,,,,,0.221590,,,,,0.778410,
1988-12-01,8252762000000.000000,,,,,,1805300000000.000000,,,,,6447462000000.000000,,,,,,,0.218751,,,,,0.781249,
1989-01-01,8421474000000.000000,,,,,,1859300000000.000000,,,,,6562174000000.000000,,,,,,,0.220781,,,,,0.779219,
1989-02-01,8381774000000.000000,,,,,,1819600000000.000000,,,,,6562174000000.000000,,,,,,,0.217090,,,,,0.782910,
1989-03-01,8390674000000.000000,,,,,,1828500000000.000000,,,,,6562174000000.000000,,,,,,,0.217921,,,,,0.782079,
1989-04-01,8546549000000.000000,,,,,,1851400000000.000000,,,,,6695149000000.000000,,,,,,,0.216625,,,,,0.783375,
1989-05-01,8589749000000.000000,,,,,,1894600000000.000000,,,,,6695149000000.000000,,,,,,,0.220565,,,,,0.779435,
1989-06-01,8616449000000.000000,,,,,,1921300000000.000000,,,,,6695149000000.000000,,,,,,,0.222980,,,,,0.777020,
1989-07-01,8829903000000.000000,,,,,,1936700000000.000000,,,,,6893203000000.000000,,,,,,,0.219334,,,,,0.780666,
1989-08-01,8836603000000.000000,,,,,,1943400000000.000000,,,,,6893203000000.000000,,,,,,,0.219926,,,,,0.780074,
1989-09-01,8817903000000.000000,,,,,,1924700000000.000000,,,,,6893203000000.000000,,,,,,,0.218272,,,,,0.781728,
1989-10-01,8998217000000.000000,,,,,,2003900000000.000000,,,,,6994317000000.000000,,,,,,,0.222700,,,,,0.777300,
1989-11-01,9015117000000.000000,,,,,,2020800000000.000000,,,,,6994317000000.000000,,,,,,,0.224157,,,,,0.775843,
1989-12-01,9003317000000.000000,,,,,,2009000000000.000000,,,,,6994317000000.000000,,,,,,,0.223140,,,,,0.776860,
1990-01-01,9083917911871.519531,,,75874526466.649994,,,1949300000000.000000,,,46129385404.870003,,7012614000000.000000,,,,0.008353,,,0.214588,,,0.005078,,0.771981,
1990-02-01,9142519212356.560547,,,81400492142.860001,,,2008500000000.000000,,,40004720213.699997,,7012614000000.000000,,,,0.008904,,,0.219688,,,0.004376,,0.767033,
1990-03-01,9139397750274.960938,,,82641353303.570007,,,2003700000000.000000,,,40442396971.389999,,7012614000000.000000,,,,0.009042,,,0.219238,,,0.004425,,0.767295,
1990-04-01,9175716530558.429688,,,81372917450.399994,,,1989600000000.000000,,,34338613108.029999,,7070405000000.000000,,,,0.008868,,,0.216833,,,0.003742,,0.770556,
1990-05-01,9226864298471.320312,,,86363936785.710007,,,2035100000000.000000,,,34995361685.610001,,7070405000000.000000,,,,0.009360,,,0.220562,,,0.003793,,0.766285,
1990-06-01,9245122400458.230469,,,90389841884.919998,,,2052900000000.000000,,,31427558573.310001,,7070405000000.000000,,,,0.009777,,,0.222052,,,0.003399,,0.764771,
1990-07-01,9398533145355.310547,,,94801792678.570007,,,2119800000000.000000,,,36736352676.739998,,7147195000000.000000,,,,0.010087,,,0.225546,,,0.003909,,0.760459,
1990-08-01,9415858740828.470703,,,85123075625.000000,,,2126000000000.000000,,,57540665203.470001,,7147195000000.000000,,,,0.009040,,,0.225789,,,0.006111,,0.759059,
1990-09-01,9410268810680.519531,,,76106151190.479996,,,2119800000000.000000,,,67167659490.040001,,7147195000000.000000,,,,0.008088,,,0.225265,,,0.007138,,0.759510,
1990-10-01,9438043291926.730469,,,82448330456.350006,,,2149500000000.000000,,,73823961470.380005,,7132271000000.000000,,,,0.008736,,,0.227748,,,0.007822,,0.755694,
1990-11-01,9503025691736.769531,,,81758963144.839996,,,2223600000000.000000,,,65395728591.930000,,7132271000000.000000,,,,0.008603,,,0.233989,,,0.006882,,0.750526,
1990-12-01,9522396137991.529297,,,83385870000.000000,,,2248800000000.000000,,,57939267991.529999,,7132271000000.000000,,,,0.008757,,,0.236159,,,0.006085,,0.749000,
1991-01-01,9560476026019.259766,,,89424727648.809998,,,2280000000000.000000,,,51884298370.449997,,7139167000000.000000,,,,0.009354,,,0.238482,,,0.005427,,0.746738,
1991-02-01,9588222354896.689453,,,97945307619.050003,,,2313400000000.000000,,,37710047277.639999,,7139167000000.000000,,,,0.010215,,,0.241275,,,0.003933,,0.744577,
1991-03-01,9562382734434.800781,,,103267223263.889999,,,2280500000000.000000,,,39448511170.910004,,7139167000000.000000,,,,0.010799,,,0.238487,,,0.004125,,0.746589,
1991-04-01,9632849553863.650391,,,98937996547.619995,,,2297300000000.000000,,,39294557316.029999,,7197317000000.000000,,,,0.010271,,,0.238486,,,0.004079,,0.747164,
1991-05-01,9672643061181.099609,,,102219384950.399994,,,2332200000000.000000,,,40906676230.699997,,7197317000000.000000,,,,0.010568,,,0.241113,,,0.004229,,0.744090,
1991-06-01,9643803888506.199219,,,101143971944.440002,,,2307500000000.000000,,,37842916561.760002,,7197317000000.000000,,,,0.010488,,,0.239273,,,0.003924,,0.746315,
1991-07-01,9761495710704.070312,,,110546942073.410004,,,2347100000000.000000,,,41956768630.660004,,7261892000000.000000,,,,0.011325,,,0.240445,,,0.004298,,0.743932,
1991-08-01,9835312360732.939453,,,110243620456.350006,,,2420400000000.000000,,,42776740276.589996,,7261892000000.000000,,,,0.011209,,,0.246093,,,0.004349,,0.738349,
1991-09-01,9807244813857.240234,,,109104784311.320007,,,2394200000000.000000,,,42048029545.919998,,7261892000000.000000,,,,0.011125,,,0.244126,,,0.004287,,0.740462,
1991-10-01,10018616382682.720703,,,111365909093.059998,,,2529600000000.000000,,,48017473589.660004,,7329633000000.000000,,,,0.011116,,,0.252490,,,0.004793,,0.731601,
1991-11-01,10034935035438.769531,,,114429453386.139999,,,2546300000000.000000,,,44572582052.629997,,7329633000000.000000,,,,0.011403,,,0.253744,,,0.004442,,0.730412,
1991-12-01,10097110578616.279297,,,121880900000.000000,,,2604700000000.000000,,,40896678616.279999,,7329633000000.000000,,,,0.012071,,,0.257965,,,0.004050,,0.725914,
1992-01-01,10169345417992.910156,,,130517191563.720001,,,2600800000000.000000,,,39211226429.190002,,7398817000000.000000,,,,0.012834,,,0.255749,,,0.003856,,0.727561,
1992-02-01,10172595418784.820312,,,139800149721.250000,,,2597200000000.000000,,,36778269063.570000,,7398817000000.000000,,,,0.013743,,,0.255313,,,0.003615,,0.727328,
1992-03-01,10216852470733.269531,,,140061073702.279999,,,2639700000000.000000,,,38274397030.989998,,7398817000000.000000,,,,0.013709,,,0.258367,,,0.003746,,0.724178,
1992-04-01,10416104345426.308594,,,152293701228.049988,,,2771300000000.000000,,,39009644198.260002,,7453501000000.000000,,,,0.014621,,,0.266059,,,0.003745,,0.715575,
1992-05-01,10279189629857.968750,,,172447887200.359985,,,2612600000000.000000,,,40640742657.610001,,7453501000000.000000,,,,0.016776,,,0.254164,,,0.003954,,0.725106,
1992-06-01,10381504009147.529297,,,173120063160.609985,,,2711900000000.000000,,,42982945986.919998,,7453501000000.000000,,,,0.016676,,,0.261224,,,0.004140,,0.717960,
1992-07-01,10432654156617.720703,,,166800969322.769989,,,2658500000000.000000,,,43365187294.949997,,7563988000000.000000,,,,0.015988,,,0.254825,,,0.004157,,0.725030,
1992-08-01,10597700628354.919922,,,159639512443.170013,,,2832500000000.000000,,,41573115911.750000,,7563988000000.000000,,,,0.015064,,,0.267275,,,0.003923,,0.713739,
1992-09-01,10524025946491.519531,,,156145283190.540009,,,2761600000000.000000,,,42292663300.980003,,7563988000000.000000,,,,0.014837,,,0.262409,,,0.004019,,0.718735,
1992-10-01,10669194728327.281250,,,175581910904.100006,,,2797300000000.000000,,,43984817423.180000,,7652328000000.000000,,,,0.016457,,,0.262185,,,0.004123,,0.717236,
1992-11-01,10621485072096.919922,,,164801433837.579987,,,2763800000000.000000,,,40555638259.339996,,7652328000000.000000,,,,0.015516,,,0.260208,,,0.003818,,0.720457,
1992-12-01,10758295624844.919922,,,171983500000.000000,,,2893100000000.000000,,,40884124844.919998,,7652328000000.000000,,,,0.015986,,,0.268918,,,0.003800,,0.711296,
1993-01-01,15616351277019.058594,4830389419459.500000,,179440153586.130005,,,2899800000000.000000,,,36923703973.430000,,7669798000000.000000,,0.309316,,0.011491,,,0.185690,,,0.002364,,0.491139,
1993-02-01,15731380647942.769531,4881926574859.049805,,198178508699.179993,,,2944400000000.000000,,,37077564384.540001,,7669798000000.000000,,0.310330,,0.012598,,,0.187167,,,0.002357,,0.487548,
1993-03-01,15875176264172.441406,4991276842664.950195,,199329763047.049988,,,2973000000000.000000,,,41771658460.440002,,7669798000000.000000,,0.314408,,0.012556,,,0.187274,,,0.002631,,0.483132,
1993-04-01,15883174384196.990234,4863559489696.410156,,213107415565.140015,,,2987800000000.000000,,,38429478935.440002,,7780278000000.000000,,0.306208,,0.013417,,,0.188111,,,0.002420,,0.489844,
1993-05-01,16041812494907.429688,4994725267500.610352,,230008129807.750000,,,2999000000000.000000,,,37801097599.070000,,7780278000000.000000,,0.311357,,0.014338,,,0.186949,,,0.002356,,0.485000,
1993-06-01,16088091945139.820312,5012744943874.410156,,221493804801.850006,,,3037200000000.000000,,,36375196463.559998,,7780278000000.000000,,0.311581,,0.013768,,,0.188786,,,0.002261,,0.483605,
1993-07-01,16197543751239.050781,4988407560154.250000,,218052518466.399994,,,3060000000000.000000,,,35428672618.400002,,7895655000000.000000,,0.307973,,0.013462,,,0.188918,,,0.002187,,0.487460,
1993-08-01,16502342214924.900391,5179604580790.570312,,235546021069.420013,,,3156400000000.000000,,,35136613064.910004,,7895655000000.000000,,0.313871,,0.014273,,,0.191270,,,0.002129,,0.478457,
1993-09-01,16450581460832.230469,5141918196298.730469,,239492743574.209991,,,3139900000000.000000,,,33615520959.290001,,7895655000000.000000,,0.312568,,0.014558,,,0.190869,,,0.002043,,0.479962,
1993-10-01,16699280673450.009766,5243357349303.379883,,291062192709.710022,,,3121900000000.000000,,,36018131436.919998,,8006943000000.000000,,0.313987,,0.017430,,,0.186948,,,0.002157,,0.479478,
1993-11-01,16693073789767.919922,5187389678511.849609,,284700655901.840027,,,3180900000000.000000,,,33140455354.230000,,8006943000000.000000,,0.310751,,0.017055,,,0.190552,,,0.001985,,0.479657,
1993-12-01,16857151568904.689453,5251079630000.000000,,385042740000.000000,,,3183000000000.000000,,,31086198904.689999,,8006943000000.000000,,0.311505,,0.022842,,,0.188822,,,0.001844,,0.474988,
1994-01-01,17119888623217.580078,5434215770855.549805,,372042142681.190002,,,3200400000000.000000,,,30790709680.840000,,8082440000000.000000,,0.317421,,0.021732,,,0.186940,,,0.001799,,0.472108,
1994-02-01,16891840243441.369141,5275729183690.290039,,337166639366.599976,,,3168300000000.000000,,,28204420384.480000,,8082440000000.000000,,0.312324,,0.019960,,,0.187564,,,0.001670,,0.478482,
1994-03-01,16590621177140.009766,5054669179347.219727,,292461346698.510010,,,3130600000000.000000,,,30450651094.279999,,8082440000000.000000,,0.304670,,0.017628,,,0.188697,,,0.001835,,0.487169,
1994-04-01,16689269959938.380859,5111343924696.860352,,290394960404.359985,,,3065500000000.000000,,,31790074837.160000,,8190241000000.000000,,0.306265,,0.017400,,,0.183681,,,0.001905,,0.490749,
1994-05-01,16819704133053.441406,5192814541440.580078,,309422971096.900024,,,3092700000000.000000,,,34525620515.959999,,8190241000000.000000,,0.308734,,0.018396,,,0.183874,,,0.002053,,0.486943,
1994-06-01,16663635530768.218750,5073824924593.910156,,283667976650.809998,,,3079700000000.000000,,,36201629523.500000,,8190241000000.000000,,0.304485,,0.017023,,,0.184816,,,0.002172,,0.491504,
1994-07-01,16965522031723.980469,5237841325082.759766,,307129899708.599976,,,3087700000000.000000,,,38631806932.620003,,8294219000000.000000,,0.308734,,0.018103,,,0.181999,,,0.002277,,0.488887,
1994-08-01,17210365167450.009766,5437512515558.480469,,321594445622.659973,,,3119800000000.000000,,,37239206268.870003,,8294219000000.000000,,0.315944,,0.018686,,,0.181274,,,0.002164,,0.481932,
1994-09-01,17029181539257.078125,5300190286306.599609,,308373615527.169983,,,3092300000000.000000,,,34098637423.310001,,8294219000000.000000,,0.311242,,0.018109,,,0.181588,,,0.002002,,0.487059,
1994-10-01,17271576490004.949219,5450856153901.219727,,312425354599.200012,,,3110000000000.000000,,,36392981504.529999,,8361902000000.000000,,0.315597,,0.018089,,,0.180065,,,0.002107,,0.484142,
1994-11-01,17013986786702.128906,5233824482780.030273,,274207392697.589996,,,3107100000000.000000,,,36952911224.510002,,8361902000000.000000,,0.307619,,0.016117,,,0.182620,,,0.002172,,0.491472,
1994-12-01,16900077381527.378906,5137739860000.000000,,269507830000.000000,,,3094100000000.000000,,,36827691527.379997,,8361902000000.000000,,0.304007,,0.015947,,,0.183082,,,0.002179,,0.494785,
1995-01-01,17171875012071.890625,5310404400428.679688,,241596288118.579987,,,3168000000000.000000,,,37220323524.629997,,8414654000000.000000,,0.309250,,0.014069,,,0.184488,,,0.002168,,0.490025,
1995-02-01,17484439613846.919922,5527123856383.860352,,273999078784.640015,,,3232700000000.000000,,,35962678678.419998,,8414654000000.000000,,0.316117,,0.015671,,,0.184890,,,0.002057,,0.481265,
1995-03-01,17676058930377.910156,5681038153535.400391,,282560425385.090027,,,3258700000000.000000,,,39106351457.419998,,8414654000000.000000,,0.321397,,0.015985,,,0.184357,,,0.002212,,0.476048,
1995-04-01,17897975232501.687500,5849329341846.169922,,275101326654.869995,,,3226200000000.000000,,,39428564000.650002,,8507916000000.000000,,0.326815,,0.015371,,,0.180255,,,0.002203,,0.475356,
1995-05-01,18256698348973.476562,6081385392638.879883,,309530956564.340027,,,3318000000000.000000,,,39865999770.260002,,8507916000000.000000,,0.333104,,0.016954,,,0.181742,,,0.002184,,0.466016,
1995-06-01,18430937046612.480469,6204410744095.870117,,302920746782.440002,,,3378900000000.000000,,,36789555734.169998,,8507916000000.000000,,0.336630,,0.016435,,,0.183328,,,0.001996,,0.461611,
1995-07-01,18527786316183.851562,6403982075866.610352,,311044490953.299988,,,3365000000000.000000,,,34622749363.940002,,8413137000000.000000,,0.345642,,0.016788,,,0.181619,,,0.001869,,0.454082,
1995-08-01,18589677156009.769531,6432488000058.879883,,302045541923.270020,,,3405400000000.000000,,,36606614027.620003,,8413137000000.000000,,0.346025,,0.016248,,,0.183188,,,0.001969,,0.452570,
1995-09-01,18859984650766.570312,6705075946807.500000,,317391445231.440002,,,3388000000000.000000,,,36380258727.629997,,8413137000000.000000,,0.355519,,0.016829,,,0.179640,,,0.001929,,0.446084,
1995-10-01,18978801764937.812500,6685373465458.259766,,321869552126.539978,,,3446300000000.000000,,,36095747353.010002,,8489163000000.000000,,0.352255,,0.016959,,,0.181587,,,0.001902,,0.447297,
1995-11-01,19357031604747.429688,6982733040172.830078,,322886233121.809998,,,3524500000000.000000,,,37749331452.790001,,8489163000000.000000,,0.360734,,0.016681,,,0.182079,,,0.001950,,0.438557,
1995-12-01,19288083910531.117188,6952026000000.000000,,303705280000.000000,,,3501300000000.000000,,,41889630531.120003,,8489163000000.000000,,0.360431,,0.015746,,,0.181527,,,0.002172,,0.440125,
1996-01-01,19676210104671.050781,7199363805870.129883,,342486230542.789978,,,3502600000000.000000,,,41245068258.129997,,8590515000000.000000,,0.365892,,0.017406,,,0.178012,,,0.002096,,0.436594,
1996-02-01,19711160158015.699219,7222331692784.549805,,335431310380.369995,,,3522800000000.000000,,,40082154850.779999,,8590515000000.000000,,0.366408,,0.017017,,,0.178721,,,0.002033,,0.435820,
1996-03-01,19791190915920.468750,7346688454186.480469,,330351164878.789978,,,3477200000000.000000,,,46436296855.199997,,8590515000000.000000,,0.371210,,0.016692,,,0.175694,,,0.002346,,0.434058,
1996-04-01,19947405341932.078125,7426545163368.089844,,330571248379.950012,,,3442800000000.000000,,,46798930184.040001,,8700690000000.000000,,0.372306,,0.016572,,,0.172594,,,0.002346,,0.436182,
1996-05-01,20123787606620.242188,7595129028896.580078,,339622053553.770020,,,3445000000000.000000,,,43346524169.889999,,8700690000000.000000,,0.377420,,0.016877,,,0.171190,,,0.002154,,0.432358,
1996-06-01,20155384092472.359375,7662130102391.049805,,332271676811.530029,,,3419800000000.000000,,,40492313269.779999,,8700690000000.000000,,0.380153,,0.016486,,,0.169672,,,0.002009,,0.431681,
1996-07-01,19940970167785.648438,7317822546800.849609,,322036012729.719971,,,3448200000000.000000,,,44924608255.080002,,8807987000000.000000,,0.366974,,0.016149,,,0.172920,,,0.002253,,0.441703,
1996-08-01,20092412607497.140625,7458758160782.929688,,336435273899.570007,,,3442500000000.000000,,,46732172814.639999,,8807987000000.000000,,0.371223,,0.016744,,,0.171333,,,0.002326,,0.438374,
1996-09-01,20581506562245.648438,7875498676462.849609,,358848224346.479980,,,3489700000000.000000,,,49472661436.320000,,8807987000000.000000,,0.382649,,0.017435,,,0.169555,,,0.002404,,0.427956,
1996-10-01,20990367234052.519531,8130124123260.139648,,376190038730.109985,,,3539300000000.000000,,,55767072062.269997,,8888986000000.000000,,0.387326,,0.017922,,,0.168615,,,0.002657,,0.423479,
1996-11-01,21647903661011.257812,8723656704918.400391,,403815803074.070007,,,3580400000000.000000,,,51045153018.790001,,8888986000000.000000,,0.402979,,0.018654,,,0.165392,,,0.002358,,0.410616,
1996-12-01,21401890528796.187500,8480497000000.000000,,449218770000.000000,,,3527100000000.000000,,,56088758796.190002,,8888986000000.000000,,0.396250,,0.020990,,,0.164803,,,0.002621,,0.415336,
1997-01-01,21996754767352.109375,9004475951884.560547,,444887374824.219971,,,3528200000000.000000,,,55729440643.330002,,8963462000000.000000,,0.409355,,0.020225,,,0.160396,,,0.002534,,0.407490,
1997-02-01,22100359686168.632812,9090606443597.880859,,447455497255.849976,,,3554300000000.000000,,,44535745314.900002,,8963462000000.000000,,0.411333,,0.020247,,,0.160825,,,0.002015,,0.405580,
1997-03-01,21659467877193.910156,8689503135924.540039,,418588465306.690002,,,3543400000000.000000,,,44514275962.680000,,8963462000000.000000,,0.401187,,0.019326,,,0.163596,,,0.002055,,0.413836,
1997-04-01,22316726146452.718750,9233499724678.070312,,430911382909.190002,,,3516700000000.000000,,,40539038865.459999,,9095076000000.000000,,0.413748,,0.019309,,,0.157581,,,0.001817,,0.407545,
1997-05-01,22928257379462.078125,9817119137862.380859,,492843227607.919983,,,3479600000000.000000,,,43619013991.779999,,9095076000000.000000,,0.428167,,0.021495,,,0.151760,,,0.001902,,0.396675,
1997-06-01,23372628258319.468750,10220630100148.570312,,507503826056.419983,,,3509700000000.000000,,,39718332114.480003,,9095076000000.000000,,0.437291,,0.021714,,,0.150163,,,0.001699,,0.389134,
1997-07-01,24386041629891.628906,11030763612250.269531,,546539769685.690002,,,3552300000000.000000,,,43198247955.669998,,9213240000000.000000,,0.452339,,0.022412,,,0.145669,,,0.001771,,0.377808,
1997-08-01,23711343976390.238281,10459326756516.839844,,472051239299.859985,,,3524000000000.000000,,,42725980573.540001,,9213240000000.000000,,0.441111,,0.019908,,,0.148621,,,0.001802,,0.388558,
1997-09-01,24277759731677.203125,10962323989494.660156,,502577998559.489990,,,3557700000000.000000,,,41917743623.050003,,9213240000000.000000,,0.451538,,0.020701,,,0.146542,,,0.001727,,0.379493,
1997-10-01,24008147527800.390625,10693704354504.240234,,354786475931.159973,,,3581900000000.000000,,,47556697364.989998,,9330200000000.000000,,0.445420,,0.014778,,,0.149195,,,0.001981,,0.388626,
1997-11-01,24407920622531.906250,11107517804961.289062,,351550477299.119995,,,3575100000000.000000,,,43552340271.500000,,9330200000000.000000,,0.455078,,0.014403,,,0.146473,,,0.001784,,0.382261,
1997-12-01,24169017158601.750000,10770143000000.000000,,413322580000.000000,,,3613400000000.000000,,,41951578601.750000,,9330200000000.000000,,0.445618,,0.017101,,,0.149505,,,0.001736,,0.386040,
1998-01-01,24380313799379.703125,10908844617699.300781,,356644353182.309998,,,3579100000000.000000,,,36143828498.089996,,9499581000000.000000,,0.447445,,0.014628,,,0.146803,,,0.001483,,0.389641,
1998-02-01,25223003855222.250000,11664761327301.619141,,442536717216.210022,,,3584700000000.000000,,,31424810704.419998,,9499581000000.000000,,0.462465,,0.017545,,,0.142120,,,0.001246,,0.376624,
1998-03-01,25832994253567.507812,12233810636614.039062,,444001470669.239990,,,3623100000000.000000,,,32501146284.230000,,9499581000000.000000,,0.473573,,0.017187,,,0.140251,,,0.001258,,0.367731,
1998-04-01,26111287119241.109375,12390296041922.970703,,400250807298.940002,,,3551200000000.000000,,,31518270019.200001,,9738022000000.000000,,0.474519,,0.015329,,,0.136002,,,0.001207,,0.372943,
1998-05-01,25763972069074.300781,12132962575955.880859,,344392815312.179993,,,3516500000000.000000,,,32094677806.240002,,9738022000000.000000,,0.470927,,0.013367,,,0.136489,,,0.001246,,0.377971,
1998-06-01,26292395227602.082031,12649508492038.460938,,329303543483.140015,,,3547000000000.000000,,,28561192080.480000,,9738022000000.000000,,0.481109,,0.012525,,,0.134906,,,0.001086,,0.370374,
1998-07-01,26303712334720.078125,12478561148955.669922,,305909911578.229980,,,3519900000000.000000,,,30084274186.180000,,9969257000000.000000,,0.474403,,0.011630,,,0.133818,,,0.001144,,0.379006,
1998-08-01,24608229636961.718750,10716845025281.589844,,280424737318.520020,,,3613000000000.000000,,,28702874361.610001,,9969257000000.000000,,0.435498,,0.011396,,,0.146821,,,0.001166,,0.405119,
1998-09-01,25314015450371.570312,11398854562812.419922,,303876978935.760010,,,3610800000000.000000,,,31226908623.389999,,9969257000000.000000,,0.450298,,0.012004,,,0.142640,,,0.001234,,0.393824,
1998-10-01,26505721552121.703125,12323097744618.960938,,391433791043.070007,,,3567000000000.000000,,,31381016459.669998,,10192809000000.000000,,0.464922,,0.014768,,,0.134575,,,0.001184,,0.384551,
1998-11-01,27239721851721.539062,13009266701303.380859,,400969331505.130005,,,3609500000000.000000,,,27176818913.029999,,10192809000000.000000,,0.477584,,0.014720,,,0.132509,,,0.000998,,0.374189,
1998-12-01,27075654390668.019531,12922580000000.000000,,343566530000.000000,,,3591300000000.000000,,,25398860668.020000,,10192809000000.000000,,0.477277,,0.012689,,,0.132639,,,0.000938,,0.376457,
1999-01-01,27649747545130.070312,13377784111832.310547,,325046200843.150024,,,3530300000000.000000,,,27280232454.610001,,10389337000000.000000,,0.483830,,0.011756,,,0.127679,,,0.000987,,0.375748,
1999-02-01,27155871912473.742188,12948785411030.660156,,337067252739.169983,,,3456600000000.000000,,,24082248703.910000,,10389337000000.000000,,0.476832,,0.012412,,,0.127287,,,0.000887,,0.382582,
1999-03-01,27803492214309.179688,13485742285984.070312,,374119897780.650024,,,3521600000000.000000,,,32693030544.459999,,10389337000000.000000,,0.485038,,0.013456,,,0.126660,,,0.001176,,0.373670,
1999-04-01,28580496156374.414062,13997856446795.000000,,455869514825.380005,,,3427100000000.000000,,,36186194754.029999,,10663484000000.000000,,0.489770,,0.015950,,,0.119910,,,0.001266,,0.373104,
1999-05-01,28153560044986.140625,13677784288237.359375,,415316778660.140015,,,3360200000000.000000,,,36774978088.639999,,10663484000000.000000,,0.485828,,0.014752,,,0.119353,,,0.001306,,0.378761,
1999-06-01,28953021603087.910156,14435233018408.169922,,462671365142.429993,,,3353700000000.000000,,,37933219537.309998,,10663484000000.000000,,0.498574,,0.015980,,,0.115832,,,0.001310,,0.368303,
1999-07-01,28748852715511.949219,13987424187600.839844,,450866074346.520020,,,3312200000000.000000,,,45192453564.589996,,10953170000000.000000,,0.486539,,0.015683,,,0.115212,,,0.001572,,0.380995,
1999-08-01,28735183677117.132812,13914990512876.259766,,460983373434.549988,,,3358100000000.000000,,,47939790806.320000,,10953170000000.000000,,0.484249,,0.016042,,,0.116864,,,0.001668,,0.381176,
1999-09-01,28360920722166.210938,13604170212887.630859,,435356550773.179993,,,3316000000000.000000,,,52223958505.400002,,10953170000000.000000,,0.479680,,0.015351,,,0.116921,,,0.001841,,0.386206,
1999-10-01,29458455825251.871094,14475894135232.599609,,453262485005.359985,,,3281000000000.000000,,,52294205013.910004,,11196005000000.000000,,0.491400,,0.015386,,,0.111377,,,0.001775,,0.380061,
1999-11-01,29792941313262.652344,14716938924445.470703,,525754675387.200012,,,3297200000000.000000,,,57042713429.980003,,11196005000000.000000,,0.493974,,0.017647,,,0.110671,,,0.001915,,0.375794,
1999-12-01,29954296913403.449219,14777387400000.000000,,608159390000.000000,,,3309200000000.000000,,,63545123403.449997,,11196005000000.000000,,0.493331,,0.020303,,,0.110475,,,0.002121,,0.373770,
2000-01-01,29472392784502.628906,14041663946375.779297,,556896760553.560059,,,3221500000000.000000,,,61734077573.290001,,11590598000000.000000,,0.476434,,0.018896,,,0.109306,,,0.002095,,0.393270,
2000-02-01,33373340580668.378906,13827862719348.990234,,615593356065.619995,,,3259500000000.000000,,,65432446217.239998,,11590598000000.000000,4014354059036.529785,0.414339,,0.018446,,,0.097668,,,0.001961,,0.347301,0.120286
2000-03-01,34452915874033.179688,15167984780020.150391,,624094329242.719971,,,3332400000000.000000,,,69177970519.089996,,11590598000000.000000,3668660794251.220215,0.440253,,0.018114,,,0.096723,,,0.002008,,0.336418,0.106483
2000-04-01,34103521486239.808594,14635275291274.589844,,556429222784.979980,,,3174500000000.000000,,,54091509937.129997,,12039579000000.000000,3643646462243.109863,0.429143,,0.016316,,,0.093084,,,0.001586,,0.353030,0.106841
2000-05-01,33900638914151.101562,14405169137159.830078,,527550983783.020020,,,3138900000000.000000,,,66172450876.190002,,12039579000000.000000,3723267342332.060059,0.424923,,0.015562,,,0.092591,,,0.001952,,0.355143,0.109829
2000-06-01,34164224429544.429688,14688687221216.380859,,579249603665.650024,,,3138400000000.000000,,,70423786646.229996,,12039579000000.000000,3647884818016.169922,0.429944,,0.016955,,,0.091862,,,0.002061,,0.352403,0.106775
2000-07-01,34309524675893.250000,14458046861838.140625,,603816782399.750000,,,3124000000000.000000,,,68548336765.629997,,12441344000000.000000,3613768694889.729980,0.421400,,0.017599,,,0.091053,,,0.001998,,0.362621,0.105328
2000-08-01,37221170861078.960938,15402735449782.029297,,613014387902.459961,,,3151900000000.000000,,1902088581387.580078,74779847960.820007,,12441344000000.000000,3635308594046.069824,0.413817,,0.016470,,,0.084680,,0.051102,0.002009,,0.334255,0.097668
2000-09-01,36216103395426.179688,14557711143132.970703,,561078795383.140015,,,3080000000000.000000,,1869965757469.639893,78154038149.259995,,12441344000000.000000,3627849661291.169922,0.401968,,0.015493,,,0.085045,,0.051634,0.002158,,0.343531,0.100172
2000-10-01,36460239884896.687500,14489615322764.810547,,534057752391.150024,,,3089600000000.000000,,1810504044919.229980,76393897290.059998,,12834096000000.000000,3625972867531.439941,0.397409,,0.014648,,,0.084739,,0.049657,0.002095,,0.352003,0.099450
2000-11-01,35543608746206.960938,13407919663521.490234,,501396529555.539978,,,3159200000000.000000,,1846044412421.610107,78035876377.190002,,12834096000000.000000,3716916264331.129883,0.377224,,0.014107,,,0.088882,,0.051937,0.002195,,0.361080,0.104573
2000-12-01,37323787965749.242188,15107751000000.000000,,623397740000.000000,,,3119900000000.000000,,1859030243732.169922,66457728018.480003,,12834096000000.000000,3713155253998.589844,0.404775,,0.016702,,,0.083590,,0.049808,0.001781,,0.343858,0.099485
2001-01-01,38721346558708.453125,15779420754955.810547,,664976199798.540039,,,3143300000000.000000,,1815288397359.870117,67470952595.639999,,13537735000000.000000,3713155253998.589844,0.407512,,0.017173,,,0.081177,,0.046881,0.001742,,0.349619,0.095894
2001-02-01,37847333585761.812500,14274261333902.869141,,610692346905.479980,,,3169500000000.000000,,1823489876229.790039,63000927784.860001,,13537735000000.000000,4368654100938.810059,0.377154,,0.016136,,,0.083744,,0.048180,0.001665,,0.357693,0.115428
2001-03-01,36691557566779.078125,13474368926632.160156,,526974129010.099976,,,3158100000000.000000,,1762661354823.179932,63013591162.639999,,13537735000000.000000,4168704565151.000000,0.367233,,0.014362,,,0.086072,,0.048040,0.001717,,0.368960,0.113615
2001-04-01,38104801160579.085938,14625631100900.650391,,552801190600.430054,,,3018700000000.000000,,1804352883622.399902,61012519827.559998,,13925364000000.000000,4116939465628.049805,0.383826,,0.014507,,,0.079221,,0.047352,0.001601,,0.365449,0.108043
2001-05-01,38077654141339.656250,14543638933291.449219,,544061544607.739990,,,2995200000000.000000,,1813237871209.199951,67678261101.739998,,13925364000000.000000,4188473531129.529785,0.381947,,0.014288,,,0.078660,,0.047619,0.001777,,0.365710,0.109998
2001-06-01,37609061059509.289062,14197070960582.939453,,538615321824.729980,,,2956300000000.000000,,1849461747428.469971,63945733722.389999,,13925364000000.000000,4078303295950.759766,0.377491,,0.014321,,,0.078606,,0.049176,0.001700,,0.370266,0.108439
2001-07-01,37848610970532.515625,14052327186954.689453,,508640427932.340027,,,3021800000000.000000,,1819389241083.610107,60930512303.209999,,14303298000000.000000,4082225602258.660156,0.371277,,0.013439,,,0.079839,,0.048070,0.001610,,0.377908,0.107857
2001-08-01,37081165376136.109375,13218564881320.859375,,458001827991.330017,,,3110500000000.000000,,1875433410049.580078,64112551471.889999,,14303298000000.000000,4051254705302.450195,0.356477,,0.012351,,,0.083884,,0.050576,0.001729,,0.385729,0.109254
2001-09-01,36011483406785.953125,12139527145953.789062,,410932501264.349976,,,3102500000000.000000,,1998457470296.560059,59560702231.510002,,14303298000000.000000,3997207587039.740234,0.337102,,0.011411,,,0.086153,,0.055495,0.001654,,0.397187,0.110998
2001-10-01,36495629923840.031250,12297603827537.619141,,416023143712.820007,,,3172700000000.000000,,1910290268835.080078,51532979039.699997,,14650451000000.000000,3997028704714.810059,0.336961,,0.011399,,,0.086934,,0.052343,0.001412,,0.401430,0.109521
2001-11-01,37475864005327.656250,13256542455969.109375,,465797413640.229980,,,3179100000000.000000,,1872016075042.719971,45335945083.900002,,14650451000000.000000,4006621115591.700195,0.353735,,0.012429,,,0.084831,,0.049953,0.001210,,0.390930,0.106912
2001-12-01,38214683410334.718750,13983666000000.000000,,506072920000.000000,,,3142400000000.000000,,1904822616255.129883,46304530873.040001,,14650451000000.000000,3980966343206.549805,0.365924,,0.013243,,,0.082230,,0.049845,0.001212,,0.383372,0.104174
2002-01-01,38435387934969.968750,13846641600521.130859,,476237939691.969971,,,3128000000000.000000,,1928060452586.270020,47660598964.050003,,15027821000000.000000,3980966343206.549805,0.360258,,0.012391,,,0.081383,,0.050164,0.001240,,0.390989,0.103576
2002-02-01,38732654296974.140625,13598285879588.570312,,465459055934.359985,,,3202900000000.000000,,2027846676502.110107,45393423064.919998,,15027821000000.000000,4364948261884.180176,0.351081,,0.012017,,,0.082692,,0.052355,0.001172,,0.387988,0.112694
2002-03-01,38987820102774.078125,14050716923253.419922,,489897266096.359985,,,3118300000000.000000,,2068171187867.550049,58515076170.320000,,15027821000000.000000,4174398649386.430176,0.360387,,0.012565,,,0.079981,,0.053047,0.001501,,0.385449,0.107069
2002-04-01,38548913302413.453125,13233579574983.769531,,510529677264.270020,,,3143700000000.000000,,2111229525522.959961,60355104878.029999,,15382630000000.000000,4106889419764.419922,0.343293,,0.013244,,,0.081551,,0.054768,0.001566,,0.399042,0.106537
2002-05-01,38588808997628.578125,13155060221196.070312,,501842645219.419983,,,3196900000000.000000,,2231519759479.970215,62195626359.389999,,15382630000000.000000,4058660745373.729980,0.340904,,0.013005,,,0.082845,,0.057828,0.001612,,0.398629,0.105177
2002-06-01,37568086454712.210938,12184120422211.720703,,470609830459.109985,,,3195500000000.000000,,2142669049301.600098,57629363262.959999,,15382630000000.000000,4134927789476.819824,0.324321,,0.012527,,,0.085059,,0.057034,0.001534,,0.409460,0.110065
2002-07-01,37054998338992.359375,11223769223785.539062,,455903949441.679993,,,3301600000000.000000,,2072272031591.300049,64327936974.120003,,15749009000000.000000,4188116197199.720215,0.302895,,0.012303,,,0.089100,,0.055924,0.001736,,0.425017,0.113024
2002-08-01,37256809545060.960938,11300103593511.519531,,445980261461.090027,,,3359700000000.000000,,2135150870570.989990,66801638198.300003,,15749009000000.000000,4200064181319.060059,0.303303,,0.011970,,,0.090177,,0.057309,0.001793,,0.422715,0.112733
2002-09-01,36288543347845.335938,10115263703728.390625,,402835413361.729980,,,3425700000000.000000,,2213749575728.779785,67946360254.930000,,15749009000000.000000,4314039294771.509766,0.278745,,0.011101,,,0.094402,,0.061004,0.001872,,0.433994,0.118882
2002-10-01,37439806705119.906250,10947582131577.410156,,419221982601.520020,,,3417800000000.000000,,2173425064363.340088,69537905346.179993,,16115799000000.000000,4296440621231.459961,0.292405,,0.011197,,,0.091288,,0.058051,0.001857,,0.430446,0.114756
2002-11-01,38121106584609.093750,11622847990516.429688,,447134745406.289978,,,3416300000000.000000,,2165223376915.850098,61015157476.070000,,16115799000000.000000,4292786314294.450195,0.304893,,0.011729,,,0.089617,,0.056799,0.001601,,0.422753,0.112609
2002-12-01,37726848316998.367188,11054430000000.000000,,463054920000.000000,,,3490400000000.000000,,2375731338485.000000,72527454420.830002,,16115799000000.000000,4154905604092.540039,0.293012,,0.012274,,,0.092518,,0.062972,0.001922,,0.427171,0.110131
2003-01-01,37952741986301.679688,10782543376044.730469,,459958055591.799988,,,3467000000000.000000,,2517208882622.490234,79854067950.119995,,16491272000000.000000,4154905604092.540039,0.284104,,0.012119,,,0.091350,,0.066325,0.002104,,0.434521,0.109476
2003-02-01,38208050226194.328125,10637204792850.019531,,453187557852.710022,,,3575500000000.000000,,2393501522236.189941,79238521330.000000,,16491272000000.000000,4578145831925.410156,0.278402,,0.011861,,,0.093580,,0.062644,0.002074,,0.431618,0.119821
2003-03-01,38109882850083.281250,10659963935502.380859,,428934689048.309998,,,3599700000000.000000,,2295765615893.439941,79116701706.789993,,16491272000000.000000,4555129907932.360352,0.279717,,0.011255,,,0.094456,,0.060241,0.002076,,0.432730,0.119526
2003-04-01,39350855700148.125000,11561929830052.589844,,433046441660.969971,,,3581700000000.000000,,2317636643368.370117,62446607783.620003,,16895940000000.000000,4498156177282.570312,0.293816,,0.011005,,,0.091020,,0.058897,0.001587,,0.429367,0.114309
2003-05-01,40248296013142.914062,12195937985444.710938,,471305786456.059998,,,3646000000000.000000,,2491237220001.379883,65177270986.269997,,16895940000000.000000,4482697750254.490234,0.303017,,0.011710,,,0.090588,,0.061897,0.001619,,0.419793,0.111376
2003-06-01,40267534829150.773438,12325846392105.369141,,475763823581.299988,,,3693000000000.000000,,2364795824747.540039,69025946521.570007,,16895940000000.000000,4443162842194.990234,0.306099,,0.011815,,,0.091712,,0.058727,0.001714,,0.419592,0.110341
2003-07-01,40900247238092.718750,12548044611549.619141,,503469252793.659973,,,3621500000000.000000,,2419473184857.299805,73219491076.979996,,17311879000000.000000,4422661697815.160156,0.306796,,0.012310,,,0.088545,,0.059155,0.001790,,0.423271,0.108133
2003-08-01,41409679564593.906250,12806856771813.470703,,541927306101.440002,,,3642300000000.000000,,2567785607586.089844,75604848289.630005,,17311879000000.000000,4463326030803.280273,0.309272,,0.013087,,,0.087958,,0.062009,0.001826,,0.418064,0.107785
2003-09-01,41517989971063.562500,12667182048937.570312,,557867697167.770020,,,3725600000000.000000,,2634081781572.640137,66851348164.120003,,17311879000000.000000,4554528095221.459961,0.305101,,0.013437,,,0.089735,,0.063444,0.001610,,0.416973,0.109700
2003-10-01,42731485873902.187500,13345221367758.730469,,605569140725.810059,,,3743000000000.000000,,2627930620275.799805,75809340737.699997,,17742705000000.000000,4591250404404.150391,0.312304,,0.014171,,,0.087593,,0.061499,0.001774,,0.415214,0.107444
2003-11-01,42946531518641.125000,13490963724400.410156,,611896522362.640015,,,3751300000000.000000,,2711996978013.540039,72410790901.330002,,17742705000000.000000,4565258502963.200195,0.314134,,0.014248,,,0.087348,,0.063148,0.001686,,0.413135,0.106301
2003-12-01,43841362108963.234375,14266265650000.000000,,714597300000.000000,,,3803300000000.000000,,2841172408134.930176,80275805513.369995,,17742705000000.000000,4393045945314.939941,0.325407,,0.016300,,,0.086751,,0.064806,0.001831,,0.404702,0.100203
2004-01-01,44752245890810.960938,14548308914539.330078,,755136210889.229980,,,3789500000000.000000,,2748904362949.700195,83358457117.759995,,18433992000000.000000,4393045945314.939941,0.325086,,0.016874,,,0.084677,,0.061425,0.001863,,0.411912,0.098164
2004-02-01,45529473901205.804688,14745735941600.740234,,790233250545.349976,,,3893200000000.000000,,2709263151723.569824,79500992341.860001,,18433992000000.000000,4877548564994.290039,0.323872,,0.017357,,,0.085509,,0.059506,0.001746,,0.404880,0.107129
2004-03-01,45650987665999.476562,14550413361358.429688,,720605121846.010010,,,3995500000000.000000,,2920454413432.040039,91618522680.789993,,18433992000000.000000,4938404246682.209961,0.318732,,0.015785,,,0.087523,,0.063974,0.002007,,0.403803,0.108177
2004-04-01,45464650163838.179688,14275109954295.330078,,678629720760.069946,,,3876200000000.000000,,2645017295310.100098,87105831097.399994,,19045598000000.000000,4856989362375.280273,0.313983,,0.014927,,,0.085257,,0.058177,0.001916,,0.418910,0.106830
2004-05-01,45870462882133.796875,14519548634998.910156,,693135402872.800049,,,3876800000000.000000,,2692859985406.149902,96934833277.369995,,19045598000000.000000,4945586025578.559570,0.316534,,0.015111,,,0.084516,,0.058706,0.002113,,0.415204,0.107816
2004-06-01,46199333283748.695312,14788172904022.500000,,698107932966.180054,,,3923000000000.000000,,2683291489102.459961,91660558772.910004,,19045598000000.000000,4969502398884.650391,0.320095,,0.015111,,,0.084915,,0.058081,0.001984,,0.412248,0.107567
2004-07-01,46466121521593.789062,14311717850791.699219,,695396375293.900024,,,3950100000000.000000,,2672355975364.990234,101740024165.240005,,19773076000000.000000,4961735295977.959961,0.308003,,0.014966,,,0.085010,,0.057512,0.002190,,0.425537,0.106782
2004-08-01,46884057003815.093750,14346578212279.949219,,730185995948.609985,,,4059300000000.000000,,2804948531915.669922,113081801542.369995,,19773076000000.000000,5056886462128.500000,0.306001,,0.015574,,,0.086582,,0.059827,0.002412,,0.421744,0.107859
2004-09-01,47189735404937.781250,14490576577910.900391,,745513885163.150024,,,4059200000000.000000,,2861676418176.100098,111668657856.600006,,19773076000000.000000,5148023865831.030273,0.307071,,0.015798,,,0.086019,,0.060642,0.002366,,0.419012,0.109092
2004-10-01,48198076006502.539062,14677287364871.669922,,741799386871.430054,,,4095400000000.000000,,2928656100879.529785,133619273112.979996,,20467531000000.000000,5153782880766.929688,0.304520,,0.015391,,,0.084970,,0.060763,0.002772,,0.424655,0.106929
2004-11-01,49119613918262.015625,15330687742483.970703,,798928214114.069946,,,4130700000000.000000,,3084486493761.350098,116645415746.550003,,20467531000000.000000,5190635052156.080078,0.312109,,0.016265,,,0.084095,,0.062795,0.002375,,0.416688,0.105673
2004-12-01,50063600068483.679688,16323726330000.000000,,861462920000.000000,,,4143100000000.000000,,2990168131003.020020,111071998383.800003,,20467531000000.000000,5166539689096.860352,0.326060,,0.017207,,,0.082757,,0.059727,0.002219,,0.408831,0.103200
2005-01-01,50673153493937.859375,15957740713644.160156,415529456364.719971,830682466717.229980,,,4166200000000.000000,,2882863728356.569824,119560439758.320007,,21134037000000.000000,5166539689096.860352,0.314915,0.008200,0.016393,,,0.082217,,0.056891,0.002359,,0.417066,0.101958
2005-02-01,51995504533267.578125,16291318132530.199219,452566269400.080017,859356803730.020020,,,4213100000000.000000,,2983333460989.299805,113519212342.449997,,21134037000000.000000,5948273654275.530273,0.313322,0.008704,0.016528,,,0.081028,,0.057377,0.002183,,0.406459,0.114400
2005-03-01,59901919013372.429688,15993299261611.949219,410011576100.489990,818283664167.380005,,8493242373089.950195,4246900000000.000000,,2930023118313.310059,143224572200.640015,,21134037000000.000000,5732897447888.709961,0.266991,0.006845,0.013660,,0.141786,0.070898,,0.048914,0.002391,,0.352811,0.095705
2005-04-01,60038458876464.046875,15693666945880.820312,405746968325.299988,842019964024.160034,,8310436977142.490234,4214600000000.000000,,2973081455968.720215,130820284914.800003,,21834296000000.000000,5633790280207.750000,0.261394,0.006758,0.014025,,0.138419,0.070198,,0.049520,0.002179,,0.363672,0.093836
2005-05-01,60416442926230.617188,16199391578543.310547,372478676038.229980,839483461046.939941,,8332857119401.570312,4251900000000.000000,,2845273043281.100098,125720537896.039993,,21834296000000.000000,5615042510023.429688,0.268129,0.006165,0.013895,,0.137924,0.070377,,0.047094,0.002081,,0.361397,0.092939
2005-06-01,60784782776677.367188,16223926961333.259766,382374306732.900024,859702472834.030029,,8444951408836.429688,4238500000000.000000,,2979232617265.560059,142370287116.839996,,21834296000000.000000,5679428722558.349609,0.266908,0.006291,0.014143,,0.138932,0.069730,,0.049013,0.002342,,0.359207,0.093435
2005-07-01,62457012076476.062500,16844679187518.640625,386495310368.729980,900863463309.719971,,8677761692264.120117,4201100000000.000000,,2938224597183.229980,151167899182.200012,,22612034000000.000000,5744685926649.419922,0.269700,0.006188,0.014424,,0.138940,0.067264,,0.047044,0.002420,,0.362042,0.091978
2005-08-01,63273603320061.695312,16686769782285.320312,403797433342.359985,902229763748.050049,,8924369699852.849609,4297700000000.000000,,2964879768521.229980,171133135062.239990,,22612034000000.000000,6310689737249.650391,0.263724,0.006382,0.014259,,0.141044,0.067922,,0.046858,0.002705,,0.357369,0.099737
2005-09-01,63834210573985.312500,16820687232535.679688,399215155804.320007,934010334053.680054,,9041633587030.199219,4230600000000.000000,,3205460236435.240234,162391145980.950012,,22612034000000.000000,6428178882145.250000,0.263506,0.006254,0.014632,,0.141642,0.066275,,0.050215,0.002544,,0.354231,0.100701
2005-10-01,63881873368141.218750,16422865931385.580078,381325561351.450012,870920786129.729980,,8853665728740.849609,4241100000000.000000,,3178805065097.250000,153925538138.760010,,23291664000000.000000,6487600757297.589844,0.257082,0.005969,0.013633,,0.138594,0.066390,,0.049761,0.002410,,0.364605,0.101556
2005-11-01,65073067674098.835938,17144692668105.929688,380259409407.659973,904263222701.660034,,8931267491623.269531,4294900000000.000000,,3380427830502.020020,144813504379.940002,,23291664000000.000000,6600779547378.349609,0.263468,0.005844,0.013896,,0.137250,0.066001,,0.051948,0.002225,,0.357931,0.101436
2005-12-01,65468753725305.289062,17000864470000.000000,401852250000.000000,1054999320000.000000,,9308348440000.000000,4277200000000.000000,,3534207697233.169922,156945461116.540009,,23291664000000.000000,6442672086955.580078,0.259679,0.006138,0.016115,,0.142180,0.065332,,0.053983,0.002397,,0.355768,0.098408
2006-01-01,67058217598650.812500,17409127933014.339844,439341633656.400024,1117173405587.449951,,9897636916080.900391,4307700000000.000000,,3901229560401.029785,168702062955.119995,,23374634000000.000000,6442672086955.580078,0.259612,0.006552,0.016660,,0.147598,0.064238,,0.058177,0.002516,,0.348572,0.096076
2006-02-01,67546995386650.906250,17508806061895.679688,458232105444.260010,1128898964519.409912,,9865784487754.449219,4384400000000.000000,,3838350512843.770020,149316238986.230011,,23374634000000.000000,6838573015207.110352,0.259209,0.006784,0.016713,,0.146058,0.064909,,0.056825,0.002211,,0.346050,0.101242
2006-03-01,68203446787995.203125,17797769369833.980469,461748231038.500000,1120854051950.000000,,10262188100985.130859,4400700000000.000000,,3976410930551.959961,167836738940.399994,,23374634000000.000000,6641305364695.230469,0.260951,0.006770,0.016434,,0.150464,0.064523,,0.058302,0.002461,,0.342719,0.097375
2006-04-01,69964436893563.468750,18022592286148.070312,510164584208.669983,1181577929905.050049,,10798389910062.009766,4289300000000.000000,,4454837831512.450195,174536272143.420013,,23754495000000.000000,6778543079583.799805,0.257596,0.007292,0.016888,,0.154341,0.061307,,0.063673,0.002495,,0.339522,0.096886
2006-05-01,69263286448268.820312,17479731943560.220703,594194763942.280029,1124602014540.770020,,10481623075967.939453,4297700000000.000000,,4391275483815.870117,183443401460.640015,,23754495000000.000000,6956220764981.099609,0.252366,0.008579,0.016237,,0.151330,0.062049,,0.063400,0.002648,,0.342959,0.100432
2006-06-01,69265304885974.781250,17525320988453.449219,606601291255.619995,1153659078298.330078,,10587803545376.599609,4278800000000.000000,,4193070053417.959961,179720616467.230011,,23754495000000.000000,6985834312705.599609,0.253017,0.008758,0.016656,,0.152859,0.061774,,0.060536,0.002595,,0.342949,0.100856
2006-07-01,69991478179172.312500,17603806051529.238281,563245896088.040039,1203565127571.550049,,10697521032868.009766,4330200000000.000000,,4334547806133.020020,194454561142.279999,,24047029000000.000000,7017108703840.169922,0.251514,0.008047,0.017196,,0.152840,0.061868,,0.061930,0.002778,,0.343571,0.100257
2006-08-01,70869281430013.281250,17987960976391.480469,582549773731.660034,1233416412013.370117,,11044372143017.169922,4424800000000.000000,,4277820128450.160156,196461325449.989990,,24047029000000.000000,7074871670959.450195,0.253819,0.008220,0.017404,,0.155841,0.062436,,0.060362,0.002772,,0.339315,0.099830
2006-09-01,71290024812949.000000,18473664677493.558594,610652668642.050049,1244109442502.560059,,11168253400720.949219,4364700000000.000000,,4091233303351.450195,162268619614.700012,,24047029000000.000000,7128113700623.740234,0.259134,0.008566,0.017451,,0.156659,0.061225,,0.057389,0.002276,,0.337313,0.099988
2006-10-01,72584380036898.750000,19055902907403.789062,637284709034.060059,1299517208324.310059,,11580572525013.929688,4432800000000.000000,,4128823988426.919922,156242162612.649994,,24129948000000.000000,7163288536083.099609,0.262534,0.008780,0.017904,,0.159546,0.061071,,0.056883,0.002153,,0.332440,0.098689
2006-11-01,74076310832089.171875,19434826103068.250000,746027855660.839966,1344630023574.300049,,12015909024597.109375,4498100000000.000000,,4421348198738.299805,153909601239.130005,,24129948000000.000000,7331612025211.240234,0.262362,0.010071,0.018152,,0.162210,0.060723,,0.059686,0.002078,,0.325744,0.098974
2006-12-01,74797726074911.515625,19568972500000.000000,1145454870000.000000,1714953250000.000000,,12188716490000.000000,4388900000000.000000,,4341382476146.740234,166744511209.149994,,24129948000000.000000,7152653977555.629883,0.261625,0.015314,0.022928,,0.162956,0.058677,,0.058042,0.002229,,0.322603,0.095627
2007-01-01,75363312648348.437500,19863296334885.890625,1338667776417.580078,1727125097496.959961,,12380057242931.330078,4415000000000.000000,,4456204848946.219727,145096370114.829987,,23885211000000.000000,7152653977555.629883,0.263567,0.017763,0.022917,,0.164272,0.058583,,0.059130,0.001925,,0.316934,0.094909
2007-02-01,76760425348906.406250,19473620880094.039062,1428034638326.300049,1688048685534.090088,,12226264990257.779297,4512800000000.000000,,4575128274047.030273,144315629033.290009,,23885211000000.000000,8827001251613.890625,0.253693,0.018604,0.021991,,0.159278,0.058791,,0.059603,0.001880,,0.311166,0.114994
2007-03-01,76935891681264.500000,19699305572055.808594,1561158936953.330078,1700883735142.080078,,12682269651271.289062,4529800000000.000000,,4531386219097.160156,166425126935.089996,,23885211000000.000000,8179451439809.730469,0.256048,0.020292,0.022108,,0.164842,0.058878,,0.058898,0.002163,,0.310456,0.106315
2007-04-01,79028024655869.937500,20571901568032.308594,1997178756237.080078,1745383875373.469971,,13411877670680.839844,4510600000000.000000,,4650992944337.280273,168723927810.910004,,23772579000000.000000,8198786913398.049805,0.260311,0.025272,0.022086,,0.169710,0.057076,,0.058852,0.002135,,0.300812,0.103745
2007-05-01,80205208032218.750000,21269694572135.039062,2204399430007.350098,1772484229584.790039,,13697993450576.650391,4432000000000.000000,,4517716879069.709961,174671158881.399994,,23772579000000.000000,8363669311963.820312,0.265191,0.027484,0.022099,,0.170787,0.055258,,0.056327,0.002178,,0.296397,0.104278
2007-06-01,79797261336882.031250,20958719451178.941406,2112434172151.389893,1870259816502.830078,,13649714801002.640625,4351300000000.000000,,4429549469030.650391,181852350200.299988,,23772579000000.000000,8470852276815.280273,0.262650,0.026473,0.023438,,0.171055,0.054529,,0.055510,0.002279,,0.297912,0.106155
2007-07-01,79566538052222.656250,20302501016670.859375,2503304757319.609863,1991567418219.189941,,13261658389193.220703,4483900000000.000000,,4558041599012.730469,204928693901.489990,,23591182000000.000000,8669454177905.570312,0.255164,0.031462,0.025030,,0.166674,0.056354,,0.057286,0.002576,,0.296496,0.108959
2007-08-01,80756310321480.546875,20563043247046.421875,2972615472411.109863,2060218148048.649902,,13297426021737.259766,4608500000000.000000,,4599732919234.370117,193416686205.910004,,23591182000000.000000,8870175826796.830078,0.254631,0.036810,0.025512,,0.164661,0.057067,,0.056958,0.002395,,0.292128,0.109839
2007-09-01,83300661999116.250000,21359113444140.871094,3131998722738.149902,2331516129753.220215,,13984112039412.070312,4540600000000.000000,,5076792802761.080078,205433507944.709991,,23591182000000.000000,9079913352366.150391,0.256410,0.037599,0.027989,,0.167875,0.054509,,0.060945,0.002466,,0.283205,0.109002
2007-10-01,84922961137241.312500,21648903849658.351562,3192457728223.120117,2693161096536.129883,,14647551272861.460938,4600400000000.000000,,5413058650867.190430,230518096934.230011,,23270614000000.000000,9226296442160.849609,0.254924,0.037592,0.031713,,0.172480,0.054171,,0.063741,0.002714,,0.274020,0.108643
2007-11-01,83073158519452.328125,20810372041956.148438,2658675365957.080078,2460462719205.370117,,14096772989353.279297,4774400000000.000000,,5346078968163.750000,248646011795.850006,,23270614000000.000000,9407136423020.859375,0.250507,0.032004,0.029618,,0.169691,0.057472,,0.064354,0.002993,,0.280122,0.113239
2007-12-01,84133204206082.000000,19922279820000.000000,4478866530000.000000,2654416060000.000000,,13795183900000.000000,4754200000000.000000,,5706266161317.889648,252075473078.239990,,23270614000000.000000,9299302261685.880859,0.236794,0.053235,0.031550,,0.163968,0.056508,,0.067824,0.002996,,0.276593,0.110531
2008-01-01,80677069516380.312500,18717752793951.398438,3876565800383.270020,2238596203628.979980,,12556159036708.910156,4834700000000.000000,,6306350105091.580078,251882314930.299988,,22595761000000.000000,9299302261685.880859,0.232008,0.048050,0.027748,,0.155635,0.059927,,0.078168,0.003122,,0.280077,0.115266
2008-02-01,81742371864854.015625,18234036403967.539062,3921998238719.939941,2322194199406.990234,,12519284599989.949219,4985800000000.000000,,6643982553476.320312,243960387438.820007,,22595761000000.000000,10275354481854.449219,0.223067,0.047980,0.028409,,0.153155,0.060994,,0.081280,0.002985,,0.276427,0.125704
2008-03-01,80210862248693.531250,18070982351588.921875,3180295853892.910156,2180708437079.899902,,12683381667958.750000,5063400000000.000000,,6261924750002.389648,285827368596.270020,,22595761000000.000000,9888580819574.390625,0.225293,0.039649,0.027187,,0.158125,0.063126,,0.078068,0.003563,,0.281705,0.123282
2008-04-01,80989711176877.468750,18932285586651.351562,3321744695613.669922,2458068996440.700195,,13203324839749.949219,4902500000000.000000,,5896953204407.620117,293065191676.039978,,22043965000000.000000,9937803662338.119141,0.233762,0.041014,0.030350,,0.163025,0.060532,,0.072811,0.003619,,0.272182,0.122705
2008-05-01,81379081458781.593750,19218480987985.851562,3029945106895.100098,2341420344129.419922,,13291831628237.539062,4860900000000.000000,,6064402619743.790039,335060681156.020020,,22043965000000.000000,10193075090633.880859,0.236160,0.037232,0.028772,,0.163332,0.059732,,0.074520,0.004117,,0.270880,0.125254
2008-06-01,78148081859337.515625,17612278156517.328125,2342367312965.549805,2109397301449.830078,,12097058053924.189453,4917600000000.000000,,6330271450139.610352,344671422963.119995,,22043965000000.000000,10350473161377.880859,0.225371,0.029973,0.026992,,0.154797,0.062927,,0.081004,0.004410,,0.282079,0.132447
2008-07-01,77248092753061.968750,17454017315635.199219,2353601668447.140137,2169437109270.360107,,11748580381296.349609,5013600000000.000000,,6246205092401.870117,359718403383.010010,,21495229000000.000000,10407703782628.039062,0.225948,0.030468,0.028084,,0.152089,0.064903,,0.080859,0.004657,,0.278262,0.134731
2008-08-01,76043378473284.500000,17723745197008.460938,2006611945032.600098,2029217034273.989990,,11296852741993.640625,5107700000000.000000,,5667991758947.959961,306762024630.849976,,21495229000000.000000,10409268771396.990234,0.233074,0.026388,0.026685,,0.148558,0.067168,,0.074536,0.004034,,0.282671,0.136886
2008-09-01,73013698325020.156250,16054635122471.619141,1882455117238.320068,1719452083177.500000,,9840268281007.470703,5456600000000.000000,,5974868609426.099609,260874036951.119995,,21495229000000.000000,10329316074748.029297,0.219885,0.025782,0.023550,,0.134773,0.074734,,0.081832,0.003573,,0.294400,0.141471
2008-10-01,66028390720152.648438,13402629917815.990234,1395828815571.300049,1333158158489.000000,,7692263920981.110352,5893900000000.000000,,4899091382404.330078,200258533830.290009,,20949352000000.000000,10261907991060.630859,0.202983,0.021140,0.020191,,0.116499,0.089263,,0.074197,0.003033,,0.317278,0.155417
2008-11-01,65518047138476.781250,12469713820514.269531,1535322761976.750000,1325482016474.399902,,7124374016529.259766,6122800000000.000000,,5578457748630.269531,138523070907.309998,,20949352000000.000000,10274021703444.519531,0.190325,0.023434,0.020231,,0.108739,0.093452,,0.085144,0.002114,,0.319749,0.156812
2008-12-01,65451480173270.757812,11590277780000.000000,1778784040000.000000,1328768470000.000000,,7190634820000.000000,6251700000000.000000,,6039114257261.990234,107812872148.399994,,20949352000000.000000,10215035933860.369141,0.177082,0.027177,0.020302,,0.109862,0.095517,,0.092269,0.001647,,0.320075,0.156070
2009-01-01,66126924318962.617188,10638547335052.580078,1989139549780.600098,1226320812212.830078,2918398540597.810059,6195270747349.040039,6075800000000.000000,,6337789420292.639648,111208979816.750000,0.000000,20419413000000.000000,10215035933860.369141,0.160881,0.030081,0.018545,0.044133,0.093688,0.091881,,0.095843,0.001682,0.000000,0.308791,0.154476
2009-02-01,66676945761828.585938,9495448080905.500000,2094640235998.719971,1183223895206.239990,2774811381944.640137,5552311680304.360352,6309100000000.000000,,6434841817918.509766,98837502186.240005,0.000000,20419413000000.000000,12314318167364.380859,0.142410,0.031415,0.017746,0.041616,0.083272,0.094622,,0.096508,0.001482,0.000000,0.306244,0.184686
2009-03-01,68325858543858.304688,10286522298156.019531,2454072589657.149902,1253825278193.159912,2860963346416.290039,5979699061301.910156,6673700000000.000000,,6305666387797.120117,125760335622.289993,0.000000,20419413000000.000000,11966236246714.359375,0.150551,0.035917,0.018351,0.041872,0.087517,0.097675,,0.092288,0.001841,0.000000,0.298853,0.175135
2009-04-01,70341765761773.726562,11308447927189.689453,2566746265671.939941,1433454765857.780029,3108650988392.859863,6766995500490.919922,6676100000000.000000,,6087640664652.500000,127365686344.570007,0.000000,19990220000000.000000,12276143963173.470703,0.160764,0.036490,0.020378,0.044194,0.096202,0.094909,,0.086544,0.001811,0.000000,0.284187,0.174521
2009-05-01,73500737051685.531250,11969469411681.650391,2700596408153.290039,1678198759040.110107,3309672018346.549805,7732371116430.040039,6701800000000.000000,,6689774925999.280273,151636202884.339996,0.000000,19990220000000.000000,12576998209150.269531,0.162848,0.036742,0.022832,0.045029,0.105201,0.091180,,0.091016,0.002063,0.000000,0.271973,0.171114
2009-06-01,73765098601434.187500,11961625953024.679688,3098643519980.419922,1697383890010.939941,3431720028360.930176,7550542556590.080078,6861700000000.000000,,6336422402858.860352,180187292674.989990,0.000000,19990220000000.000000,12656652957933.289062,0.162158,0.042007,0.023011,0.046522,0.102359,0.093021,,0.085900,0.002443,0.000000,0.270998,0.171581
2009-07-01,76503908704533.000000,12854032161392.539062,3654623622705.810059,1900068075858.889893,3431720028360.930176,8407193331731.469727,7037300000000.000000,,6518224875516.940430,173508431107.200012,0.000000,19677052000000.000000,12850186177859.210938,0.168018,0.047770,0.024836,0.044857,0.109892,0.091986,,0.085201,0.002268,0.000000,0.257203,0.167968
2009-08-01,76916152684201.453125,13328853654391.810547,2769644997519.310059,1821644943223.060059,3496335159235.549805,8868328464540.980469,7216700000000.000000,,6504555535489.500000,191010342874.130005,0.000000,19677052000000.000000,13042027586927.109375,0.173291,0.036009,0.023684,0.045456,0.115299,0.093826,,0.084567,0.002483,0.000000,0.255825,0.169562
2009-09-01,78328774710540.015625,13801461094157.550781,2940436526743.390137,1935340627669.100098,3306082050000.000000,9295717827940.589844,7318300000000.000000,,6889347373830.969727,178507397312.239990,0.000000,19677052000000.000000,12986529812886.179688,0.176199,0.037540,0.024708,0.042208,0.118676,0.093431,,0.087954,0.002279,0.000000,0.251211,0.165795
2009-10-01,78183191158096.312500,13536122167043.419922,3210103757066.439941,2009005448096.340088,3259416099417.620117,9055777134211.580078,7225700000000.000000,,7106006079541.809570,200196695318.809998,0.000000,19453183000000.000000,13127680777400.289062,0.173133,0.041059,0.025696,0.041689,0.115828,0.092420,,0.090889,0.002561,0.000000,0.248815,0.167909
2009-11-01,80895517016238.500000,14370045856149.820312,3436449260472.899902,2015343911749.139893,3069163982342.830078,9466298238511.039062,7538300000000.000000,,8072428586344.049805,198600547578.140015,0.000000,19453183000000.000000,13275703633090.580078,0.177637,0.042480,0.024913,0.037940,0.117019,0.093186,,0.099788,0.002455,0.000000,0.240473,0.164109
2009-12-01,81699434602907.531250,15077285740000.000000,3573152460000.000000,2305142810000.000000,3306082050000.000000,9749255340000.000000,7488100000000.000000,,7485330265303.339844,204793219146.709991,0.000000,19453183000000.000000,13057109718457.470703,0.184546,0.043735,0.028215,0.040466,0.119331,0.091654,,0.091620,0.002507,0.000000,0.238107,0.159819
2010-01-01,79769544683057.609375,14529336633964.429688,3201895076246.640137,2120656582999.649902,3288133861868.509766,9137920151355.160156,7485100000000.000000,,7401947624860.059570,201664033305.679993,0.000000,19345781000000.000000,13057109718457.470703,0.182141,0.040139,0.026585,0.041220,0.114554,0.093834,,0.092792,0.002528,0.000000,0.242521,0.163685
2010-02-01,83736427792496.171875,14982584649531.539062,3279350286772.919922,2171950843641.750000,3259416099417.620117,9087641520409.810547,7651100000000.000000,,7643211810068.540039,186960539411.910004,0.000000,19345781000000.000000,16128431043242.080078,0.178926,0.039163,0.025938,0.038925,0.108527,0.091371,,0.091277,0.002233,0.000000,0.231032,0.192609
2010-03-01,84406795350214.484375,15894716990076.519531,3343245089521.600098,2238415089318.870117,3604024618744.740234,9678873169844.300781,7978500000000.000000,,7609038459999.929688,219817952142.700012,0.000000,19345781000000.000000,14494382980565.820312,0.188311,0.039609,0.026519,0.042698,0.114669,0.094524,,0.090147,0.002604,0.000000,0.229197,0.171721
2010-04-01,85011839689998.890625,16140607054259.179688,3065191776027.390137,2224634317410.419922,3621973137596.479980,9310862433456.589844,8174800000000.000000,,8065593916330.330078,222520088617.089996,0.000000,19257003000000.000000,14928653966301.410156,0.189863,0.036056,0.026169,0.042606,0.109524,0.096161,,0.094876,0.002618,0.000000,0.226521,0.175607
2010-05-01,81843202307546.218750,14858167105608.919922,2771299666418.580078,2083053348092.760010,3237878604380.089844,8216886769086.099609,8273500000000.000000,,8284986656908.719727,199905672165.059998,0.000000,19257003000000.000000,14660521484885.980469,0.181544,0.033861,0.025452,0.039562,0.100398,0.101090,,0.101230,0.002443,0.000000,0.235291,0.179129
2010-06-01,80704666158554.625000,14089385594350.359375,2561258243369.709961,2121394313010.850098,3097881414073.459961,8082152808368.169922,8547200000000.000000,,8512581502089.750000,203625754090.190002,0.000000,19257003000000.000000,14232183529202.130859,0.174580,0.031736,0.026286,0.038385,0.100145,0.105907,,0.105478,0.002523,0.000000,0.238611,0.176349
2010-07-01,82572236945833.234375,15051698420475.769531,2866822096739.919922,2216331767186.700195,3083522863568.270020,9228416775435.410156,8605400000000.000000,,8076529221490.219727,208220466467.230011,0.000000,19108363000000.000000,14126932334469.730469,0.182285,0.034719,0.026841,0.037343,0.111762,0.104217,,0.097812,0.002522,0.000000,0.231414,0.171086
2010-08-01,82107752866929.796875,14374664656747.199219,2901137822832.970215,2164340738662.919922,2907629296998.669922,8806103289412.089844,8983800000000.000000,,8531718911852.299805,213708903210.630005,270977.000000,19108363000000.000000,14116285976236.009766,0.175071,0.035333,0.026360,0.035412,0.107251,0.109415,,0.103909,0.002603,0.000000,0.232723,0.171924
2010-09-01,85652386275789.656250,15661983860702.859375,2933494934390.720215,2356327563843.569824,3018909055574.660156,9797522252685.039062,9067600000000.000000,,8938381777668.710938,208810234643.440002,247275.000000,19108363000000.000000,14560993349005.660156,0.182855,0.034249,0.027510,0.035246,0.114387,0.105865,,0.104356,0.002438,0.000000,0.223092,0.170001
2010-10-01,87541098900868.921875,16260307568756.130859,3377590794408.560059,2434121234692.709961,2947115310887.939941,10276133834532.980469,9066700000000.000000,,9275330508758.980469,225227095027.290009,842840.000000,18840439000000.000000,14838132710964.330078,0.185745,0.038583,0.027805,0.033666,0.117386,0.103571,,0.105954,0.002573,0.000000,0.215218,0.169499
2010-11-01,87141664492989.000000,16260307568756.130859,3134772556687.229980,2424812127617.770020,3144547033935.589844,9473753628122.480469,9234400000000.000000,,9466017969003.859375,230323881316.410004,1321390.000000,18840439000000.000000,14932289406159.529297,0.186596,0.035973,0.027826,0.036085,0.108717,0.105970,,0.108628,0.002643,0.000000,0.216205,0.171356
2010-12-01,90424353396507.921875,17283451680000.000000,4027840300000.000000,2711316160000.000000,3827774200000.000000,9625254970000.000000,9213100000000.000000,,9712749389637.140625,257922936285.709991,1451116.500000,18840439000000.000000,14924503309468.580078,0.191137,0.044544,0.029984,0.042331,0.106445,0.101887,,0.107413,0.002852,0.000000,0.208356,0.165050
2011-01-01,90368013170583.968750,17686153525274.039062,3961208774639.259766,2759796469505.140137,3882276966251.379883,9980154162000.419922,9295100000000.000000,,9116083198025.460938,253122400692.190002,2364727.500000,18509612000000.000000,14924503309468.580078,0.195713,0.043834,0.030540,0.042961,0.110439,0.102858,,0.100877,0.002801,0.000000,0.204825,0.165153
2011-02-01,96884773215220.406250,18300527713233.750000,4171146363239.629883,2746929260922.279785,4045784878743.240234,10291908278147.660156,9389200000000.000000,,9632100784061.410156,243740874063.500000,5536450.000000,18509612000000.000000,19553817526358.941406,0.188890,0.043053,0.028353,0.041759,0.106228,0.096911,,0.099418,0.002516,0.000000,0.191048,0.201825
2011-03-01,94632902177871.437500,18302725582376.140625,4150197669179.350098,2769233771133.520020,3731346139802.419922,10186026010938.509766,9423500000000.000000,,9834406849605.500000,300423416315.919983,4629280.000000,18509612000000.000000,17425426109240.080078,0.193408,0.043856,0.029263,0.039430,0.107637,0.099580,,0.103922,0.003175,0.000000,0.195594,0.184137
2011-04-01,96416697895194.796875,18832798848559.851562,4110836785502.479980,2791984491089.970215,3660072637952.910156,11033069542321.669922,9421800000000.000000,,10634746541350.189453,305645331372.140015,16060149.000000,18394564000000.000000,17231163656896.580078,0.195327,0.042636,0.028957,0.037961,0.114431,0.097720,,0.110300,0.003170,0.000000,0.190782,0.178716
2011-05-01,95819544685492.593750,18621597576507.460938,3864705724865.580078,2787667222148.609863,3622340221037.379883,10719348022400.539062,9708100000000.000000,,10497369840936.449219,293565090416.559998,55002927.000000,18394564000000.000000,17310231984253.019531,0.194340,0.040333,0.029093,0.037804,0.111870,0.101316,,0.109554,0.003064,0.000001,0.191971,0.180655
2011-06-01,94780365901982.859375,18307452865974.691406,3919465894403.600098,2636298899470.020020,3664265128721.299805,10495823519265.449219,9748800000000.000000,,10267725095337.480469,282603086823.690002,116911860.500000,18394564000000.000000,17063250500126.119141,0.193157,0.041353,0.027815,0.038661,0.110738,0.102857,,0.108332,0.002982,0.000001,0.194076,0.180029
2011-07-01,94741915339466.812500,17941221005213.089844,3826748287809.839844,2641260080568.189941,3546874228419.479980,10013485081003.550781,9865200000000.000000,,11128893517066.349609,296834822295.530029,95787870.000000,18303620000000.000000,17177682529220.779297,0.189369,0.040391,0.027878,0.037437,0.105692,0.104127,,0.117465,0.003133,0.000001,0.193195,0.181310
2011-08-01,94075175214275.000000,16954893036951.980469,3665416304665.850098,2416990832709.680176,3249205838814.500000,9084096366359.269531,10240700000000.000000,,12497194120089.210938,277795378608.299988,65257663.000000,18303620000000.000000,17385198078413.220703,0.180227,0.038963,0.025692,0.034538,0.096562,0.108857,,0.132843,0.002953,0.000001,0.194564,0.184801
2011-09-01,89794116986154.625000,15777869874293.880859,3323657738936.339844,2070660115938.350098,3236627980247.049805,7972359550547.009766,10446600000000.000000,,11074899457095.890625,268812410986.640015,39566134.000000,18303620000000.000000,17318970291975.460938,0.175712,0.037014,0.023060,0.036045,0.088785,0.116339,,0.123337,0.002994,0.000000,0.203840,0.192874
2011-10-01,93664291385595.515625,17499978398654.490234,3470388726957.799805,2338132858004.870117,3257590820351.290039,8962530118839.160156,10532400000000.000000,,11784337703933.970703,271412632351.709991,23386865.000000,18135722000000.000000,17411774739637.230469,0.186837,0.037051,0.024963,0.034779,0.095688,0.112448,,0.125815,0.002898,0.000000,0.193625,0.185896
2011-11-01,92932542018312.468750,17428859165977.630859,3246622682659.370117,2117380644093.850098,3102467503133.930176,8705674696700.929688,10680000000000.000000,,11929916508950.359375,285022254552.190002,23149236.000000,18135722000000.000000,17300853413008.210938,0.187543,0.034935,0.022784,0.033384,0.093677,0.114922,,0.128372,0.003067,0.000000,0.195149,0.186166
2011-12-01,90687183273174.671875,15640707040000.000000,3412108290000.000000,2258035200000.000000,3325387760000.000000,8817327850000.000000,10730500000000.000000,,10701726641208.779297,291234070577.130005,35758659.000000,18135722000000.000000,17374398662729.769531,0.172469,0.037625,0.024899,0.036669,0.097228,0.118324,,0.118007,0.003211,0.000000,0.199981,0.191586
2012-01-01,93621014504330.890625,16366044404630.140625,3584507223611.910156,2497638551286.529785,3433237948926.330078,9298312809020.269531,10960500000000.000000,,11877289883568.820312,287360936663.130005,47083894.000000,17941677000000.000000,17374398662729.769531,0.174812,0.038287,0.026678,0.036672,0.099319,0.117073,,0.126866,0.003069,0.000001,0.191642,0.185582
2012-02-01,97270554569306.609375,17076417417311.630859,3831614301252.740234,2655600879414.750000,3806221223725.250000,9802712419145.460938,11044400000000.000000,,11686602423323.939453,295634560075.299988,43554148.000000,17941677000000.000000,19129630790909.550781,0.175556,0.039391,0.027301,0.039130,0.100778,0.113543,,0.120145,0.003039,0.000000,0.184451,0.196664
2012-03-01,96605460067570.406250,17625658332032.640625,3570892188017.850098,2517860466180.990234,3927551987615.009766,9809094281465.630859,10990300000000.000000,,11409114987628.919922,323374325126.669983,42229998.000000,17941677000000.000000,18489894269504.691406,0.182450,0.036964,0.026063,0.040656,0.101538,0.113765,,0.118100,0.003347,0.000000,0.185721,0.191396
2012-04-01,97093892232631.359375,17507999780595.769531,3820006610650.120117,2583837555688.120117,3707357877766.439941,9564341628950.539062,11222600000000.000000,,11368790267685.900391,295872785242.330017,45242465.000000,18116110000000.000000,18906930483587.140625,0.180320,0.039343,0.026612,0.038183,0.098506,0.115585,,0.117091,0.003047,0.000000,0.186583,0.194728
2012-05-01,93830096909340.812500,16456542111315.089844,3828559645831.000000,2281936610565.339844,3302918893012.310059,8419345958714.389648,11451500000000.000000,,10679855196578.689453,287725813398.830017,47217772.000000,18116110000000.000000,19005555462153.160156,0.175387,0.040803,0.024320,0.035201,0.089730,0.122045,,0.113821,0.003066,0.000001,0.193074,0.202553
2012-06-01,95538508083599.062500,17124360516524.339844,3580652539389.229980,2381391608180.700195,3563557625864.669922,9115283105207.119141,11372800000000.000000,,10959393367001.939453,242019971025.429993,62336152.500000,18116110000000.000000,19082877014253.128906,0.179240,0.037479,0.024926,0.037300,0.095410,0.119039,,0.114712,0.002533,0.000001,0.189621,0.199740
2012-07-01,96239726437449.281250,17326936888390.320312,3393460345949.169922,2424918510837.680176,3334375430999.939941,9145080935838.060547,11607900000000.000000,,11007236057097.990234,271005190767.670013,85738315.000000,18345190000000.000000,19383537339253.441406,0.180039,0.035260,0.025197,0.034647,0.095024,0.120614,,0.114373,0.002816,0.000001,0.190620,0.201409
2012-08-01,97701813017166.234375,17761019649253.480469,3207199095113.819824,2386427110448.629883,3311906357004.140137,9572858681945.839844,11723700000000.000000,,11513684938252.669922,294858393924.349976,111298131.000000,18345190000000.000000,19584857493092.300781,0.181788,0.032826,0.024426,0.033898,0.097980,0.119995,,0.117845,0.003018,0.000001,0.187767,0.200455
2012-09-01,99489155696276.312500,18211281381105.148438,3335552806739.830078,2552745817269.180176,3374818397938.870117,9853701457414.570312,11622400000000.000000,,12104883894439.560547,280582933148.530029,125300252.000000,18345190000000.000000,19807873707968.621094,0.183048,0.033527,0.025659,0.033921,0.099043,0.116821,,0.121670,0.002820,0.000001,0.184394,0.199096
2012-10-01,99552058374493.640625,17879867055083.910156,3279856256216.720215,2650914426833.680176,3392794153954.970215,10027876244933.119141,11778300000000.000000,,11738545748566.160156,289646887376.900024,113321184.000000,18510739000000.000000,20003405280344.171875,0.179603,0.032946,0.026628,0.034081,0.100730,0.118313,,0.117914,0.002910,0.000001,0.185940,0.200934
2012-11-01,100045348471335.265625,17981066905086.730469,3112344771279.600098,2698510545476.740234,3568051357860.580078,10276066146101.349609,11954300000000.000000,,11693437093337.660156,272102685427.980011,130762038.750000,18510739000000.000000,19978599204725.871094,0.179729,0.031109,0.026973,0.035664,0.102714,0.119489,,0.116881,0.002720,0.000001,0.185023,0.199695
2012-12-01,100649826995067.968750,18668333210000.000000,3697376040000.000000,2831945860000.000000,3478831520000.000000,9947309510000.000000,11909000000000.000000,,11446705672704.390625,280528792918.059998,144731291.250000,18510739000000.000000,19878912658154.269531,0.185478,0.036735,0.028137,0.034564,0.098831,0.118321,,0.113728,0.002787,0.000001,0.183912,0.197506
2013-01-01,103013318662806.015625,19623970415445.800781,3937614988150.859863,2966014025019.890137,3800504721050.359863,10372980606676.759766,11877600000000.000000,,11349652857923.359375,296325411586.229980,211978798.500000,18909531000000.000000,19878912658154.269531,0.190499,0.038224,0.028793,0.036893,0.100696,0.115302,,0.110177,0.002877,0.000002,0.183564,0.192974
2013-02-01,107134164252587.875000,19874352390556.640625,3917757501739.310059,2877361848825.939941,3935527177260.819824,10020627121450.839844,12111100000000.000000,,10783058546923.820312,272516515000.709991,329246440.000000,18909531000000.000000,24432002904389.789062,0.185509,0.036569,0.026858,0.036735,0.093533,0.113046,,0.100650,0.002544,0.000003,0.176503,0.228051
2013-03-01,110756702133717.296875,20628996709678.199219,3656532634369.770020,2787287394292.430176,4229401712654.470215,10054697434216.500000,12136400000000.000000,3671033215329.669922,10899932071606.689453,283420839886.059998,1015064937.500000,18909531000000.000000,23498454056746.019531,0.186255,0.033014,0.025166,0.038186,0.090782,0.109577,0.033145,0.098413,0.002559,0.000009,0.170730,0.212163
2013-04-01,112036110568982.359375,21025332784670.230469,3586525835411.879883,2841956492611.049805,4745666670935.339844,10511077164490.410156,12281800000000.000000,3690301407373.069824,10062000860476.230469,266709810103.200012,1518538825.000000,19390540000000.000000,23632681004085.949219,0.187666,0.032012,0.025366,0.042358,0.093819,0.109624,0.032938,0.089810,0.002381,0.000014,0.173074,0.210938
2013-05-01,111931632066227.328125,21521737314554.988281,3819715742260.919922,2798852865685.609863,4765522494812.309570,10513123510282.449219,12036600000000.000000,3695669697700.220215,9517961294246.080078,280454421458.669983,1454625820.000000,19390540000000.000000,23590000099406.078125,0.192276,0.034125,0.025005,0.042575,0.093925,0.107535,0.033017,0.085034,0.002506,0.000013,0.173236,0.210754
2013-06-01,108477686951468.015625,21234540773262.730469,3225031652892.689941,2600255839632.000000,4638442148625.940430,10045030467356.650391,11799800000000.000000,3693641605444.500000,8364269496516.129883,275073270409.469971,1078331229.500000,19390540000000.000000,23209983366098.410156,0.195750,0.029730,0.023970,0.042759,0.092600,0.108776,0.034050,0.077106,0.002536,0.000010,0.178751,0.213961
2013-07-01,111701235107277.703125,22331872395932.109375,3213864564593.350098,2735294161555.669922,4613061203660.209961,10810982953758.009766,11922800000000.000000,3664658626380.040039,8969821092869.759766,310654351232.989990,1164850865.000000,19891125000000.000000,23235935906430.550781,0.199925,0.028772,0.024488,0.041298,0.096785,0.106738,0.032808,0.080302,0.002781,0.000010,0.178074,0.208019
2013-08-01,111437370702314.343750,21662087166861.449219,3391028515315.959961,2716258921430.290039,4508127076557.459961,10652363039013.390625,11866500000000.000000,3618749833123.229980,9541882639294.109375,311452420999.719971,1370439708.000000,19891125000000.000000,23276425650010.730469,0.194388,0.030430,0.024375,0.040454,0.095591,0.106486,0.032473,0.085626,0.002795,0.000012,0.178496,0.208875
2013-09-01,113142963383898.500000,22347613274229.429688,3530441259399.350098,2857311776730.509766,4907683227457.559570,11416734313776.759766,12012500000000.000000,3618786377959.899902,9066189773201.169922,302172901130.869995,1490688850.000000,19891125000000.000000,23190914791162.960938,0.197517,0.031203,0.025254,0.043376,0.100905,0.106171,0.031984,0.080130,0.002671,0.000013,0.175805,0.204970
2013-10-01,115190130666203.218750,23382466184581.039062,3478679899985.649902,2900622910794.399902,4911720323417.660156,11894353133037.330078,12122100000000.000000,3603999752326.740234,9046369063299.320312,300270694341.260010,2457364533.750000,20224254000000.000000,23322837339886.070312,0.202990,0.030199,0.025181,0.042640,0.103258,0.105236,0.031287,0.078534,0.002607,0.000021,0.175573,0.202473
2013-11-01,115725029038786.687500,24075461255375.949219,3574259624248.439941,2984982862860.970215,5174054360602.120117,12015850330331.269531,12081400000000.000000,3562700578587.850098,8547438152297.669922,284363625267.289978,13673565982.500000,20224254000000.000000,23186590683232.609375,0.208040,0.030886,0.025794,0.044710,0.103831,0.104397,0.030786,0.073860,0.002457,0.000118,0.174761,0.200359
2013-12-01,115470949108674.000000,24034853520000.000000,3949143490000.000000,3100777150000.000000,4543169140000.000000,12274639650000.000000,12109300000000.000000,3550199613219.240234,8214590056353.570312,303140605116.890015,8716136000.000000,20224254000000.000000,23158165747984.289062,0.208146,0.034200,0.026853,0.039345,0.106301,0.104869,0.030745,0.071140,0.002625,0.000075,0.175146,0.200554
2014-01-01,114066872141243.156250,23187670010330.738281,3732909481659.250000,2931682030211.609863,4252379149494.959961,11713091816842.349609,12221500000000.000000,3576823842345.819824,8475674117153.599609,292694378461.039978,9212566759.500000,20515069000000.000000,23158165747984.289062,0.203281,0.032726,0.025701,0.037280,0.102686,0.107143,0.031357,0.074304,0.002566,0.000081,0.179851,0.203023
2014-02-01,118602487595848.125000,24243073171341.980469,3693113475107.740234,3038322312099.430176,4221589650277.930176,12573151406262.109375,12402200000000.000000,3611227443943.540039,9031333122993.250000,277238001817.719971,7264176221.250000,20515069000000.000000,24988905835783.179688,0.204406,0.031139,0.025618,0.035594,0.106011,0.104569,0.030448,0.076148,0.002338,0.000061,0.172973,0.210695
2014-03-01,117560628505700.500000,24444177226178.171875,3637741433624.029785,2947067330036.930176,4231853023441.790039,12494078392715.699219,12487000000000.000000,3597436299661.209961,8771615662471.849609,296604487863.070007,6284393460.000000,20515069000000.000000,24131701256247.750000,0.207928,0.030944,0.025068,0.035997,0.106278,0.106218,0.030601,0.074614,0.002523,0.000053,0.174506,0.205270
2014-04-01,118379245861400.265625,24614101405441.710938,3658690268418.600098,2944793627607.000000,4098431343272.549805,12824709201179.589844,12437500000000.000000,3636633999112.350098,8854998302915.119141,294884983962.719971,5860865222.000000,20932386000000.000000,24076255864268.628906,0.207926,0.030907,0.024876,0.034621,0.108336,0.105065,0.030720,0.074802,0.002491,0.000050,0.176825,0.203382
2014-05-01,118924399267130.703125,25185319674384.468750,3654961511416.330078,3070876793713.680176,4221589650277.930176,12924324724450.849609,12431000000000.000000,3681067550402.549805,8513264802229.070312,305020996874.010010,7975705762.500000,20932386000000.000000,23996611857619.308594,0.211776,0.030733,0.025822,0.035498,0.108677,0.104529,0.030953,0.071586,0.002565,0.000067,0.176014,0.201780
2014-06-01,120018824470814.609375,25705254541991.339844,3669639254888.910156,3085387952399.080078,4454221456599.589844,12912859786491.150391,12508200000000.000000,3683242991439.709961,9034067157860.800781,306182716550.510010,7760224700.000000,20932386000000.000000,23719622387893.519531,0.214177,0.030576,0.025708,0.037113,0.107590,0.104219,0.030689,0.075272,0.002551,0.000065,0.174409,0.197633
2014-07-01,120018200752785.281250,25359836067000.671875,3983414156629.959961,3293752121891.950195,4547422672860.190430,12354992476216.759766,12559800000000.000000,3661855783586.970215,8757263022305.099609,307029693570.190002,7760941168.000000,21317156000000.000000,23867917817555.500000,0.211300,0.033190,0.027444,0.037889,0.102943,0.104649,0.030511,0.072966,0.002558,0.000065,0.177616,0.198869
2014-08-01,121322024971564.234375,26360626533421.398438,3963143277653.979980,3291784524772.009766,4502225435943.339844,12445460068353.320312,12665500000000.000000,3687188956723.750000,8788019037366.839844,288732240666.929993,6617521125.000000,21317156000000.000000,24005571375537.671875,0.217278,0.032666,0.027133,0.037110,0.102582,0.104396,0.030392,0.072435,0.002380,0.000055,0.175707,0.197867
2014-09-01,120187790238694.968750,25996952228997.718750,4154157329543.009766,3051097141683.490234,4703870495734.879883,11950759701735.640625,12695600000000.000000,3729409937422.740234,8273368051609.509766,272675727770.489990,5000907909.000000,21317156000000.000000,24037742716288.500000,0.216303,0.034564,0.025386,0.039138,0.099434,0.105631,0.031030,0.068837,0.002269,0.000042,0.177365,0.200002
2014-10-01,121181526213439.750000,26609203115912.390625,4251325347243.080078,3192799734002.850098,4738635954942.259766,11723515921369.669922,12855200000000.000000,3790879814491.379883,8004081886206.839844,250538485817.290009,4507975322.000000,21572813000000.000000,24188024978131.988281,0.219581,0.035082,0.026347,0.039104,0.096743,0.106082,0.031283,0.066050,0.002067,0.000037,0.178021,0.199602
2014-11-01,122948703587573.828125,27340195519517.390625,4760639655962.280273,3191387959682.640137,5009812553423.129883,11965911228041.500000,12916200000000.000000,3838448035691.589844,8032103866401.030273,218826552757.730011,5092606030.500000,21572813000000.000000,24097272610066.031250,0.222371,0.038721,0.025957,0.040747,0.097324,0.105054,0.031220,0.065329,0.001780,0.000041,0.175462,0.195995
2014-12-01,122220239413863.453125,26330589190000.000000,6004947670000.000000,3233030590000.000000,4377994370000.000000,11257442130000.000000,13049800000000.000000,4195945497778.620117,8091565996106.589844,182901178404.609985,4317552332.500000,21572813000000.000000,23918892239241.121094,0.215436,0.049132,0.026452,0.035821,0.092108,0.106773,0.034331,0.066205,0.001496,0.000035,0.176508,0.195703
2015-01-01,118738016736374.578125,25550435252704.199219,5836169982361.679688,3356573341678.390137,439317432072.780029,11315433506393.750000,13264800000000.000000,4273656831553.029785,8738125612542.549805,137502463572.079987,3254074255.000000,21903856000000.000000,23918892239241.121094,0.215183,0.049152,0.028269,0.003700,0.095297,0.111715,0.035992,0.073592,0.001158,0.000027,0.184472,0.201443
2015-02-01,122627816921336.687500,26986485388566.148438,6071442544318.240234,3399886467926.700195,473624869579.030029,12004928579835.640625,13146700000000.000000,4331118683005.120117,8287720691776.269531,146947379564.589996,3329593393.500000,21903856000000.000000,25871776723371.429688,0.220068,0.049511,0.027725,0.003862,0.097897,0.107208,0.035319,0.067584,0.001198,0.000027,0.178621,0.210978
2015-03-01,122215812662856.812500,26562645463379.230469,6884335160696.269531,3410515055523.189941,482733151477.070007,11712246354636.000000,13338400000000.000000,4262821522971.919922,8086097926371.490234,150762796808.850006,3464141792.750000,21903856000000.000000,25417935089200.070312,0.217342,0.056329,0.027906,0.003950,0.095832,0.109138,0.034879,0.066162,0.001234,0.000028,0.179223,0.207976
2015-04-01,125749393023412.234375,26823857634444.281250,8071641670724.620117,3853196317432.270020,497913373040.820007,12209079059966.699219,13266600000000.000000,4351449566077.839844,8081313991086.009766,163367752940.329987,3183046960.000000,22345942000000.000000,26081848610739.371094,0.213312,0.064188,0.030642,0.003960,0.097091,0.105500,0.034604,0.064265,0.001299,0.000025,0.177702,0.207411
2015-05-01,126582646552935.500000,27168706190612.121094,8226178953385.000000,3756115089373.560059,522808955363.890015,12243641585017.890625,13157100000000.000000,4314155796197.700195,8129156681182.059570,177795136872.399994,3348352896.000000,22345942000000.000000,26537697812034.878906,0.214632,0.064987,0.029673,0.004130,0.096724,0.103941,0.034082,0.064220,0.001405,0.000026,0.176532,0.209647
2015-06-01,124909672263577.531250,26616857877855.730469,7601113540134.870117,3595297914165.149902,510361198056.849976,11842938297339.269531,13137400000000.000000,4296990211869.549805,8006815921074.389648,177667194379.079987,3597967785.500000,22345942000000.000000,26774690140917.140625,0.213089,0.060853,0.028783,0.004086,0.094812,0.105175,0.034401,0.064101,0.001422,0.000029,0.178897,0.214352
2015-07-01,125059140230983.968750,27218112270775.230469,6485841727840.990234,3374272941454.939941,597546517934.859985,12158868562445.679688,13325700000000.000000,4390001025812.890137,7483280364885.400391,162644252527.970001,4243447956.000000,22784420000000.000000,27074209119350.011719,0.217642,0.051862,0.026981,0.004778,0.097225,0.106555,0.035103,0.059838,0.001301,0.000034,0.182189,0.216491
2015-08-01,121023462947920.406250,25559165415721.589844,5720870283345.780273,2968080167548.870117,552916674662.520020,11305420624101.689453,13304800000000.000000,4413781305901.330078,7734112420664.849609,133132483565.429993,3369113768.000000,22784420000000.000000,26543394458640.351562,0.211192,0.047271,0.024525,0.004569,0.093415,0.109936,0.036470,0.063906,0.001100,0.000028,0.188264,0.219324
2015-09-01,119424066750677.875000,24907003259706.898438,5442876506455.400391,2855183926435.080078,512182739331.169983,10839647970645.400391,13394200000000.000000,4410737947411.299805,7624074400306.000000,135975228617.339996,3493528968.000000,22784420000000.000000,26514271242801.281250,0.208559,0.045576,0.023908,0.004289,0.090766,0.112157,0.036933,0.063840,0.001139,0.000029,0.190786,0.222018
2015-10-01,123647192311182.125000,27025581335991.878906,6005576422964.419922,3100860737999.779785,565668005254.689941,11478831962721.199219,13215800000000.000000,4456406664061.230469,7801775820662.750000,140158308031.579987,4841704036.750000,23111123000000.000000,26740568349457.851562,0.218570,0.048570,0.025078,0.004575,0.092835,0.106883,0.036041,0.063097,0.001134,0.000039,0.186912,0.216265
2015-11-01,123109503384848.062500,27124362656068.320312,6060515837396.019531,3012708358143.910156,574168971309.969971,11335567039383.310547,13545900000000.000000,4447109604443.099609,7284391634348.179688,123543772571.779999,5323778694.170000,23111123000000.000000,26484788732489.289062,0.220327,0.049229,0.024472,0.004664,0.092077,0.110031,0.036123,0.059170,0.001004,0.000043,0.187728,0.215132
2015-12-01,122952685917497.546875,25067539600000.000000,8188019320000.000000,3184874220000.000000,4894919120000.000000,6839119130000.000000,13578800000000.000000,4600541886625.570312,7246800949272.709961,115101737025.779999,6378473325.000000,23111123000000.000000,26119468481248.480469,0.203880,0.066595,0.025903,0.039811,0.055624,0.110439,0.037417,0.058940,0.000936,0.000052,0.187968,0.212435
2016-01-01,119651595476397.984375,23819509303815.191406,6465462835287.799805,2860595156630.240234,4549902206799.259766,6459320516642.580078,13659500000000.000000,4598908054866.969727,7630225770180.410156,90314446350.800003,5796704576.250000,23392592000000.000000,26119468481248.480469,0.199074,0.054036,0.023908,0.038026,0.053984,0.114161,0.038436,0.063770,0.000755,0.000048,0.195506,0.218296
2016-02-01,123383825848170.968750,23799831954604.871094,6314869995368.639648,2777584194464.720215,4109391204890.100098,6250911402239.339844,13976400000000.000000,4622655861988.790039,8433299496792.650391,89168126347.500000,6678828832.500000,23392592000000.000000,29610442782641.851562,0.192893,0.051181,0.022512,0.033306,0.050662,0.113276,0.037466,0.068350,0.000723,0.000054,0.189592,0.239986
2016-03-01,127473506054712.859375,25400762792222.570312,7062391609085.709961,3019529283894.950195,4303462942537.850098,6690166773229.639648,14128600000000.000000,4666925267165.799805,8435349397210.580078,114405178194.009995,6329547198.000000,23392592000000.000000,30252991263973.750000,0.199263,0.055403,0.023688,0.033760,0.052483,0.110836,0.036611,0.066173,0.000897,0.000050,0.183509,0.237328
2016-04-01,128445179589926.640625,25500865171102.160156,6927775392229.959961,3061726797386.509766,4278818603910.390137,6874933987012.740234,13856100000000.000000,4635891017845.540039,8811256247965.250000,119795475017.949997,6931908845.250000,23921234000000.000000,30449850988610.871094,0.198535,0.053936,0.023837,0.033312,0.053524,0.107876,0.036092,0.068599,0.000933,0.000054,0.186237,0.237065
2016-05-01,128127198562111.562500,25934672636470.699219,6955888103966.549805,3025108688746.220215,4402039119329.629883,6840463355545.940430,14000200000000.000000,4644350686796.139648,8302757466392.639648,139669481618.980011,7868517945.000000,23921234000000.000000,29952946505299.761719,0.202413,0.054289,0.023610,0.034357,0.053388,0.109268,0.036248,0.064801,0.001090,0.000061,0.186699,0.233775
2016-06-01,127988735718246.593750,26024820329162.480469,6921564699473.169922,3022097297513.660156,3989251599836.180176,6561721274498.190430,14285300000000.000000,4672327834887.879883,9010829112952.089844,141381412364.119995,9894392077.900000,23921234000000.000000,29428313765480.921875,0.203337,0.054079,0.023612,0.031169,0.051268,0.111614,0.036506,0.070403,0.001105,0.000077,0.186901,0.229929
2016-07-01,130576590769014.203125,26973980247539.750000,7031316199390.940430,3181527031253.250000,4228107537705.290039,6789539314375.240234,14232200000000.000000,4708388271839.240234,9219969848509.900391,133938349022.020004,10368336959.250000,24425507000000.000000,29641748632419.308594,0.206576,0.053848,0.024365,0.032380,0.051997,0.108995,0.036058,0.070610,0.001026,0.000079,0.187059,0.227007
2016-08-01,131021638862476.406250,27006276087354.781250,7303138250577.000000,3339287144554.529785,4253312764544.319824,6835946253256.070312,14378000000000.000000,4724177811460.330078,8932230407794.300781,139858827530.640015,9124641111.250000,24425507000000.000000,29674779674293.171875,0.206121,0.055740,0.025487,0.032463,0.052174,0.109738,0.036056,0.068174,0.001067,0.000070,0.186423,0.226488
2016-09-01,131330289135847.234375,27007842243720.500000,7139619269195.820312,3385832710727.810059,4262764540590.520020,6889855484049.780273,14427100000000.000000,4739255387342.879883,8975972462744.169922,134094810205.160004,9568571407.000000,24425507000000.000000,29932876655863.589844,0.205648,0.054364,0.025781,0.032458,0.052462,0.109854,0.036087,0.068347,0.001021,0.000073,0.185985,0.227921
2016-10-01,130640156974250.828125,26539615034177.718750,7321770328847.389648,3333133506084.310059,4502210515192.440430,6646669355646.370117,14392800000000.000000,4752071392643.769531,8690282922446.509766,147841549715.929993,10906559001.250000,24827173000000.000000,29475682810495.140625,0.203151,0.056045,0.025514,0.034463,0.050878,0.110171,0.036375,0.066521,0.001132,0.000083,0.190042,0.225625
2016-11-01,130632126719803.468750,27517287029982.191406,7764463241533.099609,3312093790659.700195,4738505210776.780273,6491142756719.190430,14219400000000.000000,4677981761342.049805,8002031985788.900391,132979878528.119995,11915306137.260000,24827173000000.000000,28937152758336.171875,0.210647,0.059438,0.025354,0.036274,0.049690,0.108851,0.035810,0.061256,0.001018,0.000091,0.190054,0.221516
2016-12-01,130808094963426.171875,27352200720000.000000,7320738379789.179688,3193235542860.089844,4955299652289.150391,6788719477254.490234,14091400000000.000000,5695935175043.110352,7859870515779.379883,162343107381.339996,15659204820.000000,24827173000000.000000,28545520188209.421875,0.209102,0.055965,0.024412,0.037882,0.051898,0.107726,0.043544,0.060087,0.001241,0.000120,0.189798,0.218224
2017-01-01,132758838125119.000000,27841657081398.980469,7492981680560.759766,3390662278843.040039,4971221806415.660156,6989804118557.540039,14145500000000.000000,5704011999829.280273,8260382011721.379883,159411032307.929993,14717927275.000000,25242968000000.000000,28545520188209.421875,0.209716,0.056441,0.025540,0.037446,0.052650,0.106550,0.042965,0.062221,0.001201,0.000111,0.190142,0.215018
2017-02-01,135469092513981.281250,28935598178523.980469,7636407182037.860352,3445809673110.450195,5018991542509.099609,7030873205035.940430,14194600000000.000000,5717130273089.759766,8561107492325.110352,148259493094.690002,19314501846.099998,25242968000000.000000,29518032972408.289062,0.213596,0.056370,0.025436,0.037049,0.051900,0.104781,0.042202,0.063196,0.001094,0.000143,0.186337,0.217895
2017-03-01,137053555268521.671875,28971770322538.769531,7643572927986.750000,3499637453322.220215,4983960720158.290039,7342359069662.040039,14257800000000.000000,5701284970225.700195,8524884241838.570312,156010298327.350006,16610507673.120001,25242968000000.000000,30712696756788.859375,0.211390,0.055771,0.025535,0.036365,0.053573,0.104031,0.041599,0.062201,0.001138,0.000121,0.184183,0.224093
2017-04-01,138479858866964.093750,29259343431901.851562,7607523033243.860352,3572723094251.939941,5050838231644.969727,7628536781733.650391,14150600000000.000000,5658379919995.610352,8653375537510.349609,151178298299.119995,21908914091.250000,25757233000000.000000,30968218624291.488281,0.211290,0.054936,0.025800,0.036473,0.055088,0.102185,0.040861,0.062488,0.001092,0.000158,0.186000,0.223630
2017-05-01,140334481900659.093750,29672277950842.910156,7725027996905.830078,3724473324471.240234,5165484884004.389648,8002987998880.240234,14358800000000.000000,5619539146102.679688,8693700257453.370117,153139719914.049988,37918064511.250000,25757233000000.000000,31423899557573.121094,0.211440,0.055047,0.026540,0.036808,0.057028,0.102318,0.040044,0.061950,0.001091,0.000270,0.183542,0.223921
2017-06-01,141004289996612.093750,29861439441136.320312,8109678162162.540039,3739558029762.100098,5318347682371.000000,7961889333845.169922,14339400000000.000000,5644952895902.709961,8479774752299.769531,139800526602.230011,41252222362.500000,25757233000000.000000,31610963950167.730469,0.211777,0.057514,0.026521,0.037718,0.056466,0.101695,0.040034,0.060138,0.000991,0.000293,0.182670,0.224184
2017-07-01,143428309597207.875000,30475220430915.410156,8266860126541.530273,3965896078114.319824,5342591022093.330078,8187145571662.490234,14388500000000.000000,5642484101615.780273,8656792872517.209961,147055699599.269989,44162760982.500000,26261646000000.000000,32049954933166.050781,0.212477,0.057638,0.027651,0.037249,0.057082,0.100318,0.039340,0.060356,0.001025,0.000308,0.183099,0.223456
2017-08-01,145116893830649.437500,30564135829747.101562,8453125288213.099609,4059703770223.319824,5342591022093.330078,8192923003244.900391,14528400000000.000000,5653338471521.299805,8995792338335.720703,154596715757.959991,76505657016.250000,26261646000000.000000,32834135734496.468750,0.210617,0.058250,0.027975,0.036816,0.056457,0.100115,0.038957,0.061990,0.001065,0.000527,0.180969,0.226260
2017-09-01,145742349793642.093750,31179988208376.449219,8484995164485.809570,3999324127486.509766,5572344432424.870117,8455937747584.839844,14424700000000.000000,5652258247731.980469,8758629622583.719727,160439154092.480011,69416818971.250000,26261646000000.000000,32722670269904.160156,0.213939,0.058219,0.027441,0.038234,0.058020,0.098974,0.038783,0.060097,0.001101,0.000476,0.180192,0.224524
2017-10-01,147920736599244.437500,31914716136846.968750,8861462224800.880859,4099652782457.379883,5876527217064.769531,8495078312168.080078,14558500000000.000000,5621596946153.280273,8659526907384.759766,167885375693.000000,98396993625.000000,26664700000000.000000,32902693703050.328125,0.215756,0.059907,0.027715,0.039728,0.057430,0.098421,0.038004,0.058542,0.001135,0.000665,0.180263,0.222435
2017-11-01,149552615228366.593750,32890209872591.980469,8860091001810.660156,4234898907261.950195,5973605930020.690430,8490729524873.030273,14691600000000.000000,5617533073940.240234,8701901527745.709961,182533881048.750000,161610111562.500000,26664700000000.000000,33083201397511.070312,0.219924,0.059244,0.028317,0.039943,0.056774,0.098237,0.037562,0.058186,0.001221,0.001081,0.178296,0.221214
2017-12-01,151389352019799.500000,32120702650000.000000,8711267220000.000000,4350514610000.000000,6222825210000.000000,8686977244396.870117,14625300000000.000000,6758120461342.349609,8928129772648.119141,190202354857.880005,235466955156.250000,26664700000000.000000,33895145541398.039062,0.212173,0.057542,0.028737,0.041105,0.057382,0.096607,0.044641,0.058975,0.001256,0.001555,0.176133,0.223894
2018-01-01,155506770010370.062500,33931005001751.000000,9240856768671.119141,4782105932511.480469,6296034270251.910156,9176030791346.580078,14591300000000.000000,6786478224795.959961,9151623148372.689453,202010908058.790009,165991423212.500000,27288188000000.000000,33895145541398.039062,0.218196,0.059424,0.030752,0.040487,0.059007,0.093831,0.043641,0.058850,0.001299,0.001067,0.175479,0.217966
2018-02-01,156827684154234.062500,32697259713124.859375,8695685336115.410156,4485100890510.669922,6063094626272.379883,8612076077528.129883,14680100000000.000000,6835966234788.049805,8991008403050.240234,178159449784.429993,181410816750.000000,27288188000000.000000,38119634606309.890625,0.208492,0.055447,0.028599,0.038661,0.054914,0.093607,0.043589,0.057330,0.001136,0.001157,0.174001,0.243067
2018-03-01,156129047078081.375000,31801009298138.031250,8425239157291.889648,4375849293301.750000,5939968572670.719727,8581822915160.480469,14924700000000.000000,6870996298976.910156,9040901827874.529297,199466268607.660004,127076460462.500000,27288188000000.000000,38553828985596.890625,0.203684,0.053963,0.028027,0.038045,0.054966,0.095592,0.044008,0.057907,0.001278,0.000814,0.174780,0.246936
2018-04-01,156931980305519.718750,31965371369496.269531,8119177243875.009766,4479826689183.440430,6152941664148.519531,8766297906487.349609,14807300000000.000000,6941798980462.339844,8995792338335.720703,205406620567.149994,149322464431.250000,27676651000000.000000,38672094028532.656250,0.203689,0.051737,0.028546,0.039208,0.055860,0.094355,0.044234,0.057323,0.001309,0.000952,0.176361,0.246426
2018-05-01,157518464998167.437500,32742422056427.511719,8217509520816.599609,4430403807401.709961,6046454200266.490234,8553780618131.379883,14954000000000.000000,6928824684888.059570,8885754317976.869141,227080877552.149994,127083734400.000000,27676651000000.000000,38728500180306.648438,0.207864,0.052169,0.028126,0.038386,0.054303,0.094935,0.043987,0.056411,0.001442,0.000807,0.175704,0.245866
2018-06-01,155520001708096.750000,32930715933275.980469,7587750718601.679688,4210334341898.870117,5996539655298.410156,8447845369826.980469,14907700000000.000000,6972504764788.599609,8552222921893.459961,214927647753.179993,104698806468.750000,27676651000000.000000,37918110548290.851562,0.211746,0.048790,0.027073,0.038558,0.054320,0.095857,0.044833,0.054991,0.001382,0.000673,0.177962,0.243815
2018-07-01,156761198917508.406250,34150680142778.789062,7602187193546.080078,4156227698968.649902,6075626055744.120117,8735310024462.200195,15034200000000.000000,7007226645171.309570,8363585362066.509766,227620770324.910004,139922204581.250000,28114139000000.000000,37154473819864.593750,0.217852,0.048495,0.026513,0.038757,0.055724,0.095905,0.044700,0.053352,0.001452,0.000893,0.179344,0.237013
2018-08-01,157257682714947.687500,35240771680738.156250,7206351153004.950195,4055247092296.209961,6011280749225.419922,8488483712586.690430,15306900000000.000000,7009759576327.639648,8203654751193.679688,221137762496.529999,121480624650.000000,28114139000000.000000,37278476612428.421875,0.224096,0.045825,0.025787,0.038226,0.053978,0.097336,0.044575,0.052167,0.001406,0.000772,0.178778,0.237053
2018-09-01,157753309216268.625000,35450283511853.968750,7431888656776.910156,4040701645353.370117,6353330073853.299805,8494227342525.849609,15060200000000.000000,7026378691404.519531,8143509321348.809570,224077957364.160004,114583065631.250000,28114139000000.000000,37299989950156.500000,0.224720,0.047111,0.025614,0.040274,0.053845,0.095467,0.044540,0.051622,0.001420,0.000726,0.178216,0.236445
2018-10-01,152206425135740.156250,33000529441396.089844,6815874761844.379883,3632272390767.350098,5750509738731.450195,7823390292487.500000,15016500000000.000000,7062027064520.969727,8285670791358.330078,235577507043.959991,108689326200.000000,27675514000000.000000,36799869821390.140625,0.216814,0.044780,0.023864,0.037781,0.051400,0.098659,0.046398,0.054437,0.001548,0.000714,0.181829,0.241776
2018-11-01,153861806496635.125000,33612662283727.921875,6856655642413.339844,3854320782275.680176,5825014604981.089844,7770510596245.629883,15431400000000.000000,7089829611794.700195,8339664017018.490234,183447136553.760010,72489548218.750000,27675514000000.000000,37150298273405.773438,0.218460,0.044564,0.025051,0.037859,0.050503,0.100294,0.046079,0.054202,0.001192,0.000471,0.179873,0.241452
2018-12-01,150112496291824.437500,30436313050000.000000,6324879760000.000000,3819215400000.000000,5296811100000.000000,6285974476659.360352,15609400000000.000000,7862903783640.089844,8736759012263.929688,165988463712.160004,66276770656.250000,27675514000000.000000,37832460474892.648438,0.202757,0.042134,0.025442,0.035286,0.041875,0.103985,0.052380,0.058201,0.001106,0.000442,0.184365,0.252027
2019-01-01,154287658559716.500000,32873215555069.730469,6726097283313.839844,4129055032336.060059,5550181183726.639648,6706161772429.790039,15735600000000.000000,7871738127229.129883,9019713683383.750000,170851505309.899994,59192942025.000000,27613391000000.000000,37832460474892.648438,0.213064,0.043595,0.026762,0.035973,0.043465,0.101989,0.051020,0.058460,0.001107,0.000384,0.178973,0.245207
2019-02-01,159837721935535.343750,33938823135654.089844,7708741980951.360352,4231121003456.299805,5690561345495.169922,6918192945238.620117,15784500000000.000000,7852855221083.309570,8972555127737.310547,167293697333.220001,66867648156.250000,27613391000000.000000,40892818830429.726562,0.212333,0.048229,0.026471,0.035602,0.043283,0.098753,0.049130,0.056135,0.001047,0.000418,0.172759,0.255840
2019-03-01,161319666699669.812500,34553144453370.261719,8135148519369.040039,4292915358058.569824,5687137333455.879883,6970903632281.219727,16120300000000.000000,7881045550023.309570,8837228327741.509766,191324730359.079987,71823591675.000000,27613391000000.000000,40965304203335.960938,0.214191,0.050429,0.026611,0.035254,0.043212,0.099928,0.048854,0.054781,0.001186,0.000445,0.171172,0.253939
2019-04-01,165339624756347.812500,35964719704661.062500,8221009657592.080078,4388633285997.439941,5783007814052.160156,7243966998556.290039,16100300000000.000000,7823384452682.139648,8767515027325.679688,203439591041.670013,91449300937.500000,28639268000000.000000,42112930923501.781250,0.217520,0.049722,0.026543,0.034977,0.043813,0.097377,0.047317,0.053027,0.001230,0.000553,0.173215,0.254706
2019-05-01,161161733752431.125000,33671200419456.988281,7625590920249.910156,3975170326732.700195,5413223796328.120117,6833071713764.990234,16418200000000.000000,7887384705419.469727,8924712437641.269531,205075113035.290009,151171884656.250000,28639268000000.000000,41417664435146.117188,0.208928,0.047316,0.024666,0.033589,0.042399,0.101874,0.048941,0.055377,0.001272,0.000938,0.177705,0.256994
2019-06-01,165985021088431.156250,36014264735698.382812,8036934469652.200195,4217738883965.930176,5563876613049.169922,7267266709751.580078,16312800000000.000000,7901343985436.929688,9634833984618.650391,180212418325.200012,216519644050.000000,28639268000000.000000,41999961643883.117188,0.216973,0.048420,0.025410,0.033520,0.043783,0.098279,0.047603,0.058046,0.001086,0.001304,0.172541,0.253035
2019-07-01,166879413921377.750000,36558785284444.312500,8057459630416.549805,4104714276810.379883,5611094314587.219727,7077974610715.309570,16498500000000.000000,7936884259384.969727,9746922739705.740234,191945844851.500000,168668461050.000000,28674393000000.000000,42252071499411.781250,0.219073,0.048283,0.024597,0.033624,0.042414,0.098865,0.047561,0.058407,0.001150,0.001011,0.171827,0.253189
2019-08-01,165299474852582.812500,35946665088861.906250,7982312752162.620117,3801339864538.240234,5425805942141.040039,6961485557068.049805,16984400000000.000000,7970738294688.030273,10382547050981.810547,180109384912.959991,171441343446.570007,28674393000000.000000,40818236573781.609375,0.217464,0.048290,0.022997,0.032824,0.042114,0.102749,0.048220,0.062811,0.001090,0.001037,0.173469,0.246935
2019-09-01,166579047840503.562500,36646113815949.906250,8013699231366.250000,3855651060986.089844,5743943258839.370117,7139013139067.679688,17134100000000.000000,7984698104469.429688,10017575505387.039062,181180851857.459991,143284481100.000000,28674393000000.000000,41045395391480.343750,0.219992,0.048107,0.023146,0.034482,0.042857,0.102859,0.047933,0.060137,0.001088,0.000860,0.172137,0.246402
2019-10-01,169257761715036.312500,37456164244805.492188,8165421555869.990234,3976002398044.000000,6027118275124.919922,7413334613728.660156,17279000000000.000000,7955092776025.580078,10329920425600.279297,176701413089.850006,168265904187.500000,28528131000000.000000,41782609108560.046875,0.221297,0.048243,0.023491,0.035609,0.043799,0.102087,0.047000,0.061031,0.001044,0.000994,0.168548,0.246858
2019-11-01,170534318007558.312500,38812013830723.109375,8043405042339.429688,3893217219137.049805,6142486997422.629883,7509213115343.870117,17247400000000.000000,8010055785581.969727,10016892205247.730469,182252976856.920013,129465370187.500000,28528131000000.000000,42019784464718.117188,0.227591,0.047166,0.022830,0.036019,0.044033,0.101137,0.046970,0.058738,0.001069,0.000759,0.167287,0.246401
2019-12-01,166286631796594.000000,34085727370000.000000,8569512150000.000000,4899234580000.000000,6191073290000.000000,4729913030000.000000,17296800000000.000000,8654708926673.870117,10385281085849.359375,200096808676.649994,130827838250.000000,28528131000000.000000,42615325717144.101562,0.204982,0.051535,0.029463,0.037231,0.028444,0.104018,0.052047,0.062454,0.001203,0.000787,0.171560,0.256276
2020-01-01,167255938419490.906250,34071950499101.410156,8375637653209.509766,4573000860136.219727,6066069624710.919922,4583819963328.419922,17606500000000.000000,8723167086539.339844,10818599331581.349609,176467375464.630005,169761308275.000000,29475639000000.000000,42615325717144.101562,0.203711,0.050077,0.027341,0.036268,0.027406,0.105267,0.052155,0.064683,0.001055,0.001015,0.176231,0.254791
2020-02-01,165115375108316.812500,31374623295298.449219,8242071763912.209961,4541248329551.290039,5437588449838.480469,4218985314744.279785,18001700000000.000000,8807293555130.589844,10690107201599.269531,146632783828.730011,156689229525.000000,29475639000000.000000,44022796184888.523438,0.190016,0.049917,0.027503,0.032932,0.025552,0.109025,0.053340,0.064743,0.000888,0.000949,0.178515,0.266618
2020-03-01,158315083328595.375000,27456841628331.750000,7710966930181.759766,4102164358352.049805,5114665848654.330078,3516399955829.459961,18697700000000.000000,8896042064180.099609,10822016666588.210938,86470074930.000000,117445233500.000000,29475639000000.000000,42318731568047.718750,0.173432,0.048706,0.025911,0.032307,0.022211,0.118104,0.056192,0.068357,0.000546,0.000742,0.186183,0.267307
2020-04-01,166692540754346.125000,30943413634100.320312,8184608099401.700195,4282930055705.950195,5323003446900.549805,3743081282874.000000,20176700000000.000000,9130154539806.939453,11510950903385.119141,43837159904.400002,142330356000.000000,30034419000000.000000,43177112276267.140625,0.185632,0.049100,0.025694,0.031933,0.022455,0.121041,0.054772,0.069055,0.000263,0.000854,0.180179,0.259022
2020-05-01,169683346694642.750000,32417705877249.250000,8089302509481.809570,3990586339942.959961,5694536843122.769531,3961635786737.169922,20734500000000.000000,8946518626047.720703,11972291129311.300781,77560203020.410004,175756455487.500000,30034419000000.000000,43588533924241.828125,0.191048,0.047673,0.023518,0.033560,0.023347,0.122195,0.052725,0.070557,0.000457,0.001036,0.177003,0.256882
2020-06-01,173646136476681.500000,32992620102541.789062,8710462339833.230469,4245320773010.089844,5666757841080.259766,4117426368620.950195,21529000000000.000000,8809604008098.980469,12305823359705.019531,106158110653.710007,167904221334.380005,30034419000000.000000,44960640351803.117188,0.189999,0.050162,0.024448,0.032634,0.023712,0.123982,0.050733,0.070867,0.000611,0.000967,0.172963,0.258921
2020-07-01,180448005857858.062500,34935624526200.250000,9821433493269.390625,4274546149342.919922,5466374837144.019531,4267953566854.509766,21809300000000.000000,8792273625423.440430,13415090636656.089844,119906740623.839996,203041252800.000000,31210795000000.000000,46131666029543.601562,0.193605,0.054428,0.023689,0.030293,0.023652,0.120862,0.048725,0.074343,0.000664,0.001125,0.172963,0.255651
2020-08-01,185428644551216.937500,37374013379909.789062,10074905361807.410156,4375642842164.830078,5884684345664.769531,4452022713964.120117,21802400000000.000000,8700708666831.059570,13523077922286.710938,123866851704.550003,216575672000.000000,31210795000000.000000,47689951794883.703125,0.201555,0.054333,0.023597,0.031736,0.024009,0.117578,0.046922,0.072929,0.000668,0.001168,0.168317,0.257188
2020-09-01,183632611960510.406250,35974601771234.687500,9596243704970.980469,4077063216292.310059,5976854258207.780273,4313256616364.859863,21979400000000.000000,8716017332251.669922,12955117011008.539062,112650657771.429993,198743609643.750000,31210795000000.000000,48521868782764.367188,0.195905,0.052258,0.022202,0.032548,0.023489,0.119692,0.047464,0.070549,0.000613,0.001082,0.169963,0.264233
2020-10-01,184332519419153.062500,35077619421847.230469,9822019216824.640625,4189746461597.950195,5817329669613.139648,4079618658427.359863,21703100000000.000000,8734864002868.419922,12848496325656.539062,113853552968.179993,256898193278.119995,32257641000000.000000,49431332916071.453125,0.190295,0.053284,0.022729,0.031559,0.022132,0.117739,0.047386,0.069703,0.000618,0.001394,0.174997,0.268164
2020-11-01,191368571355507.937500,38893258173691.968750,10376197374892.589844,4578016472121.330078,6444793010443.129883,4748448646773.089844,22176200000000.000000,8722227135503.580078,12136323209640.609375,116776529202.479996,335637162062.500000,32257641000000.000000,50583052641176.640625,0.203237,0.054221,0.023923,0.033677,0.024813,0.115882,0.045578,0.063419,0.000610,0.001754,0.168563,0.264323
2020-12-01,201606789756563.312500,41569861770000.000000,12276766270000.000000,6130420430000.000000,6718219550000.000000,5044886370000.000000,22414700000000.000000,10352774519991.769531,12952382976140.980469,141226425501.739990,518998559118.750000,32257641000000.000000,51228911885810.062500,0.206193,0.060895,0.030408,0.033323,0.025023,0.111180,0.051351,0.064246,0.000701,0.002574,0.160003,0.254103
2021-01-01,202850418835061.687500,41146245523684.742188,12608156906713.919922,6367382987613.610352,6728969986486.759766,4999662654971.549805,22180700000000.000000,10361138255323.570312,12625686250071.289062,153639953011.200012,579441431375.000000,33870483000000.000000,51228911885810.062500,0.202840,0.062155,0.031390,0.033172,0.024647,0.109345,0.051078,0.062241,0.000757,0.002856,0.166973,0.252545
2021-02-01,210921674051144.281250,42290347877305.093750,12572348719623.199219,6524182859478.830078,6947535274955.690430,5128632440870.660156,21982100000000.000000,10369501990655.369141,11815777853445.330078,160177786462.309998,890596442015.619995,33870483000000.000000,58369989806332.148438,0.200503,0.059607,0.030932,0.032939,0.024315,0.104219,0.049163,0.056020,0.000759,0.004222,0.160583,0.276738
2021-03-01,210416056145667.968750,44210296070449.296875,11892935485612.429688,6388688560655.240234,7352420754762.919922,5298742714865.219727,22090200000000.000000,10405855680906.490234,11713257803239.509766,189503159821.899994,1039712477325.000000,33870483000000.000000,55963960438029.968750,0.210109,0.056521,0.030362,0.034942,0.025182,0.104983,0.049454,0.055667,0.000901,0.004941,0.160969,0.265968
2021-04-01,217397321858641.375000,46549475544353.867188,12069926873515.439453,6466701562230.679688,7141019524864.660156,5551905855383.660156,22255600000000.000000,10462692344011.710938,12081645849530.839844,181773595639.149994,1009226093437.500000,36784984000000.000000,56842370615673.882812,0.214122,0.055520,0.029746,0.032848,0.025538,0.102373,0.048127,0.055574,0.000836,0.004642,0.169206,0.261468
2021-05-01,220171424591544.500000,46855122663045.929688,12560122108373.150391,6562812099268.309570,7230596348782.549805,5799179829627.150391,22123800000000.000000,10488465332536.169922,13002959701104.580078,199182931490.369995,649419235128.119995,36784984000000.000000,57914780342188.140625,0.212812,0.057047,0.029808,0.032841,0.026339,0.100484,0.047638,0.059058,0.000905,0.002950,0.167074,0.263044
2021-06-01,219520948234834.312500,47905964821931.898438,12306802742724.119141,6489904872414.969727,7309422736213.679688,5719576096137.660156,22641900000000.000000,10541462024818.960938,12108301229446.419922,214506482035.029999,669817980803.119995,36784984000000.000000,56828305248308.453125,0.218230,0.056062,0.029564,0.033297,0.026055,0.103142,0.048020,0.055158,0.000977,0.003051,0.167569,0.258874
2021-07-01,221306486673712.343750,49075468471423.406250,11334162860872.429688,5844488251599.690430,7162135233398.900391,5825873186821.019531,22668700000000.000000,10652660286037.029297,12388522700008.990234,225573457911.339996,782634662003.119995,38489053000000.000000,56857214563636.406250,0.221753,0.051215,0.026409,0.032363,0.026325,0.102431,0.048135,0.055979,0.001019,0.003536,0.173917,0.256916
2021-08-01,223524390103107.875000,50535936748425.617188,11321064602962.929688,5826019171214.990234,7388462206552.349609,5931318549682.950195,22993500000000.000000,10670324956283.339844,12426113385084.449219,211146004428.309998,919706919656.250000,38489053000000.000000,56811744558816.703125,0.226087,0.050648,0.026064,0.033054,0.026535,0.102868,0.047737,0.055592,0.000945,0.004115,0.172192,0.254164
2021-09-01,220316590076095.312500,48180693720671.179688,11464226677272.349609,5532602011494.129883,7720651004609.750000,5611595893017.650391,22770100000000.000000,10697292572602.060547,12008515214108.150391,217767444753.000000,810544076687.500000,38489053000000.000000,56813548460879.570312,0.218688,0.052035,0.025112,0.035043,0.025471,0.103352,0.048554,0.054506,0.000988,0.003679,0.174699,0.257872
2021-10-01,225580309995366.968750,51561227416296.101562,11564089114823.380859,5713062479602.110352,7600187098826.200195,5893843677042.480469,22824100000000.000000,10640711996936.460938,12192368004339.310547,251902993787.190002,1159610012468.750000,39128668000000.000000,57050539201244.976562,0.228571,0.051264,0.025326,0.033692,0.026127,0.101179,0.047170,0.054049,0.001117,0.005141,0.173458,0.252906
2021-11-01,224649628645663.812500,51146934258817.312500,11383304886050.880859,5284878281769.879883,7330055746732.879883,5605609232886.620117,23303900000000.000000,10712654467049.650391,12121970569473.859375,239281178511.059998,1037626366218.750000,39128668000000.000000,57354745658152.929688,0.227674,0.050671,0.023525,0.032629,0.024953,0.103734,0.047686,0.053959,0.001065,0.004619,0.174176,0.255308
2021-12-01,230503259062397.468750,48548538120000.000000,14437446150000.000000,5434177120000.000000,6544303490000.000000,9405861710000.000000,23424000000000.000000,12767945600812.560547,12497877420228.529297,228482424761.809998,891562358064.000000,39128668000000.000000,57194396668530.570312,0.210620,0.062634,0.023575,0.028391,0.040806,0.101621,0.055392,0.054220,0.000991,0.003868,0.169753,0.248128
2022-01-01,228742568290256.468750,45988023828314.882812,13336892503190.150391,5528144291912.070312,6228686615662.599609,9069542515126.810547,23398500000000.000000,12867380967196.179688,12268232674629.550781,255686824718.649994,716466400975.000000,41890615000000.000000,57194396668530.570312,0.201047,0.058305,0.024168,0.027230,0.039650,0.102292,0.056253,0.053633,0.001118,0.003132,0.183134,0.250038
2022-02-01,226932401419909.062500,44630595308235.953125,13389143961514.519531,5275165068784.799805,6208171902870.570312,8589877778388.089844,23565900000000.000000,12821852319285.380859,12990656961355.759766,265438853007.510010,727797717531.250000,41890615000000.000000,56577186548935.218750,0.196669,0.059001,0.023246,0.027357,0.037852,0.103845,0.056501,0.057245,0.001170,0.003207,0.184595,0.249313
2022-03-01,226433177812438.812500,46308281707908.570312,12339877400476.080078,5108832514454.389648,6466977191966.120117,8603407931311.040039,23101000000000.000000,12818117277889.529297,13322138457021.240234,347136308466.440002,898262043206.250000,41890615000000.000000,55228531979739.140625,0.204512,0.054497,0.022562,0.028560,0.037995,0.102021,0.056609,0.058835,0.001533,0.003967,0.185002,0.243907
2022-04-01,219522870854926.437500,42243842901098.656250,11736823097354.250000,4898072517125.830078,6312324595898.379883,8066041071812.650391,22304600000000.000000,12858800681017.179688,13065838331506.699219,303051240417.619995,752525716781.250000,44166128000000.000000,52814822701913.906250,0.192435,0.053465,0.022312,0.028755,0.036744,0.101605,0.058576,0.059519,0.001380,0.003428,0.201191,0.240589
2022-05-01,219441161403127.000000,42339200397635.687500,11956816933073.429688,4973742513820.679688,6359667315040.540039,8260820173732.959961,22522000000000.000000,12904428454230.410156,12594246100559.929688,342663072726.700012,552861163631.939941,44166128000000.000000,52468587278674.742188,0.192941,0.054488,0.022665,0.028981,0.037645,0.102633,0.058806,0.057392,0.001562,0.002519,0.201266,0.239101
2022-06-01,216024382417112.906250,38847890322277.703125,13106728920548.769531,5076999802463.419922,6231842725322.919922,7443167319185.839844,22276600000000.000000,12893727679581.669922,12352299449522.449219,359849592300.750000,402782706468.750000,44166128000000.000000,52866365899440.656250,0.179831,0.060672,0.023502,0.028848,0.034455,0.103121,0.059686,0.057180,0.001666,0.001865,0.204450,0.244724
2022-07-01,217807586824202.187500,42425295335172.000000,12186454494322.289062,4681408215140.690430,6461621043985.759766,7815183465483.419922,22423900000000.000000,12971863000977.490234,12048839934051.160156,331709290631.260010,463371141150.000000,42832689000000.000000,53165251903288.117188,0.194783,0.055951,0.021493,0.029667,0.035881,0.102953,0.059557,0.055319,0.001523,0.002127,0.196654,0.244093
2022-08-01,214490529603409.375000,40694260317960.960938,11919761648310.960938,4634465454892.950195,6608733030196.269531,7231793882651.200195,22414100000000.000000,13073719403747.839844,11798007043961.410156,303218244713.700012,389297440612.500000,42832689000000.000000,52590484136361.546875,0.189725,0.055572,0.021607,0.030811,0.033716,0.104499,0.060952,0.055005,0.001414,0.001815,0.199695,0.245188
2022-09-01,205688041064311.562500,36932242234606.632812,11119186312295.130859,4000052546458.629883,6180329279238.559570,6531404598258.129883,21777400000000.000000,13000229490525.460938,11427568262941.849609,263772131113.260010,368933674277.859985,42832689000000.000000,51254233534596.046875,0.179555,0.054058,0.019447,0.030047,0.031754,0.105876,0.063204,0.055558,0.001282,0.001794,0.208241,0.249184
2022-10-01,205512868731351.312500,39933929519471.468750,10253618110891.490234,3411103146775.060059,6489103260949.610352,7081938561779.790039,21511700000000.000000,13089872070030.650391,11213642757788.250000,277064147036.659973,395817612600.000000,41881209000000.000000,49973870544028.359375,0.194314,0.049893,0.016598,0.031575,0.034460,0.104673,0.063694,0.054564,0.001348,0.001926,0.203789,0.243167
2022-11-01,213570646548870.750000,42153912659261.351562,11259897034796.179688,4319261048048.390137,6681480391052.780273,8037235315017.259766,22117600000000.000000,12972770988747.820312,11933333843957.210938,264624601681.070007,312064078543.750000,41881209000000.000000,51637257587764.953125,0.197377,0.052722,0.020224,0.031285,0.037633,0.103561,0.060742,0.055875,0.001239,0.001461,0.196100,0.241781
2022-12-01,213334047346149.812500,40297980320000.000000,11469346090000.000000,4566809060000.000000,5380475460000.000000,7481669660000.000000,21925400000000.000000,13820548711815.910156,12481474045333.529297,246187531484.329987,320243449443.750000,41881209000000.000000,53462704018072.296875,0.188896,0.053762,0.021407,0.025221,0.035070,0.102775,0.064784,0.058507,0.001154,0.001501,0.196318,0.250606
2023-01-01,219904864722840.750000,42832213493563.851562,12314313606330.509766,5042600608570.639648,5618911210931.469727,8196909730336.690430,22630200000000.000000,13792072456090.789062,13187495791475.050781,243902625688.209991,440784181781.250000,42142757000000.000000,53462704018072.296875,0.194776,0.055998,0.022931,0.025552,0.037275,0.102909,0.062718,0.059969,0.001109,0.002004,0.191641,0.243117
2023-02-01,219019309518394.125000,41755304141504.617188,12055399183137.699219,4567854710125.080078,5667961940154.879883,8056561603707.410156,22397800000000.000000,13804488719144.310547,12553238080477.609375,226748191863.140015,446993306437.500000,42142757000000.000000,55344202641841.882812,0.190647,0.055043,0.020856,0.025879,0.036785,0.102264,0.063029,0.057316,0.001035,0.002041,0.192416,0.252691
2023-03-01,223127479248651.656250,43303485235968.507812,12000505770531.710938,4709644235818.330078,5774235728578.820312,8256057215023.230469,22905600000000.000000,13860797081762.919922,13457465257017.039062,237611594539.019989,553790022162.500000,42142757000000.000000,55925530107249.593750,0.194075,0.053783,0.021107,0.025879,0.037002,0.102657,0.062121,0.060313,0.001065,0.002482,0.188873,0.250644
2023-04-01,228518396474118.718750,43995256713653.906250,11935806788809.390625,4592933629619.230469,5925472496838.620117,8597407910020.169922,22659300000000.000000,13930915120769.279297,13663188657567.990234,246339191380.790009,566960669662.500000,44641644000000.000000,57763171295796.851562,0.192524,0.052231,0.020099,0.025930,0.037622,0.099157,0.060962,0.059790,0.001078,0.002481,0.195353,0.252773
2023-05-01,226455451662171.500000,44198349639765.906250,11252823719391.730469,4209630488425.229980,6132570646540.620117,8157174750472.410156,22459200000000.000000,14046850978432.660156,13422608606809.119141,231346801116.390015,549863553950.000000,44641644000000.000000,57153388477267.453125,0.195175,0.049691,0.018589,0.027081,0.036021,0.099177,0.062029,0.059273,0.001022,0.002428,0.197132,0.252382
2023-06-01,229095522027226.875000,47062395152460.656250,11382903036581.619141,4367116489540.740234,6593092961595.089844,8505364132490.450195,22863900000000.000000,14080143213738.380859,13186812491335.740234,224592437075.489990,592648125300.000000,44641644000000.000000,55594909987108.718750,0.205427,0.049686,0.019062,0.028779,0.037126,0.099801,0.061460,0.057560,0.000980,0.002587,0.194860,0.242671
2023-07-01,233604180095892.812500,48602899449621.187500,11892970375086.640625,4635497767117.009766,6691996578614.969727,8752116757754.780273,23045300000000.000000,14101340419481.029297,13467717262037.619141,246547634060.920013,568245190668.750000,45132339000000.000000,56467209661449.890625,0.208057,0.050911,0.019843,0.028647,0.037466,0.098651,0.060364,0.057652,0.001055,0.002433,0.193200,0.241722
2023-08-01,230942523414569.937500,47813008590328.546875,11154264418938.349609,4243750065533.819824,6715687417645.730469,8397841587642.700195,23465800000000.000000,14167924049167.099609,13436277946836.570312,265164804857.440002,530755799675.000000,45132339000000.000000,55619709733944.687500,0.207034,0.048299,0.018376,0.029079,0.036363,0.101609,0.061348,0.058180,0.001148,0.002298,0.195427,0.240838
2023-09-01,226587562163289.875000,45545019019332.226562,10929862044145.949219,4111603607358.899902,6765856279868.830078,8020446218761.919922,23232800000000.000000,14117932717910.359375,12754177545743.070312,280417956669.669983,524984870231.250000,45132339000000.000000,55172122903267.679688,0.201004,0.048237,0.018146,0.029860,0.035397,0.102533,0.062307,0.056288,0.001238,0.002317,0.199183,0.243491
2023-10-01,225350324492908.687500,44556300121318.351562,10583230732271.910156,3950650142051.120117,6567967109767.150391,7772620755996.440430,23361900000000.000000,14137627190020.990234,13630382742088.310547,277321995970.190002,666936786656.250000,44742853000000.000000,55102533916767.953125,0.197720,0.046963,0.017531,0.029146,0.034491,0.103669,0.062736,0.060485,0.001231,0.002960,0.198548,0.244519
2023-11-01,232908679193678.312500,48626240015159.679688,10357169409230.220703,3934582120400.709961,6917757137647.080078,8531330741290.549805,24165200000000.000000,14141374353459.289062,13929740788103.119141,246791281528.820007,733003118300.000000,44742853000000.000000,56582637228558.882812,0.208778,0.044469,0.016893,0.029702,0.036630,0.103754,0.060716,0.059808,0.001060,0.003147,0.192105,0.242939
2023-12-01,231452150591204.781250,48979397700000.000000,10935845590000.000000,3974783490000.000000,6149200180000.000000,4992320970000.000000,24614100000000.000000,14984250306648.859375,14160069668151.699219,237827258431.779999,828552414812.500000,44742853000000.000000,56852950013159.937500,0.211618,0.047249,0.017173,0.026568,0.021570,0.106346,0.064740,0.061179,0.001028,0.003580,0.193314,0.245636
2024-01-01,232903189940560.250000,49759467260497.898438,10248161999413.160156,3610511612806.680176,6635023618385.059570,4931155514189.530273,24880000000000.000000,15078292991103.730469,14000137388658.259766,239198411489.750000,843512130856.250000,45824779000000.000000,56852950013159.937500,0.213649,0.044002,0.015502,0.028488,0.021173,0.106826,0.064741,0.060111,0.001027,0.003622,0.196755,0.244106
2024-02-01,230647399356608.375000,52356244696202.343750,11206667219088.630859,3849820678020.390137,6970501955190.740234,5049614974472.570312,24899500000000.000000,15125595887684.439453,14043196143468.830078,238226581792.899994,1127424512906.250000,45824779000000.000000,49955827707781.257812,0.226997,0.048588,0.016691,0.030221,0.021893,0.107955,0.065579,0.060886,0.001033,0.004888,0.198679,0.216590
2024-03-01,235044507868316.968750,54068400503659.031250,11274874620083.060547,3856810948545.140137,7264978146543.000000,5242654335909.179688,24967700000000.000000,15159527159023.560547,15155196620977.140625,262542129961.420013,1391524224550.000000,45824779000000.000000,50575520179065.398438,0.230035,0.047969,0.016409,0.030909,0.022305,0.106225,0.064496,0.064478,0.001117,0.005920,0.194962,0.215174
2024-04-01,236024748047891.656250,51888389375853.921875,11488134302351.160156,4141642385906.500000,7189183831321.769531,5108746397874.530273,24650300000000.000000,15203232514714.179688,15739560907150.310547,269423852966.640015,1250952516921.879883,47553697000000.000000,51541484962830.789062,0.219843,0.048673,0.017547,0.030459,0.021645,0.104439,0.064414,0.066686,0.001142,0.005300,0.201478,0.218373
2024-05-01,240621942258958.718750,54512882381594.617188,11410142007849.589844,4215456454902.419922,7330830688653.160156,5438066896050.549805,24955900000000.000000,15282558467863.560547,15876254307424.730469,259375039581.920013,1346584700393.750000,47553697000000.000000,52440194314644.398438,0.226550,0.047419,0.017519,0.030466,0.022600,0.103714,0.063513,0.065980,0.001078,0.005596,0.197628,0.217936
2024-06-01,242754042319705.312500,56436097418664.203125,11033216435812.140625,4131285400724.439941,7376804527886.290039,5277627079181.150391,24952400000000.000000,15381543799272.419922,15990394631550.359375,253048876510.649994,1201916306006.250000,47553697000000.000000,53166010844097.398438,0.232483,0.045450,0.017018,0.030388,0.021741,0.102789,0.063363,0.065871,0.001042,0.004951,0.195893,0.219012
2024-07-01,245302432297305.625000,57119490498163.820312,10970809851163.970703,4044080978991.720215,7349430748414.889648,5411207757136.790039,25772000000000.000000,15467161035901.800781,16584326788294.490234,269853229020.369995,1348135468668.750000,47281629000000.000000,53684306941549.007812,0.232853,0.044724,0.016486,0.029961,0.022059,0.105062,0.063053,0.067608,0.001100,0.005496,0.192748,0.218849
2024-08-01,248276992413256.062500,58454124777228.796875,10586266723594.900391,4194346293309.870117,7122651606444.519531,5606441402230.049805,26049700000000.000000,15481094004618.880859,17275312594129.949219,252691668212.779999,1166495531437.500000,47281629000000.000000,54806238812048.796875,0.235439,0.042639,0.016894,0.028688,0.022581,0.104922,0.062354,0.069581,0.001018,0.004698,0.190439,0.220746
2024-09-01,254113728424888.281250,59681923880302.117188,12805939536704.300781,4927545977719.000000,7011161837588.030273,5633438910695.410156,26486900000000.000000,15487722447230.380859,18176120767041.910156,224389450773.329987,1287249536862.500000,47281629000000.000000,55109707079971.289062,0.234863,0.050395,0.019391,0.027591,0.022169,0.104232,0.060948,0.071528,0.000883,0.005066,0.186065,0.216870
2024-10-01,252764841642254.562500,59149365337334.476562,12401762876886.369141,4737205237555.919922,7140387936324.080078,5322846892223.209961,26272000000000.000000,15552887716856.589844,18790558602447.820312,237983034229.989990,1430607799725.000000,46891453000000.000000,54837783208671.093750,0.234009,0.049064,0.018742,0.028249,0.021058,0.103939,0.061531,0.074340,0.000942,0.005660,0.185514,0.216952
2024-11-01,255569321538848.125000,62676653902647.390625,12483165541437.669922,4528824590124.580078,7106181004093.240234,5229352516945.290039,26493000000000.000000,15678166164829.599609,18159718226457.230469,224335988001.450012,1883469867037.500000,46891453000000.000000,54215000737274.179688,0.245243,0.048845,0.017721,0.027805,0.020462,0.103663,0.061346,0.071056,0.000878,0.007370,0.183478,0.212134
2024-12-01,253701895113048.125000,62185685320000.000000,11755757950000.000000,4549720760000.000000,6310681430000.000000,4769654240000.000000,26338200000000.000000,16543354239331.460938,18050363506237.691406,231772693191.019989,1878274181896.879883,46891453000000.000000,54196977792391.046875,0.245113,0.046337,0.017933,0.024874,0.018800,0.103816,0.065208,0.071148,0.000914,0.007403,0.184829,0.213625
2025-01-01,257601807476282.937500,63855765651999.492188,11403734407085.800781,4587180106652.440430,6323653166105.440430,5072501141783.599609,26646300000000.000000,16576157904615.259766,19222509413590.878906,245084849433.959991,2020835042625.000000,47451108000000.000000,54196977792391.046875,0.247886,0.044269,0.017807,0.024548,0.019691,0.103440,0.064348,0.074621,0.000951,0.007845,0.184203,0.210391
2025-02-01,255567314416160.031250,63045134682556.843750,11621736256584.650391,5203233574989.830078,6082597480737.309570,5275400583894.730469,27087900000000.000000,16430655253040.839844,19468557534084.839844,213045559683.140015,1694978993050.000000,47451108000000.000000,51992966497537.851562,0.246687,0.045474,0.020360,0.023800,0.020642,0.105991,0.064291,0.076178,0.000834,0.006632,0.185670,0.203441
2025-03-01,254209488953703.937500,59532303632849.390625,11613550357343.500000,5243663994204.379883,6105298363292.009766,5297573575630.589844,27063000000000.000000,16422809097786.119141,21343307852572.679688,223560119359.179993,1675229069146.879883,47451108000000.000000,52238084891519.203125,0.234186,0.045685,0.020627,0.024017,0.020839,0.106459,0.064603,0.083960,0.000879,0.006590,0.186661,0.205492
2025-04-01,256505641359964.000000,59016141407155.359375,11264783248798.960938,5016819259581.179688,6127998557106.349609,5501297480999.769531,27089300000000.000000,16551202235110.519531,22684953909990.281250,204603675333.750000,1873502642812.500000,48598104000000.000000,52576934943075.343750,0.230077,0.043916,0.019558,0.023890,0.021447,0.105609,0.064526,0.088438,0.000798,0.007304,0.189462,0.204974
2025-05-01,262097631647828.906250,62725005411871.679688,11472896293010.130859,5282264016546.019531,6426345043829.620117,5791791617577.660156,26715200000000.000000,16526953326951.730469,22478545540679.410156,203153154452.690002,2056608259062.500000,48598104000000.000000,53820764983847.468750,0.239319,0.043773,0.020154,0.024519,0.022098,0.101928,0.063056,0.085764,0.000775,0.007847,0.185420,0.205346
2025-06-01,267125382682487.468750,65948207956184.710938,11759253388727.060547,5459742079264.099609,6550656481729.530273,5933671725189.400391,27119300000000.000000,16586113300761.820312,22607037670661.488281,221469023521.489990,2118863016000.000000,48598104000000.000000,54222964040447.843750,0.246881,0.044021,0.020439,0.024523,0.022213,0.101523,0.062091,0.084631,0.000829,0.007932,0.181930,0.202987
2025-07-01,268778663552308.031250,67467091920385.570312,12176047112498.250000,5618744739663.959961,6766970546830.290039,5792028213183.190430,27295700000000.000000,16554715796072.580078,22507934955462.539062,227826378788.239990,2353954365468.750000,48222291000000.000000,53795358523954.656250,0.251014,0.045301,0.020905,0.025177,0.021549,0.101555,0.061592,0.083742,0.000848,0.008758,0.179413,0.200147
2025-08-01,274297717957947.281250,68851485932935.343750,13434315427606.220703,5687759384197.709961,7076975341775.759766,6010233942427.769531,27683300000000.000000,16535386609470.410156,24031383902693.359375,214959032191.839996,2221800835187.500000,48222291000000.000000,54327826549461.382812,0.251010,0.048977,0.020736,0.025800,0.021911,0.100924,0.060283,0.087611,0.000784,0.008100,0.175803,0.198062
2025-09-01,281093601512022.250000,71304007633375.937500,13864314142124.089844,6091007509996.469727,7269621532844.059570,6125829606097.299805,28320900000000.000000,16574024736907.029297,26472043563420.828125,209504507516.850006,2271250076531.250000,48222291000000.000000,54368807203208.453125,0.253666,0.049323,0.021669,0.025862,0.021793,0.100753,0.058963,0.094175,0.000745,0.008080,0.171552,0.193419
2025-10-01,284122436142769.312500,73003710488236.281250,13864254391034.740234,5875788807786.089844,7732415113717.030273,6164211811053.030273,28685400000000.000000,16652381379566.919922,27314758709836.781250,203047175303.709991,2194819959375.000000,47862010000000.000000,54569638306859.726562,0.256945,0.048797,0.020680,0.027215,0.021696,0.100961,0.058610,0.096137,0.000715,0.007725,0.168456,0.192064
2025-11-01,285772905017109.937500,73146065001797.140625,13523643306186.669922,5864956597056.780273,7843131505477.759766,6258631564467.150391,28787200000000.000000,16633206797009.179688,29080836773934.089844,193685805418.709991,1826589422962.500000,47862010000000.000000,54752948242799.953125,0.255959,0.047323,0.020523,0.027445,0.021901,0.100735,0.058204,0.101762,0.000678,0.006392,0.167483,0.191596
2025-12-01,285219590164137.875000,68937866209999.992188,15508858500000.000000,6089226700000.000000,7610543670000.000000,6710565910000.000000,28860300000000.000000,16659450833550.820312,29669986664013.339844,198363145213.880005,1742584087800.000000,47862010000000.000000,55369834443559.843750,0.241701,0.054375,0.021349,0.026683,0.023528,0.101186,0.058409,0.104025,0.000695,0.006110,0.167808,0.194131
2026-01-01,290907188210106.750000,69953858234796.390625,15764774729886.349609,6506547413435.629883,7961406696813.790039,7022777527431.349609,28674600000000.000000,16699051555216.439453,32431193349556.710938,201166679410.269989,1654538580000.000000,48667439000000.000000,55369834443559.843750,0.240468,0.054192,0.022366,0.027368,0.024141,0.098570,0.057403,0.111483,0.000692,0.005688,0.167295,0.190335
2026-02-01,291937684772247.187500,69349317391045.007812,15779211888928.369141,6326803704726.719727,8784340819676.480469,7237073056230.820312,29324200000000.000000,16731038027693.980469,35867664097559.242188,198052433582.079987,1309434931256.250000,48667439000000.000000,52363109421548.203125,0.237548,0.054050,0.021672,0.030090,0.024790,0.100447,0.057310,0.122861,0.000678,0.004485,0.166705,0.179364
2026-03-01,274820052173227.468750,65924881457373.382812,14906282968661.580078,5889092202432.280273,789761352443.510010,6646811553935.330078,29299400000000.000000,16776079339303.990234,31764813023218.890625,307944921079.960022,1335943594050.000000,48667439000000.000000,52511602760728.507812,0.239884,0.054240,0.021429,0.002874,0.024186,0.106613,0.061044,0.115584,0.001121,0.004861,0.177088,0.191076
2026-04-01,294516231926199.125000,72850464351065.078125,16102992815378.820312,6123910622602.169922,8380316567852.919922,7026605851954.950195,29103600000000.000000,16820137810917.279297,31641788962971.910156,325171391589.419983,1527430710637.500000,49791678000000.000000,54822134841229.062500,0.247356,0.054676,0.020793,0.028455,0.023858,0.098818,0.057111,0.107436,0.001104,0.005186,0.169063,0.186143
2026-05-01,301152980038962.187500,76684274497331.640625,16387079928685.900391,5982756936545.790039,8886409763201.080078,7177395203141.070312,29110300000000.000000,16894881504300.839844,31391639373021.468750,321670481216.869995,1469974881375.000000,49803247920319.398438,57043349549823.070312,0.254636,0.054414,0.019866,0.029508,0.023833,0.096663,0.056101,0.104238,0.001068,0.004881,0.165375,0.189417
2026-06-01,296939831811192.875000,75894995393953.187500,16679541264175.130859,5436004085328.000000,9007617171029.490234,7236737984064.799805,29386900000000.000000,16907825911973.009766,27601814850413.070312,260541002395.230011,1211510963612.500000,49869812526832.296875,57446530657416.203125,0.255590,0.056171,0.018307,0.030335,0.024371,0.098966,0.056940,0.092954,0.000877,0.004080,0.167946,0.193462
2026-07-01,297934811575837.000000,75921423884710.406250,15486415584551.849609,6149545274215.700195,9041965343832.410156,7404292195974.969727,29464300000000.000000,16929201761639.509766,28069989746352.968750,259168889846.869995,1274803035112.500000,49869812526832.296875,58063893332767.476562,0.254826,0.051979,0.020641,0.030349,0.024852,0.098895,0.056822,0.094215,0.000870,0.004279,0.167385,0.194888
2026-08-01,288712243163960.125000,77956069438784.125000,,6074128959760.169922,9395234568224.900391,7491748531842.480469,29873200000000.000000,16946495328323.380859,30629573666491.558594,281246198051.030029,1600967986481.250000,49869812526832.296875,58593765959168.968750,0.270013,,0.021039,0.032542,0.025949,0.103470,0.058697,0.106090,0.000974,0.005545,0.172732,0.202949
