date,value
2000-01-04,1020.870000
2000-01-05,1010.050000
2000-01-06,1037.870000
2000-01-07,1055.350000
2000-01-10,1085.490000
2000-01-11,1033.790000
2000-01-12,1006.550000
2000-01-13,1005.810000
2000-01-14,974.910000
2000-01-17,966.490000
2000-01-18,950.820000
2000-01-19,958.750000
2000-01-20,984.240000
2000-01-21,967.160000
2000-01-24,942.040000
2000-01-25,966.090000
2000-01-26,968.310000
2000-01-27,964.350000
2000-01-28,980.430000
2000-02-14,1069.640000
2000-02-15,1025.910000
2000-02-16,1017.540000
2000-02-17,1060.980000
2000-02-18,1044.510000
2000-02-21,1113.950000
2000-02-22,1067.140000
2000-02-23,1035.580000
2000-02-24,1059.050000
2000-02-25,1058.100000
2000-02-28,1080.430000
2000-02-29,1065.680000
2000-03-01,1082.030000
2000-03-02,1088.670000
2000-03-03,1149.120000
2000-03-06,1077.190000
2000-03-07,1078.190000
2000-03-08,1093.470000
2000-03-09,1082.010000
2000-03-10,1053.160000
2000-03-13,1070.030000
2000-03-14,1043.170000
2000-03-15,1058.070000
2000-03-16,1010.830000
2000-03-17,1023.610000
2000-03-20,1051.560000
2000-03-21,1068.430000
2000-03-22,1081.680000
2000-03-23,1089.130000
2000-03-24,1099.700000
2000-03-27,1165.420000
2000-03-28,1166.460000
2000-03-29,1120.930000
2000-03-30,1146.190000
2000-03-31,1138.430000
2000-04-03,1170.550000
2000-04-04,1136.030000
2000-04-05,1162.770000
2000-04-06,1206.550000
2000-04-07,1229.240000
2000-04-10,1219.690000
2000-04-11,1205.470000
2000-04-12,1192.730000
2000-04-13,1209.390000
2000-04-14,1223.600000
2000-04-17,1230.010000
2000-04-18,1236.040000
2000-04-19,1250.630000
2000-04-20,1250.240000
2000-04-21,1225.950000
2000-04-24,1211.910000
2000-04-25,1222.320000
2000-04-26,1224.760000
2000-04-27,1187.150000
2000-04-28,1214.310000
2000-05-08,1226.220000
2000-05-09,1210.390000
2000-05-10,1156.860000
2000-05-11,1128.290000
2000-05-12,1109.350000
2000-05-15,1094.950000
2000-05-16,1123.000000
2000-05-17,1115.280000
2000-05-18,1135.820000
2000-05-19,1150.520000
2000-05-22,1212.550000
2000-05-23,1254.170000
2000-05-24,1246.300000
2000-05-25,1256.740000
2000-05-26,1241.630000
2000-05-29,1257.470000
2000-05-30,1260.660000
2000-05-31,1263.240000
2000-06-01,1291.550000
2000-06-02,1311.110000
2000-06-05,1275.600000
2000-06-06,1308.930000
2000-06-07,1305.780000
2000-06-08,1326.190000
2000-06-09,1303.810000
2000-06-12,1318.220000
2000-06-13,1327.770000
2000-06-14,1309.590000
2000-06-15,1320.130000
2000-06-16,1318.080000
2000-06-19,1297.570000
2000-06-20,1294.490000
2000-06-21,1310.690000
2000-06-22,1338.210000
2000-06-23,1367.320000
2000-06-26,1411.140000
2000-06-27,1403.980000
2000-06-28,1418.040000
2000-06-29,1391.300000
2000-06-30,1423.480000
2000-07-03,1404.290000
2000-07-04,1466.260000
2000-07-05,1464.060000
2000-07-06,1463.470000
2000-07-07,1441.340000
2000-07-10,1437.950000
2000-07-11,1399.610000
2000-07-12,1408.780000
2000-07-13,1395.370000
2000-07-14,1399.580000
2000-07-17,1382.210000
2000-07-18,1399.550000
2000-07-19,1395.770000
2000-07-20,1392.130000
2000-07-21,1397.470000
2000-07-24,1387.330000
2000-07-25,1405.070000
2000-07-26,1424.040000
2000-07-27,1434.410000
2000-07-28,1442.640000
2000-07-31,1450.670000
2000-08-01,1432.190000
2000-08-02,1458.970000
2000-08-03,1455.910000
2000-08-04,1453.960000
2000-08-07,1436.740000
2000-08-08,1459.690000
2000-08-09,1501.770000
2000-08-10,1492.180000
2000-08-11,1476.790000
2000-08-14,1502.290000
2000-08-15,1500.210000
2000-08-16,1501.810000
2000-08-17,1505.360000
2000-08-18,1502.690000
2000-08-21,1518.610000
2000-08-22,1498.450000
2000-08-23,1458.050000
2000-08-24,1459.170000
2000-08-25,1477.880000
2000-08-28,1498.950000
2000-08-29,1484.160000
2000-08-30,1471.120000
2000-08-31,1434.680000
2000-09-01,1396.600000
2000-09-04,1407.020000
2000-09-05,1375.820000
2000-09-06,1358.660000
2000-09-07,1359.810000
2000-09-08,1378.220000
2000-09-11,1410.640000
2000-09-12,1427.540000
2000-09-13,1416.980000
2000-09-14,1426.330000
2000-09-15,1422.310000
2000-09-18,1411.330000
2000-09-19,1364.610000
2000-09-20,1386.180000
2000-09-21,1374.110000
2000-09-22,1361.150000
2000-09-25,1360.520000
2000-09-26,1347.830000
2000-09-27,1365.220000
2000-09-28,1341.210000
2000-09-29,1354.310000
2000-10-09,1363.580000
2000-10-10,1398.870000
2000-10-11,1403.960000
2000-10-12,1409.830000
2000-10-13,1408.280000
2000-10-16,1417.380000
2000-10-17,1421.330000
2000-10-18,1408.630000
2000-10-19,1421.410000
2000-10-20,1444.050000
2000-10-23,1443.550000
2000-10-24,1439.120000
2000-10-25,1459.640000
2000-10-26,1446.860000
2000-10-27,1438.090000
2000-10-30,1433.290000
2000-10-31,1420.170000
2000-11-01,1426.930000
2000-11-02,1432.530000
2000-11-03,1451.940000
2000-11-06,1453.220000
2000-11-07,1487.970000
2000-11-08,1507.710000
2000-11-09,1521.190000
2000-11-10,1508.250000
2000-11-13,1512.690000
2000-11-14,1530.350000
2000-11-15,1513.910000
2000-11-16,1547.060000
2000-11-17,1547.520000
2000-11-20,1588.490000
2000-11-21,1591.520000
2000-11-22,1634.000000
2000-11-23,1640.750000
2000-11-24,1599.500000
2000-11-27,1603.750000
2000-11-28,1625.760000
2000-11-29,1591.400000
2000-11-30,1580.840000
2000-12-01,1586.740000
2000-12-04,1591.060000
2000-12-05,1589.690000
2000-12-06,1556.130000
2000-12-07,1533.660000
2000-12-08,1531.420000
2000-12-11,1496.120000
2000-12-12,1521.200000
2000-12-13,1525.200000
2000-12-14,1527.220000
2000-12-15,1523.800000
2000-12-18,1533.210000
2000-12-19,1545.080000
2000-12-20,1585.670000
2000-12-21,1594.500000
2000-12-22,1594.380000
2000-12-25,1594.210000
2000-12-26,1598.450000
2000-12-27,1583.860000
2000-12-28,1601.430000
2000-12-29,1615.680000
2001-01-02,1637.300000
2001-01-03,1639.690000
2001-01-04,1672.270000
2001-01-05,1685.940000
2001-01-08,1637.360000
2001-01-09,1633.730000
2001-01-10,1642.400000
2001-01-11,1617.850000
2001-01-12,1598.440000
2001-01-15,1553.400000
2001-01-16,1574.520000
2001-01-17,1570.620000
2001-01-18,1595.020000
2001-01-19,1606.460000
2001-02-05,1545.420000
2001-02-06,1513.720000
2001-02-07,1522.920000
2001-02-08,1458.420000
2001-02-09,1477.890000
2001-02-12,1487.100000
2001-02-13,1507.680000
2001-02-14,1514.920000
2001-02-15,1497.140000
2001-02-16,1499.400000
2001-02-19,1527.790000
2001-02-20,1522.520000
2001-02-21,1455.500000
2001-02-22,1460.540000
2001-02-23,1476.200000
2001-02-26,1515.780000
2001-02-27,1516.570000
2001-02-28,1504.860000
2001-03-01,1537.620000
2001-03-02,1544.260000
2001-03-05,1534.050000
2001-03-06,1551.440000
2001-03-07,1544.170000
2001-03-08,1552.530000
2001-03-09,1541.630000
2001-03-12,1554.770000
2001-03-13,1544.680000
2001-03-14,1578.850000
2001-03-15,1579.360000
2001-03-16,1588.880000
2001-03-19,1598.560000
2001-03-20,1615.830000
2001-03-21,1617.990000
2001-03-22,1606.730000
2001-03-23,1585.020000
2001-03-26,1597.760000
2001-03-27,1611.210000
2001-03-28,1610.720000
2001-03-29,1606.990000
2001-03-30,1606.900000
2001-04-02,1664.210000
2001-04-03,1661.660000
2001-04-04,1631.220000
2001-04-05,1661.960000
2001-04-06,1665.380000
2001-04-09,1675.270000
2001-04-10,1680.630000
2001-04-11,1683.910000
2001-04-12,1690.280000
2001-04-13,1695.540000
2001-04-16,1700.990000
2001-04-17,1672.600000
2001-04-18,1653.220000
2001-04-19,1653.850000
2001-04-20,1653.520000
2001-04-23,1673.400000
2001-04-24,1694.390000
2001-04-25,1694.060000
2001-04-26,1648.340000
2001-04-27,1654.090000
2001-04-30,1669.040000
2001-05-08,1715.250000
2001-05-09,1766.370000
2001-05-10,1764.880000
2001-05-11,1791.880000
2001-05-14,1789.550000
2001-05-15,1821.440000
2001-05-16,1818.170000
2001-05-17,1805.920000
2001-05-18,1841.440000
2001-05-21,1854.550000
2001-05-22,1855.180000
2001-05-23,1853.230000
2001-05-24,1869.550000
2001-05-25,1851.720000
2001-05-28,1816.110000
2001-05-29,1808.990000
2001-05-30,1815.630000
2001-05-31,1872.140000
2001-06-01,1870.990000
2001-06-04,1842.690000
2001-06-05,1850.370000
2001-06-06,1857.510000
2001-06-07,1832.110000
2001-06-08,1832.850000
2001-06-11,1812.060000
2001-06-12,1822.120000
2001-06-13,1836.980000
2001-06-14,1829.800000
2001-06-15,1824.210000
2001-06-18,1751.940000
2001-06-19,1756.880000
2001-06-20,1746.820000
2001-06-21,1774.780000
2001-06-22,1786.510000
2001-06-25,1790.170000
2001-06-26,1817.700000
2001-06-27,1820.660000
2001-06-28,1797.130000
2001-06-29,1771.530000
2001-07-02,1741.050000
2001-07-03,1750.990000
2001-07-04,1751.720000
2001-07-05,1729.400000
2001-07-06,1717.490000
2001-07-09,1730.980000
2001-07-10,1755.370000
2001-07-11,1732.620000
2001-07-12,1725.150000
2001-07-13,1722.770000
2001-07-16,1717.640000
2001-07-17,1721.990000
2001-07-18,1730.140000
2001-07-19,1736.400000
2001-07-20,1764.230000
2001-07-23,1757.520000
2001-07-24,1717.390000
2001-07-25,1708.290000
2001-07-26,1678.470000
2001-07-27,1662.620000
2001-07-30,1541.130000
2001-07-31,1523.960000
2001-08-01,1586.870000
2001-08-02,1559.700000
2001-08-03,1587.310000
2001-08-06,1530.970000
2001-08-07,1552.590000
2001-08-08,1555.580000
2001-08-09,1575.150000
2001-08-10,1596.240000
2001-08-13,1581.860000
2001-08-14,1565.430000
2001-08-15,1586.100000
2001-08-16,1565.250000
2001-08-17,1557.380000
2001-08-20,1562.280000
2001-08-21,1581.420000
2001-08-22,1547.110000
2001-08-23,1545.310000
2001-08-24,1519.990000
2001-08-27,1446.870000
2001-08-28,1475.500000
2001-08-29,1474.160000
2001-08-30,1458.760000
2001-08-31,1468.220000
2001-09-03,1450.750000
2001-09-04,1487.830000
2001-09-05,1492.890000
2001-09-06,1487.460000
2001-09-07,1436.800000
2001-09-10,1470.090000
2001-09-11,1479.080000
2001-09-12,1475.110000
2001-09-13,1459.410000
2001-09-14,1403.530000
2001-09-17,1344.020000
2001-09-18,1360.950000
2001-09-19,1391.410000
2001-09-20,1391.990000
2001-09-21,1371.100000
2001-09-24,1360.300000
2001-09-25,1360.920000
2001-09-26,1333.490000
2001-09-27,1314.730000
2001-09-28,1298.280000
2001-10-08,1262.700000
2001-10-09,1286.010000
2001-10-10,1230.920000
2001-10-11,1214.500000
2001-10-12,1259.550000
2001-10-15,1264.780000
2001-10-16,1239.540000
2001-10-17,1224.700000
2001-10-18,1213.270000
2001-10-19,1182.270000
2001-10-22,1120.330000
2001-10-23,1228.580000
2001-10-24,1281.700000
2001-10-25,1246.130000
2001-10-26,1239.880000
2001-10-29,1269.630000
2001-10-30,1266.530000
2001-10-31,1266.420000
2001-11-01,1288.270000
2001-11-02,1286.650000
2001-11-05,1274.330000
2001-11-06,1268.300000
2001-11-07,1172.280000
2001-11-08,1177.960000
2001-11-09,1193.920000
2001-11-12,1186.310000
2001-11-13,1172.690000
2001-11-14,1171.040000
2001-11-15,1183.300000
2001-11-16,1224.930000
2001-11-19,1254.380000
2001-11-20,1271.880000
2001-11-21,1267.480000
2001-11-22,1283.470000
2001-11-23,1279.920000
2001-11-26,1265.110000
2001-11-27,1295.710000
2001-11-28,1307.680000
2001-11-29,1311.790000
2001-11-30,1319.880000
2001-12-03,1335.200000
2001-12-04,1344.420000
2001-12-05,1311.060000
2001-12-06,1325.990000
2001-12-07,1313.870000
2001-12-10,1310.440000
2001-12-11,1294.110000
2001-12-12,1286.490000
2001-12-13,1260.570000
2001-12-14,1241.550000
2001-12-17,1255.670000
2001-12-18,1280.150000
2001-12-19,1262.770000
2001-12-20,1229.930000
2001-12-21,1242.420000
2001-12-24,1199.780000
2001-12-25,1193.300000
2001-12-26,1219.900000
2001-12-27,1202.630000
2001-12-28,1232.930000
2001-12-31,1252.760000
2002-01-04,1212.650000
2002-01-07,1196.300000
2002-01-08,1187.480000
2002-01-09,1157.830000
2002-01-10,1170.520000
2002-01-11,1125.420000
2002-01-14,1094.900000
2002-01-15,1082.440000
2002-01-16,1080.050000
2002-01-17,1028.920000
2002-01-18,1050.620000
2002-01-21,1004.970000
2002-01-22,963.730000
2002-01-23,1034.710000
2002-01-24,1063.600000
2002-01-25,1067.800000
2002-01-28,1007.880000
2002-01-29,1044.540000
2002-01-30,1054.460000
2002-01-31,1131.220000
2002-02-01,1136.710000
2002-02-04,1159.760000
2002-02-05,1165.890000
2002-02-06,1123.530000
2002-02-07,1138.560000
2002-02-08,1133.320000
2002-02-25,1172.630000
2002-02-26,1201.630000
2002-02-27,1175.040000
2002-02-28,1160.060000
2002-03-01,1135.470000
2002-03-04,1158.430000
2002-03-05,1180.360000
2002-03-06,1183.920000
2002-03-07,1220.440000
2002-03-08,1239.950000
2002-03-11,1276.080000
2002-03-12,1238.540000
2002-03-13,1210.270000
2002-03-14,1248.590000
2002-03-15,1206.530000
2002-03-18,1199.920000
2002-03-19,1235.220000
2002-03-20,1245.300000
2002-03-21,1239.430000
2002-03-22,1245.150000
2002-03-25,1245.930000
2002-03-26,1213.610000
2002-03-27,1219.410000
2002-03-28,1220.670000
2002-03-29,1186.470000
2002-04-01,1184.180000
2002-04-02,1158.650000
2002-04-03,1163.990000
2002-04-04,1195.960000
2002-04-05,1186.280000
2002-04-08,1188.140000
2002-04-09,1206.610000
2002-04-10,1234.980000
2002-04-11,1227.050000
2002-04-12,1232.750000
2002-04-15,1226.680000
2002-04-16,1216.450000
2002-04-17,1212.140000
2002-04-18,1199.010000
2002-04-19,1211.600000
2002-04-22,1207.370000
2002-04-23,1213.220000
2002-04-24,1195.930000
2002-04-25,1200.120000
2002-04-26,1221.050000
2002-04-29,1249.970000
2002-04-30,1241.110000
2002-05-08,1232.070000
2002-05-09,1249.180000
2002-05-10,1234.260000
2002-05-13,1197.820000
2002-05-14,1183.870000
2002-05-15,1172.840000
2002-05-16,1129.760000
2002-05-17,1134.900000
2002-05-20,1121.440000
2002-05-21,1162.040000
2002-05-22,1131.060000
2002-05-23,1140.320000
2002-05-24,1128.130000
2002-05-27,1131.570000
2002-05-28,1135.670000
2002-05-29,1095.010000
2002-05-30,1099.100000
2002-05-31,1078.930000
2002-06-03,1035.760000
2002-06-04,1053.190000
2002-06-05,1038.590000
2002-06-06,1089.720000
2002-06-07,1117.660000
2002-06-10,1103.770000
2002-06-11,1121.720000
2002-06-12,1112.540000
2002-06-13,1107.030000
2002-06-14,1087.280000
2002-06-17,1089.170000
2002-06-18,1119.590000
2002-06-19,1115.580000
2002-06-20,1125.120000
2002-06-21,1158.630000
2002-06-24,1250.500000
2002-06-25,1238.400000
2002-06-26,1248.720000
2002-06-27,1240.680000
2002-06-28,1223.220000
2002-07-01,1220.870000
2002-07-02,1234.050000
2002-07-03,1244.020000
2002-07-04,1230.070000
2002-07-05,1231.470000
2002-07-08,1241.960000
2002-07-09,1243.170000
2002-07-10,1233.090000
2002-07-11,1237.150000
2002-07-12,1276.030000
2002-07-15,1255.150000
2002-07-16,1249.460000
2002-07-17,1250.260000
2002-07-18,1250.740000
2002-07-19,1249.410000
2002-07-22,1231.940000
2002-07-23,1215.350000
2002-07-24,1217.850000
2002-07-25,1206.960000
2002-07-26,1201.420000
2002-07-29,1203.920000
2002-07-30,1200.800000
2002-07-31,1193.020000
2002-08-01,1195.770000
2002-08-02,1200.320000
2002-08-05,1187.330000
2002-08-06,1197.600000
2002-08-07,1197.910000
2002-08-08,1193.380000
2002-08-09,1184.870000
2002-08-12,1187.210000
2002-08-13,1185.010000
2002-08-14,1194.630000
2002-08-15,1187.810000
2002-08-16,1203.190000
2002-08-19,1199.610000
2002-08-20,1214.170000
2002-08-21,1212.410000
2002-08-22,1218.360000
2002-08-23,1223.190000
2002-08-26,1228.320000
2002-08-27,1232.340000
2002-08-28,1220.930000
2002-08-29,1215.360000
2002-08-30,1218.460000
2002-09-02,1220.280000
2002-09-03,1227.080000
2002-09-04,1218.800000
2002-09-05,1200.840000
2002-09-06,1188.080000
2002-09-09,1173.020000
2002-09-10,1180.510000
2002-09-11,1176.320000
2002-09-12,1186.390000
2002-09-13,1184.100000
2002-09-16,1174.880000
2002-09-17,1166.510000
2002-09-18,1157.340000
2002-09-19,1171.330000
2002-09-20,1163.470000
2002-09-23,1158.640000
2002-09-24,1145.390000
2002-09-25,1139.490000
2002-09-26,1127.640000
2002-09-27,1131.820000
2002-10-08,1117.500000
2002-10-09,1110.050000
2002-10-10,1110.190000
2002-10-11,1112.770000
2002-10-14,1113.210000
2002-10-15,1108.610000
2002-10-16,1119.220000
2002-10-17,1100.350000
2002-10-18,1096.510000
2002-10-21,1093.170000
2002-10-22,1112.710000
2002-10-23,1108.440000
2002-10-24,1101.400000
2002-10-25,1091.220000
2002-10-28,1092.980000
2002-10-29,1093.680000
2002-10-30,1096.320000
2002-10-31,1092.040000
2002-11-01,1090.340000
2002-11-04,1100.050000
2002-11-05,1123.440000
2002-11-06,1121.620000
2002-11-07,1130.670000
2002-11-08,1099.180000
2002-11-11,1090.560000
2002-11-12,1069.710000
2002-11-13,1067.800000
2002-11-14,1057.710000
2002-11-15,1050.290000
2002-11-18,1044.580000
2002-11-19,1052.610000
2002-11-20,1030.720000
2002-11-21,1004.070000
2002-11-22,1004.000000
2002-11-25,1012.780000
2002-11-26,991.960000
2002-11-27,995.350000
2002-11-28,1017.130000
2002-11-29,1026.950000
2002-12-02,1001.610000
2002-12-03,1007.500000
2002-12-04,1019.580000
2002-12-05,1007.350000
2002-12-06,1010.030000
2002-12-09,1002.830000
2002-12-10,998.990000
2002-12-11,999.220000
2002-12-12,1005.350000
2002-12-13,1019.050000
2002-12-16,1031.570000
2002-12-17,1033.510000
2002-12-18,1049.420000
2002-12-19,1046.930000
2002-12-20,1052.880000
2002-12-23,1054.000000
2002-12-24,1047.880000
2002-12-25,1044.080000
2002-12-26,1012.030000
2002-12-27,1026.170000
2002-12-30,1035.280000
2002-12-31,1050.170000
2003-01-02,1023.110000
2003-01-03,1021.010000
2003-01-06,1031.710000
2003-01-07,1033.070000
2003-01-08,1051.320000
2003-01-09,1065.040000
2003-01-10,1073.140000
2003-01-13,1074.190000
2003-01-14,1130.550000
2003-01-15,1111.470000
2003-01-16,1130.470000
2003-01-17,1137.330000
2003-01-20,1138.810000
2003-01-21,1129.680000
2003-01-22,1131.240000
2003-01-23,1118.580000
2003-01-24,1122.830000
2003-01-27,1144.120000
2003-01-28,1152.580000
2003-01-29,1153.880000
2003-02-10,1148.730000
2003-02-11,1155.370000
2003-02-12,1154.270000
2003-02-13,1158.860000
2003-02-14,1160.510000
2003-02-17,1147.380000
2003-02-18,1150.570000
2003-02-19,1153.750000
2003-02-20,1153.050000
2003-02-21,1137.740000
2003-02-24,1141.990000
2003-02-25,1163.100000
2003-02-26,1157.270000
2003-02-27,1158.430000
2003-02-28,1152.390000
2003-03-03,1161.680000
2003-03-04,1157.940000
2003-03-05,1157.570000
2003-03-06,1139.010000
2003-03-07,1139.050000
2003-03-10,1130.040000
2003-03-11,1131.250000
2003-03-12,1131.180000
2003-03-13,1129.020000
2003-03-14,1136.350000
2003-03-17,1127.920000
2003-03-18,1122.510000
2003-03-19,1120.510000
2003-03-20,1123.920000
2003-03-21,1129.060000
2003-03-24,1137.930000
2003-03-25,1129.340000
2003-03-26,1133.100000
2003-03-27,1159.830000
2003-03-28,1153.370000
2003-03-31,1164.290000
2003-04-01,1167.690000
2003-04-02,1162.390000
2003-04-03,1167.550000
2003-04-04,1175.640000
2003-04-07,1165.550000
2003-04-08,1151.140000
2003-04-09,1147.740000
2003-04-10,1160.200000
2003-04-11,1169.880000
2003-04-14,1196.600000
2003-04-15,1212.470000
2003-04-16,1205.250000
2003-04-17,1207.830000
2003-04-18,1208.930000
2003-04-21,1178.740000
2003-04-22,1180.150000
2003-04-23,1167.670000
2003-04-24,1146.240000
2003-04-25,1140.150000
2003-04-28,1165.580000
2003-04-29,1155.230000
2003-04-30,1169.800000
2003-05-12,1147.500000
2003-05-13,1124.520000
2003-05-14,1153.480000
2003-05-15,1170.790000
2003-05-16,1158.080000
2003-05-19,1153.120000
2003-05-20,1161.500000
2003-05-21,1167.000000
2003-05-22,1171.290000
2003-05-23,1186.840000
2003-05-26,1190.680000
2003-05-27,1188.840000
2003-05-28,1167.690000
2003-05-29,1170.280000
2003-05-30,1185.680000
2003-06-02,1188.180000
2003-06-03,1181.970000
2003-06-04,1181.840000
2003-06-05,1177.130000
2003-06-06,1167.190000
2003-06-09,1158.340000
2003-06-10,1160.560000
2003-06-11,1179.680000
2003-06-12,1177.460000
2003-06-13,1187.780000
2003-06-16,1177.780000
2003-06-17,1167.120000
2003-06-18,1167.700000
2003-06-19,1160.390000
2003-06-20,1158.860000
2003-06-23,1139.540000
2003-06-24,1138.190000
2003-06-25,1129.190000
2003-06-26,1125.340000
2003-06-27,1116.570000
2003-06-30,1099.330000
2003-07-01,1100.420000
2003-07-02,1109.660000
2003-07-03,1112.510000
2003-07-04,1126.330000
2003-07-07,1116.600000
2003-07-08,1125.010000
2003-07-09,1113.450000
2003-07-10,1126.370000
2003-07-11,1119.650000
2003-07-14,1117.620000
2003-07-15,1125.420000
2003-07-16,1124.570000
2003-07-17,1142.520000
2003-07-18,1116.840000
2003-07-21,1101.960000
2003-07-22,1106.530000
2003-07-23,1108.180000
2003-07-24,1099.420000
2003-07-25,1076.680000
2003-07-28,1070.700000
2003-07-29,1069.610000
2003-07-30,1066.820000
2003-07-31,1067.490000
2003-08-01,1064.400000
2003-08-04,1074.160000
2003-08-05,1095.760000
2003-08-06,1084.640000
2003-08-07,1078.530000
2003-08-08,1069.720000
2003-08-11,1076.800000
2003-08-12,1079.540000
2003-08-13,1084.440000
2003-08-14,1078.930000
2003-08-15,1070.470000
2003-08-18,1074.240000
2003-08-19,1083.900000
2003-08-20,1071.510000
2003-08-21,1073.540000
2003-08-22,1066.450000
2003-08-25,1041.520000
2003-08-26,1039.970000
2003-08-27,1041.040000
2003-08-28,1039.310000
2003-08-29,1045.560000
2003-09-01,1061.640000
2003-09-02,1057.970000
2003-09-03,1049.770000
2003-09-04,1047.140000
2003-09-05,1031.570000
2003-09-08,1029.620000
2003-09-09,1028.180000
2003-09-10,1035.020000
2003-09-11,1045.960000
2003-09-12,1028.570000
2003-09-15,1026.170000
2003-09-16,1031.520000
2003-09-17,1020.740000
2003-09-18,1011.220000
2003-09-19,1012.580000
2003-09-22,1011.810000
2003-09-23,1011.130000
2003-09-24,1013.140000
2003-09-25,1016.210000
2003-09-26,1020.100000
2003-09-29,1015.300000
2003-09-30,1031.660000
2003-10-08,1022.320000
2003-10-09,1021.400000
2003-10-10,1037.530000
2003-10-13,1038.230000
2003-10-14,1038.460000
2003-10-15,1040.200000
2003-10-16,1029.540000
2003-10-17,1034.280000
2003-10-20,1036.220000
2003-10-21,1043.740000
2003-10-22,1060.070000
2003-10-23,1051.920000
2003-10-24,1048.740000
2003-10-27,1035.950000
2003-10-28,1038.820000
2003-10-29,1074.670000
2003-10-30,1061.670000
2003-10-31,1046.610000
2003-11-03,1059.710000
2003-11-04,1069.740000
2003-11-05,1084.180000
2003-11-06,1080.720000
2003-11-07,1056.730000
2003-11-10,1099.110000
2003-11-11,1101.680000
2003-11-12,1095.640000
2003-11-13,1084.460000
2003-11-14,1094.160000
2003-11-17,1061.400000
2003-11-18,1042.490000
2003-11-19,1054.260000
2003-11-20,1075.610000
2003-11-21,1077.660000
2003-11-24,1104.620000
2003-11-25,1096.150000
2003-11-26,1115.590000
2003-11-27,1092.060000
2003-11-28,1103.940000
2003-12-01,1143.960000
2003-12-02,1146.440000
2003-12-03,1150.730000
2003-12-04,1153.340000
2003-12-05,1152.840000
2003-12-08,1157.190000
2003-12-09,1171.890000
2003-12-10,1187.740000
2003-12-11,1190.580000
2003-12-12,1179.530000
2003-12-15,1178.090000
2003-12-16,1162.750000
2003-12-17,1172.750000
2003-12-18,1203.410000
2003-12-19,1208.060000
2003-12-22,1253.530000
2003-12-23,1251.000000
2003-12-24,1264.630000
2003-12-25,1242.510000
2003-12-26,1228.150000
2003-12-29,1238.100000
2003-12-30,1239.140000
2003-12-31,1218.140000
2004-01-02,1217.450000
2004-01-05,1248.920000
2004-01-06,1253.190000
2004-01-07,1264.450000
2004-01-08,1271.590000
2004-01-09,1241.000000
2004-01-12,1244.180000
2004-01-13,1284.960000
2004-01-14,1270.380000
2004-01-15,1253.400000
2004-01-16,1247.410000
2004-01-29,1270.770000
2004-01-30,1240.510000
2004-02-02,1272.990000
2004-02-03,1291.560000
2004-02-04,1328.580000
2004-02-05,1335.750000
2004-02-06,1323.260000
2004-02-09,1340.380000
2004-02-10,1326.400000
2004-02-11,1320.730000
2004-02-12,1315.510000
2004-02-13,1314.820000
2004-02-16,1340.550000
2004-02-17,1349.680000
2004-02-18,1395.640000
2004-02-19,1393.510000
2004-02-20,1433.110000
2004-02-23,1403.840000
2004-02-24,1461.370000
2004-02-25,1414.800000
2004-02-26,1415.610000
2004-02-27,1459.230000
2004-03-01,1486.690000
2004-03-02,1472.170000
2004-03-03,1445.060000
2004-03-04,1436.890000
2004-03-05,1404.070000
2004-03-08,1354.670000
2004-03-09,1332.230000
2004-03-10,1351.170000
2004-03-11,1400.780000
2004-03-12,1390.060000
2004-03-15,1398.310000
2004-03-16,1413.430000
2004-03-17,1436.070000
2004-03-18,1433.110000
2004-03-19,1455.970000
2004-03-22,1462.790000
2004-03-23,1468.880000
2004-03-24,1475.280000
2004-03-25,1461.450000
2004-03-26,1466.190000
2004-03-29,1446.600000
2004-03-30,1448.350000
2004-03-31,1471.590000
2004-04-01,1485.490000
2004-04-02,1489.690000
2004-04-05,1528.830000
2004-04-06,1539.580000
2004-04-07,1576.980000
2004-04-08,1569.040000
2004-04-09,1563.010000
2004-04-12,1587.480000
2004-04-13,1565.000000
2004-04-14,1546.840000
2004-04-15,1546.210000
2004-04-16,1561.100000
2004-04-19,1539.690000
2004-04-20,1514.160000
2004-04-21,1474.050000
2004-04-22,1472.920000
2004-04-23,1473.140000
2004-04-26,1450.580000
2004-04-27,1405.720000
2004-04-28,1380.740000
2004-04-29,1322.250000
2004-04-30,1338.970000
2004-05-10,1321.940000
2004-05-11,1329.940000
2004-05-12,1379.980000
2004-05-13,1378.330000
2004-05-14,1316.860000
2004-05-17,1278.620000
2004-05-18,1273.090000
2004-05-19,1285.160000
2004-05-20,1274.430000
2004-05-21,1290.750000
2004-05-24,1289.430000
2004-05-25,1248.210000
2004-05-26,1227.280000
2004-05-27,1265.220000
2004-05-28,1239.840000
2004-05-31,1236.560000
2004-06-01,1287.390000
2004-06-02,1299.460000
2004-06-03,1260.150000
2004-06-04,1250.740000
2004-06-07,1226.990000
2004-06-08,1217.490000
2004-06-09,1195.470000
2004-06-10,1195.620000
2004-06-11,1206.470000
2004-06-14,1198.000000
2004-06-15,1219.450000
2004-06-16,1224.780000
2004-06-17,1204.280000
2004-06-18,1190.320000
2004-06-21,1200.860000
2004-06-22,1192.670000
2004-06-23,1174.780000
2004-06-24,1149.150000
2004-06-25,1105.960000
2004-06-28,1061.450000
2004-06-29,1081.850000
2004-06-30,1067.900000
2004-07-01,1139.630000
2004-07-02,1155.730000
2004-07-05,1176.420000
2004-07-06,1166.760000
2004-07-07,1163.140000
2004-07-08,1167.680000
2004-07-09,1162.260000
2004-07-12,1143.580000
2004-07-13,1147.390000
2004-07-14,1178.090000
2004-07-15,1223.580000
2004-07-16,1263.690000
2004-07-19,1276.610000
2004-07-20,1275.340000
2004-07-21,1267.500000
2004-07-22,1250.350000
2004-07-23,1233.030000
2004-07-26,1199.220000
2004-07-27,1220.750000
2004-07-28,1223.740000
2004-07-29,1239.250000
2004-07-30,1207.100000
2004-08-02,1169.360000
2004-08-03,1152.900000
2004-08-04,1222.200000
2004-08-05,1197.500000
2004-08-06,1198.390000
2004-08-09,1209.490000
2004-08-10,1206.710000
2004-08-11,1208.040000
2004-08-12,1190.010000
2004-08-13,1214.430000
2004-08-16,1215.620000
2004-08-17,1213.770000
2004-08-18,1203.970000
2004-08-19,1208.150000
2004-08-20,1205.620000
2004-08-23,1175.730000
2004-08-24,1185.730000
2004-08-25,1186.750000
2004-08-26,1186.640000
2004-08-27,1173.200000
2004-08-30,1175.760000
2004-08-31,1198.890000
2004-09-01,1168.420000
2004-09-02,1179.770000
2004-09-03,1160.220000
2004-09-06,1137.100000
2004-09-07,1142.170000
2004-09-08,1133.520000
2004-09-09,1090.180000
2004-09-10,1076.770000
2004-09-13,1047.510000
2004-09-14,1080.810000
2004-09-15,1143.860000
2004-09-16,1153.500000
2004-09-17,1213.270000
2004-09-20,1250.480000
2004-09-21,1235.220000
2004-09-22,1223.590000
2004-09-23,1286.460000
2004-09-24,1261.410000
2004-09-27,1271.650000
2004-09-28,1272.110000
2004-09-29,1272.830000
2004-09-30,1251.660000
2004-10-08,1320.470000
2004-10-11,1327.770000
2004-10-12,1342.080000
2004-10-13,1353.600000
2004-10-14,1266.610000
2004-10-15,1294.490000
2004-10-18,1327.120000
2004-10-19,1309.280000
2004-10-20,1343.540000
2004-10-21,1350.270000
2004-10-22,1350.670000
2004-10-25,1326.320000
2004-10-26,1352.250000
2004-10-27,1325.480000
2004-10-28,1307.830000
2004-10-29,1291.540000
2004-11-01,1259.220000
2004-11-02,1272.620000
2004-11-03,1308.470000
2004-11-04,1292.590000
2004-11-05,1274.850000
2004-11-08,1286.620000
2004-11-09,1285.860000
2004-11-10,1338.160000
2004-11-11,1317.690000
2004-11-12,1327.710000
2004-11-15,1337.670000
2004-11-16,1344.130000
2004-11-17,1354.000000
2004-11-18,1370.290000
2004-11-19,1367.570000
2004-11-22,1368.450000
2004-11-23,1337.960000
2004-11-24,1328.620000
2004-11-25,1336.540000
2004-11-26,1325.410000
2004-11-29,1314.480000
2004-11-30,1316.860000
2004-12-01,1332.490000
2004-12-02,1323.210000
2004-12-03,1289.580000
2004-12-06,1263.180000
2004-12-07,1259.440000
2004-12-08,1266.710000
2004-12-09,1273.190000
2004-12-10,1248.840000
2004-12-13,1235.950000
2004-12-14,1255.940000
2004-12-15,1273.890000
2004-12-16,1255.270000
2004-12-17,1245.040000
2004-12-20,1215.400000
2004-12-21,1216.100000
2004-12-22,1252.910000
2004-12-23,1224.440000
2004-12-24,1229.840000
2004-12-27,1215.420000
2004-12-28,1202.180000
2004-12-29,1184.020000
2004-12-30,1197.730000
2004-12-31,1195.330000
2005-01-04,1162.280000
2005-01-05,1165.070000
2005-01-06,1140.890000
2005-01-07,1097.130000
2005-01-10,1114.140000
2005-01-11,1109.700000
2005-01-12,1117.270000
2005-01-13,1123.960000
2005-01-14,1101.930000
2005-01-17,1075.380000
2005-01-18,1073.770000
2005-01-19,1046.160000
2005-01-20,1027.620000
2005-01-21,1097.200000
2005-01-24,1127.520000
2005-01-25,1135.000000
2005-01-26,1118.590000
2005-01-27,1077.930000
2005-01-28,1079.990000
2005-01-31,1071.700000
2005-02-01,1082.220000
2005-02-02,1158.290000
2005-02-03,1138.410000
2005-02-04,1156.170000
2005-02-16,1160.430000
2005-02-17,1147.350000
2005-02-18,1142.420000
2005-02-21,1158.070000
2005-02-22,1196.790000
2005-02-23,1200.020000
2005-02-24,1200.960000
2005-02-25,1212.530000
2005-02-28,1198.690000
2005-03-01,1173.590000
2005-03-02,1158.630000
2005-03-03,1167.300000
2005-03-04,1156.400000
2005-03-07,1154.550000
2005-03-08,1185.560000
2005-03-09,1174.160000
2005-03-10,1141.020000
2005-03-11,1140.590000
2005-03-14,1179.450000
2005-03-15,1154.880000
2005-03-16,1131.200000
2005-03-17,1141.310000
2005-03-18,1099.130000
2005-03-21,1099.790000
2005-03-22,1095.290000
2005-03-23,1095.160000
2005-03-24,1102.390000
2005-03-25,1102.780000
2005-03-28,1106.660000
2005-03-29,1093.420000
2005-03-30,1069.900000
2005-03-31,1066.350000
2005-04-01,1113.460000
2005-04-04,1091.880000
2005-04-05,1085.230000
2005-04-06,1125.810000
2005-04-07,1129.190000
2005-04-08,1155.500000
2005-04-11,1142.390000
2005-04-12,1121.600000
2005-04-13,1156.620000
2005-04-14,1139.900000
2005-04-15,1120.830000
2005-04-18,1124.760000
2005-04-19,1116.500000
2005-04-20,1098.500000
2005-04-21,1124.730000
2005-04-22,1126.420000
2005-04-25,1102.420000
2005-04-26,1090.760000
2005-04-27,1067.810000
2005-04-28,1077.500000
2005-04-29,1064.100000
2005-05-09,1019.690000
2005-05-10,1004.100000
2005-05-11,987.270000
2005-05-12,973.440000
2005-05-13,987.760000
2005-05-16,921.710000
2005-05-17,921.840000
2005-05-18,923.950000
2005-05-19,935.030000
2005-05-20,942.030000
2005-05-23,906.800000
2005-05-24,909.590000
2005-05-25,906.020000
2005-05-26,899.310000
2005-05-27,887.130000
2005-05-30,897.960000
2005-05-31,899.570000
2005-06-01,849.810000
2005-06-02,824.910000
2005-06-03,816.490000
2005-06-06,841.870000
2005-06-07,839.600000
2005-06-08,918.700000
2005-06-09,940.400000
2005-06-10,902.720000
2005-06-13,900.220000
2005-06-14,880.890000
2005-06-15,841.890000
2005-06-16,866.450000
2005-06-17,876.080000
2005-06-20,913.710000
2005-06-21,909.880000
2005-06-22,907.050000
2005-06-23,899.590000
2005-06-24,898.350000
2005-06-27,920.410000
2005-06-28,890.500000
2005-06-29,885.070000
2005-06-30,855.650000
2005-07-01,831.840000
2005-07-04,827.880000
2005-07-05,809.450000
2005-07-06,809.720000
2005-07-07,817.240000
2005-07-08,778.760000
2005-07-11,739.710000
2005-07-12,764.090000
2005-07-13,754.150000
2005-07-14,754.880000
2005-07-15,739.040000
2005-07-18,711.600000
2005-07-19,720.770000
2005-07-20,727.970000
2005-07-21,733.990000
2005-07-22,746.120000
2005-07-25,731.250000
2005-07-26,776.750000
2005-07-27,803.440000
2005-07-28,795.300000
2005-07-29,792.360000
2005-08-01,801.890000
2005-08-02,819.970000
2005-08-03,818.660000
2005-08-04,806.820000
2005-08-05,840.710000
2005-08-08,847.090000
2005-08-09,853.880000
2005-08-10,856.090000
2005-08-11,875.510000
2005-08-12,875.810000
2005-08-15,881.190000
2005-08-16,860.150000
2005-08-17,855.720000
2005-08-18,821.090000
2005-08-19,822.030000
2005-08-22,838.400000
2005-08-23,820.090000
2005-08-24,827.750000
2005-08-25,825.120000
2005-08-26,808.680000
2005-08-29,798.770000
2005-08-30,808.420000
2005-08-31,821.600000
2005-09-01,837.770000
2005-09-02,843.780000
2005-09-05,860.580000
2005-09-06,837.960000
2005-09-07,868.940000
2005-09-08,877.470000
2005-09-09,869.280000
2005-09-12,865.400000
2005-09-13,887.190000
2005-09-14,893.450000
2005-09-15,906.190000
2005-09-16,913.890000
2005-09-19,925.330000
2005-09-20,914.970000
2005-09-21,894.460000
2005-09-22,873.170000
2005-09-23,864.160000
2005-09-26,870.650000
2005-09-27,859.260000
2005-09-28,855.740000
2005-09-29,857.330000
2005-09-30,857.140000
2005-10-10,842.590000
2005-10-11,852.780000
2005-10-12,888.760000
2005-10-13,886.170000
2005-10-14,886.110000
2005-10-17,883.170000
2005-10-18,891.350000
2005-10-19,872.420000
2005-10-20,866.990000
2005-10-21,866.600000
2005-10-24,875.600000
2005-10-25,856.020000
2005-10-26,837.600000
2005-10-27,821.560000
2005-10-28,813.060000
2005-10-31,820.020000
2005-11-01,811.220000
2005-11-02,826.140000
2005-11-03,821.580000
2005-11-04,823.970000
2005-11-07,816.780000
2005-11-08,824.650000
2005-11-09,827.020000
2005-11-10,796.920000
2005-11-11,805.030000
2005-11-14,807.680000
2005-11-15,800.890000
2005-11-16,807.370000
2005-11-17,806.040000
2005-11-18,831.190000
2005-11-21,828.710000
2005-11-22,808.060000
2005-11-23,813.140000
2005-11-24,820.760000
2005-11-25,821.030000
2005-11-28,818.970000
2005-11-29,811.760000
2005-11-30,809.710000
2005-12-01,808.690000
2005-12-02,798.790000
2005-12-05,765.700000
2005-12-06,761.950000
2005-12-07,757.240000
2005-12-08,768.600000
2005-12-09,776.280000
2005-12-12,794.170000
2005-12-13,798.010000
2005-12-14,802.370000
2005-12-15,792.830000
2005-12-16,795.290000
2005-12-19,796.740000
2005-12-20,796.640000
2005-12-21,803.910000
2005-12-22,808.100000
2005-12-23,813.230000
2005-12-26,817.270000
2005-12-27,813.120000
2005-12-28,814.290000
2005-12-29,822.660000
2005-12-30,813.920000
2006-01-04,819.750000
2006-01-05,823.920000
2006-01-06,837.400000
2006-01-09,847.930000
2006-01-10,849.860000
2006-01-11,840.180000
2006-01-12,848.780000
2006-01-13,847.020000
2006-01-16,826.590000
2006-01-17,822.700000
2006-01-18,838.890000
2006-01-19,843.270000
2006-01-20,845.630000
2006-01-23,856.130000
2006-01-24,887.710000
2006-01-25,878.640000
2006-02-06,905.500000
2006-02-07,905.210000
2006-02-08,903.910000
2006-02-09,905.840000
2006-02-10,951.160000
2006-02-13,963.060000
2006-02-14,948.440000
2006-02-15,934.200000
2006-02-16,889.890000
2006-02-17,888.110000
2006-02-20,881.840000
2006-02-21,902.120000
2006-02-22,904.440000
2006-02-23,895.200000
2006-02-24,896.430000
2006-02-27,896.040000
2006-02-28,905.490000
2006-03-01,907.260000
2006-03-02,883.080000
2006-03-03,880.090000
2006-03-06,859.110000
2006-03-07,824.020000
2006-03-08,832.560000
2006-03-09,826.380000
2006-03-10,829.290000
2006-03-13,834.170000
2006-03-14,830.320000
2006-03-15,846.970000
2006-03-16,847.720000
2006-03-17,848.650000
2006-03-20,856.650000
2006-03-21,866.220000
2006-03-22,883.630000
2006-03-23,883.800000
2006-03-24,869.480000
2006-03-27,885.210000
2006-03-28,884.360000
2006-03-29,880.390000
2006-03-30,883.830000
2006-03-31,899.780000
2006-04-03,910.350000
2006-04-04,912.250000
2006-04-05,912.190000
2006-04-06,917.490000
2006-04-07,915.910000
2006-04-10,963.370000
2006-04-11,976.820000
2006-04-12,957.350000
2006-04-13,914.890000
2006-04-14,931.270000
2006-04-17,934.030000
2006-04-18,928.550000
2006-04-19,926.390000
2006-04-20,930.470000
2006-04-21,945.760000
2006-04-24,939.600000
2006-04-25,968.680000
2006-04-26,956.710000
2006-04-27,958.840000
2006-04-28,965.210000
2006-05-08,969.190000
2006-05-09,984.120000
2006-05-10,1012.280000
2006-05-11,1021.320000
2006-05-12,1081.780000
2006-05-15,1155.600000
2006-05-16,1104.260000
2006-05-17,1085.880000
2006-05-18,1075.050000
2006-05-19,1113.520000
2006-05-22,1157.590000
2006-05-23,1115.580000
2006-05-24,1134.460000
2006-05-25,1188.450000
2006-05-26,1203.880000
2006-05-29,1210.770000
2006-05-30,1248.360000
2006-05-31,1211.530000
2006-06-01,1230.400000
2006-06-02,1186.680000
2006-06-05,1204.020000
2006-06-06,1206.470000
2006-06-07,1108.740000
2006-06-08,1119.160000
2006-06-09,1117.070000
2006-06-12,1134.700000
2006-06-13,1130.630000
2006-06-14,1100.520000
2006-06-15,1085.440000
2006-06-16,1122.470000
2006-06-19,1141.710000
2006-06-20,1132.340000
2006-06-21,1148.830000
2006-06-22,1154.200000
2006-06-23,1129.000000
2006-06-26,1148.270000
2006-06-27,1155.160000
2006-06-28,1161.040000
2006-06-29,1175.390000
2006-06-30,1171.840000
2006-07-03,1188.250000
2006-07-04,1171.690000
2006-07-05,1151.960000
2006-07-06,1180.250000
2006-07-07,1178.000000
2006-07-10,1177.080000
2006-07-11,1173.450000
2006-07-12,1170.930000
2006-07-13,1113.380000
2006-07-14,1117.500000
2006-07-17,1142.780000
2006-07-18,1161.810000
2006-07-19,1121.120000
2006-07-20,1123.840000
2006-07-21,1118.830000
2006-07-24,1116.300000
2006-07-25,1135.630000
2006-07-26,1133.150000
2006-07-27,1125.330000
2006-07-28,1103.820000
2006-07-31,1060.370000
2006-08-01,1053.140000
2006-08-02,1052.970000
2006-08-03,1048.250000
2006-08-04,1022.890000
2006-08-07,988.740000
2006-08-08,1024.270000
2006-08-09,1022.500000
2006-08-10,1034.350000
2006-08-11,1032.690000
2006-08-14,1008.650000
2006-08-15,1021.730000
2006-08-16,1036.160000
2006-08-17,1025.850000
2006-08-18,1016.510000
2006-08-21,1022.930000
2006-08-22,1029.100000
2006-08-23,1032.110000
2006-08-24,1035.310000
2006-08-25,1041.100000
2006-08-28,1063.450000
2006-08-29,1063.880000
2006-08-30,1059.650000
2006-08-31,1061.440000
2006-09-01,1044.230000
2006-09-04,1061.800000
2006-09-05,1074.550000
2006-09-06,1077.920000
2006-09-07,1063.000000
2006-09-08,1060.190000
2006-09-11,1053.000000
2006-09-12,1058.010000
2006-09-13,1051.290000
2006-09-14,1046.160000
2006-09-15,1057.410000
2006-09-18,1072.300000
2006-09-19,1065.660000
2006-09-20,1063.420000
2006-09-21,1083.210000
2006-09-22,1064.000000
2006-09-25,1059.450000
2006-09-26,1048.280000
2006-09-27,1053.830000
2006-09-28,1054.180000
2006-09-29,1057.850000
2006-10-09,1071.800000
2006-10-10,1076.840000
2006-10-11,1087.840000
2006-10-12,1098.200000
2006-10-13,1098.580000
2006-10-16,1113.340000
2006-10-17,1107.640000
2006-10-18,1113.630000
2006-10-19,1110.750000
2006-10-20,1097.000000
2006-10-23,1086.630000
2006-10-24,1113.320000
2006-10-25,1107.800000
2006-10-26,1084.350000
2006-10-27,1066.140000
2006-10-30,1078.770000
2006-10-31,1090.370000
2006-11-01,1108.170000
2006-11-02,1111.150000
2006-11-03,1111.880000
2006-11-06,1110.350000
2006-11-07,1127.680000
2006-11-08,1104.090000
2006-11-09,1109.700000
2006-11-10,1075.540000
2006-11-13,1042.710000
2006-11-14,1054.960000
2006-11-15,1072.090000
2006-11-16,1048.990000
2006-11-17,1065.180000
2006-11-20,1056.400000
2006-11-21,1083.330000
2006-11-22,1085.090000
2006-11-23,1084.760000
2006-11-24,1092.160000
2006-11-27,1109.960000
2006-11-28,1097.550000
2006-11-29,1101.640000
2006-11-30,1121.340000
2006-12-01,1143.850000
2006-12-04,1172.970000
2006-12-05,1168.070000
2006-12-06,1149.370000
2006-12-07,1150.830000
2006-12-08,1113.860000
2006-12-11,1136.330000
2006-12-12,1143.010000
2006-12-13,1157.920000
2006-12-14,1171.860000
2006-12-15,1177.980000
2006-12-18,1187.920000
2006-12-19,1185.920000
2006-12-20,1204.730000
2006-12-21,1235.140000
2006-12-22,1245.810000
2006-12-25,1240.440000
2006-12-26,1240.050000
2006-12-27,1276.800000
2006-12-28,1237.360000
2006-12-29,1232.010000
2007-01-04,1253.300000
2007-01-05,1338.090000
2007-01-08,1398.580000
2007-01-09,1448.240000
2007-01-10,1517.550000
2007-01-11,1519.320000
2007-01-12,1419.980000
2007-01-15,1501.160000
2007-01-16,1516.800000
2007-01-17,1472.480000
2007-01-18,1487.270000
2007-01-19,1555.530000
2007-01-22,1642.690000
2007-01-23,1634.850000
2007-01-24,1623.590000
2007-01-25,1542.560000
2007-01-26,1586.830000
2007-01-29,1597.930000
2007-01-30,1631.000000
2007-01-31,1536.960000
2007-02-01,1558.310000
2007-02-02,1589.520000
2007-02-05,1631.740000
2007-02-06,1648.140000
2007-02-07,1635.690000
2007-02-08,1707.050000
2007-02-09,1682.860000
2007-02-12,1688.560000
2007-02-13,1717.100000
2007-02-14,1780.470000
2007-02-15,1814.600000
2007-02-16,1855.800000
2007-02-26,1940.400000
2007-02-27,1783.120000
2007-02-28,1839.200000
2007-03-01,1746.820000
2007-03-02,1759.630000
2007-03-05,1695.610000
2007-03-06,1704.740000
2007-03-07,1751.000000
2007-03-08,1784.720000
2007-03-09,1771.070000
2007-03-12,1805.940000
2007-03-13,1835.110000
2007-03-14,1797.590000
2007-03-15,1820.280000
2007-03-16,1797.910000
2007-03-19,1790.630000
2007-03-20,1831.060000
2007-03-21,1842.260000
2007-03-22,1875.520000
2007-03-23,1917.080000
2007-03-26,1955.010000
2007-03-27,1952.190000
2007-03-28,1955.020000
2007-03-29,1891.140000
2007-03-30,1943.110000
2007-04-02,1995.390000
2007-04-03,2034.360000
2007-04-04,2092.130000
2007-04-05,2139.220000
2007-04-06,2205.090000
2007-04-09,2296.240000
2007-04-10,2352.250000
2007-04-11,2397.410000
2007-04-12,2533.420000
2007-04-13,2515.410000
2007-04-16,2541.880000
2007-04-17,2596.940000
2007-04-18,2626.830000
2007-04-19,2512.180000
2007-04-20,2671.590000
2007-04-23,2842.720000
2007-04-24,2877.550000
2007-04-25,2907.350000
2007-04-26,3049.990000
2007-04-27,3004.940000
2007-04-30,2986.080000
2007-05-08,3082.760000
2007-05-09,3040.290000
2007-05-10,3067.520000
2007-05-11,3139.500000
2007-05-14,3137.050000
2007-05-15,2987.840000
2007-05-16,3119.080000
2007-05-17,3153.280000
2007-05-18,3172.300000
2007-05-21,3310.060000
2007-05-22,3397.400000
2007-05-23,3430.340000
2007-05-24,3310.690000
2007-05-25,3334.850000
2007-05-28,3380.440000
2007-05-29,3498.600000
2007-05-30,3165.700000
2007-05-31,3103.050000
2007-06-01,2876.240000
2007-06-04,2663.980000
2007-06-05,2858.920000
2007-06-06,3057.050000
2007-06-07,3167.140000
2007-06-08,3196.910000
2007-06-11,3271.820000
2007-06-12,3388.690000
2007-06-13,3414.590000
2007-06-14,3443.540000
2007-06-15,3425.290000
2007-06-18,3469.700000
2007-06-19,3512.930000
2007-06-20,3367.750000
2007-06-21,3342.560000
2007-06-22,3188.210000
2007-06-25,2930.440000
2007-06-26,3079.090000
2007-06-27,3124.920000
2007-06-28,2978.540000
2007-06-29,2887.490000
2007-07-02,2874.700000
2007-07-03,3008.650000
2007-07-04,2973.980000
2007-07-05,2864.040000
2007-07-06,3014.170000
2007-07-09,3159.800000
2007-07-10,3145.850000
2007-07-11,3212.260000
2007-07-12,3290.070000
2007-07-13,3260.220000
2007-07-16,3192.260000
2007-07-17,3253.700000
2007-07-18,3196.060000
2007-07-19,3146.480000
2007-07-20,3221.090000
2007-07-23,3462.630000
2007-07-24,3432.460000
2007-07-25,3621.260000
2007-07-26,3616.750000
2007-07-27,3701.710000
2007-07-30,3858.940000
2007-07-31,3894.290000
2007-08-01,3649.050000
2007-08-02,3798.000000
2007-08-03,3859.580000
2007-08-06,3906.670000
2007-08-07,3943.030000
2007-08-08,3816.350000
2007-08-09,3847.990000
2007-08-10,3762.220000
2007-08-13,3713.830000
2007-08-14,3853.860000
2007-08-15,3864.150000
2007-08-16,3878.250000
2007-08-17,3872.110000
2007-08-20,4088.640000
2007-08-21,4031.980000
2007-08-22,4061.200000
2007-08-23,4129.040000
2007-08-24,4193.240000
2007-08-27,4330.610000
2007-08-28,4457.060000
2007-08-29,4348.040000
2007-08-30,4372.940000
2007-08-31,4657.100000
2007-09-03,5070.800000
2007-09-04,4949.660000
2007-09-05,5134.300000
2007-09-06,5208.850000
2007-09-07,5019.510000
2007-09-10,4985.790000
2007-09-11,4674.840000
2007-09-12,4825.300000
2007-09-13,5184.040000
2007-09-14,5174.420000
2007-09-17,5293.610000
2007-09-18,5407.420000
2007-09-19,5581.720000
2007-09-20,5715.080000
2007-09-21,5903.270000
2007-09-24,6040.620000
2007-09-25,5592.810000
2007-09-26,5336.710000
2007-09-27,5616.090000
2007-09-28,5923.500000
2007-10-08,5868.110000
2007-10-09,5623.980000
2007-10-10,5586.490000
2007-10-11,5516.130000
2007-10-12,5393.830000
2007-10-15,5319.490000
2007-10-16,5671.320000
2007-10-17,5595.890000
2007-10-18,5298.220000
2007-10-19,5272.740000
2007-10-22,4970.050000
2007-10-23,4894.460000
2007-10-24,4867.760000
2007-10-25,4537.020000
2007-10-26,4685.300000
2007-10-29,5026.860000
2007-10-30,5173.940000
2007-10-31,5223.600000
2007-11-01,5216.220000
2007-11-02,4962.970000
2007-11-05,4980.920000
2007-11-06,5056.900000
2007-11-07,5177.970000
2007-11-08,5005.480000
2007-11-09,4907.050000
2007-11-12,4668.470000
2007-11-13,4570.460000
2007-11-14,4782.510000
2007-11-15,4614.300000
2007-11-16,4597.430000
2007-11-19,4635.500000
2007-11-20,4737.680000
2007-11-21,4782.530000
2007-11-22,4595.710000
2007-11-23,4684.360000
2007-11-26,4674.190000
2007-11-27,4675.420000
2007-11-28,4671.260000
2007-11-29,4807.240000
2007-11-30,4769.470000
2007-12-03,4702.170000
2007-12-04,4736.310000
2007-12-05,4814.150000
2007-12-06,4835.830000
2007-12-07,4920.330000
2007-12-10,5074.650000
2007-12-11,5090.000000
2007-12-12,5106.710000
2007-12-13,4837.600000
2007-12-14,4889.680000
2007-12-17,4843.300000
2007-12-18,4956.700000
2007-12-19,5001.810000
2007-12-20,5054.100000
2007-12-21,5128.390000
2007-12-24,5203.730000
2007-12-25,5174.280000
2007-12-26,5256.230000
2007-12-27,5434.010000
2007-12-28,5505.390000
2008-01-02,5610.910000
2008-01-03,5668.580000
2008-01-04,5720.830000
2008-01-07,5911.050000
2008-01-08,5735.020000
2008-01-09,5976.860000
2008-01-10,6226.290000
2008-01-11,6256.280000
2008-01-14,6243.790000
2008-01-15,6326.610000
2008-01-16,6253.910000
2008-01-17,6097.280000
2008-01-18,6319.610000
2008-01-21,6291.770000
2008-01-22,5876.950000
2008-01-23,6038.340000
2008-01-24,6376.610000
2008-01-25,6333.400000
2008-01-28,6175.510000
2008-01-29,6069.320000
2008-01-30,5656.690000
2008-01-31,5435.410000
2008-02-01,5312.120000
2008-02-04,5738.980000
2008-02-05,5635.020000
2008-02-13,5571.010000
2008-02-14,5635.870000
2008-02-15,5606.900000
2008-02-18,5697.680000
2008-02-19,5894.150000
2008-02-20,5865.300000
2008-02-21,5910.340000
2008-02-22,5682.550000
2008-02-25,5395.600000
2008-02-26,5299.350000
2008-02-27,5449.980000
2008-02-28,5498.260000
2008-02-29,5522.300000
2008-03-03,5745.720000
2008-03-04,5649.810000
2008-03-05,5582.160000
2008-03-06,5570.140000
2008-03-07,5571.090000
2008-03-10,5508.250000
2008-03-11,5664.970000
2008-03-12,5669.010000
2008-03-13,5630.850000
2008-03-14,5556.860000
2008-03-17,5078.950000
2008-03-18,4701.770000
2008-03-19,4852.600000
2008-03-20,4966.170000
2008-03-21,4995.090000
2008-03-24,4859.930000
2008-03-25,4903.050000
2008-03-26,5068.690000
2008-03-27,4913.750000
2008-03-28,5042.810000
2008-03-31,4904.140000
2008-04-01,4614.420000
2008-04-02,4268.090000
2008-04-03,4448.140000
2008-04-07,4794.030000
2008-04-08,5012.070000
2008-04-09,4858.840000
2008-04-10,5239.340000
2008-04-11,5345.320000
2008-04-14,5236.650000
2008-04-15,5363.420000
2008-04-16,5553.350000
2008-04-17,5260.170000
2008-04-18,5000.000000
2008-04-21,5193.830000
2008-04-22,5367.390000
2008-04-23,5618.680000
2008-04-24,6043.370000
2008-04-25,5978.890000
2008-04-28,5780.030000
2008-04-29,5975.480000
2008-04-30,6113.350000
2008-05-05,6194.050000
2008-05-06,6180.700000
2008-05-07,6114.970000
2008-05-08,6510.090000
2008-05-09,6591.990000
2008-05-12,6495.000000
2008-05-13,6405.600000
2008-05-14,6772.460000
2008-05-15,6703.510000
2008-05-16,6623.400000
2008-05-19,6784.500000
2008-05-20,6363.380000
2008-05-21,6647.140000
2008-05-22,6595.690000
2008-05-23,6406.980000
2008-05-26,6184.230000
2008-05-27,6166.540000
2008-05-28,6264.760000
2008-05-29,6107.010000
2008-05-30,5929.890000
2008-06-02,6091.610000
2008-06-03,6025.720000
2008-06-04,5808.940000
2008-06-05,5532.890000
2008-06-06,5572.250000
2008-06-10,5359.410000
2008-06-11,5341.690000
2008-06-12,5180.130000
2008-06-13,4880.380000
2008-06-16,4695.260000
2008-06-17,4543.290000
2008-06-18,4925.090000
2008-06-19,4775.210000
2008-06-20,4881.420000
2008-06-23,4698.280000
2008-06-24,4874.470000
2008-06-25,5172.150000
2008-06-26,5232.410000
2008-06-27,5019.870000
2008-06-30,4932.470000
2008-07-01,4880.960000
2008-07-02,4913.440000
2008-07-03,5074.950000
2008-07-04,4766.420000
2008-07-07,4951.200000
2008-07-08,5081.940000
2008-07-09,5179.980000
2008-07-10,5108.350000
2008-07-11,5182.160000
2008-07-14,5278.410000
2008-07-15,5105.400000
2008-07-16,4849.430000
2008-07-17,4706.990000
2008-07-18,4695.700000
2008-07-21,4833.110000
2008-07-22,4778.180000
2008-07-23,4606.020000
2008-07-24,4641.930000
2008-07-25,4532.270000
2008-07-28,4589.390000
2008-07-29,4678.140000
2008-07-30,4511.460000
2008-07-31,4326.130000
2008-08-01,4191.650000
2008-08-04,4056.470000
2008-08-05,3737.120000
2008-08-06,3697.970000
2008-08-07,3690.490000
2008-08-08,3509.500000
2008-08-11,3210.410000
2008-08-12,3218.430000
2008-08-13,3217.910000
2008-08-14,3314.820000
2008-08-15,3213.720000
2008-08-18,2915.440000
2008-08-19,2864.880000
2008-08-20,3102.930000
2008-08-21,2922.430000
2008-08-22,2873.520000
2008-08-25,2797.250000
2008-08-26,2566.980000
2008-08-27,2551.970000
2008-08-28,2578.370000
2008-08-29,2692.950000
2008-09-01,2550.340000
2008-09-02,2508.510000
2008-09-03,2418.440000
2008-09-04,2459.930000
2008-09-05,2350.110000
2008-09-08,2282.150000
2008-09-09,2313.460000
2008-09-10,2298.740000
2008-09-11,2293.150000
2008-09-12,2278.510000
2008-09-16,2226.100000
2008-09-17,2216.070000
2008-09-18,2184.080000
2008-09-19,2380.650000
2008-09-22,2592.400000
2008-09-23,2468.710000
2008-09-24,2481.180000
2008-09-25,2525.670000
2008-09-26,2521.520000
2008-10-06,2297.240000
2008-10-07,2208.030000
2008-10-08,2155.440000
2008-10-09,2104.350000
2008-10-10,1942.240000
2008-10-13,1931.050000
2008-10-14,1847.090000
2008-10-15,1802.390000
2008-10-16,1649.750000
2008-10-17,1674.900000
2008-10-20,1781.010000
2008-10-21,1783.040000
2008-10-22,1748.430000
2008-10-23,1834.890000
2008-10-24,1776.530000
2008-10-27,1620.070000
2008-10-28,1666.390000
2008-10-29,1576.710000
2008-10-30,1637.040000
2008-10-31,1567.400000
2008-11-03,1552.030000
2008-11-04,1499.360000
2008-11-05,1549.970000
2008-11-06,1498.630000
2008-11-07,1517.780000
2008-11-10,1637.810000
2008-11-11,1667.090000
2008-11-12,1700.660000
2008-11-13,1840.870000
2008-11-14,1934.580000
2008-11-17,1943.020000
2008-11-18,1766.420000
2008-11-19,1855.590000
2008-11-20,1877.940000
2008-11-21,1851.950000
2008-11-24,1781.330000
2008-11-25,1764.950000
2008-11-26,1694.650000
2008-11-27,1693.890000
2008-11-28,1618.200000
2008-12-01,1679.330000
2008-12-02,1709.240000
2008-12-03,1863.060000
2008-12-04,1898.850000
2008-12-05,1944.340000
2008-12-08,2032.540000
2008-12-09,2019.770000
2008-12-10,2036.510000
2008-12-11,1957.720000
2008-12-12,1840.310000
2008-12-15,1841.890000
2008-12-16,1890.220000
2008-12-17,1898.090000
2008-12-18,1973.920000
2008-12-19,1981.020000
2008-12-22,1945.930000
2008-12-23,1819.510000
2008-12-24,1757.540000
2008-12-25,1720.730000
2008-12-26,1719.960000
2008-12-29,1703.370000
2008-12-30,1724.990000
2008-12-31,1670.750000
2009-01-05,1769.530000
2009-01-06,1941.800000
2009-01-07,1984.090000
2009-01-08,1945.440000
2009-01-09,1977.520000
2009-01-12,2029.120000
2009-01-13,1911.130000
2009-01-14,2033.840000
2009-01-15,2016.250000
2009-01-16,2055.750000
2009-01-19,2035.650000
2009-01-20,2031.790000
2009-01-21,2016.090000
2009-01-22,2107.010000
2009-01-23,2074.880000
2009-02-02,2076.400000
2009-02-03,2175.350000
2009-02-04,2254.320000
2009-02-05,2267.260000
2009-02-06,2383.830000
2009-02-09,2500.410000
2009-02-10,2565.030000
2009-02-11,2509.570000
2009-02-12,2440.220000
2009-02-13,2567.080000
2009-02-16,2691.020000
2009-02-17,2691.380000
2009-02-18,2484.240000
2009-02-19,2512.560000
2009-02-20,2636.060000
2009-02-23,2685.060000
2009-02-24,2551.480000
2009-02-25,2543.080000
2009-02-26,2380.780000
2009-02-27,2173.940000
2009-03-02,2183.640000
2009-03-03,2135.920000
2009-03-04,2334.130000
2009-03-05,2335.900000
2009-03-06,2352.420000
2009-03-09,2223.990000
2009-03-10,2271.370000
2009-03-11,2226.410000
2009-03-12,2197.780000
2009-03-13,2179.280000
2009-03-16,2196.780000
2009-03-17,2308.750000
2009-03-18,2416.610000
2009-03-19,2570.460000
2009-03-20,2590.410000
2009-03-23,2599.940000
2009-03-24,2692.730000
2009-03-25,2628.600000
2009-03-26,2698.030000
2009-03-27,2658.170000
2009-03-30,2676.220000
2009-03-31,2650.810000
2009-04-01,2803.940000
2009-04-02,2795.110000
2009-04-03,2772.740000
2009-04-07,2835.970000
2009-04-08,2692.900000
2009-04-09,2678.200000
2009-04-10,2802.560000
2009-04-13,2952.250000
2009-04-14,2958.480000
2009-04-15,3116.670000
2009-04-16,3099.130000
2009-04-17,2972.140000
2009-04-20,3051.120000
2009-04-21,2984.980000
2009-04-22,2902.540000
2009-04-23,2883.890000
2009-04-24,2784.840000
2009-04-27,2655.860000
2009-04-28,2724.030000
2009-04-29,2793.580000
2009-04-30,2780.180000
2009-05-04,3044.380000
2009-05-05,3099.680000
2009-05-06,3173.910000
2009-05-07,3307.730000
2009-05-08,3332.340000
2009-05-11,3113.090000
2009-05-12,3282.240000
2009-05-13,3361.400000
2009-05-14,3438.270000
2009-05-15,3492.620000
2009-05-18,3722.850000
2009-05-19,3736.150000
2009-05-20,3952.510000
2009-05-21,3956.960000
2009-05-22,3690.320000
2009-05-25,3735.690000
2009-05-26,3547.380000
2009-05-27,3547.320000
2009-06-01,3703.370000
2009-06-02,3657.090000
2009-06-03,3674.530000
2009-06-04,3759.290000
2009-06-05,3775.310000
2009-06-08,3681.780000
2009-06-09,3701.780000
2009-06-10,3705.430000
2009-06-11,3631.860000
2009-06-12,3539.630000
2009-06-15,3509.260000
2009-06-16,3503.910000
2009-06-17,3545.240000
2009-06-18,3761.220000
2009-06-19,3727.310000
2009-06-22,3668.470000
2009-06-23,3605.650000
2009-06-24,3725.340000
2009-06-25,3702.080000
2009-06-26,3748.210000
2009-06-29,3913.180000
2009-06-30,3857.610000
2009-07-01,3954.520000
2009-07-02,4169.210000
2009-07-03,4300.390000
2009-07-06,4326.480000
2009-07-07,4257.350000
2009-07-08,4472.930000
2009-07-09,4658.180000
2009-07-10,4607.600000
2009-07-13,4465.930000
2009-07-14,4562.010000
2009-07-15,4744.460000
2009-07-16,4699.780000
2009-07-17,4833.890000
2009-07-20,5234.740000
2009-07-21,5119.930000
2009-07-22,5340.240000
2009-07-23,5332.020000
2009-07-24,5453.270000
2009-07-27,5471.630000
2009-07-28,5415.150000
2009-07-29,4965.980000
2009-07-30,4990.480000
2009-07-31,5220.160000
2009-08-03,5464.100000
2009-08-04,5707.310000
2009-08-05,5494.520000
2009-08-06,5263.430000
2009-08-07,5045.810000
2009-08-10,5091.070000
2009-08-11,5138.540000
2009-08-12,4780.880000
2009-08-13,4891.350000
2009-08-14,4774.180000
2009-08-17,4320.560000
2009-08-18,4375.950000
2009-08-19,3989.060000
2009-08-20,4116.280000
2009-08-21,4366.330000
2009-08-24,4569.130000
2009-08-25,4533.970000
2009-08-26,4560.340000
2009-08-27,4602.650000
2009-08-28,4354.330000
2009-08-31,3931.100000
2009-09-01,3794.910000
2009-09-02,3963.830000
2009-09-03,4304.860000
2009-09-04,4329.770000
2009-09-07,4331.540000
2009-09-08,4609.510000
2009-09-09,4625.330000
2009-09-10,4544.510000
2009-09-11,4629.710000
2009-09-14,4698.660000
2009-09-15,4836.210000
2009-09-16,4737.970000
2009-09-17,4785.160000
2009-09-18,4598.060000
2009-09-21,4612.670000
2009-09-22,4404.250000
2009-09-23,4215.970000
2009-09-24,4243.480000
2009-09-25,4177.670000
2009-09-28,3981.670000
2009-09-29,3914.380000
2009-09-30,3980.830000
2009-10-09,4359.180000
2009-10-12,4289.800000
2009-10-13,4404.300000
2009-10-14,4456.650000
2009-10-15,4474.060000
2009-10-16,4539.810000
2009-10-19,4675.290000
2009-10-20,4707.450000
2009-10-21,4642.510000
2009-10-22,4609.340000
2009-10-23,4857.210000
2009-10-26,4821.960000
2009-10-27,4594.070000
2009-10-28,4671.370000
2009-10-29,4485.330000
2009-10-30,4535.050000
2009-11-02,4647.850000
2009-11-03,4689.410000
2009-11-04,4700.240000
2009-11-05,4835.260000
2009-11-06,4800.420000
2009-11-09,4780.730000
2009-11-10,4765.530000
2009-11-11,4730.220000
2009-11-12,4750.750000
2009-11-13,4755.160000
2009-11-16,5018.020000
2009-11-17,5051.890000
2009-11-18,5201.970000
2009-11-19,5222.660000
2009-11-20,5176.410000
2009-11-23,5253.780000
2009-11-24,5105.870000
2009-11-25,5250.520000
2009-11-26,5047.630000
2009-11-27,4857.660000
2009-11-30,5084.390000
2009-12-01,5133.470000
2009-12-02,5204.690000
2009-12-03,5441.750000
2009-12-04,5455.330000
2009-12-07,5473.890000
2009-12-08,5420.650000
2009-12-09,5302.540000
2009-12-10,5293.770000
2009-12-11,5333.940000
2009-12-14,5302.830000
2009-12-15,5353.470000
2009-12-16,5303.000000
2009-12-17,5138.540000
2009-12-18,4927.780000
2009-12-21,4952.390000
2009-12-22,4690.270000
2009-12-23,4720.390000
2009-12-24,4961.000000
2009-12-25,4966.910000
2009-12-28,5024.150000
2009-12-29,5029.040000
2009-12-30,5043.700000
2009-12-31,5042.960000
2010-01-04,5007.420000
2010-01-05,5176.540000
2010-01-06,5187.790000
2010-01-07,5056.010000
2010-01-08,5014.360000
2010-01-11,4990.810000
2010-01-12,5057.150000
2010-01-13,4910.080000
2010-01-14,4968.580000
2010-01-15,4946.890000
2010-01-18,4957.930000
2010-01-19,4987.770000
2010-01-20,4787.650000
2010-01-21,4767.020000
2010-01-22,4590.080000
2010-01-25,4515.610000
2010-01-26,4304.050000
2010-01-27,4264.530000
2010-01-28,4283.820000
2010-01-29,4252.540000
2010-02-01,4113.380000
2010-02-02,4143.720000
2010-02-03,4397.330000
2010-02-04,4305.370000
2010-02-05,4146.000000
2010-02-08,4161.680000
2010-02-09,4185.450000
2010-02-10,4251.860000
2010-02-11,4255.930000
2010-02-12,4344.230000
2010-02-22,4305.840000
2010-02-23,4218.170000
2010-02-24,4295.370000
2010-02-25,4383.580000
2010-02-26,4346.020000
2010-03-01,4405.660000
2010-03-02,4460.400000
2010-03-03,4571.430000
2010-03-04,4419.870000
2010-03-05,4402.200000
2010-03-08,4444.910000
2010-03-09,4555.240000
2010-03-10,4517.190000
2010-03-11,4469.840000
2010-03-12,4479.690000
2010-03-15,4438.140000
2010-03-16,4430.750000
2010-03-17,4521.410000
2010-03-18,4595.190000
2010-03-19,4611.320000
2010-03-22,4630.260000
2010-03-23,4635.400000
2010-03-24,4595.040000
2010-03-25,4493.480000
2010-03-26,4552.780000
2010-03-29,4690.110000
2010-03-30,4717.690000
2010-03-31,4635.360000
2010-04-01,4700.990000
2010-04-02,4752.480000
2010-04-06,4771.610000
2010-04-07,4742.710000
2010-04-08,4661.570000
2010-04-09,4712.970000
2010-04-12,4625.290000
2010-04-13,4650.440000
2010-04-14,4705.920000
2010-04-15,4738.830000
2010-04-16,4669.910000
2010-04-19,4361.440000
2010-04-20,4332.510000
2010-04-21,4432.170000
2010-04-22,4395.380000
2010-04-23,4362.080000
2010-04-26,4286.530000
2010-04-27,4154.510000
2010-04-28,4149.890000
2010-04-29,4094.110000
2010-04-30,4143.570000
2010-05-04,4158.630000
2010-05-05,4140.660000
2010-05-06,3936.250000
2010-05-07,3710.100000
2010-05-10,3784.480000
2010-05-11,3726.630000
2010-05-12,3676.090000
2010-05-13,3769.680000
2010-05-14,3733.270000
2010-05-17,3526.110000
2010-05-18,3561.380000
2010-05-19,3563.870000
2010-05-20,3515.980000
2010-05-21,3565.950000
2010-05-24,3713.490000
2010-05-25,3629.920000
2010-05-26,3639.390000
2010-05-27,3685.580000
2010-05-28,3676.520000
2010-05-31,3510.910000
2010-06-01,3382.690000
2010-06-02,3421.750000
2010-06-03,3372.940000
2010-06-04,3372.860000
2010-06-07,3275.450000
2010-06-08,3257.540000
2010-06-09,3357.540000
2010-06-10,3304.750000
2010-06-11,3352.610000
2010-06-17,3352.950000
2010-06-18,3251.620000
2010-06-21,3367.080000
2010-06-22,3355.610000
2010-06-23,3305.400000
2010-06-24,3302.920000
2010-06-25,3250.150000
2010-06-28,3236.170000
2010-06-29,3064.150000
2010-06-30,2939.730000
2010-07-01,2899.620000
2010-07-02,2827.690000
2010-07-05,2765.480000
2010-07-06,2862.620000
2010-07-07,2882.660000
2010-07-08,2858.740000
2010-07-09,2987.130000
2010-07-12,3037.820000
2010-07-13,2950.490000
2010-07-14,2982.220000
2010-07-15,2890.090000
2010-07-16,2948.310000
2010-07-19,3065.110000
2010-07-20,3164.130000
2010-07-21,3171.060000
2010-07-22,3208.060000
2010-07-23,3230.740000
2010-07-26,3238.160000
2010-07-27,3216.840000
2010-07-28,3302.940000
2010-07-29,3343.980000
2010-07-30,3310.060000
2010-08-02,3398.940000
2010-08-03,3411.830000
2010-08-04,3463.260000
2010-08-05,3446.170000
2010-08-06,3478.910000
2010-08-09,3516.470000
2010-08-10,3343.630000
2010-08-11,3360.020000
2010-08-12,3281.220000
2010-08-13,3340.320000
2010-08-16,3421.520000
2010-08-17,3456.300000
2010-08-18,3440.240000
2010-08-19,3504.200000
2010-08-20,3410.500000
2010-08-23,3401.410000
2010-08-24,3439.800000
2010-08-25,3357.280000
2010-08-26,3377.160000
2010-08-27,3359.360000
2010-08-30,3423.090000
2010-08-31,3377.530000
2010-09-01,3337.300000
2010-09-02,3382.180000
2010-09-03,3411.780000
2010-09-06,3497.240000
2010-09-07,3582.780000
2010-09-08,3618.180000
2010-09-09,3493.270000
2010-09-10,3527.130000
2010-09-13,3509.120000
2010-09-14,3492.160000
2010-09-15,3447.190000
2010-09-16,3351.310000
2010-09-17,3358.540000
2010-09-20,3296.080000
2010-09-21,3303.260000
2010-09-27,3370.270000
2010-09-28,3307.770000
2010-09-29,3345.170000
2010-09-30,3419.330000
2010-10-08,3660.860000
2010-10-11,3775.160000
2010-10-12,3991.160000
2010-10-13,3927.310000
2010-10-14,3934.820000
2010-10-15,3934.380000
2010-10-18,3878.500000
2010-10-19,3987.720000
2010-10-20,4213.250000
2010-10-21,4181.700000
2010-10-22,4189.530000
2010-10-25,4338.040000
2010-10-26,4282.680000
2010-10-27,4174.320000
2010-10-28,4172.940000
2010-10-29,4137.470000
2010-11-01,4294.890000
2010-11-02,4246.560000
2010-11-03,4092.410000
2010-11-04,4160.600000
2010-11-05,4241.240000
2010-11-08,4275.840000
2010-11-09,4319.140000
2010-11-10,4330.520000
2010-11-11,4369.080000
2010-11-12,4129.180000
2010-11-15,4161.600000
2010-11-16,3928.270000
2010-11-17,3749.200000
2010-11-18,3824.930000
2010-11-19,3874.270000
2010-11-22,3887.740000
2010-11-23,3779.440000
2010-11-24,3878.640000
2010-11-25,3915.870000
2010-11-26,3987.170000
2010-11-29,3953.110000
2010-11-30,3938.570000
2010-12-01,3954.400000
2010-12-02,3995.860000
2010-12-03,3965.820000
2010-12-06,3963.250000
2010-12-07,4009.170000
2010-12-08,3940.000000
2010-12-09,3800.420000
2010-12-10,3905.930000
2010-12-13,4040.100000
2010-12-14,4029.650000
2010-12-15,4065.490000
2010-12-16,4125.160000
2010-12-17,4066.530000
2010-12-20,4001.790000
2010-12-21,4132.090000
2010-12-22,4105.620000
2010-12-23,4077.460000
2010-12-24,3971.160000
2010-12-27,3973.640000
2010-12-28,3838.930000
2010-12-29,3782.160000
2010-12-30,3808.110000
2010-12-31,3944.640000
2011-01-04,4054.860000
2011-01-05,4218.920000
2011-01-06,4139.840000
2011-01-07,4091.260000
2011-01-10,4029.880000
2011-01-11,3994.440000
2011-01-12,3976.780000
2011-01-13,3965.130000
2011-01-14,3818.460000
2011-01-17,3742.790000
2011-01-18,3727.150000
2011-01-19,3852.170000
2011-01-20,3736.730000
2011-01-21,3744.200000
2011-01-24,3606.860000
2011-01-25,3582.450000
2011-01-26,3627.680000
2011-01-27,3723.910000
2011-01-28,3727.510000
2011-01-31,3786.670000
2011-02-01,3815.220000
2011-02-09,3660.550000
2011-02-10,3759.440000
2011-02-11,3756.060000
2011-02-14,3894.230000
2011-02-15,3892.390000
2011-02-16,3976.590000
2011-02-17,3962.430000
2011-02-18,3885.060000
2011-02-21,3972.550000
2011-02-22,3907.990000
2011-02-23,3910.640000
2011-02-24,3975.710000
2011-02-25,3968.830000
2011-02-28,4049.120000
2011-03-01,4085.100000
2011-03-02,4068.130000
2011-03-03,3953.510000
2011-03-04,4039.160000
2011-03-07,4256.200000
2011-03-08,4195.890000
2011-03-09,4205.820000
2011-03-10,4165.870000
2011-03-11,4140.010000
2011-03-14,4175.900000
2011-03-15,4049.830000
2011-03-16,4143.790000
2011-03-17,4132.920000
2011-03-18,4171.850000
2011-03-21,4178.860000
2011-03-22,4162.740000
2011-03-23,4225.870000
2011-03-24,4206.750000
2011-03-25,4253.950000
2011-03-28,4327.080000
2011-03-29,4331.580000
2011-03-30,4303.490000
2011-03-31,4229.430000
2011-04-01,4380.450000
2011-04-06,4588.920000
2011-04-07,4638.880000
2011-04-08,4655.440000
2011-04-11,4691.860000
2011-04-12,4655.770000
2011-04-13,4769.580000
2011-04-14,4719.890000
2011-04-15,4646.740000
2011-04-18,4695.720000
2011-04-19,4514.910000
2011-04-20,4472.180000
2011-04-21,4567.600000
2011-04-22,4467.470000
2011-04-25,4337.160000
2011-04-26,4252.160000
2011-04-27,4207.310000
2011-04-28,4103.810000
2011-04-29,4183.480000
2011-05-03,4285.280000
2011-05-04,4134.930000
2011-05-05,4054.890000
2011-05-06,4052.920000
2011-05-09,4047.540000
2011-05-10,4242.550000
2011-05-11,4304.720000
2011-05-12,4290.760000
2011-05-13,4398.570000
2011-05-16,4496.540000
2011-05-17,4425.450000
2011-05-18,4415.050000
2011-05-19,4479.380000
2011-05-20,4437.690000
2011-05-23,4267.660000
2011-05-24,4267.450000
2011-05-25,4179.520000
2011-05-26,4081.690000
2011-05-27,4001.240000
2011-05-30,3875.870000
2011-05-31,4080.790000
2011-06-01,4137.050000
2011-06-02,4189.650000
2011-06-03,4205.310000
2011-06-07,4313.450000
2011-06-08,4266.270000
2011-06-09,4095.310000
2011-06-10,4058.010000
2011-06-13,4140.030000
2011-06-14,4175.700000
2011-06-15,4099.330000
2011-06-16,3973.820000
2011-06-17,3906.470000
2011-06-20,3943.720000
2011-06-21,4022.560000
2011-06-22,3962.100000
2011-06-23,3988.430000
2011-06-24,4176.680000
2011-06-27,4235.390000
2011-06-28,4248.490000
2011-06-29,4128.390000
2011-06-30,4220.790000
2011-07-01,4271.020000
2011-07-04,4376.040000
2011-07-05,4391.310000
2011-07-06,4349.190000
2011-07-07,4315.700000
2011-07-08,4292.240000
2011-07-11,4307.040000
2011-07-12,4181.040000
2011-07-13,4300.510000
2011-07-14,4358.790000
2011-07-15,4376.080000
2011-07-18,4373.460000
2011-07-19,4529.110000
2011-07-20,4474.990000
2011-07-21,4392.320000
2011-07-22,4391.700000
2011-07-25,4223.760000
2011-07-26,4203.590000
2011-07-27,4306.490000
2011-07-28,4335.290000
2011-07-29,4219.740000
2011-08-01,4320.820000
2011-08-02,4423.190000
2011-08-03,4416.390000
2011-08-04,4443.700000
2011-08-05,4303.280000
2011-08-08,4080.790000
2011-08-09,4032.120000
2011-08-10,4046.090000
2011-08-11,4093.590000
2011-08-12,4071.880000
2011-08-15,4110.690000
2011-08-16,4154.720000
2011-08-17,4074.710000
2011-08-18,3969.520000
2011-08-19,3845.870000
2011-08-22,3956.470000
2011-08-23,4022.860000
2011-08-24,3961.040000
2011-08-25,4082.440000
2011-08-26,4063.230000
2011-08-29,3983.330000
2011-08-30,3945.850000
2011-08-31,3981.380000
2011-09-01,3929.640000
2011-09-02,3859.790000
2011-09-05,3712.500000
2011-09-06,3705.720000
2011-09-07,3796.300000
2011-09-08,3798.070000
2011-09-09,3789.200000
2011-09-13,3743.180000
2011-09-14,3790.820000
2011-09-15,3760.800000
2011-09-16,3764.420000
2011-09-19,3677.020000
2011-09-20,3707.770000
2011-09-21,3877.870000
2011-09-22,3761.010000
2011-09-23,3776.620000
2011-09-26,3722.600000
2011-09-27,3759.880000
2011-09-28,3724.290000
2011-09-29,3660.530000
2011-09-30,3632.170000
2011-10-10,3601.640000
2011-10-11,3428.880000
2011-10-12,3501.810000
2011-10-13,3532.970000
2011-10-14,3570.270000
2011-10-17,3573.010000
2011-10-18,3421.230000
2011-10-19,3408.230000
2011-10-20,3293.720000
2011-10-21,3236.800000
2011-10-24,3276.860000
2011-10-25,3366.120000
2011-10-26,3368.700000
2011-10-27,3370.890000
2011-10-28,3464.280000
2011-10-31,3434.950000
2011-11-01,3423.060000
2011-11-02,3448.820000
2011-11-03,3476.460000
2011-11-04,3495.490000
2011-11-07,3529.490000
2011-11-08,3617.120000
2011-11-09,3637.640000
2011-11-10,3636.040000
2011-11-11,3644.550000
2011-11-14,3698.060000
2011-11-15,3696.200000
2011-11-16,3599.140000
2011-11-17,3579.970000
2011-11-18,3484.640000
2011-11-21,3524.400000
2011-11-22,3497.600000
2011-11-23,3469.910000
2011-11-24,3443.410000
2011-11-25,3418.920000
2011-11-28,3417.690000
2011-11-29,3502.400000
2011-11-30,3380.620000
2011-12-01,3438.220000
2011-12-02,3350.000000
2011-12-05,3229.310000
2011-12-06,3248.100000
2011-12-07,3238.680000
2011-12-08,3217.150000
2011-12-09,3193.990000
2011-12-12,3112.340000
2011-12-13,2935.900000
2011-12-14,2922.140000
2011-12-15,2798.490000
2011-12-16,2868.220000
2011-12-19,2830.880000
2011-12-20,2833.370000
2011-12-21,2766.510000
2011-12-22,2751.920000
2011-12-23,2758.760000
2011-12-26,2749.170000
2011-12-27,2686.940000
2011-12-28,2687.520000
2011-12-29,2669.380000
2011-12-30,2711.740000
2012-01-04,2642.280000
2012-01-05,2526.560000
2012-01-06,2538.500000
2012-01-09,2745.650000
2012-01-10,2936.620000
2012-01-11,2993.310000
2012-01-12,3013.200000
2012-01-13,2925.460000
2012-01-16,2898.610000
2012-01-17,3091.220000
2012-01-18,2998.690000
2012-01-19,3032.120000
2012-01-20,3006.900000
2012-01-30,2948.200000
2012-01-31,2967.860000
2012-02-01,2915.960000
2012-02-02,3010.200000
2012-02-03,3021.030000
2012-02-06,3034.620000
2012-02-07,3002.340000
2012-02-08,3180.760000
2012-02-09,3166.740000
2012-02-10,3158.270000
2012-02-13,3174.090000
2012-02-14,3224.650000
2012-02-15,3262.490000
2012-02-16,3248.140000
2012-02-17,3204.830000
2012-02-20,3203.970000
2012-02-21,3253.040000
2012-02-22,3288.070000
2012-02-23,3343.540000
2012-02-24,3365.270000
2012-02-27,3335.390000
2012-02-28,3263.920000
2012-02-29,3238.950000
2012-03-01,3245.900000
2012-03-02,3329.000000
2012-03-05,3309.610000
2012-03-06,3228.340000
2012-03-07,3182.500000
2012-03-08,3231.580000
2012-03-09,3305.060000
2012-03-12,3301.920000
2012-03-13,3370.970000
2012-03-14,3159.700000
2012-03-15,3102.790000
2012-03-16,3162.170000
2012-03-19,3233.900000
2012-03-20,3178.960000
2012-03-21,3298.240000
2012-03-22,3239.440000
2012-03-23,3151.660000
2012-03-26,3147.160000
2012-03-27,3136.650000
2012-03-28,2924.380000
2012-03-29,2831.400000
2012-03-30,2807.720000
2012-04-05,2883.380000
2012-04-06,2905.140000
2012-04-09,2839.880000
2012-04-10,2930.750000
2012-04-11,2901.100000
2012-04-12,2983.940000
2012-04-13,3021.220000
2012-04-16,3006.760000
2012-04-17,2950.700000
2012-04-18,3036.670000
2012-04-19,3009.820000
2012-04-20,3020.500000
2012-04-23,2931.040000
2012-04-24,2910.650000
2012-04-25,2985.190000
2012-04-26,3013.600000
2012-04-27,2993.720000
2012-05-02,3117.690000
2012-05-03,3128.230000
2012-05-04,3142.000000
2012-05-07,3174.130000
2012-05-08,3132.830000
2012-05-09,3039.110000
2012-05-10,3047.210000
2012-05-11,3044.000000
2012-05-14,3018.890000
2012-05-15,2991.480000
2012-05-16,2957.000000
2012-05-17,2998.760000
2012-05-18,2954.320000
2012-05-21,2996.310000
2012-05-22,3065.300000
2012-05-23,3015.530000
2012-05-24,2974.690000
2012-05-25,2902.690000
2012-05-28,2934.870000
2012-05-29,3001.650000
2012-05-30,2988.440000
2012-05-31,3012.630000
2012-06-01,3008.050000
2012-06-04,2874.980000
2012-06-05,2853.700000
2012-06-06,2825.090000
2012-06-07,2792.970000
2012-06-08,2797.050000
2012-06-11,2840.760000
2012-06-12,2770.900000
2012-06-13,2801.080000
2012-06-14,2757.800000
2012-06-15,2766.230000
2012-06-18,2784.960000
2012-06-19,2754.390000
2012-06-20,2744.760000
2012-06-21,2658.480000
2012-06-25,2575.240000
2012-06-26,2549.540000
2012-06-27,2513.080000
2012-06-28,2453.850000
2012-06-29,2489.010000
2012-07-02,2525.510000
2012-07-03,2537.370000
2012-07-04,2542.350000
2012-07-05,2457.860000
2012-07-06,2519.840000
2012-07-09,2410.090000
2012-07-10,2387.000000
2012-07-11,2432.920000
2012-07-12,2554.380000
2012-07-13,2565.370000
2012-07-16,2491.980000
2012-07-17,2537.840000
2012-07-18,2580.550000
2012-07-19,2574.190000
2012-07-20,2523.640000
2012-07-23,2537.110000
2012-07-24,2577.230000
2012-07-25,2525.190000
2012-07-26,2522.580000
2012-07-27,2572.100000
2012-07-30,2510.260000
2012-07-31,2362.730000
2012-08-01,2399.770000
2012-08-02,2364.950000
2012-08-03,2392.620000
2012-08-06,2490.240000
2012-08-07,2499.540000
2012-08-08,2544.190000
2012-08-09,2544.070000
2012-08-10,2511.740000
2012-08-13,2436.150000
2012-08-14,2477.630000
2012-08-15,2438.840000
2012-08-16,2413.770000
2012-08-17,2419.210000
2012-08-20,2420.720000
2012-08-21,2439.130000
2012-08-22,2398.370000
2012-08-23,2439.370000
2012-08-24,2365.820000
2012-08-27,2305.390000
2012-08-28,2323.090000
2012-08-29,2266.580000
2012-08-30,2270.210000
2012-08-31,2287.160000
2012-09-03,2312.980000
2012-09-04,2326.400000
2012-09-05,2310.660000
2012-09-06,2326.000000
2012-09-07,2442.390000
2012-09-10,2513.170000
2012-09-11,2484.630000
2012-09-12,2514.550000
2012-09-13,2469.570000
2012-09-14,2490.360000
2012-09-17,2396.490000
2012-09-18,2362.400000
2012-09-19,2394.510000
2012-09-20,2295.920000
2012-09-21,2320.640000
2012-09-24,2359.460000
2012-09-25,2340.430000
2012-09-26,2305.920000
2012-09-27,2399.760000
2012-09-28,2437.060000
2012-10-08,2394.920000
2012-10-09,2453.700000
2012-10-10,2482.190000
2012-10-11,2441.510000
2012-10-12,2506.220000
2012-10-15,2454.330000
2012-10-16,2430.390000
2012-10-17,2443.770000
2012-10-18,2480.390000
2012-10-19,2446.270000
2012-10-22,2457.310000
2012-10-23,2423.210000
2012-10-24,2412.410000
2012-10-25,2398.920000
2012-10-26,2325.560000
2012-10-29,2313.770000
2012-10-30,2308.500000
2012-10-31,2337.450000
2012-11-01,2367.680000
2012-11-02,2377.170000
2012-11-05,2453.620000
2012-11-06,2429.600000
2012-11-07,2424.970000
2012-11-08,2332.410000
2012-11-09,2342.320000
2012-11-12,2354.220000
2012-11-13,2297.730000
2012-11-14,2311.450000
2012-11-15,2283.230000
2012-11-16,2257.980000
2012-11-19,2286.370000
2012-11-20,2265.100000
2012-11-21,2292.270000
2012-11-22,2247.500000
2012-11-23,2253.150000
2012-11-26,2218.420000
2012-11-27,2141.860000
2012-11-28,2098.530000
2012-11-29,2058.570000
2012-11-30,2077.010000
2012-12-03,1984.300000
2012-12-04,1999.570000
2012-12-05,2079.800000
2012-12-06,2069.750000
2012-12-07,2131.060000
2012-12-10,2156.110000
2012-12-11,2252.230000
2012-12-12,2223.980000
2012-12-13,2174.180000
2012-12-14,2271.180000
2012-12-17,2336.640000
2012-12-18,2319.950000
2012-12-19,2336.320000
2012-12-20,2352.930000
2012-12-21,2359.370000
2012-12-24,2343.030000
2012-12-25,2397.930000
2012-12-26,2405.210000
2012-12-27,2401.570000
2012-12-28,2403.310000
2012-12-31,2428.400000
2013-01-04,2429.110000
2013-01-07,2442.470000
2013-01-08,2429.580000
2013-01-09,2516.550000
2013-01-10,2524.520000
2013-01-11,2435.290000
2013-01-14,2517.640000
2013-01-15,2537.400000
2013-01-16,2530.880000
2013-01-17,2490.620000
2013-01-18,2553.340000
2013-01-21,2628.070000
2013-01-22,2563.030000
2013-01-23,2546.570000
2013-01-24,2493.260000
2013-01-25,2494.460000
2013-01-28,2522.180000
2013-01-29,2542.310000
2013-01-30,2543.470000
2013-01-31,2538.850000
2013-02-01,2540.750000
2013-02-04,2586.360000
2013-02-05,2629.810000
2013-02-06,2607.570000
2013-02-07,2587.330000
2013-02-08,2592.210000
2013-02-18,2581.140000
2013-02-19,2534.580000
2013-02-20,2552.720000
2013-02-21,2490.870000
2013-02-22,2487.800000
2013-02-25,2498.010000
2013-02-26,2471.140000
2013-02-27,2485.180000
2013-02-28,2517.900000
2013-03-01,2505.650000
2013-03-04,2417.390000
2013-03-05,2438.100000
2013-03-06,2453.600000
2013-03-07,2482.880000
2013-03-08,2544.550000
2013-03-11,2520.970000
2013-03-12,2510.560000
2013-03-13,2489.180000
2013-03-14,2510.460000
2013-03-15,2462.410000
2013-03-18,2417.420000
2013-03-19,2416.570000
2013-03-20,2443.510000
2013-03-21,2465.270000
2013-03-22,2448.860000
2013-03-25,2442.630000
2013-03-26,2407.210000
2013-03-27,2416.860000
2013-03-28,2369.460000
2013-03-29,2359.280000
2013-04-01,2365.190000
2013-04-02,2366.370000
2013-04-03,2365.710000
2013-04-08,2351.020000
2013-04-09,2363.220000
2013-04-10,2391.840000
2013-04-11,2356.940000
2013-04-12,2335.900000
2013-04-15,2296.400000
2013-04-16,2311.250000
2013-04-17,2306.460000
2013-04-18,2310.690000
2013-04-19,2341.090000
2013-04-22,2343.210000
2013-04-23,2311.840000
2013-04-24,2344.710000
2013-04-25,2316.310000
2013-04-26,2299.020000
2013-05-02,2191.970000
2013-05-03,2145.190000
2013-05-06,2160.240000
2013-05-07,2177.430000
2013-05-08,2162.010000
2013-05-09,2120.800000
2013-05-10,2176.810000
2013-05-13,2167.820000
2013-05-14,2160.890000
2013-05-15,2151.440000
2013-05-16,2172.130000
2013-05-17,2242.330000
2013-05-20,2232.690000
2013-05-21,2238.250000
2013-05-22,2235.210000
2013-05-23,2177.990000
2013-05-24,2179.650000
2013-05-27,2173.410000
2013-05-28,2202.980000
2013-05-29,2188.380000
2013-05-30,2180.440000
2013-05-31,2175.460000
2013-06-03,2188.190000
2013-06-04,2149.440000
2013-06-05,2150.150000
2013-06-06,2138.310000
2013-06-07,2095.130000
2013-06-13,2037.240000
2013-06-14,2049.560000
2013-06-17,2042.160000
2013-06-18,2002.320000
2013-06-19,2016.740000
2013-06-20,1936.120000
2013-06-21,1915.190000
2013-06-24,1761.670000
2013-06-25,1734.500000
2013-06-26,1729.950000
2013-06-27,1676.400000
2013-06-28,1672.970000
2013-07-01,1692.780000
2013-07-02,1689.200000
2013-07-03,1675.210000
2013-07-04,1707.300000
2013-07-05,1690.730000
2013-07-08,1583.790000
2013-07-09,1608.550000
2013-07-10,1673.290000
2013-07-11,1728.360000
2013-07-12,1678.140000
2013-07-15,1695.790000
2013-07-16,1707.200000
2013-07-17,1702.760000
2013-07-18,1655.990000
2013-07-19,1606.040000
2013-07-22,1614.460000
2013-07-23,1653.070000
2013-07-24,1648.810000
2013-07-25,1647.100000
2013-07-26,1631.640000
2013-07-29,1609.910000
2013-07-30,1626.100000
2013-07-31,1620.210000
2013-08-01,1656.710000
2013-08-02,1676.780000
2013-08-05,1692.490000
2013-08-06,1727.070000
2013-08-07,1721.220000
2013-08-08,1706.030000
2013-08-09,1742.080000
2013-08-12,1890.370000
2013-08-13,1877.340000
2013-08-14,1864.270000
2013-08-15,1832.290000
2013-08-16,1818.930000
2013-08-19,1848.460000
2013-08-20,1825.140000
2013-08-21,1854.380000
2013-08-22,1823.890000
2013-08-23,1802.740000
2013-08-26,1835.320000
2013-08-27,1864.850000
2013-08-28,1914.330000
2013-08-29,1914.310000
2013-08-30,1844.860000
2013-09-02,1863.430000
2013-09-03,1876.590000
2013-09-04,1897.070000
2013-09-05,1878.680000
2013-09-06,1894.130000
2013-09-09,1920.910000
2013-09-10,1962.220000
2013-09-11,1995.690000
2013-09-12,1963.630000
2013-09-13,1924.400000
2013-09-16,1914.640000
2013-09-17,1868.590000
2013-09-18,1880.970000
2013-09-23,1908.360000
2013-09-24,1883.870000
2013-09-25,1880.020000
2013-09-26,1844.270000
2013-09-27,1860.650000
2013-09-30,1861.730000
2013-10-08,1870.700000
2013-10-09,1877.970000
2013-10-10,1864.090000
2013-10-11,1893.830000
2013-10-14,1921.040000
2013-10-15,1920.220000
2013-10-16,1880.370000
2013-10-17,1919.520000
2013-10-18,1907.740000
2013-10-21,1925.450000
2013-10-22,1948.350000
2013-10-23,1946.610000
2013-10-24,1903.390000
2013-10-25,1872.080000
2013-10-28,1816.040000
2013-10-29,1746.870000
2013-10-30,1781.820000
2013-10-31,1782.140000
2013-11-01,1785.750000
2013-11-04,1791.470000
2013-11-05,1801.890000
2013-11-06,1806.560000
2013-11-07,1802.140000
2013-11-08,1769.960000
2013-11-11,1775.320000
2013-11-12,1801.160000
2013-11-13,1754.750000
2013-11-14,1768.270000
2013-11-15,1803.160000
2013-11-18,1851.210000
2013-11-19,1854.780000
2013-11-20,1851.840000
2013-11-21,1874.930000
2013-11-22,1865.790000
2013-11-25,1857.920000
2013-11-26,1859.890000
2013-11-27,1881.130000
2013-11-28,1897.430000
2013-11-29,1899.580000
2013-12-02,1834.610000
2013-12-03,1864.890000
2013-12-04,1889.770000
2013-12-05,1914.340000
2013-12-06,1886.350000
2013-12-09,1880.240000
2013-12-10,1871.280000
2013-12-11,1834.620000
2013-12-12,1834.970000
2013-12-13,1832.240000
2013-12-16,1794.370000
2013-12-17,1785.380000
2013-12-18,1776.730000
2013-12-19,1782.150000
2013-12-20,1747.620000
2013-12-23,1734.880000
2013-12-24,1752.610000
2013-12-25,1752.540000
2013-12-26,1723.260000
2013-12-27,1731.840000
2013-12-30,1722.160000
2013-12-31,1738.420000
2014-01-02,1723.190000
2014-01-03,1701.050000
2014-01-06,1646.900000
2014-01-07,1624.910000
2014-01-08,1613.000000
2014-01-09,1619.120000
2014-01-10,1592.290000
2014-01-13,1586.220000
2014-01-14,1584.970000
2014-01-15,1581.840000
2014-01-16,1604.660000
2014-01-17,1556.350000
2014-01-20,1551.020000
2014-01-21,1571.820000
2014-01-22,1603.450000
2014-01-23,1591.510000
2014-01-24,1614.090000
2014-01-27,1619.900000
2014-01-28,1602.180000
2014-01-29,1601.160000
2014-01-30,1583.200000
2014-02-07,1593.980000
2014-02-10,1678.690000
2014-02-11,1715.720000
2014-02-12,1688.600000
2014-02-13,1677.080000
2014-02-14,1683.360000
2014-02-17,1699.450000
2014-02-18,1689.970000
2014-02-19,1696.410000
2014-02-20,1710.780000
2014-02-21,1654.380000
2014-02-24,1613.850000
2014-02-25,1566.700000
2014-02-26,1576.320000
2014-02-27,1556.360000
2014-02-28,1562.210000
2014-03-03,1577.080000
2014-03-04,1561.550000
2014-03-05,1582.740000
2014-03-06,1560.950000
2014-03-07,1550.650000
2014-03-10,1481.880000
2014-03-11,1493.130000
2014-03-12,1502.400000
2014-03-13,1517.830000
2014-03-14,1503.850000
2014-03-17,1533.790000
2014-03-18,1529.340000
2014-03-19,1548.040000
2014-03-20,1523.490000
2014-03-21,1576.040000
2014-03-24,1611.060000
2014-03-25,1625.090000
2014-03-26,1601.000000
2014-03-27,1583.770000
2014-03-28,1555.900000
2014-03-31,1532.150000
2014-04-01,1545.060000
2014-04-02,1558.850000
2014-04-03,1546.220000
2014-04-04,1562.220000
2014-04-08,1582.000000
2014-04-09,1584.130000
2014-04-10,1589.110000
2014-04-11,1576.340000
2014-04-14,1588.560000
2014-04-15,1580.780000
2014-04-16,1573.600000
2014-04-17,1581.600000
2014-04-18,1579.370000
2014-04-21,1555.520000
2014-04-22,1561.760000
2014-04-23,1561.930000
2014-04-24,1576.400000
2014-04-25,1549.930000
2014-04-28,1475.540000
2014-04-29,1526.280000
2014-04-30,1527.980000
2014-05-05,1536.630000
2014-05-06,1544.850000
2014-05-07,1518.520000
2014-05-08,1562.030000
2014-05-09,1554.740000
2014-05-12,1677.900000
2014-05-13,1610.980000
2014-05-14,1606.730000
2014-05-15,1568.210000
2014-05-16,1573.810000
2014-05-19,1551.110000
2014-05-20,1556.470000
2014-05-21,1590.130000
2014-05-22,1562.320000
2014-05-23,1563.390000
2014-05-26,1574.160000
2014-05-27,1560.830000
2014-05-28,1571.480000
2014-05-29,1561.030000
2014-05-30,1554.830000
2014-06-03,1554.060000
2014-06-04,1531.310000
2014-06-05,1551.860000
2014-06-06,1545.980000
2014-06-09,1535.690000
2014-06-10,1543.610000
2014-06-11,1552.230000
2014-06-12,1545.180000
2014-06-13,1557.020000
2014-06-16,1570.620000
2014-06-17,1560.460000
2014-06-18,1553.230000
2014-06-19,1508.760000
2014-06-20,1519.090000
2014-06-23,1543.340000
2014-06-24,1552.370000
2014-06-25,1554.290000
2014-06-26,1563.680000
2014-06-27,1564.890000
2014-06-30,1571.790000
2014-07-01,1583.790000
2014-07-02,1609.630000
2014-07-03,1610.340000
2014-07-04,1612.850000
2014-07-07,1605.930000
2014-07-08,1622.150000
2014-07-09,1597.140000
2014-07-10,1602.380000
2014-07-11,1624.280000
2014-07-14,1631.290000
2014-07-15,1631.250000
2014-07-16,1602.490000
2014-07-17,1588.550000
2014-07-18,1590.510000
2014-07-21,1576.560000
2014-07-22,1599.580000
2014-07-23,1622.020000
2014-07-24,1655.760000
2014-07-25,1658.540000
2014-07-28,1690.200000
2014-07-29,1692.300000
2014-07-30,1691.750000
2014-07-31,1700.830000
2014-08-01,1689.610000
2014-08-04,1723.440000
2014-08-05,1776.240000
2014-08-06,1806.850000
2014-08-07,1756.710000
2014-08-08,1742.170000
2014-08-11,1759.410000
2014-08-12,1747.500000
2014-08-13,1782.020000
2014-08-14,1738.470000
2014-08-15,1740.040000
2014-08-18,1763.430000
2014-08-19,1775.800000
2014-08-20,1777.960000
2014-08-21,1782.290000
2014-08-22,1793.460000
2014-08-25,1776.280000
2014-08-26,1733.760000
2014-08-27,1725.670000
2014-08-28,1746.690000
2014-08-29,1746.420000
2014-09-01,1759.810000
2014-09-02,1787.380000
2014-09-03,1803.160000
2014-09-04,1810.270000
2014-09-05,1815.790000
2014-09-09,1814.940000
2014-09-10,1815.890000
2014-09-11,1807.310000
2014-09-12,1843.320000
2014-09-15,1910.970000
2014-09-16,1886.040000
2014-09-17,1906.980000
2014-09-18,1927.600000
2014-09-19,1929.030000
2014-09-22,1898.670000
2014-09-23,1906.800000
2014-09-24,1938.110000
2014-09-25,1925.510000
2014-09-26,1925.260000
2014-09-29,1952.020000
2014-09-30,1965.260000
2014-10-08,1981.120000
2014-10-09,2009.680000
2014-10-10,1985.660000
2014-10-13,2015.270000
2014-10-14,2012.940000
2014-10-15,1993.350000
2014-10-16,1960.230000
2014-10-17,1919.760000
2014-10-20,1932.570000
2014-10-21,1908.150000
2014-10-22,1876.210000
2014-10-23,1845.280000
2014-10-24,1832.150000
2014-10-27,1833.790000
2014-10-28,1869.050000
2014-10-29,1887.910000
2014-10-30,1940.730000
2014-10-31,1978.620000
2014-11-03,1990.750000
2014-11-04,2060.750000
2014-11-05,2016.840000
2014-11-06,2001.740000
2014-11-07,1958.910000
2014-11-10,1997.040000
2014-11-11,1958.380000
2014-11-12,2022.590000
2014-11-13,2040.000000
2014-11-14,2055.830000
2014-11-17,2072.270000
2014-11-18,2063.920000
2014-11-19,2070.960000
2014-11-20,2106.320000
2014-11-21,2108.960000
2014-11-24,2137.520000
2014-11-25,2158.260000
2014-11-26,2148.780000
2014-11-27,2166.760000
2014-11-28,2141.340000
2014-12-01,2206.190000
2014-12-02,2271.510000
2014-12-03,2302.200000
2014-12-04,2433.510000
2014-12-05,2320.420000
2014-12-08,2350.840000
2014-12-09,2210.640000
2014-12-10,2257.110000
2014-12-11,2278.870000
2014-12-12,2278.860000
2014-12-15,2291.890000
2014-12-16,2347.660000
2014-12-17,2270.800000
2014-12-18,2260.110000
2014-12-19,2260.450000
2014-12-22,2276.210000
2014-12-23,2161.000000
2014-12-24,2164.130000
2014-12-25,2208.740000
2014-12-26,2219.080000
2014-12-29,2181.920000
2014-12-30,2143.930000
2014-12-31,2163.300000
2015-01-05,2361.710000
2015-01-06,2305.650000
2015-01-07,2297.570000
2015-01-08,2275.510000
2015-01-09,2226.970000
2015-01-12,2152.380000
2015-01-13,2161.080000
2015-01-14,2124.370000
2015-01-15,2165.290000
2015-01-16,2170.770000
2015-01-19,2028.640000
2015-01-20,2084.350000
2015-01-21,2142.360000
2015-01-22,2177.820000
2015-01-23,2153.920000
2015-01-26,2173.290000
2015-01-27,2160.290000
2015-01-28,2142.880000
2015-01-29,2142.350000
2015-01-30,2097.710000
2015-02-02,2067.230000
2015-02-03,2106.390000
2015-02-04,2096.180000
2015-02-05,2057.240000
2015-02-06,2004.360000
2015-02-09,2012.010000
2015-02-10,2025.480000
2015-02-11,2032.020000
2015-02-12,2034.070000
2015-02-13,2075.360000
2015-02-16,2094.880000
2015-02-17,2101.560000
2015-02-25,2092.170000
2015-02-26,2135.370000
2015-02-27,2143.760000
2015-03-02,2164.200000
2015-03-03,2136.860000
2015-03-04,2165.560000
2015-03-05,2159.860000
2015-03-06,2197.940000
2015-03-09,2209.100000
2015-03-10,2213.510000
2015-03-11,2177.550000
2015-03-12,2183.070000
2015-03-13,2241.640000
2015-03-16,2277.610000
2015-03-17,2300.530000
2015-03-18,2391.070000
2015-03-19,2425.360000
2015-03-20,2407.030000
2015-03-23,2450.720000
2015-03-24,2463.080000
2015-03-25,2466.910000
2015-03-26,2467.960000
2015-03-27,2483.160000
2015-03-30,2499.560000
2015-03-31,2477.630000
2015-04-01,2501.570000
2015-04-02,2553.040000
2015-04-03,2606.150000
2015-04-07,2657.640000
2015-04-08,2599.200000
2015-04-09,2539.200000
2015-04-10,2628.580000
2015-04-13,2685.950000
2015-04-14,2699.420000
2015-04-15,2625.200000
2015-04-16,2649.520000
2015-04-17,2688.970000
2015-04-20,2630.010000
2015-04-21,2765.570000
2015-04-22,2892.330000
2015-04-23,3016.910000
2015-04-24,2985.230000
2015-04-27,3048.970000
2015-04-28,3000.040000
2015-04-29,3091.220000
2015-04-30,3078.980000
2015-05-04,3068.740000
2015-05-05,2938.140000
2015-05-06,2863.240000
2015-05-07,2803.770000
2015-05-08,2858.520000
2015-05-11,2953.430000
2015-05-12,2959.750000
2015-05-13,2950.950000
2015-05-14,2994.210000
2015-05-15,2909.080000
2015-05-18,2942.010000
2015-05-19,3007.590000
2015-05-20,3019.600000
2015-05-21,3083.650000
2015-05-22,3175.750000
2015-05-25,3303.320000
2015-05-26,3427.710000
2015-05-27,3572.090000
2015-05-28,3399.030000
2015-05-29,3382.000000
2015-06-01,3582.550000
2015-06-02,3641.920000
2015-06-03,3644.970000
2015-06-04,3752.680000
2015-06-05,3832.810000
2015-06-08,3859.150000
2015-06-09,3988.320000
2015-06-10,3899.450000
2015-06-11,3900.740000
2015-06-12,3979.340000
2015-06-15,3960.860000
2015-06-16,3832.780000
2015-06-17,3878.380000
2015-06-18,3738.000000
2015-06-19,3482.550000
2015-06-23,3534.930000
2015-06-24,3617.910000
2015-06-25,3435.940000
2015-06-26,3149.430000
2015-06-29,2982.470000
2015-06-30,3104.860000
2015-07-01,2900.250000
2015-07-02,2679.130000
2015-07-03,2468.030000
2015-07-06,2385.190000
2015-07-07,2200.130000
2015-07-08,2117.050000
2015-07-09,2216.510000
2015-07-10,2325.850000
2015-07-13,2481.030000
2015-07-14,2481.270000
2015-07-15,2328.120000
2015-07-16,2369.940000
2015-07-17,2509.060000
2015-07-20,2543.360000
2015-07-21,2571.410000
2015-07-22,2569.090000
2015-07-23,2652.650000
2015-07-24,2634.800000
2015-07-27,2424.930000
2015-07-28,2335.060000
2015-07-29,2441.650000
2015-07-30,2398.740000
2015-07-31,2384.920000
2015-08-03,2375.080000
2015-08-04,2482.390000
2015-08-05,2454.000000
2015-08-06,2467.020000
2015-08-07,2509.920000
2015-08-10,2607.500000
2015-08-11,2614.650000
2015-08-12,2627.700000
2015-08-13,2684.750000
2015-08-14,2764.910000
2015-08-17,2926.270000
2015-08-18,2714.620000
2015-08-19,2829.890000
2015-08-20,2700.830000
2015-08-21,2527.910000
2015-08-24,2328.460000
2015-08-25,2149.310000
2015-08-26,2050.880000
2015-08-27,2120.000000
2015-08-28,2248.680000
2015-08-31,2178.910000
2015-09-01,2063.740000
2015-09-02,2011.210000
2015-09-07,2052.890000
2015-09-08,2125.810000
2015-09-09,2197.860000
2015-09-10,2160.220000
2015-09-11,2151.990000
2015-09-14,1989.710000
2015-09-15,1908.420000
2015-09-16,2022.030000
2015-09-17,1972.160000
2015-09-18,1992.100000
2015-09-21,2040.730000
2015-09-22,2046.830000
2015-09-23,2004.060000
2015-09-24,2050.060000
2015-09-25,2025.710000
2015-09-28,2007.200000
2015-09-29,1881.090000
2015-09-30,1876.520000
2015-10-08,1920.670000
2015-10-09,1942.540000
2015-10-12,2055.620000
2015-10-13,2065.250000
2015-10-14,2064.230000
2015-10-15,2127.770000
2015-10-16,2187.320000
2015-10-19,2173.960000
2015-10-20,2202.450000
2015-10-21,1997.410000
2015-10-22,2062.640000
2015-10-23,2143.490000
2015-10-26,2126.650000
2015-10-27,2124.830000
2015-10-28,2110.090000
2015-10-29,2104.090000
2015-10-30,2066.140000
2015-11-02,2050.980000
2015-11-03,2084.900000
2015-11-04,2170.440000
2015-11-05,2211.030000
2015-11-06,2249.980000
2015-11-09,2274.510000
2015-11-10,2352.060000
2015-11-11,2368.420000
2015-11-12,2345.880000
2015-11-13,2285.640000
2015-11-16,2357.510000
2015-11-17,2390.590000
2015-11-18,2353.410000
2015-11-19,2378.050000
2015-11-20,2384.550000
2015-11-23,2418.300000
2015-11-24,2427.620000
2015-11-25,2488.470000
2015-11-26,2546.290000
2015-11-27,2396.050000
2015-11-30,2410.400000
2015-12-01,2489.220000
2015-12-02,2461.650000
2015-12-03,2530.460000
2015-12-04,2484.380000
2015-12-07,2504.880000
2015-12-08,2397.390000
2015-12-09,2374.420000
2015-12-10,2340.230000
2015-12-11,2340.360000
2015-12-14,2393.780000
2015-12-15,2386.940000
2015-12-16,2414.430000
2015-12-17,2481.490000
2015-12-18,2513.700000
2015-12-21,2547.270000
2015-12-22,2527.500000
2015-12-23,2479.830000
2015-12-24,2461.230000
2015-12-25,2487.100000
2015-12-28,2398.930000
2015-12-29,2454.810000
2015-12-30,2476.580000
2015-12-31,2454.370000
2016-01-04,2285.140000
2016-01-05,2260.660000
2016-01-06,2391.710000
2016-01-07,2247.180000
2016-01-08,2326.730000
2016-01-11,2201.240000
2016-01-12,2107.350000
2016-01-13,2042.180000
2016-01-14,2098.830000
2016-01-15,2015.130000
2016-01-18,1997.660000
2016-01-19,2072.980000
2016-01-20,2075.050000
2016-01-21,2021.580000
2016-01-22,2087.240000
2016-01-25,2134.020000
2016-01-26,1994.520000
2016-01-27,2024.850000
2016-01-28,1971.050000
2016-01-29,2026.390000
2016-02-01,1991.900000
2016-02-02,2037.810000
2016-02-03,2048.870000
2016-02-04,2055.400000
2016-02-05,2073.040000
2016-02-15,2031.860000
2016-02-16,2111.940000
2016-02-17,2157.510000
2016-02-18,2116.290000
2016-02-19,2116.920000
2016-02-22,2168.270000
2016-02-23,2165.990000
2016-02-24,2186.440000
2016-02-25,2030.090000
2016-02-26,2043.140000
2016-02-29,1939.540000
2016-03-01,1986.870000
2016-03-02,2068.770000
2016-03-03,2076.870000
2016-03-04,2074.260000
2016-03-07,2129.480000
2016-03-08,2148.740000
2016-03-09,2045.100000
2016-03-10,2017.580000
2016-03-11,2016.420000
2016-03-14,2050.540000
2016-03-15,2037.230000
2016-03-16,1991.920000
2016-03-17,2026.590000
2016-03-18,2088.430000
2016-03-21,2127.690000
2016-03-22,2101.490000
2016-03-23,2121.840000
2016-03-24,2125.830000
2016-03-25,2129.750000
2016-03-28,2121.090000
2016-03-29,2149.840000
2016-03-30,2189.930000
2016-03-31,2184.520000
2016-04-01,2198.310000
2016-04-05,2261.680000
2016-04-06,2241.840000
2016-04-07,2196.200000
2016-04-08,2216.490000
2016-04-11,2252.340000
2016-04-12,2266.390000
2016-04-13,2344.420000
2016-04-14,2336.060000
2016-04-15,2307.960000
2016-04-18,2334.130000
2016-04-19,2311.570000
2016-04-20,2245.680000
2016-04-21,2289.280000
2016-04-22,2279.920000
2016-04-25,2294.900000
2016-04-26,2283.810000
2016-04-27,2275.050000
2016-04-28,2267.500000
2016-04-29,2266.930000
2016-05-03,2280.930000
2016-05-04,2260.500000
2016-05-05,2279.440000
2016-05-06,2183.040000
2016-05-09,2082.930000
2016-05-10,2070.880000
2016-05-11,2064.120000
2016-05-12,2051.780000
2016-05-13,2043.480000
2016-05-16,2071.850000
2016-05-17,2079.190000
2016-05-18,2029.050000
2016-05-19,2034.120000
2016-05-20,2050.070000
2016-05-23,2064.560000
2016-05-24,2060.500000
2016-05-25,2077.830000
2016-05-26,2078.400000
2016-05-27,2079.930000
2016-05-30,2066.680000
2016-05-31,2122.130000
2016-06-01,2116.000000
2016-06-02,2151.310000
2016-06-03,2134.450000
2016-06-06,2132.240000
2016-06-07,2126.520000
2016-06-08,2150.970000
2016-06-13,2088.220000
2016-06-14,2092.640000
2016-06-15,2139.650000
2016-06-16,2153.870000
2016-06-17,2175.900000
2016-06-20,2154.500000
2016-06-21,2140.150000
2016-06-22,2189.170000
2016-06-23,2166.380000
2016-06-24,2149.660000
2016-06-27,2186.200000
2016-06-28,2193.390000
2016-06-29,2204.100000
2016-06-30,2207.490000
2016-07-01,2196.120000
2016-07-04,2257.990000
2016-07-05,2302.330000
2016-07-06,2283.880000
2016-07-07,2299.580000
2016-07-08,2279.640000
2016-07-11,2294.180000
2016-07-12,2356.210000
2016-07-13,2345.700000
2016-07-14,2331.780000
2016-07-15,2325.110000
2016-07-18,2311.850000
2016-07-19,2325.010000
2016-07-20,2333.610000
2016-07-21,2328.110000
2016-07-22,2361.610000
2016-07-25,2363.730000
2016-07-26,2375.620000
2016-07-27,2320.340000
2016-07-28,2335.720000
2016-07-29,2285.460000
2016-08-01,2250.550000
2016-08-02,2274.580000
2016-08-03,2298.320000
2016-08-04,2327.240000
2016-08-05,2395.100000
2016-08-08,2509.370000
2016-08-09,2544.610000
2016-08-10,2577.840000
2016-08-11,2534.230000
2016-08-12,2540.630000
2016-08-15,2563.150000
2016-08-16,2687.560000
2016-08-17,2625.870000
2016-08-18,2626.880000
2016-08-19,2632.790000
2016-08-22,2617.600000
2016-08-23,2607.890000
2016-08-24,2601.810000
2016-08-25,2572.530000
2016-08-26,2578.200000
2016-08-29,2598.690000
2016-08-30,2598.690000
2016-08-31,2613.720000
2016-09-01,2578.280000
2016-09-02,2579.380000
2016-09-05,2634.030000
2016-09-06,2637.630000
2016-09-07,2601.660000
2016-09-08,2630.480000
2016-09-09,2624.190000
2016-09-12,2570.450000
2016-09-13,2640.720000
2016-09-14,2608.100000
2016-09-19,2681.170000
2016-09-20,2731.130000
2016-09-21,2724.400000
2016-09-22,2716.670000
2016-09-23,2725.330000
2016-09-26,2691.540000
2016-09-27,2705.740000
2016-09-28,2720.970000
2016-09-29,2759.830000
2016-09-30,2766.970000
2016-10-10,2774.990000
2016-10-11,2810.400000
2016-10-12,2809.560000
2016-10-13,2810.850000
2016-10-14,2813.350000
2016-10-17,2823.450000
2016-10-18,2846.460000
2016-10-19,2846.140000
2016-10-20,2842.760000
2016-10-21,2823.980000
2016-10-24,2868.650000
2016-10-25,2898.530000
2016-10-26,2876.480000
2016-10-27,2882.100000
2016-10-28,2844.950000
2016-10-31,2847.600000
2016-11-01,2889.080000
2016-11-02,2880.530000
2016-11-03,2886.220000
2016-11-04,2901.110000
2016-11-07,2980.210000
2016-11-08,2942.740000
2016-11-09,2984.010000
2016-11-10,2998.520000
2016-11-11,3033.680000
2016-11-14,3072.680000
2016-11-15,3000.870000
2016-11-16,3014.990000
2016-11-17,2990.380000
2016-11-18,2935.880000
2016-11-21,2919.280000
2016-11-22,2969.380000
2016-11-23,2929.620000
2016-11-24,2930.660000
2016-11-25,2913.300000
2016-11-28,2899.600000
2016-11-29,2773.860000
2016-11-30,2733.760000
2016-12-01,2753.760000
2016-12-02,2710.220000
2016-12-05,2745.610000
2016-12-06,2754.070000
2016-12-07,2816.230000
2016-12-08,2814.060000
2016-12-09,2804.610000
2016-12-12,2651.860000
2016-12-13,2652.980000
2016-12-14,2642.260000
2016-12-15,2679.690000
2016-12-16,2678.150000
2016-12-19,2732.920000
2016-12-20,2696.040000
2016-12-21,2706.130000
2016-12-22,2663.190000
2016-12-23,2630.320000
2016-12-26,2617.110000
2016-12-27,2621.710000
2016-12-28,2649.460000
2016-12-29,2648.680000
2016-12-30,2658.800000
2017-01-03,2685.660000
2017-01-04,2692.240000
2017-01-05,2722.010000
2017-01-06,2741.310000
2017-01-09,2722.710000
2017-01-10,2740.730000
2017-01-11,2681.690000
2017-01-12,2687.700000
2017-01-13,2646.330000
2017-01-16,2590.900000
2017-01-17,2564.570000
2017-01-18,2532.930000
2017-01-19,2475.170000
2017-01-20,2505.980000
2017-01-23,2532.570000
2017-01-24,2573.230000
2017-01-25,2573.680000
2017-01-26,2601.900000
2017-02-03,2569.580000
2017-02-06,2604.650000
2017-02-07,2609.550000
2017-02-08,2620.590000
2017-02-09,2642.190000
2017-02-10,2680.220000
2017-02-13,2734.010000
2017-02-14,2723.780000
2017-02-15,2653.190000
2017-02-16,2700.920000
2017-02-17,2637.580000
2017-02-20,2665.890000
2017-02-21,2667.900000
2017-02-22,2664.860000
2017-02-23,2661.060000
2017-02-24,2638.310000
2017-02-27,2610.280000
2017-02-28,2616.500000
2017-03-01,2623.280000
2017-03-02,2604.720000
2017-03-03,2585.840000
2017-03-06,2602.320000
2017-03-07,2590.440000
2017-03-08,2582.950000
2017-03-09,2555.810000
2017-03-10,2549.060000
2017-03-13,2568.490000
2017-03-14,2552.900000
2017-03-15,2548.230000
2017-03-16,2565.990000
2017-03-17,2541.050000
2017-03-20,2552.610000
2017-03-21,2541.670000
2017-03-22,2497.850000
2017-03-23,2491.740000
2017-03-24,2496.740000
2017-03-27,2486.700000
2017-03-28,2493.130000
2017-03-29,2482.020000
2017-03-30,2431.720000
2017-03-31,2453.800000
2017-04-05,2515.790000
2017-04-06,2492.680000
2017-04-07,2491.150000
2017-04-10,2489.700000
2017-04-11,2478.240000
2017-04-12,2449.520000
2017-04-13,2473.160000
2017-04-14,2467.290000
2017-04-17,2437.790000
2017-04-18,2389.980000
2017-04-19,2335.770000
2017-04-20,2305.550000
2017-04-21,2296.990000
2017-04-24,2222.530000
2017-04-25,2227.380000
2017-04-26,2239.420000
2017-04-27,2232.790000
2017-04-28,2254.240000
2017-05-02,2290.890000
2017-05-03,2279.090000
2017-05-04,2255.450000
2017-05-05,2199.850000
2017-05-08,2178.430000
2017-05-09,2186.730000
2017-05-10,2167.330000
2017-05-11,2148.380000
2017-05-12,2144.790000
2017-05-15,2151.710000
2017-05-16,2174.890000
2017-05-17,2188.950000
2017-05-18,2190.990000
2017-05-19,2187.560000
2017-05-22,2130.870000
2017-05-23,2085.730000
2017-05-24,2084.610000
2017-05-25,2109.040000
2017-05-26,2107.690000
2017-05-31,2110.770000
2017-06-01,2049.430000
2017-06-02,2078.740000
2017-06-05,2093.940000
2017-06-06,2101.570000
2017-06-07,2141.840000
2017-06-08,2136.720000
2017-06-09,2153.160000
2017-06-12,2151.450000
2017-06-13,2214.550000
2017-06-14,2220.910000
2017-06-15,2230.020000
2017-06-16,2219.870000
2017-06-19,2237.010000
2017-06-20,2236.740000
2017-06-21,2233.380000
2017-06-22,2200.380000
2017-06-23,2212.020000
2017-06-26,2250.070000
2017-06-27,2285.820000
2017-06-28,2282.870000
2017-06-29,2372.380000
2017-06-30,2360.540000
2017-07-03,2377.670000
2017-07-04,2363.820000
2017-07-05,2431.610000
2017-07-06,2462.260000
2017-07-07,2482.840000
2017-07-10,2515.080000
2017-07-11,2439.230000
2017-07-12,2463.810000
2017-07-13,2457.080000
2017-07-14,2430.620000
2017-07-17,2351.660000
2017-07-18,2446.530000
2017-07-19,2567.840000
2017-07-20,2568.490000
2017-07-21,2553.740000
2017-07-24,2562.820000
2017-07-25,2523.700000
2017-07-26,2572.940000
2017-07-27,2536.820000
2017-07-28,2660.600000
2017-07-31,2795.940000
2017-08-01,2739.160000
2017-08-02,2805.640000
2017-08-03,2851.000000
2017-08-04,2741.080000
2017-08-07,2781.940000
2017-08-08,2735.280000
2017-08-09,2823.570000
2017-08-10,2750.970000
2017-08-11,2683.150000
2017-08-14,2700.860000
2017-08-15,2707.740000
2017-08-16,2637.770000
2017-08-17,2703.210000
2017-08-18,2669.640000
2017-08-21,2720.090000
2017-08-22,2686.940000
2017-08-23,2662.560000
2017-08-24,2663.820000
2017-08-25,2836.150000
2017-08-28,2905.760000
2017-08-29,2872.700000
2017-08-30,2950.910000
2017-08-31,3004.360000
2017-09-01,3172.470000
2017-09-04,3199.120000
2017-09-05,3198.650000
2017-09-06,3269.090000
2017-09-07,3268.920000
2017-09-08,3369.500000
2017-09-11,3382.460000
2017-09-12,3410.960000
2017-09-13,3403.460000
2017-09-14,3302.840000
2017-09-15,3168.610000
2017-09-18,3213.910000
2017-09-19,3196.110000
2017-09-20,3222.640000
2017-09-21,3117.370000
2017-09-22,3082.650000
2017-09-25,2997.780000
2017-09-26,3105.600000
2017-09-27,3192.690000
2017-09-28,3122.460000
2017-09-29,3119.300000
2017-10-09,3114.750000
2017-10-10,3083.850000
2017-10-11,3018.620000
2017-10-12,2927.170000
2017-10-13,2978.360000
2017-10-16,2939.550000
2017-10-17,2911.170000
2017-10-18,2848.370000
2017-10-19,2783.630000
2017-10-20,2817.440000
2017-10-23,2815.430000
2017-10-24,2805.370000
2017-10-25,2811.920000
2017-10-26,2888.280000
2017-10-27,2819.450000
2017-10-30,2715.340000
2017-10-31,2769.200000
2017-11-01,2792.680000
2017-11-02,2786.320000
2017-11-03,2737.760000
2017-11-06,2781.520000
2017-11-07,2807.570000
2017-11-08,2828.610000
2017-11-09,2875.360000
2017-11-10,2810.510000
2017-11-13,2847.570000
2017-11-14,2801.390000
2017-11-15,2734.190000
2017-11-16,2683.350000
2017-11-17,2596.490000
2017-11-20,2618.090000
2017-11-21,2598.970000
2017-11-22,2629.770000
2017-11-23,2591.210000
2017-11-24,2633.300000
2017-11-27,2578.920000
2017-11-28,2633.780000
2017-11-29,2689.510000
2017-11-30,2701.100000
2017-12-01,2687.570000
2017-12-04,2663.550000
2017-12-05,2557.500000
2017-12-06,2571.270000
2017-12-07,2478.620000
2017-12-08,2482.220000
2017-12-11,2503.530000
2017-12-12,2473.240000
2017-12-13,2488.820000
2017-12-14,2479.300000
2017-12-15,2466.820000
2017-12-18,2576.150000
2017-12-19,2547.410000
2017-12-20,2518.890000
2017-12-21,2511.110000
2017-12-22,2541.180000
2017-12-25,2490.440000
2017-12-26,2481.930000
2017-12-27,2566.470000
2017-12-28,2586.020000
2017-12-29,2553.890000
2018-01-02,2615.320000
2018-01-03,2617.460000
2018-01-04,2675.710000
2018-01-05,2640.640000
2018-01-08,2707.750000
2018-01-09,2730.040000
2018-01-10,2651.920000
2018-01-11,2634.260000
2018-01-12,2626.110000
2018-01-15,2513.870000
2018-01-16,2528.580000
2018-01-17,2560.600000
2018-01-18,2563.550000
2018-01-19,2545.090000
2018-01-22,2585.790000
2018-01-23,2589.780000
2018-01-24,2570.420000
2018-01-25,2576.500000
2018-01-26,2590.790000
2018-01-29,2596.070000
2018-01-30,2597.250000
2018-01-31,2501.280000
2018-02-01,2370.070000
2018-02-02,2451.000000
2018-02-05,2566.630000
2018-02-06,2451.130000
2018-02-07,2460.550000
2018-02-08,2464.980000
2018-02-09,2309.920000
2018-02-12,2329.720000
2018-02-13,2333.630000
2018-02-14,2349.370000
2018-02-22,2406.360000
2018-02-23,2471.380000
2018-02-26,2516.340000
2018-02-27,2448.510000
2018-02-28,2475.360000
2018-03-01,2464.030000
2018-03-02,2431.760000
2018-03-05,2354.290000
2018-03-06,2421.170000
2018-03-07,2373.150000
2018-03-08,2386.400000
2018-03-09,2384.420000
2018-03-12,2429.680000
2018-03-13,2412.550000
2018-03-14,2416.170000
2018-03-15,2423.800000
2018-03-16,2382.210000
2018-03-19,2342.520000
2018-03-20,2335.040000
2018-03-21,2310.660000
2018-03-22,2318.420000
2018-03-23,2135.040000
2018-03-26,2152.520000
2018-03-27,2192.570000
2018-03-28,2171.820000
2018-03-29,2212.950000
2018-03-30,2217.000000
2018-04-02,2213.200000
2018-04-03,2161.520000
2018-04-04,2166.570000
2018-04-09,2156.660000
2018-04-10,2197.070000
2018-04-11,2183.400000
2018-04-12,2170.060000
2018-04-13,2196.680000
2018-04-16,2143.200000
2018-04-17,2116.090000
2018-04-18,2135.220000
2018-04-19,2172.990000
2018-04-20,2120.720000
2018-04-23,2131.020000
2018-04-24,2149.000000
2018-04-25,2128.550000
2018-04-26,2123.770000
2018-04-27,2136.430000
2018-05-02,2153.740000
2018-05-03,2157.370000
2018-05-04,2143.290000
2018-05-07,2178.770000
2018-05-08,2176.340000
2018-05-09,2184.820000
2018-05-10,2198.540000
2018-05-11,2232.620000
2018-05-14,2216.000000
2018-05-15,2232.010000
2018-05-16,2224.400000
2018-05-17,2216.590000
2018-05-18,2260.540000
2018-05-21,2255.560000
2018-05-22,2238.740000
2018-05-23,2165.730000
2018-05-24,2168.970000
2018-05-25,2135.870000
2018-05-28,2125.510000
2018-05-29,2148.260000
2018-05-30,2043.950000
2018-05-31,2060.560000
2018-06-01,2073.760000
2018-06-04,2077.580000
2018-06-05,2083.470000
2018-06-06,2088.930000
2018-06-07,2096.230000
2018-06-08,2042.310000
2018-06-11,2030.880000
2018-06-12,2057.200000
2018-06-13,2032.260000
2018-06-14,2061.970000
2018-06-15,2081.450000
2018-06-19,1935.250000
2018-06-20,1956.060000
2018-06-21,1975.600000
2018-06-22,2003.170000
2018-06-25,1970.620000
2018-06-26,1958.830000
2018-06-27,1939.420000
2018-06-28,1914.480000
2018-06-29,1945.430000
2018-07-02,1899.450000
2018-07-03,1911.310000
2018-07-04,1904.220000
2018-07-05,1829.430000
2018-07-06,1834.490000
2018-07-09,1878.620000
2018-07-10,1886.740000
2018-07-11,1836.920000
2018-07-12,1882.030000
2018-07-13,1889.740000
2018-07-16,1936.100000
2018-07-17,1946.840000
2018-07-18,1937.560000
2018-07-19,1932.790000
2018-07-20,1938.160000
2018-07-23,1970.110000
2018-07-24,2011.790000
2018-07-25,2031.900000
2018-07-26,2036.740000
2018-07-27,2052.630000
2018-07-30,2082.570000
2018-07-31,2016.450000
2018-08-01,1966.240000
2018-08-02,1939.650000
2018-08-03,1991.520000
2018-08-06,2016.440000
2018-08-07,2073.160000
2018-08-08,2032.700000
2018-08-09,2044.670000
2018-08-10,2051.680000
2018-08-13,2080.700000
2018-08-14,2133.800000
2018-08-15,2099.940000
2018-08-16,2087.250000
2018-08-17,2154.450000
2018-08-20,2119.510000
2018-08-21,2104.750000
2018-08-22,2099.020000
2018-08-23,2034.740000
2018-08-24,1998.670000
2018-08-27,2035.880000
2018-08-28,2059.580000
2018-08-29,2034.410000
2018-08-30,1963.320000
2018-08-31,1936.070000
2018-09-03,1915.670000
2018-09-04,1940.080000
2018-09-05,1891.420000
2018-09-06,1887.090000
2018-09-07,1905.460000
2018-09-10,1910.290000
2018-09-11,1832.740000
2018-09-12,1832.650000
2018-09-13,1835.980000
2018-09-14,1822.180000
2018-09-17,1774.200000
2018-09-18,1814.870000
2018-09-19,1838.860000
2018-09-20,1843.040000
2018-09-21,1887.840000
2018-09-25,1872.270000
2018-09-26,1874.290000
2018-09-27,1853.310000
2018-09-28,1852.720000
2018-10-08,1833.150000
2018-10-09,1914.040000
2018-10-10,1955.140000
2018-10-11,1886.170000
2018-10-12,1935.910000
2018-10-15,1871.220000
2018-10-16,1809.100000
2018-10-17,1843.380000
2018-10-18,1725.930000
2018-10-19,1729.070000
2018-10-22,1814.880000
2018-10-23,1827.270000
2018-10-24,1853.940000
2018-10-25,1855.250000
2018-10-26,1899.460000
2018-10-29,1836.920000
2018-10-30,1845.290000
2018-10-31,1871.170000
2018-11-01,1859.010000
2018-11-02,1894.690000
2018-11-05,1911.280000
2018-11-06,1906.560000
2018-11-07,1885.380000
2018-11-08,1886.940000
2018-11-09,1886.260000
2018-11-12,1918.850000
2018-11-13,1935.240000
2018-11-14,1935.170000
2018-11-15,1958.220000
2018-11-16,1945.300000
2018-11-19,1940.680000
2018-11-20,1878.640000
2018-11-21,1881.720000
2018-11-22,1887.500000
2018-11-23,1800.140000
2018-11-26,1765.870000
2018-11-27,1790.160000
2018-11-28,1809.380000
2018-11-29,1763.320000
2018-11-30,1769.430000
2018-12-03,1822.560000
2018-12-04,1844.680000
2018-12-05,1819.990000
2018-12-06,1805.220000
2018-12-07,1839.630000
2018-12-10,1816.520000
2018-12-11,1809.880000
2018-12-12,1805.720000
2018-12-13,1818.190000
2018-12-14,1776.760000
2018-12-17,1772.030000
2018-12-18,1766.120000
2018-12-19,1730.430000
2018-12-20,1743.500000
2018-12-21,1732.950000
2018-12-24,1740.860000
2018-12-25,1698.760000
2018-12-26,1679.470000
2018-12-27,1651.620000
2018-12-28,1664.920000
2019-01-02,1650.520000
2019-01-03,1646.680000
2019-01-04,1683.600000
2019-01-07,1701.660000
2019-01-08,1699.470000
2019-01-09,1692.370000
2019-01-10,1685.810000
2019-01-11,1720.420000
2019-01-14,1776.950000
2019-01-15,1768.250000
2019-01-16,1807.170000
2019-01-17,1820.960000
2019-01-18,1840.850000
2019-01-21,1839.860000
2019-01-22,1828.100000
2019-01-23,1854.320000
2019-01-24,1840.680000
2019-01-25,1837.430000
2019-01-28,1801.030000
2019-01-29,1806.120000
2019-01-30,1791.970000
2019-01-31,1798.570000
2019-02-01,1823.940000
2019-02-11,1845.450000
2019-02-12,1872.590000
2019-02-13,1889.190000
2019-02-14,1899.620000
2019-02-15,1890.900000
2019-02-18,1944.340000
2019-02-19,1929.320000
2019-02-20,1957.240000
2019-02-21,1922.320000
2019-02-22,1940.640000
2019-02-25,2049.460000
2019-02-26,2078.790000
2019-02-27,2071.660000
2019-02-28,2070.240000
2019-03-01,2107.400000
2019-03-04,2118.940000
2019-03-05,2152.960000
2019-03-06,2204.060000
2019-03-07,2229.920000
2019-03-08,2073.530000
2019-03-11,2114.910000
2019-03-12,2133.880000
2019-03-13,2118.220000
2019-03-14,2119.340000
2019-03-15,2186.930000
2019-03-18,2271.090000
2019-03-19,2299.200000
2019-03-20,2311.090000
2019-03-21,2293.090000
2019-03-22,2296.710000
2019-03-25,2277.380000
2019-03-26,2266.170000
2019-03-27,2334.350000
2019-03-28,2268.210000
2019-03-29,2361.340000
2019-04-01,2489.020000
2019-04-02,2560.360000
2019-04-03,2643.230000
2019-04-04,2758.360000
2019-04-08,2907.260000
2019-04-09,2930.520000
2019-04-10,2990.100000
2019-04-11,2970.880000
2019-04-12,2879.970000
2019-04-15,2913.390000
2019-04-16,3066.560000
2019-04-17,3219.290000
2019-04-18,3300.600000
2019-04-19,3364.120000
2019-04-22,3257.140000
2019-04-23,3118.110000
2019-04-24,3191.980000
2019-04-25,2955.640000
2019-04-26,2862.310000
2019-04-29,2752.800000
2019-04-30,2726.630000
2019-05-06,2537.580000
2019-05-07,2640.730000
2019-05-08,2560.550000
2019-05-09,2525.920000
2019-05-10,2653.220000
2019-05-13,2633.870000
2019-05-14,2574.760000
2019-05-15,2708.830000
2019-05-16,2685.150000
2019-05-17,2519.080000
2019-05-20,2398.590000
2019-05-21,2485.280000
2019-05-22,2482.920000
2019-05-23,2479.070000
2019-05-24,2478.820000
2019-05-27,2523.520000
2019-05-28,2506.280000
2019-05-29,2471.680000
2019-05-30,2478.860000
2019-05-31,2405.570000
2019-06-03,2276.990000
2019-06-04,2236.250000
2019-06-05,2191.920000
2019-06-06,2181.660000
2019-06-10,2198.380000
2019-06-11,2287.720000
2019-06-12,2230.230000
2019-06-13,2304.860000
2019-06-14,2236.130000
2019-06-17,2209.110000
2019-06-18,2205.950000
2019-06-19,2248.130000
2019-06-20,2292.100000
2019-06-21,2301.120000
2019-06-24,2308.520000
2019-06-25,2314.620000
2019-06-26,2254.690000
2019-06-27,2275.490000
2019-06-28,2247.710000
2019-07-01,2351.320000
2019-07-02,2310.660000
2019-07-03,2272.020000
2019-07-04,2270.580000
2019-07-05,2276.000000
2019-07-08,2154.920000
2019-07-09,2170.040000
2019-07-10,2148.470000
2019-07-11,2143.170000
2019-07-12,2155.550000
2019-07-15,2171.290000
2019-07-16,2183.230000
2019-07-17,2187.730000
2019-07-18,2111.880000
2019-07-19,2135.430000
2019-07-22,2086.990000
2019-07-23,2117.450000
2019-07-24,2161.480000
2019-07-25,2151.290000
2019-07-26,2171.700000
2019-07-29,2172.320000
2019-07-30,2203.150000
2019-07-31,2195.060000
2019-08-01,2178.210000
2019-08-02,2113.890000
2019-08-05,2067.790000
2019-08-06,1981.700000
2019-08-07,1977.960000
2019-08-08,1988.510000
2019-08-09,1952.770000
2019-08-12,1981.500000
2019-08-13,1966.910000
2019-08-14,1993.460000
2019-08-15,1991.650000
2019-08-16,2003.570000
2019-08-19,2052.560000
2019-08-20,2081.230000
2019-08-21,2052.530000
2019-08-22,2063.110000
2019-08-23,2060.750000
2019-08-26,2048.270000
2019-08-27,2104.810000
2019-08-28,2093.330000
2019-08-29,2075.130000
2019-08-30,2009.620000
2019-09-02,2063.950000
2019-09-03,2069.930000
2019-09-04,2128.690000
2019-09-05,2146.260000
2019-09-06,2147.020000
2019-09-09,2206.710000
2019-09-10,2203.530000
2019-09-11,2276.770000
2019-09-12,2260.830000
2019-09-16,2278.570000
2019-09-17,2164.530000
2019-09-18,2149.440000
2019-09-19,2169.360000
2019-09-20,2155.880000
2019-09-23,2102.420000
2019-09-24,2097.150000
2019-09-25,2038.170000
2019-09-26,1987.060000
2019-09-27,2007.640000
2019-09-30,1997.990000
2019-10-08,2019.910000
2019-10-09,2047.420000
2019-10-10,2047.840000
2019-10-11,2057.690000
2019-10-14,2075.800000
2019-10-15,2032.530000
2019-10-16,2006.490000
2019-10-17,2008.000000
2019-10-18,1972.630000
2019-10-21,1967.610000
2019-10-22,1983.280000
2019-10-23,1960.990000
2019-10-24,1974.150000
2019-10-25,1975.240000
2019-10-28,1988.430000
2019-10-29,1941.550000
2019-10-30,1884.180000
2019-10-31,1846.100000
2019-11-01,1860.210000
2019-11-04,1852.370000
2019-11-05,1828.010000
2019-11-06,1821.080000
2019-11-07,1829.510000
2019-11-08,1812.530000
2019-11-11,1748.780000
2019-11-12,1753.160000
2019-11-13,1745.280000
2019-11-14,1746.520000
2019-11-15,1741.420000
2019-11-18,1745.140000
2019-11-19,1776.780000
2019-11-20,1780.160000
2019-11-21,1782.220000
2019-11-22,1799.900000
2019-11-25,1866.550000
2019-11-26,1820.940000
2019-11-27,1805.320000
2019-11-28,1804.270000
2019-11-29,1805.050000
2019-12-02,1788.820000
2019-12-03,1810.230000
2019-12-04,1813.020000
2019-12-05,1819.730000
2019-12-06,1812.110000
2019-12-09,1831.950000
2019-12-10,1825.680000
2019-12-11,1829.280000
2019-12-12,1796.110000
2019-12-13,1806.570000
2019-12-16,1836.440000
2019-12-17,1872.830000
2019-12-18,1871.740000
2019-12-19,1932.640000
2019-12-20,1893.410000
2019-12-23,1854.540000
2019-12-24,1906.510000
2019-12-25,1897.490000
2019-12-26,1960.290000
2019-12-27,1940.800000
2019-12-30,1955.250000
2019-12-31,1954.220000
2020-01-02,1948.590000
2020-01-03,1947.690000
2020-01-06,1966.020000
2020-01-07,2008.480000
2020-01-08,1957.120000
2020-01-09,1963.900000
2020-01-10,1940.280000
2020-01-13,1951.290000
2020-01-14,1957.310000
2020-01-15,1918.340000
2020-01-16,1919.470000
2020-01-17,1910.260000
2020-01-20,1884.270000
2020-01-21,1817.940000
2020-01-22,1817.800000
2020-01-23,1749.160000
2020-02-03,1585.870000
2020-02-04,1512.220000
2020-02-05,1544.850000
2020-02-06,1579.090000
2020-02-07,1575.390000
2020-02-10,1608.820000
2020-02-11,1648.320000
2020-02-12,1665.590000
2020-02-13,1682.930000
2020-02-14,1667.350000
2020-02-17,1709.620000
2020-02-18,1736.170000
2020-02-19,1726.580000
2020-02-20,1795.590000
2020-02-21,1788.310000
2020-02-24,1813.470000
2020-02-25,1797.630000
2020-02-26,1801.900000
2020-02-27,1785.950000
2020-02-28,1661.510000
2020-03-02,1712.810000
2020-03-03,1736.830000
2020-03-04,1765.650000
2020-03-05,1795.980000
2020-03-06,1789.440000
2020-03-09,1701.710000
2020-03-10,1722.410000
2020-03-11,1708.930000
2020-03-12,1666.700000
2020-03-13,1626.170000
2020-03-16,1578.990000
2020-03-17,1570.080000
2020-03-18,1557.060000
2020-03-19,1553.870000
2020-03-20,1572.150000
2020-03-23,1508.120000
2020-03-24,1538.650000
2020-03-25,1579.050000
2020-03-26,1551.200000
2020-03-27,1550.410000
2020-03-30,1519.120000
2020-03-31,1524.890000
2020-04-01,1511.350000
2020-04-02,1552.770000
2020-04-03,1527.620000
2020-04-07,1562.510000
2020-04-08,1577.780000
2020-04-09,1587.620000
2020-04-10,1580.480000
2020-04-13,1559.770000
2020-04-14,1583.960000
2020-04-15,1578.830000
2020-04-16,1564.050000
2020-04-17,1569.880000
2020-04-20,1583.520000
2020-04-21,1552.300000
2020-04-22,1575.150000
2020-04-23,1566.420000
2020-04-24,1603.710000
2020-04-27,1544.020000
2020-04-28,1477.820000
2020-04-29,1484.290000
2020-04-30,1516.120000
2020-05-06,1532.990000
2020-05-07,1519.770000
2020-05-08,1534.840000
2020-05-11,1541.610000
2020-05-12,1523.590000
2020-05-13,1533.110000
2020-05-14,1511.710000
2020-05-15,1509.590000
2020-05-18,1516.950000
2020-05-19,1524.410000
2020-05-20,1496.790000
2020-05-21,1510.700000
2020-05-22,1471.180000
2020-05-25,1488.940000
2020-05-26,1509.100000
2020-05-27,1540.550000
2020-05-28,1520.940000
2020-05-29,1510.160000
2020-06-01,1536.890000
2020-06-02,1551.780000
2020-06-03,1539.080000
2020-06-04,1538.280000
2020-06-05,1553.960000
2020-06-08,1546.010000
2020-06-09,1575.810000
2020-06-10,1570.770000
2020-06-11,1558.160000
2020-06-12,1537.860000
2020-06-15,1526.060000
2020-06-16,1565.610000
2020-06-17,1568.340000
2020-06-18,1614.250000
2020-06-19,1607.710000
2020-06-22,1585.950000
2020-06-23,1571.160000
2020-06-24,1562.240000
2020-06-29,1527.080000
2020-06-30,1540.030000
2020-07-01,1551.640000
2020-07-02,1599.470000
2020-07-03,1660.300000
2020-07-06,1741.030000
2020-07-07,1715.000000
2020-07-08,1753.020000
2020-07-09,1825.100000
2020-07-10,1760.560000
2020-07-13,1814.100000
2020-07-14,1816.530000
2020-07-15,1740.410000
2020-07-16,1657.550000
2020-07-17,1644.670000
2020-07-20,1716.740000
2020-07-21,1707.840000
2020-07-22,1697.010000
2020-07-23,1687.680000
2020-07-24,1657.690000
2020-07-27,1645.300000
2020-07-28,1659.790000
2020-07-29,1693.010000
2020-07-30,1680.920000
2020-07-31,1676.620000
2020-08-03,1725.630000
2020-08-04,1698.150000
2020-08-05,1699.530000
2020-08-06,1689.490000
2020-08-07,1667.520000
2020-08-10,1662.160000
2020-08-11,1637.900000
2020-08-12,1638.610000
2020-08-13,1640.470000
2020-08-14,1649.230000
2020-08-17,1726.070000
2020-08-18,1746.770000
2020-08-19,1709.540000
2020-08-20,1707.770000
2020-08-21,1704.220000
2020-08-24,1685.210000
2020-08-25,1658.730000
2020-08-26,1638.370000
2020-08-27,1652.990000
2020-08-28,1661.580000
2020-08-31,1656.470000
2020-09-01,1648.490000
2020-09-02,1639.330000
2020-09-03,1678.270000
2020-09-04,1655.600000
2020-09-07,1632.950000
2020-09-08,1664.940000
2020-09-09,1662.640000
2020-09-10,1605.440000
2020-09-11,1606.680000
2020-09-14,1621.680000
2020-09-15,1612.800000
2020-09-16,1601.960000
2020-09-17,1602.760000
2020-09-18,1647.240000
2020-09-21,1641.740000
2020-09-22,1610.420000
2020-09-23,1594.850000
2020-09-24,1546.350000
2020-09-25,1538.610000
2020-09-28,1548.300000
2020-09-29,1541.430000
2020-09-30,1508.280000
2020-10-09,1549.650000
2020-10-12,1592.940000
2020-10-13,1599.040000
2020-10-14,1572.410000
2020-10-15,1605.170000
2020-10-16,1616.690000
2020-10-19,1590.260000
2020-10-20,1592.220000
2020-10-21,1576.520000
2020-10-22,1559.530000
2020-10-23,1542.420000
2020-10-26,1540.830000
2020-10-27,1547.710000
2020-10-28,1540.380000
2020-10-29,1523.200000
2020-10-30,1529.130000
2020-11-02,1542.360000
2020-11-03,1571.650000
2020-11-04,1617.840000
2020-11-05,1616.070000
2020-11-06,1625.600000
2020-11-09,1672.690000
2020-11-10,1648.480000
2020-11-11,1680.620000
2020-11-12,1660.140000
2020-11-13,1669.250000
2020-11-16,1732.310000
2020-11-17,1717.500000
2020-11-18,1706.390000
2020-11-19,1678.290000
2020-11-20,1750.110000
2020-11-23,1836.660000
2020-11-24,1851.690000
2020-11-25,1874.700000
2020-11-26,1826.870000
2020-11-27,1833.430000
2020-11-30,1822.840000
2020-12-01,1827.620000
2020-12-02,1833.440000
2020-12-03,1769.240000
2020-12-04,1745.610000
2020-12-07,1755.990000
2020-12-08,1760.160000
2020-12-09,1817.910000
2020-12-10,1771.120000
2020-12-11,1761.930000
2020-12-14,1688.690000
2020-12-15,1694.740000
2020-12-16,1674.460000
2020-12-17,1719.240000
2020-12-18,1789.480000
2020-12-21,1833.690000
2020-12-22,1749.420000
2020-12-23,1803.730000
2020-12-24,1805.150000
2020-12-25,1880.100000
2020-12-28,1895.120000
2020-12-29,1788.490000
2020-12-30,1863.970000
2020-12-31,1824.840000
2021-01-04,1887.390000
2021-01-05,1846.940000
2021-01-06,1798.940000
2021-01-07,1787.640000
2021-01-08,1758.570000
2021-01-11,1681.040000
2021-01-12,1695.620000
2021-01-13,1671.810000
2021-01-14,1642.300000
2021-01-15,1692.330000
2021-01-18,1768.970000
2021-01-19,1772.730000
2021-01-20,1793.350000
2021-01-21,1913.540000
2021-01-22,1902.410000
2021-01-25,1968.340000
2021-01-26,2050.820000
2021-01-27,2039.490000
2021-01-28,1970.780000
2021-01-29,1957.710000
2021-02-01,2104.320000
2021-02-02,2094.930000
2021-02-03,2106.430000
2021-02-04,2123.070000
2021-02-05,1993.680000
2021-02-08,2102.320000
2021-02-09,2202.620000
2021-02-10,2171.710000
2021-02-18,2300.410000
2021-02-19,2340.050000
2021-02-22,2391.180000
2021-02-23,2270.680000
2021-02-24,2221.270000
2021-02-25,2153.570000
2021-02-26,2065.920000
2021-03-01,2147.780000
2021-03-02,2148.500000
2021-03-03,2264.220000
2021-03-04,2265.780000
2021-03-05,2219.140000
2021-03-08,2208.740000
2021-03-09,2114.240000
2021-03-10,2188.170000
2021-03-11,2219.380000
2021-03-12,2213.120000
2021-03-15,2237.880000
2021-03-16,2215.730000
2021-03-17,2254.240000
2021-03-18,2259.400000
2021-03-19,2197.270000
2021-03-22,2194.410000
2021-03-23,2058.590000
2021-03-24,1969.980000
2021-03-25,1990.130000
2021-03-26,1995.310000
2021-03-29,2052.090000
2021-03-30,1993.260000
2021-03-31,1986.320000
2021-04-01,1986.200000
2021-04-02,1966.470000
2021-04-06,2042.670000
2021-04-07,2113.230000
2021-04-08,2118.440000
2021-04-09,2189.210000
2021-04-12,2164.220000
2021-04-13,2103.970000
2021-04-14,2126.940000
2021-04-15,2065.800000
2021-04-16,2102.630000
2021-04-19,2122.760000
2021-04-20,2093.220000
2021-04-21,2074.470000
2021-04-22,2101.250000
2021-04-23,2074.550000
2021-04-26,2102.660000
2021-04-27,2062.250000
2021-04-28,2123.530000
2021-04-29,2142.030000
2021-04-30,2114.190000
2021-05-06,2225.230000
2021-05-07,2267.900000
2021-05-10,2383.580000
2021-05-11,2274.380000
2021-05-12,2294.720000
2021-05-13,2190.260000
2021-05-14,2161.100000
2021-05-17,2192.020000
2021-05-18,2200.580000
2021-05-19,2177.300000
2021-05-20,2088.560000
2021-05-21,2108.610000
2021-05-24,2089.800000
2021-05-25,2144.670000
2021-05-26,2153.690000
2021-05-27,2170.190000
2021-05-28,2157.790000
2021-05-31,2151.200000
2021-06-01,2197.800000
2021-06-02,2215.640000
2021-06-03,2272.740000
2021-06-04,2216.510000
2021-06-07,2229.480000
2021-06-08,2185.290000
2021-06-09,2256.030000
2021-06-10,2222.080000
2021-06-11,2240.610000
2021-06-15,2227.110000
2021-06-16,2201.950000
2021-06-17,2204.380000
2021-06-18,2158.910000
2021-06-21,2114.520000
2021-06-22,2162.160000
2021-06-23,2193.620000
2021-06-24,2189.970000
2021-06-25,2281.110000
2021-06-28,2212.890000
2021-06-29,2203.720000
2021-06-30,2171.540000
2021-07-01,2107.880000
2021-07-02,2112.380000
2021-07-05,2162.140000
2021-07-06,2165.430000
2021-07-07,2156.580000
2021-07-08,2104.100000
2021-07-09,2154.370000
2021-07-12,2165.140000
2021-07-13,2222.830000
2021-07-14,2192.870000
2021-07-15,2195.990000
2021-07-16,2218.630000
2021-07-19,2195.510000
2021-07-20,2277.810000
2021-07-21,2325.680000
2021-07-22,2339.810000
2021-07-23,2359.340000
2021-07-26,2339.570000
2021-07-27,2233.310000
2021-07-28,2162.800000
2021-07-29,2228.700000
2021-07-30,2268.200000
2021-08-02,2283.930000
2021-08-03,2218.920000
2021-08-04,2297.840000
2021-08-05,2419.770000
2021-08-06,2566.600000
2021-08-09,2658.420000
2021-08-10,2706.910000
2021-08-11,2873.030000
2021-08-12,2805.680000
2021-08-13,2876.160000
2021-08-16,3020.840000
2021-08-17,2904.730000
2021-08-18,2913.730000
2021-08-19,2774.310000
2021-08-20,2742.170000
2021-08-23,2837.660000
2021-08-24,2859.350000
2021-08-25,2969.780000
2021-08-26,3124.840000
2021-08-27,3090.830000
2021-08-30,3180.260000
2021-08-31,3164.490000
2021-09-01,3028.300000
2021-09-02,3150.160000
2021-09-03,3019.900000
2021-09-06,3043.060000
2021-09-07,3196.030000
2021-09-08,3298.810000
2021-09-09,3505.950000
2021-09-10,3409.660000
2021-09-13,3434.770000
2021-09-14,3271.310000
2021-09-15,3330.280000
2021-09-16,3293.760000
2021-09-17,3136.040000
2021-09-22,3193.310000
2021-09-23,3121.340000
2021-09-24,2936.280000
2021-09-27,2773.860000
2021-09-28,2833.210000
2021-09-29,2685.880000
2021-09-30,2771.860000
2021-10-08,2773.500000
2021-10-11,2821.440000
2021-10-12,2750.680000
2021-10-13,2687.580000
2021-10-14,2722.880000
2021-10-15,2755.460000
2021-10-18,2862.530000
2021-10-19,2838.560000
2021-10-20,2706.100000
2021-10-21,2738.820000
2021-10-22,2620.420000
2021-10-25,2749.780000
2021-10-26,2807.840000
2021-10-27,2723.110000
2021-10-28,2575.160000
2021-10-29,2564.790000
2021-11-01,2617.130000
2021-11-02,2539.190000
2021-11-03,2584.430000
2021-11-04,2595.020000
2021-11-05,2509.410000
2021-11-08,2551.160000
2021-11-09,2559.340000
2021-11-10,2502.260000
2021-11-11,2507.380000
2021-11-12,2458.790000
2021-11-15,2418.080000
2021-11-16,2404.350000
2021-11-17,2429.030000
2021-11-18,2513.110000
2021-11-19,2645.180000
2021-11-22,2728.730000
2021-11-23,2759.190000
2021-11-24,2796.970000
2021-11-25,2792.150000
2021-11-26,2740.480000
2021-11-29,2698.920000
2021-11-30,2732.880000
2021-12-01,2917.530000
2021-12-02,3010.230000
2021-12-03,3052.050000
2021-12-06,3012.650000
2021-12-07,2980.840000
2021-12-08,3000.650000
2021-12-09,3005.220000
2021-12-10,2938.350000
2021-12-13,3029.800000
2021-12-14,2948.940000
2021-12-15,2970.850000
2021-12-16,3176.450000
2021-12-17,3087.540000
2021-12-20,3122.550000
2021-12-21,3122.460000
2021-12-22,3178.730000
2021-12-23,3299.170000
2021-12-24,3252.920000
2021-12-27,3356.830000
2021-12-28,3169.090000
2021-12-29,3174.780000
2021-12-30,3155.350000
2021-12-31,3020.610000
2022-01-04,3059.070000
2022-01-05,3085.000000
2022-01-06,3100.020000
2022-01-07,3023.780000
2022-01-10,3047.900000
2022-01-11,2957.990000
2022-01-12,2987.760000
2022-01-13,2951.480000
2022-01-14,2889.100000
2022-01-17,2900.070000
2022-01-18,2888.500000
2022-01-19,2852.410000
2022-01-20,2755.610000
2022-01-21,2780.710000
2022-01-24,2781.390000
2022-01-25,2639.260000
2022-01-26,2691.430000
2022-01-27,2628.240000
2022-01-28,2576.470000
2022-02-07,2662.250000
2022-02-08,2771.530000
2022-02-09,2768.420000
2022-02-10,2773.860000
2022-02-11,2760.050000
2022-02-14,2703.900000
2022-02-15,2733.820000
2022-02-16,2789.650000
2022-02-17,2773.700000
2022-02-18,2812.570000
2022-02-21,2825.930000
2022-02-22,2796.950000
2022-02-23,2824.360000
2022-02-24,2766.540000
2022-02-25,2777.280000
2022-02-28,2769.400000
2022-03-01,2811.450000
2022-03-02,2893.100000
2022-03-03,2986.440000
2022-03-04,2929.920000
2022-03-07,2891.010000
2022-03-08,2711.460000
2022-03-09,2690.890000
2022-03-10,2708.790000
2022-03-11,2688.900000
2022-03-14,2545.520000
2022-03-15,2365.980000
2022-03-16,2443.830000
2022-03-17,2507.490000
2022-03-18,2614.760000
2022-03-21,2628.890000
2022-03-22,2674.100000
2022-03-23,2732.460000
2022-03-24,2683.290000
2022-03-25,2630.440000
2022-03-28,2651.290000
2022-03-29,2627.830000
2022-03-30,2623.670000
2022-03-31,2590.820000
2022-04-01,2602.250000
2022-04-06,2648.180000
2022-04-07,2589.080000
2022-04-08,2583.000000
2022-04-11,2472.190000
2022-04-12,2548.900000
2022-04-13,2586.930000
2022-04-14,2712.050000
2022-04-15,2684.310000
2022-04-18,2606.390000
2022-04-19,2653.220000
2022-04-20,2534.920000
2022-04-21,2436.180000
2022-04-22,2415.630000
2022-04-25,2212.890000
2022-04-26,2081.700000
2022-04-27,2171.000000
2022-04-28,2138.640000
2022-04-29,2197.500000
2022-05-05,2203.250000
2022-05-06,2126.720000
2022-05-09,2137.190000
2022-05-10,2161.310000
2022-05-11,2172.690000
2022-05-12,2155.760000
2022-05-13,2167.020000
2022-05-16,2201.010000
2022-05-17,2230.860000
2022-05-18,2234.410000
2022-05-19,2283.240000
2022-05-20,2316.230000
2022-05-23,2348.700000
2022-05-24,2367.640000
2022-05-25,2374.480000
2022-05-26,2402.970000
2022-05-27,2453.850000
2022-05-30,2422.870000
2022-05-31,2413.710000
2022-06-01,2421.180000
2022-06-02,2395.140000
2022-06-06,2446.750000
2022-06-07,2423.710000
2022-06-08,2523.820000
2022-06-09,2502.930000
2022-06-10,2535.100000
2022-06-13,2525.390000
2022-06-14,2659.870000
2022-06-15,2566.670000
2022-06-16,2540.500000
2022-06-17,2524.240000
2022-06-20,2518.680000
2022-06-21,2469.420000
2022-06-22,2423.370000
2022-06-23,2464.640000
2022-06-24,2462.960000
2022-06-27,2524.950000
2022-06-28,2568.170000
2022-06-29,2480.550000
2022-06-30,2481.570000
2022-07-01,2472.380000
2022-07-04,2462.760000
2022-07-05,2538.250000
2022-07-06,2439.810000
2022-07-07,2447.540000
2022-07-08,2420.130000
2022-07-11,2324.520000
2022-07-12,2295.230000
2022-07-13,2313.350000
2022-07-14,2350.880000
2022-07-15,2308.180000
2022-07-18,2371.040000
2022-07-19,2381.090000
2022-07-20,2382.460000
2022-07-21,2344.470000
2022-07-22,2326.290000
2022-07-25,2337.010000
2022-07-26,2329.780000
2022-07-27,2324.830000
2022-07-28,2375.290000
2022-07-29,2342.220000
2022-08-01,2380.410000
2022-08-02,2255.430000
2022-08-03,2228.720000
2022-08-04,2226.890000
2022-08-05,2263.220000
2022-08-08,2291.390000
2022-08-09,2326.730000
2022-08-10,2304.080000
2022-08-11,2336.430000
2022-08-12,2362.600000
2022-08-15,2392.280000
2022-08-16,2378.030000
2022-08-17,2384.760000
2022-08-18,2346.610000
2022-08-19,2343.350000
2022-08-22,2406.590000
2022-08-23,2435.710000
2022-08-24,2398.860000
2022-08-25,2471.150000
2022-08-26,2461.550000
2022-08-29,2538.360000
2022-08-30,2443.550000
2022-08-31,2345.760000
2022-09-01,2355.340000
2022-09-02,2350.260000
2022-09-05,2420.320000
2022-09-06,2447.950000
2022-09-07,2445.040000
2022-09-08,2449.430000
2022-09-09,2432.410000
2022-09-13,2399.110000
2022-09-14,2348.950000
2022-09-15,2323.660000
2022-09-16,2246.000000
2022-09-19,2230.360000
2022-09-20,2275.850000
2022-09-21,2311.800000
2022-09-22,2313.070000
2022-09-23,2241.750000
2022-09-26,2144.340000
2022-09-27,2169.460000
2022-09-28,2109.590000
2022-09-29,2110.920000
2022-09-30,2110.080000
2022-10-10,2091.830000
2022-10-11,2086.030000
2022-10-12,2121.860000
2022-10-13,2097.230000
2022-10-14,2131.220000
2022-10-17,2144.150000
2022-10-18,2134.590000
2022-10-19,2115.050000
2022-10-20,2086.620000
2022-10-21,2069.230000
2022-10-24,2028.700000
2022-10-25,2020.950000
2022-10-26,2038.410000
2022-10-27,2046.940000
2022-10-28,1952.680000
2022-10-31,1908.750000
2022-11-01,1954.200000
2022-11-02,1980.590000
2022-11-03,1980.330000
2022-11-04,2028.540000
2022-11-07,2067.530000
2022-11-08,2051.480000
2022-11-09,2044.990000
2022-11-10,2042.170000
2022-11-11,2068.140000
2022-11-14,2050.250000
2022-11-15,2080.480000
2022-11-16,2093.020000
2022-11-17,2108.240000
2022-11-18,2066.300000
2022-11-21,2054.440000
2022-11-22,2043.090000
2022-11-23,2060.160000
2022-11-24,2062.940000
2022-11-25,2083.440000
2022-11-28,2091.860000
2022-11-29,2118.780000
2022-11-30,2113.000000
2022-12-01,2114.180000
2022-12-02,2103.330000
2022-12-05,2139.150000
2022-12-06,2125.500000
2022-12-07,2107.460000
2022-12-08,2099.560000
2022-12-09,2149.980000
2022-12-12,2094.810000
2022-12-13,2106.030000
2022-12-14,2085.900000
2022-12-15,2060.120000
2022-12-16,2048.050000
2022-12-19,1987.120000
2022-12-20,1996.900000
2022-12-21,1971.070000
2022-12-22,1934.520000
2022-12-23,1941.210000
2022-12-26,1955.480000
2022-12-27,1992.270000
2022-12-28,1970.660000
2022-12-29,1938.280000
2022-12-30,1948.150000
2023-01-03,1971.110000
2023-01-04,1958.950000
2023-01-05,1962.690000
2023-01-06,1969.420000
2023-01-09,1984.280000
2023-01-10,1968.880000
2023-01-11,2014.010000
2023-01-12,2004.560000
2023-01-13,1999.530000
2023-01-16,2005.850000
2023-01-17,1996.640000
2023-01-18,2003.130000
2023-01-19,2012.050000
2023-01-20,2039.280000
2023-01-30,2062.970000
2023-01-31,2073.060000
2023-02-01,2094.980000
2023-02-02,2093.830000
2023-02-03,2073.350000
2023-02-06,2072.260000
2023-02-07,2075.420000
2023-02-08,2056.990000
2023-02-09,2089.250000
2023-02-10,2080.760000
2023-02-13,2089.000000
2023-02-14,2129.020000
2023-02-15,2110.590000
2023-02-16,2055.950000
2023-02-17,2074.280000
2023-02-20,2108.030000
2023-02-21,2132.350000
2023-02-22,2124.420000
2023-02-23,2131.140000
2023-02-24,2111.180000
2023-02-27,2090.760000
2023-02-28,2088.370000
2023-03-01,2096.570000
2023-03-02,2099.190000
2023-03-03,2095.630000
2023-03-06,2071.750000
2023-03-07,2045.850000
2023-03-08,2047.520000
2023-03-09,2040.050000
2023-03-10,2002.810000
2023-03-13,2000.260000
2023-03-14,1980.220000
2023-03-15,2001.460000
2023-03-16,1952.520000
2023-03-17,1961.600000
2023-03-20,1960.350000
2023-03-21,1977.580000
2023-03-22,1978.840000
2023-03-23,1987.110000
2023-03-24,1983.520000
2023-03-27,1991.760000
2023-03-28,1974.930000
2023-03-29,1997.530000
2023-03-30,1987.980000
2023-03-31,1990.580000
2023-04-03,1998.860000
2023-04-04,1987.920000
2023-04-06,1959.260000
2023-04-07,1966.250000
2023-04-10,1954.980000
2023-04-11,1948.820000
2023-04-12,1967.670000
2023-04-13,1963.440000
2023-04-14,1965.120000
2023-04-17,1988.490000
2023-04-18,1989.620000
2023-04-19,1977.710000
2023-04-20,1948.420000
2023-04-21,1902.690000
2023-04-24,1877.320000
2023-04-25,1819.130000
2023-04-26,1821.170000
2023-04-27,1810.170000
2023-04-28,1832.630000
2023-05-04,1843.320000
2023-05-05,1830.370000
2023-05-08,1862.780000
2023-05-09,1844.010000
2023-05-10,1846.710000
2023-05-11,1855.470000
2023-05-12,1831.240000
2023-05-15,1850.160000
2023-05-16,1837.720000
2023-05-17,1836.230000
2023-05-18,1827.180000
2023-05-19,1800.860000
2023-05-22,1782.870000
2023-05-23,1766.890000
2023-05-24,1751.170000
2023-05-25,1733.420000
2023-05-26,1712.490000
2023-05-29,1694.840000
2023-05-30,1697.470000
2023-05-31,1677.020000
2023-06-01,1686.340000
2023-06-02,1710.040000
2023-06-05,1709.290000
2023-06-06,1687.250000
2023-06-07,1677.060000
2023-06-08,1692.120000
2023-06-09,1688.460000
2023-06-12,1696.930000
2023-06-13,1635.750000
2023-06-14,1624.360000
2023-06-15,1641.590000
2023-06-16,1647.480000
2023-06-19,1634.160000
2023-06-20,1621.120000
2023-06-21,1605.410000
2023-06-26,1599.460000
2023-06-27,1687.910000
2023-06-28,1765.080000
2023-06-29,1729.210000
2023-06-30,1729.580000
2023-07-03,1755.540000
2023-07-04,1748.380000
2023-07-05,1764.670000
2023-07-06,1751.290000
2023-07-07,1750.920000
2023-07-10,1746.700000
2023-07-11,1743.760000
2023-07-12,1742.000000
2023-07-13,1752.720000
2023-07-14,1770.540000
2023-07-17,1742.210000
2023-07-18,1774.070000
2023-07-19,1764.740000
2023-07-20,1760.440000
2023-07-21,1757.130000
2023-07-24,1725.000000
2023-07-25,1745.960000
2023-07-26,1754.190000
2023-07-27,1759.900000
2023-07-28,1786.860000
2023-07-31,1798.190000
2023-08-01,1846.870000
2023-08-02,1821.020000
2023-08-03,1808.950000
2023-08-04,1797.810000
2023-08-07,1789.310000
2023-08-08,1833.980000
2023-08-09,1811.230000
2023-08-10,1854.100000
2023-08-11,1812.380000
2023-08-14,1807.280000
2023-08-15,1777.850000
2023-08-16,1753.900000
2023-08-17,1757.860000
2023-08-18,1733.480000
2023-08-21,1729.130000
2023-08-22,1712.030000
2023-08-23,1717.980000
2023-08-24,1673.600000
2023-08-25,1664.010000
2023-08-28,1706.840000
2023-08-29,1732.020000
2023-08-30,1701.700000
2023-08-31,1678.340000
2023-09-01,1726.050000
2023-09-04,1788.410000
2023-09-05,1792.210000
2023-09-06,1792.630000
2023-09-07,1754.260000
2023-09-08,1727.110000
2023-09-11,1742.010000
2023-09-12,1753.590000
2023-09-13,1745.390000
2023-09-14,1779.550000
2023-09-15,1766.330000
2023-09-18,1807.710000
2023-09-19,1774.400000
2023-09-20,1738.240000
2023-09-21,1717.470000
2023-09-22,1715.960000
2023-09-25,1691.970000
2023-09-26,1669.330000
2023-09-27,1670.590000
2023-09-28,1713.580000
2023-10-09,1710.050000
2023-10-10,1696.980000
2023-10-11,1679.740000
2023-10-12,1698.730000
2023-10-13,1690.720000
2023-10-16,1711.590000
2023-10-17,1702.640000
2023-10-18,1681.280000
2023-10-19,1669.820000
2023-10-20,1657.290000
2023-10-23,1617.640000
2023-10-24,1669.110000
2023-10-25,1695.760000
2023-10-26,1675.440000
2023-10-27,1689.700000
2023-10-30,1697.740000
2023-10-31,1710.010000
2023-11-01,1698.350000
2023-11-02,1688.720000
2023-11-03,1693.660000
2023-11-06,1710.640000
2023-11-07,1717.080000
2023-11-08,1710.740000
2023-11-09,1742.460000
2023-11-10,1760.700000
2023-11-13,1775.030000
2023-11-14,1745.740000
2023-11-15,1769.580000
2023-11-16,1756.020000
2023-11-17,1764.530000
2023-11-20,1760.040000
2023-11-21,1773.810000
2023-11-22,1764.490000
2023-11-23,1778.550000
2023-11-24,1787.530000
2023-11-27,1792.400000
2023-11-28,1805.630000
2023-11-29,1784.680000
2023-11-30,1755.850000
2023-12-01,1772.700000
2023-12-04,1771.100000
2023-12-05,1722.500000
2023-12-06,1750.400000
2023-12-07,1735.240000
2023-12-08,1742.590000
2023-12-11,1755.050000
2023-12-12,1759.410000
2023-12-13,1749.350000
2023-12-14,1787.210000
2023-12-15,1776.630000
2023-12-18,1761.030000
2023-12-19,1721.050000
2023-12-20,1697.790000
2023-12-21,1676.020000
2023-12-22,1662.460000
2023-12-25,1654.720000
2023-12-26,1632.810000
2023-12-27,1623.150000
2023-12-28,1653.470000
2023-12-29,1652.810000
2024-01-02,1683.630000
2024-01-03,1699.020000
2024-01-04,1691.920000
2024-01-05,1668.650000
2024-01-08,1631.470000
2024-01-09,1631.760000
2024-01-10,1609.860000
2024-01-11,1615.460000
2024-01-12,1608.580000
2024-01-15,1569.870000
2024-01-16,1547.140000
2024-01-17,1500.400000
2024-01-18,1485.070000
2024-01-19,1469.540000
2024-01-22,1389.630000
2024-01-23,1410.110000
2024-01-24,1437.410000
2024-01-25,1483.930000
2024-01-26,1485.040000
2024-01-29,1451.140000
2024-01-30,1421.340000
2024-01-31,1372.000000
2024-02-01,1335.590000
2024-02-02,1281.600000
2024-02-05,1189.400000
2024-02-06,1262.150000
2024-02-07,1328.170000
2024-02-08,1410.060000
2024-02-19,1409.750000
2024-02-20,1403.180000
2024-02-21,1413.830000
2024-02-22,1464.420000
2024-02-23,1467.240000
2024-02-26,1458.910000
2024-02-27,1488.530000
2024-02-28,1471.610000
2024-02-29,1571.910000
2024-03-01,1652.420000
2024-03-04,1593.300000
2024-03-05,1573.770000
2024-03-06,1566.830000
2024-03-07,1549.060000
2024-03-08,1549.330000
2024-03-11,1563.690000
2024-03-12,1553.000000
2024-03-13,1542.520000
2024-03-14,1537.890000
2024-03-15,1547.890000
2024-03-18,1564.280000
2024-03-19,1562.230000
2024-03-20,1569.650000
2024-03-21,1594.220000
2024-03-22,1588.680000
2024-03-25,1522.600000
2024-03-26,1500.330000
2024-03-27,1445.710000
2024-03-28,1472.000000
2024-03-29,1501.370000
2024-04-01,1517.220000
2024-04-02,1527.360000
2024-04-03,1548.380000
2024-04-08,1531.230000
2024-04-09,1538.330000
2024-04-10,1516.340000
2024-04-11,1545.300000
2024-04-12,1546.120000
2024-04-15,1503.560000
2024-04-16,1416.950000
2024-04-17,1490.540000
2024-04-18,1472.390000
2024-04-19,1469.970000
2024-04-22,1429.810000
2024-04-23,1388.970000
2024-04-24,1391.120000
2024-04-25,1408.600000
2024-04-26,1422.260000
2024-04-29,1451.700000
2024-04-30,1423.720000
2024-05-06,1472.570000
2024-05-07,1474.650000
2024-05-08,1457.120000
2024-05-09,1475.970000
2024-05-10,1458.030000
2024-05-13,1424.480000
2024-05-14,1418.820000
2024-05-15,1407.420000
2024-05-16,1408.030000
2024-05-17,1423.280000
2024-05-20,1436.940000
2024-05-21,1407.890000
2024-05-22,1412.390000
2024-05-23,1344.520000
2024-05-24,1344.340000
2024-05-27,1356.200000
2024-05-28,1363.130000
2024-05-29,1367.420000
2024-05-30,1349.340000
2024-05-31,1345.090000
2024-06-03,1305.620000
2024-06-04,1289.320000
2024-06-05,1254.430000
2024-06-06,1225.910000
2024-06-07,1266.100000
2024-06-11,1256.530000
2024-06-12,1277.850000
2024-06-13,1251.970000
2024-06-14,1258.340000
2024-06-17,1238.300000
2024-06-18,1233.850000
2024-06-19,1218.320000
2024-06-20,1203.460000
2024-06-21,1187.270000
2024-06-24,1160.520000
2024-06-25,1170.450000
2024-06-26,1199.180000
2024-06-27,1172.490000
2024-06-28,1166.980000
2024-07-01,1191.870000
2024-07-02,1193.940000
2024-07-03,1192.420000
2024-07-04,1154.810000
2024-07-05,1162.210000
2024-07-08,1127.170000
2024-07-09,1143.340000
2024-07-10,1087.900000
2024-07-11,1138.070000
2024-07-12,1127.230000
2024-07-15,1117.240000
2024-07-16,1120.180000
2024-07-17,1118.040000
2024-07-18,1110.930000
2024-07-19,1108.810000
2024-07-22,1111.570000
2024-07-23,1095.710000
2024-07-24,1075.730000
2024-07-25,1071.000000
2024-07-26,1078.500000
2024-07-29,1062.620000
2024-07-30,1059.080000
2024-07-31,1103.330000
2024-08-01,1098.340000
2024-08-02,1088.730000
2024-08-05,1061.050000
2024-08-06,1071.190000
2024-08-07,1077.030000
2024-08-08,1081.960000
2024-08-09,1079.290000
2024-08-12,1083.160000
2024-08-13,1086.690000
2024-08-14,1062.890000
2024-08-15,1074.830000
2024-08-16,1054.190000
2024-08-19,1059.780000
2024-08-20,1032.420000
2024-08-21,1024.930000
2024-08-22,1008.520000
2024-08-23,1006.580000
2024-08-26,1019.280000
2024-08-27,1006.770000
2024-08-28,1007.000000
2024-08-29,1022.760000
2024-08-30,1029.820000
2024-09-02,1025.990000
2024-09-03,1030.410000
2024-09-04,1022.680000
2024-09-05,1021.540000
2024-09-06,1007.060000
2024-09-09,996.900000
2024-09-10,1001.630000
2024-09-11,998.570000
2024-09-12,1005.130000
2024-09-13,996.930000
2024-09-18,995.340000
2024-09-19,1032.730000
2024-09-20,1023.010000
2024-09-23,1028.730000
2024-09-24,1083.250000
2024-09-25,1090.970000
2024-09-26,1135.700000
2024-09-27,1188.270000
2024-09-30,1302.250000
2024-10-08,1362.360000
2024-10-09,1239.090000
2024-10-10,1276.560000
2024-10-11,1217.080000
2024-10-14,1232.120000
2024-10-15,1195.240000
2024-10-16,1193.510000
2024-10-17,1172.020000
2024-10-18,1194.380000
2024-10-21,1193.980000
2024-10-22,1218.150000
2024-10-23,1296.590000
2024-10-24,1272.710000
2024-10-25,1307.630000
2024-10-28,1361.460000
2024-10-29,1289.280000
2024-10-30,1299.790000
2024-10-31,1333.680000
2024-11-01,1315.500000
2024-11-04,1332.000000
2024-11-05,1361.390000
2024-11-06,1360.760000
2024-11-07,1411.440000
2024-11-08,1393.130000
2024-11-11,1402.740000
2024-11-12,1370.510000
2024-11-13,1354.420000
2024-11-14,1308.790000
2024-11-15,1278.430000
2024-11-18,1297.130000
2024-11-19,1314.110000
2024-11-20,1349.950000
2024-11-21,1352.700000
2024-11-22,1291.810000
2024-11-25,1305.390000
2024-11-26,1304.460000
2024-11-27,1324.060000
2024-11-28,1315.440000
2024-11-29,1327.510000
2024-12-02,1365.190000
2024-12-03,1376.780000
2024-12-04,1380.510000
2024-12-05,1418.840000
2024-12-06,1432.220000
2024-12-09,1407.220000
2024-12-10,1395.610000
2024-12-11,1426.310000
2024-12-12,1432.190000
2024-12-13,1391.440000
2024-12-16,1398.210000
2024-12-17,1360.160000
2024-12-18,1370.050000
2024-12-19,1335.820000
2024-12-20,1327.670000
2024-12-23,1296.530000
2024-12-24,1312.290000
2024-12-25,1312.140000
2024-12-26,1294.450000
2024-12-27,1288.560000
2024-12-30,1280.130000
2024-12-31,1274.580000
2025-01-02,1227.040000
2025-01-03,1217.340000
2025-01-06,1227.730000
2025-01-07,1242.770000
2025-01-08,1219.550000
2025-01-09,1231.260000
2025-01-10,1195.960000
2025-01-13,1181.680000
2025-01-14,1216.250000
2025-01-15,1199.840000
2025-01-16,1215.630000
2025-01-17,1193.730000
2025-01-20,1199.140000
2025-01-21,1181.200000
2025-01-22,1154.960000
2025-01-23,1152.980000
2025-01-24,1160.960000
2025-01-27,1152.670000
2025-02-05,1159.900000
2025-02-06,1173.240000
2025-02-07,1202.700000
2025-02-10,1209.320000
2025-02-11,1197.680000
2025-02-12,1210.380000
2025-02-13,1203.460000
2025-02-14,1195.860000
2025-02-17,1201.310000
2025-02-18,1171.860000
2025-02-19,1181.930000
2025-02-20,1205.310000
2025-02-21,1200.580000
2025-02-24,1192.870000
2025-02-25,1185.490000
2025-02-26,1210.070000
2025-02-27,1197.090000
2025-02-28,1170.570000
2025-03-03,1177.600000
2025-03-04,1174.200000
2025-03-05,1157.940000
2025-03-06,1171.640000
2025-03-07,1188.950000
2025-03-10,1251.580000
2025-03-11,1248.350000
2025-03-12,1248.700000
2025-03-13,1319.390000
2025-03-14,1323.590000
2025-03-17,1301.910000
2025-03-18,1287.330000
2025-03-19,1288.410000
2025-03-20,1307.720000
2025-03-21,1279.150000
2025-03-24,1262.130000
2025-03-25,1295.790000
2025-03-26,1284.870000
2025-03-27,1271.140000
2025-03-28,1238.670000
2025-03-31,1201.210000
2025-04-01,1212.760000
2025-04-02,1205.790000
2025-04-03,1210.200000
2025-04-07,1090.120000
2025-04-08,1093.550000
2025-04-09,1109.880000
2025-04-10,1130.690000
2025-04-11,1130.080000
2025-04-14,1150.630000
2025-04-15,1136.110000
2025-04-16,1117.800000
2025-04-17,1120.230000
2025-04-18,1118.330000
2025-04-21,1119.380000
2025-04-22,1119.520000
2025-04-23,1124.800000
2025-04-24,1125.110000
2025-04-25,1120.540000
2025-04-28,1125.650000
2025-04-29,1126.300000
2025-04-30,1130.560000
2025-05-06,1159.640000
2025-05-07,1178.470000
2025-05-08,1177.890000
2025-05-09,1158.620000
2025-05-12,1160.400000
2025-05-13,1161.710000
2025-05-14,1169.140000
2025-05-15,1166.920000
2025-05-16,1163.260000
2025-05-19,1184.350000
2025-05-20,1190.190000
2025-05-21,1198.330000
2025-05-22,1169.880000
2025-05-23,1151.920000
2025-05-26,1158.370000
2025-05-27,1160.280000
2025-05-28,1155.130000
2025-05-29,1173.200000
2025-05-30,1155.580000
2025-06-03,1158.500000
2025-06-04,1194.840000
2025-06-05,1182.550000
2025-06-06,1189.700000
2025-06-09,1193.810000
2025-06-10,1186.730000
2025-06-11,1195.130000
2025-06-12,1188.050000
2025-06-13,1183.730000
2025-06-16,1207.950000
2025-06-17,1204.050000
2025-06-18,1194.140000
2025-06-19,1173.860000
2025-06-20,1162.970000
2025-06-23,1190.380000
2025-06-24,1190.980000
2025-06-25,1192.520000
2025-06-26,1184.930000
2025-06-27,1203.200000
2025-06-30,1208.490000
2025-07-01,1204.520000
2025-07-02,1226.430000
2025-07-03,1222.800000
2025-07-04,1211.790000
2025-07-07,1216.930000
2025-07-08,1228.860000
2025-07-09,1252.600000
2025-07-10,1327.400000
2025-07-11,1312.150000
2025-07-14,1301.980000
2025-07-15,1263.820000
2025-07-16,1257.860000
2025-07-17,1265.760000
2025-07-18,1285.080000
2025-07-21,1313.500000
2025-07-22,1368.690000
2025-07-23,1348.790000
2025-07-24,1366.760000
2025-07-25,1348.020000
2025-07-28,1314.750000
2025-07-29,1311.810000
2025-07-30,1307.730000
2025-07-31,1267.320000
2025-08-01,1269.410000
2025-08-04,1276.490000
2025-08-05,1292.980000
2025-08-06,1300.730000
2025-08-07,1288.940000
2025-08-08,1289.860000
2025-08-11,1299.720000
2025-08-12,1307.650000
2025-08-13,1293.380000
2025-08-14,1258.510000
2025-08-15,1274.990000
2025-08-18,1279.180000
2025-08-19,1301.390000
2025-08-20,1304.770000
2025-08-21,1306.270000
2025-08-22,1304.370000
2025-08-25,1322.490000
2025-08-26,1342.560000
2025-08-27,1292.850000
2025-08-28,1324.290000
2025-08-29,1309.810000
2025-09-01,1338.270000
2025-09-02,1322.370000
2025-09-03,1282.220000
2025-09-04,1286.790000
2025-09-05,1312.320000
2025-09-08,1334.910000
2025-09-09,1335.640000
2025-09-10,1325.690000
2025-09-11,1327.260000
2025-09-12,1340.180000
2025-09-15,1348.260000
2025-09-16,1359.690000
2025-09-17,1359.980000
2025-09-18,1345.050000
2025-09-19,1340.640000
2025-09-22,1327.280000
2025-09-23,1302.580000
2025-09-24,1304.950000
2025-09-25,1287.540000
2025-09-26,1294.390000
2025-09-29,1296.430000
2025-09-30,1298.580000
2025-10-09,1347.610000
2025-10-10,1382.620000
2025-10-13,1409.460000
2025-10-14,1442.040000
2025-10-15,1419.810000
2025-10-16,1451.720000
2025-10-17,1446.080000
2025-10-20,1529.590000
2025-10-21,1509.510000
2025-10-22,1466.820000
2025-10-23,1544.150000
2025-10-24,1458.640000
2025-10-27,1460.480000
2025-10-28,1496.020000
2025-10-29,1568.690000
2025-10-30,1512.760000
2025-10-31,1509.790000
2025-11-03,1553.090000
2025-11-04,1561.180000
2025-11-05,1619.110000
2025-11-06,1645.170000
2025-11-07,1614.560000
2025-11-10,1621.000000
2025-11-11,1659.700000
2025-11-12,1622.650000
2025-11-13,1682.260000
2025-11-14,1721.950000
2025-11-17,1828.770000
2025-11-18,1703.840000
2025-11-19,1634.990000
2025-11-20,1591.350000
2025-11-21,1481.220000
2025-11-24,1459.550000
2025-11-25,1493.850000
2025-11-26,1493.110000
2025-11-27,1487.590000
2025-11-28,1519.920000
2025-12-01,1534.740000
2025-12-02,1560.360000
2025-12-03,1589.420000
2025-12-04,1519.790000
2025-12-05,1531.790000
2025-12-08,1502.760000
2025-12-09,1458.690000
2025-12-10,1461.030000
2025-12-11,1415.250000
2025-12-12,1419.780000
2025-12-15,1455.040000
2025-12-16,1400.390000
2025-12-17,1419.620000
2025-12-18,1440.590000
2025-12-19,1450.500000
2025-12-22,1448.380000
2025-12-23,1427.210000
2025-12-24,1429.260000
2025-12-25,1441.890000
2025-12-26,1444.030000
2025-12-29,1435.400000
2025-12-30,1424.960000
2025-12-31,1414.130000
2026-01-05,1411.710000
2026-01-06,1449.070000
2026-01-07,1508.340000
2026-01-08,1491.840000
2026-01-09,1493.300000
2026-01-12,1501.430000
2026-01-13,1464.610000
2026-01-14,1460.780000
2026-01-15,1467.260000
2026-01-16,1421.570000
2026-01-19,1458.990000
2026-01-20,1459.090000
2026-01-21,1435.530000
2026-01-22,1488.770000
2026-01-23,1505.900000
2026-01-26,1501.570000
2026-01-27,1465.610000
2026-01-28,1539.850000
2026-01-29,1564.030000
2026-01-30,1571.650000
2026-02-02,1450.180000
2026-02-03,1468.240000
2026-02-04,1593.870000
2026-02-05,1567.110000
2026-02-06,1550.850000
2026-02-09,1574.490000
2026-02-10,1547.120000
2026-02-11,1560.530000
2026-02-12,1521.570000
2026-02-13,1491.790000
2026-02-24,1576.550000
2026-02-25,1599.990000
2026-02-26,1578.980000
2026-02-27,1655.690000
2026-03-02,1664.160000
2026-03-03,1734.390000
2026-03-04,1639.430000
2026-03-05,1643.550000
2026-03-06,1637.320000
2026-03-09,1658.390000
2026-03-10,1619.490000
2026-03-11,1632.410000
2026-03-12,1681.330000
2026-03-13,1696.760000
2026-03-16,1641.560000
2026-03-17,1665.190000
2026-03-18,1615.320000
2026-03-19,1623.500000
2026-03-20,1578.550000
2026-03-23,1579.160000
2026-03-24,1607.520000
2026-03-25,1606.690000
2026-03-26,1586.850000
2026-03-27,1580.910000
2026-03-30,1558.560000
2026-03-31,1478.880000
2026-04-01,1472.840000
2026-04-02,1457.070000
2026-04-03,1377.530000
2026-04-07,1417.810000
2026-04-08,1429.470000
2026-04-09,1407.450000
2026-04-10,1400.960000
2026-04-13,1411.180000
2026-04-14,1397.570000
2026-04-15,1392.700000
2026-04-16,1394.880000
2026-04-17,1365.060000
2026-04-20,1374.290000
2026-04-21,1370.580000
2026-04-22,1364.900000
2026-04-23,1378.000000
2026-04-24,1355.240000
2026-04-27,1357.830000
2026-04-28,1374.490000
2026-04-29,1401.550000
2026-04-30,1389.990000
2026-05-06,1395.710000
2026-05-07,1347.510000
2026-05-08,1348.080000
2026-05-11,1330.690000
2026-05-12,1292.310000
2026-05-13,1307.140000
2026-05-14,1284.180000
2026-05-15,1278.320000
2026-05-18,1290.790000
2026-05-19,1300.880000
2026-05-20,1274.230000
2026-05-21,1230.870000
2026-05-22,1257.460000
2026-05-25,1275.110000
2026-05-26,1269.220000
2026-05-27,1248.540000
2026-05-28,1279.610000
2026-05-29,1292.280000
2026-06-01,1340.890000
2026-06-02,1335.720000
2026-06-03,1358.960000
2026-06-04,1392.900000
2026-06-05,1380.460000
2026-06-08,1336.460000
2026-06-09,1286.860000
2026-06-10,1230.600000
2026-06-11,1220.960000
2026-06-12,1248.590000
2026-06-15,1224.920000
2026-06-16,1214.120000
2026-06-17,1167.340000
2026-06-18,1122.430000
2026-06-22,1133.560000
2026-06-23,1149.400000
2026-06-24,1085.390000
2026-06-25,1094.770000
2026-06-26,1066.750000
2026-06-29,1063.670000
2026-06-30,1044.410000
2026-07-01,1084.370000
2026-07-02,1075.270000
2026-07-03,1068.270000
2026-07-06,1084.980000
2026-07-07,1052.080000
2026-07-08,1047.150000
2026-07-09,1038.700000
2026-07-10,1068.340000
2026-07-13,1030.730000
2026-07-14,1072.870000
2026-07-15,1089.700000
2026-07-16,1081.730000
2026-07-17,1047.580000
2026-07-20,1080.720000
2026-07-21,1066.300000
2026-07-22,1092.950000
2026-07-23,1119.530000
2026-07-24,1074.380000
2026-07-27,1095.160000
2026-07-28,1095.630000
2026-07-29,1117.710000
2026-07-30,1106.700000
2026-07-31,1116.110000
2026-08-03,1137.360000
2026-08-04,1132.770000
2026-08-05,1122.420000
2026-08-06,1147.950000
2026-08-07,1120.990000
2026-08-10,1144.520000
